;FLAVOR:Marlin
;TIME:2273
;Filament used: 2.45873m
;Layer height: 0.2
;MINX:76.403
;MINY:77.2
;MINZ:0.2
;MAXX:157.796
;MAXY:158.617
;MAXZ:6
;TARGET_MACHINE.NAME:Creality Ender-3
;Generated with Cura_SteamEngine 5.10.2
M140 S60
M105
M190 S60
M104 S200
M105
M109 S200
; Ender 3 Custom Start G-code
G92 E0 ; Reset Extruder
G28 ; Home all axes
G1 Z2.0 F3000 ; Move Z Axis up little to prevent scratching of Heat Bed
G1 X0.1 Y20 Z0.3 F5000.0 ; Move to start position
G1 X0.1 Y200.0 Z0.3 F1500.0 E15 ; Draw the first line
G1 X0.4 Y200.0 Z0.3 F5000.0 ; Move to side a little
G1 X0.4 Y20 Z0.3 F1500.0 E30 ; Draw the second line
G92 E0 ; Reset Extruder
G1 Z2.0 F3000 ; Move Z Axis up little to prevent scratching of Heat Bed
G1 X5 Y20 Z0.3 F5000.0 ; Move over to prevent blob squish
M82 ;absolute extrusion mode
G92 E0
G92 E0
G1 F2700 E-5
;LAYER_COUNT:30
;LAYER:0
M107
;MESH:Base.stl
G0 F6000 X117.5 Y157.192 Z0.2
;TYPE:WALL-INNER
G1 F2700 E0
G1 F1200 X117.83 Y157.195 E0.01098
G1 X119.163 Y157.16 E0.05533
G1 X120.423 Y157.089 E0.0973
G1 X121.869 Y156.955 E0.1456
G1 X123.154 Y156.79 E0.18869
G1 X124.463 Y156.581 E0.23278
G1 X125.771 Y156.324 E0.27712
G1 X126.968 Y156.053 E0.31794
G1 X128.478 Y155.651 E0.36991
G1 X129.643 Y155.293 E0.41045
G1 X130.909 Y154.863 E0.45492
G1 X132.15 Y154.394 E0.49904
G1 X133.375 Y153.882 E0.5432
G1 X134.589 Y153.326 E0.58761
G1 X135.56 Y152.842 E0.6237
G1 X135.57 Y152.849 E0.6241
G1 X136.969 Y152.097 E0.67693
G1 X138.186 Y151.38 E0.72391
G1 X139.234 Y150.714 E0.76521
G1 X140.263 Y150.016 E0.80656
G1 X141.419 Y149.18 E0.85401
G1 X142.478 Y148.353 E0.8987
G1 X143.494 Y147.499 E0.94285
G1 X144.492 Y146.603 E0.98746
G1 X145.457 Y145.681 E1.03185
G1 X146.387 Y144.728 E1.07614
G1 X147.277 Y143.751 E1.12009
G1 X148.148 Y142.726 E1.16483
G1 X148.979 Y141.682 E1.20921
G1 X149.771 Y140.61 E1.25354
G1 X150.532 Y139.51 E1.29803
G1 X151.253 Y138.392 E1.34228
G1 X151.935 Y137.245 E1.38666
G1 X152.581 Y136.078 E1.43103
G1 X153.184 Y134.889 E1.47537
G1 X153.847 Y133.474 E1.52734
G1 X153.84 Y133.464 E1.52775
G1 X154.272 Y132.453 E1.56431
G1 X154.752 Y131.208 E1.60869
G1 X155.194 Y129.951 E1.65301
G1 X155.588 Y128.682 E1.6972
G1 X155.946 Y127.39 E1.7418
G1 X156.277 Y125.999 E1.78935
G1 X156.521 Y124.787 E1.83047
G1 X156.742 Y123.473 E1.87479
G1 X156.924 Y122.148 E1.91927
G1 X157.058 Y120.833 E1.96324
G1 X157.148 Y119.493 E2.00791
G1 X157.192 Y118.162 E2.0522
G1 X157.192 Y116.826 E2.09664
G1 X157.148 Y115.491 E2.14106
G1 X157.058 Y114.159 E2.18547
G1 X156.924 Y112.84 E2.22956
G1 X156.742 Y111.52 E2.27388
G1 X156.517 Y110.198 E2.31848
G1 X156.277 Y108.997 E2.35922
G1 X155.946 Y107.606 E2.40677
G1 X155.588 Y106.314 E2.45137
G1 X155.19 Y105.041 E2.49573
G1 X154.748 Y103.776 E2.54029
G1 X154.268 Y102.535 E2.58455
G1 X153.743 Y101.305 E2.62903
G1 X153.18 Y100.095 E2.67342
G1 X152.577 Y98.91 E2.71764
G1 X151.931 Y97.743 E2.76201
G1 X151.249 Y96.592 E2.8065
G1 X150.529 Y95.474 E2.85073
G1 X149.827 Y94.462 E2.8917
G1 X148.979 Y93.313 E2.93919
G1 X148.144 Y92.262 E2.98384
G1 X147.277 Y91.245 E3.02829
G1 X146.379 Y90.26 E3.07262
G1 X145.449 Y89.307 E3.11691
G1 X144.484 Y88.385 E3.1613
G1 X143.494 Y87.498 E3.20551
G1 X142.474 Y86.639 E3.24987
G1 X141.418 Y85.816 E3.29439
G1 X140.267 Y84.976 E3.34179
G1 X139.236 Y84.283 E3.38311
G1 X138.186 Y83.62 E3.42441
G1 X136.968 Y82.899 E3.47148
G1 X135.57 Y82.144 E3.52433
G1 X135.56 Y82.15 E3.52472
G1 X134.685 Y81.714 E3.55723
G1 X133.378 Y81.114 E3.60507
G1 X132.146 Y80.598 E3.64949
G1 X130.909 Y80.134 E3.69343
G1 X129.644 Y79.704 E3.73787
G1 X128.356 Y79.314 E3.78263
G1 X127.079 Y78.975 E3.82658
G1 X125.77 Y78.671 E3.87127
G1 X124.459 Y78.415 E3.9157
G1 X123.153 Y78.206 E3.95969
G1 X121.969 Y78.053 E3.9994
G1 X120.422 Y77.907 E4.05108
G1 X119.163 Y77.836 E4.09302
G1 X117.83 Y77.801 E4.13737
G1 X116.504 Y77.812 E4.18148
G1 X115.172 Y77.872 E4.22582
G1 X113.831 Y77.97 E4.27054
G1 X112.504 Y78.116 E4.31495
G1 X111.183 Y78.305 E4.35933
G1 X109.871 Y78.537 E4.40365
G1 X108.58 Y78.813 E4.44755
G1 X107.284 Y79.136 E4.49198
G1 X105.99 Y79.507 E4.53675
G1 X104.717 Y79.913 E4.58119
G1 X103.465 Y80.362 E4.62543
G1 X102.228 Y80.854 E4.66971
G1 X101.014 Y81.386 E4.71379
G1 X99.8 Y81.966 E4.75854
G1 X98.626 Y82.576 E4.80255
G1 X97.455 Y83.235 E4.84724
G1 X96.312 Y83.928 E4.8917
G1 X95.206 Y84.649 E4.93561
G1 X94.11 Y85.425 E4.98027
G1 X93.042 Y86.23 E5.02475
G1 X92.013 Y87.061 E5.06875
G1 X90.997 Y87.939 E5.11341
G1 X90.02 Y88.849 E5.15782
G1 X89.074 Y89.787 E5.20212
G1 X88.16 Y90.757 E5.24645
G1 X87.278 Y91.757 E5.2908
G1 X86.434 Y92.786 E5.33507
G1 X85.618 Y93.846 E5.37956
G1 X84.842 Y94.93 E5.4239
G1 X84.101 Y96.041 E5.46832
G1 X83.4 Y97.176 E5.51269
G1 X82.734 Y98.331 E5.55703
G1 X82.112 Y99.508 E5.60131
G1 X81.532 Y100.698 E5.64534
G1 X80.984 Y101.928 E5.69012
G1 X80.48 Y103.162 E5.73446
G1 X80.019 Y104.414 E5.77883
G1 X79.641 Y105.563 E5.81906
G1 X79.231 Y106.949 E5.86714
G1 X78.892 Y108.253 E5.91195
G1 X78.605 Y109.552 E5.9562
G1 X78.36 Y110.865 E6.00062
G1 X78.159 Y112.185 E6.04503
G1 X78.002 Y113.509 E6.08938
G1 X77.891 Y114.825 E6.1333
G1 X77.824 Y116.164 E6.17789
G1 X77.805 Y117.503 E6.22243
G1 X77.824 Y118.832 E6.26664
G1 X77.891 Y120.171 E6.31123
G1 X78.002 Y121.487 E6.35516
G1 X78.159 Y122.811 E6.3995
G1 X78.36 Y124.131 E6.44391
G1 X78.605 Y125.44 E6.4882
G1 X78.892 Y126.743 E6.53258
G1 X79.231 Y128.048 E6.57743
G1 X79.633 Y129.432 E6.62536
G1 X80.019 Y130.58 E6.66564
G1 X80.48 Y131.834 E6.71008
G1 X80.984 Y133.068 E6.75442
G1 X81.532 Y134.298 E6.7992
G1 X82.112 Y135.488 E6.84323
G1 X82.734 Y136.665 E6.88751
G1 X83.4 Y137.82 E6.93185
G1 X84.101 Y138.959 E6.97634
G1 X84.842 Y140.066 E7.02064
G1 X85.618 Y141.15 E7.06498
G1 X86.43 Y142.206 E7.10929
G1 X87.278 Y143.239 E7.15374
G1 X88.16 Y144.239 E7.19809
G1 X89.074 Y145.209 E7.24242
G1 X90.02 Y146.146 E7.2867
G1 X90.997 Y147.053 E7.33104
G1 X92.014 Y147.936 E7.37584
G1 X93.042 Y148.766 E7.41978
G1 X94.11 Y149.571 E7.46427
G1 X95.206 Y150.347 E7.50893
G1 X96.312 Y151.068 E7.55284
G1 X97.455 Y151.761 E7.5973
G1 X98.626 Y152.42 E7.64199
G1 X99.8 Y153.03 E7.686
G1 X101.014 Y153.61 E7.73075
G1 X102.228 Y154.142 E7.77483
G1 X103.465 Y154.634 E7.81911
G1 X104.717 Y155.083 E7.86335
G1 X105.99 Y155.489 E7.90779
G1 X107.283 Y155.856 E7.95249
G1 X108.58 Y156.179 E7.99695
G1 X109.872 Y156.455 E8.04089
G1 X111.184 Y156.691 E8.08523
G1 X112.504 Y156.88 E8.12958
G1 X113.831 Y157.026 E8.17398
G1 X115.172 Y157.124 E8.2187
G1 X116.504 Y157.184 E8.26305
G1 X117.5 Y157.192 E8.29618
G0 F6000 X117.5 Y157.592
;TYPE:WALL-OUTER
G1 F1200 X117.834 Y157.595 E8.30729
G1 X119.179 Y157.56 E8.35204
G1 X120.453 Y157.488 E8.39448
G1 X121.913 Y157.353 E8.44325
G1 X123.211 Y157.186 E8.48677
G1 X124.533 Y156.975 E8.5313
G1 X125.854 Y156.716 E8.57607
G1 X127.064 Y156.441 E8.61734
G1 X128.588 Y156.035 E8.6698
G1 X129.766 Y155.673 E8.71079
G1 X131.044 Y155.239 E8.75568
G1 X132.298 Y154.766 E8.80026
G1 X133.535 Y154.248 E8.84486
G1 X134.761 Y153.687 E8.8897
G1 X135.738 Y153.2 E8.92601
G1 X135.748 Y153.207 E8.92642
G1 X137.165 Y152.445 E8.97993
G1 X138.395 Y151.721 E9.0274
G1 X139.454 Y151.048 E9.06913
G1 X140.493 Y150.344 E9.11088
G1 X141.659 Y149.5 E9.15875
G1 X142.73 Y148.664 E9.20394
G1 X143.756 Y147.801 E9.24853
G1 X144.764 Y146.897 E9.29357
G1 X145.739 Y145.965 E9.33843
G1 X146.678 Y145.002 E9.38316
G1 X147.577 Y144.015 E9.42757
G1 X148.457 Y142.98 E9.47275
G1 X149.297 Y141.926 E9.51758
G1 X150.097 Y140.843 E9.56236
G1 X150.865 Y139.732 E9.60728
G1 X151.593 Y138.602 E9.65199
G1 X152.282 Y137.444 E9.69681
G1 X152.935 Y136.266 E9.74161
G1 X153.544 Y135.064 E9.78642
G1 X154.215 Y133.632 E9.83902
G1 X154.208 Y133.621 E9.83946
G1 X154.642 Y132.604 E9.87623
G1 X155.128 Y131.346 E9.92109
G1 X155.574 Y130.077 E9.96583
G1 X155.972 Y128.795 E10.01047
G1 X156.334 Y127.49 E10.05552
G1 X156.668 Y126.085 E10.10355
G1 X156.915 Y124.859 E10.14514
G1 X157.138 Y123.533 E10.18987
G1 X157.321 Y122.196 E10.23475
G1 X157.456 Y120.867 E10.27918
G1 X157.548 Y119.513 E10.32432
G1 X157.592 Y118.168 E10.36908
G1 X157.592 Y116.82 E10.41391
G1 X157.548 Y115.471 E10.4588
G1 X157.456 Y114.125 E10.50368
G1 X157.321 Y112.792 E10.54824
G1 X157.138 Y111.459 E10.59299
G1 X156.911 Y110.125 E10.638
G1 X156.668 Y108.911 E10.67918
G1 X156.334 Y107.506 E10.72721
G1 X155.972 Y106.201 E10.77225
G1 X155.57 Y104.915 E10.81707
G1 X155.124 Y103.638 E10.86206
G1 X154.638 Y102.384 E10.90679
G1 X154.109 Y101.142 E10.95169
G1 X153.54 Y99.92 E10.99652
G1 X152.931 Y98.722 E11.04122
G1 X152.278 Y97.544 E11.08602
G1 X151.589 Y96.382 E11.13095
G1 X150.861 Y95.252 E11.17566
G1 X150.153 Y94.229 E11.21703
G1 X149.297 Y93.07 E11.26496
G1 X148.453 Y92.008 E11.31008
G1 X147.577 Y90.981 E11.35497
G1 X146.67 Y89.986 E11.39975
G1 X145.731 Y89.023 E11.44449
G1 X144.756 Y88.091 E11.48935
G1 X143.756 Y87.196 E11.53398
G1 X142.726 Y86.328 E11.57879
G1 X141.659 Y85.496 E11.62379
G1 X140.497 Y84.648 E11.67163
G1 X139.454 Y83.948 E11.71341
G1 X138.395 Y83.279 E11.75507
G1 X137.165 Y82.551 E11.80261
G1 X135.748 Y81.785 E11.85619
G1 X135.738 Y81.792 E11.85659
G1 X134.857 Y81.353 E11.88933
G1 X133.539 Y80.748 E11.93757
G1 X132.294 Y80.226 E11.98247
G1 X131.044 Y79.757 E12.02687
G1 X129.766 Y79.323 E12.07176
G1 X128.465 Y78.929 E12.11698
G1 X127.175 Y78.587 E12.16136
G1 X125.854 Y78.28 E12.20647
G1 X124.529 Y78.021 E12.25138
G1 X123.211 Y77.81 E12.29577
G1 X122.013 Y77.655 E12.33595
G1 X120.452 Y77.508 E12.3881
G1 X119.179 Y77.436 E12.4305
G1 X117.834 Y77.401 E12.47525
G1 X116.494 Y77.412 E12.51982
G1 X115.148 Y77.472 E12.56464
G1 X113.795 Y77.572 E12.60976
G1 X112.454 Y77.719 E12.65463
G1 X111.12 Y77.91 E12.69945
G1 X109.795 Y78.145 E12.74421
G1 X108.49 Y78.423 E12.78859
G1 X107.18 Y78.75 E12.8335
G1 X105.874 Y79.124 E12.87868
G1 X104.589 Y79.534 E12.92354
G1 X103.323 Y79.988 E12.96827
G1 X102.074 Y80.485 E13.01298
G1 X100.848 Y81.022 E13.0575
G1 X99.622 Y81.608 E13.1027
G1 X98.436 Y82.224 E13.14715
G1 X97.253 Y82.889 E13.19228
G1 X96.099 Y83.59 E13.23719
G1 X94.981 Y84.318 E13.28157
G1 X93.874 Y85.102 E13.32668
G1 X92.796 Y85.914 E13.37157
G1 X91.757 Y86.754 E13.41601
G1 X90.73 Y87.641 E13.46114
G1 X89.743 Y88.561 E13.50602
G1 X88.788 Y89.508 E13.55075
G1 X87.864 Y90.487 E13.59553
G1 X86.973 Y91.498 E13.64035
G1 X86.121 Y92.537 E13.68504
G1 X85.297 Y93.608 E13.72998
G1 X84.513 Y94.702 E13.77475
G1 X83.765 Y95.825 E13.81963
G1 X83.056 Y96.971 E13.86445
G1 X82.384 Y98.137 E13.90921
G1 X81.755 Y99.327 E13.95398
G1 X81.17 Y100.529 E13.99844
G1 X80.616 Y101.771 E14.04367
G1 X80.107 Y103.017 E14.08844
G1 X79.641 Y104.282 E14.13328
G1 X79.259 Y105.444 E14.17396
G1 X78.845 Y106.842 E14.22245
G1 X78.503 Y108.159 E14.26771
G1 X78.213 Y109.472 E14.31243
G1 X77.966 Y110.798 E14.3573
G1 X77.763 Y112.131 E14.40214
G1 X77.604 Y113.469 E14.44696
G1 X77.492 Y114.798 E14.49132
G1 X77.424 Y116.151 E14.53637
G1 X77.405 Y117.503 E14.58135
G1 X77.424 Y118.845 E14.62599
G1 X77.492 Y120.198 E14.67104
G1 X77.604 Y121.527 E14.7154
G1 X77.763 Y122.865 E14.76022
G1 X77.966 Y124.198 E14.80507
G1 X78.213 Y125.52 E14.8498
G1 X78.503 Y126.837 E14.89465
G1 X78.845 Y128.154 E14.93991
G1 X79.251 Y129.552 E14.98832
G1 X79.641 Y130.713 E15.02906
G1 X80.107 Y131.979 E15.07393
G1 X80.616 Y133.225 E15.1187
G1 X81.17 Y134.467 E15.16393
G1 X81.755 Y135.669 E15.20839
G1 X82.384 Y136.859 E15.25316
G1 X83.056 Y138.025 E15.29792
G1 X83.765 Y139.175 E15.34285
G1 X84.513 Y140.294 E15.38762
G1 X85.297 Y141.388 E15.43239
G1 X86.117 Y142.455 E15.47714
G1 X86.973 Y143.498 E15.52202
G1 X87.864 Y144.509 E15.56684
G1 X88.788 Y145.488 E15.61162
G1 X89.743 Y146.435 E15.65635
G1 X90.73 Y147.351 E15.70114
G1 X91.757 Y148.242 E15.74636
G1 X92.796 Y149.082 E15.7908
G1 X93.874 Y149.894 E15.83569
G1 X94.981 Y150.678 E15.8808
G1 X96.099 Y151.406 E15.92518
G1 X97.253 Y152.107 E15.97008
G1 X98.436 Y152.772 E16.01522
G1 X99.622 Y153.388 E16.05967
G1 X100.848 Y153.974 E16.10487
G1 X102.074 Y154.511 E16.14938
G1 X103.323 Y155.008 E16.19409
G1 X104.589 Y155.462 E16.23883
G1 X105.874 Y155.872 E16.28369
G1 X107.18 Y156.242 E16.32884
G1 X108.49 Y156.569 E16.37374
G1 X109.795 Y156.847 E16.41812
G1 X111.12 Y157.086 E16.4629
G1 X112.454 Y157.277 E16.50773
G1 X113.795 Y157.424 E16.55259
G1 X115.148 Y157.524 E16.59772
G1 X116.494 Y157.584 E16.64253
G1 X117.5 Y157.592 E16.67599
G0 F6000 X117.5 Y156.829
;TYPE:SKIN
G1 F1200 X116.518 Y156.824 E16.70865
G1 X115.196 Y156.764 E16.75267
G1 X113.859 Y156.664 E16.79726
G1 X112.541 Y156.521 E16.84136
G1 X111.232 Y156.334 E16.88534
G1 X109.935 Y156.099 E16.92918
G1 X108.666 Y155.829 E16.97233
G1 X107.38 Y155.506 E17.01643
G1 X106.086 Y155.14 E17.06116
G1 X104.825 Y154.738 E17.10518
G1 X103.587 Y154.292 E17.14894
G1 X102.362 Y153.807 E17.19276
G1 X101.168 Y153.282 E17.23615
G1 X99.954 Y152.704 E17.28087
G1 X98.8 Y152.104 E17.32413
G1 X97.629 Y151.447 E17.36879
G1 X96.499 Y150.758 E17.41281
G1 X95.413 Y150.05 E17.45592
G1 X94.314 Y149.274 E17.50067
G1 X93.256 Y148.478 E17.54471
G1 X92.249 Y147.662 E17.58782
G1 X91.234 Y146.779 E17.63256
G1 X90.263 Y145.879 E17.6766
G1 X89.328 Y144.952 E17.72039
G1 X88.42 Y143.989 E17.76441
G1 X87.557 Y143.006 E17.80792
G1 X86.709 Y141.975 E17.85232
G1 X85.905 Y140.928 E17.89622
G1 X85.133 Y139.854 E17.94022
G1 X84.401 Y138.756 E17.98411
G1 X83.708 Y137.629 E18.02811
G1 X83.044 Y136.483 E18.07216
G1 X82.431 Y135.317 E18.11598
G1 X81.862 Y134.151 E18.15913
G1 X81.312 Y132.921 E18.20394
G1 X80.811 Y131.695 E18.24799
G1 X80.393 Y130.565 E18.28807
G1 X79.971 Y129.319 E18.33182
G1 X79.541 Y127.843 E18.38295
G1 X79.239 Y126.654 E18.42376
G1 X78.957 Y125.36 E18.4678
G1 X78.714 Y124.066 E18.51159
G1 X78.515 Y122.753 E18.55576
G1 X78.36 Y121.443 E18.59964
G1 X78.252 Y120.15 E18.64279
G1 X78.184 Y118.813 E18.68732
G1 X78.165 Y117.503 E18.7309
G1 X78.184 Y116.179 E18.77494
G1 X78.252 Y114.842 E18.81946
G1 X78.36 Y113.549 E18.86262
G1 X78.515 Y112.239 E18.90649
G1 X78.714 Y110.93 E18.95053
G1 X78.957 Y109.628 E18.99458
G1 X79.239 Y108.343 E19.03834
G1 X79.573 Y107.05 E19.08276
G1 X79.983 Y105.672 E19.13057
G1 X80.357 Y104.538 E19.17029
G1 X80.811 Y103.297 E19.21424
G1 X81.312 Y102.071 E19.25829
G1 X81.862 Y100.845 E19.30298
G1 X82.431 Y99.675 E19.34626
G1 X83.044 Y98.509 E19.39007
G1 X83.704 Y97.363 E19.43406
G1 X84.401 Y96.241 E19.47799
G1 X85.133 Y95.138 E19.52202
G1 X85.905 Y94.064 E19.56601
G1 X86.713 Y93.013 E19.6101
G1 X87.557 Y91.986 E19.65431
G1 X88.42 Y91.003 E19.69782
G1 X89.328 Y90.04 E19.74184
G1 X90.263 Y89.113 E19.78564
G1 X91.234 Y88.209 E19.82976
G1 X92.249 Y87.334 E19.87433
G1 X93.256 Y86.514 E19.91753
G1 X94.314 Y85.718 E19.96156
G1 X95.413 Y84.942 E20.00631
G1 X96.499 Y84.234 E20.04943
G1 X97.629 Y83.545 E20.09345
G1 X98.799 Y82.889 E20.13806
G1 X99.954 Y82.292 E20.1813
G1 X101.168 Y81.71 E20.22608
G1 X102.362 Y81.185 E20.26946
G1 X103.587 Y80.7 E20.31328
G1 X104.825 Y80.254 E20.35705
G1 X106.086 Y79.852 E20.40107
G1 X107.38 Y79.482 E20.44584
G1 X108.666 Y79.159 E20.48994
G1 X109.935 Y78.889 E20.53309
G1 X111.232 Y78.658 E20.57691
G1 X112.541 Y78.471 E20.62088
G1 X113.858 Y78.328 E20.66495
G1 X115.196 Y78.232 E20.70956
G1 X116.518 Y78.172 E20.75358
G1 X117.822 Y78.161 E20.79695
G1 X119.143 Y78.196 E20.8409
G1 X120.4 Y78.264 E20.88277
G1 X121.921 Y78.411 E20.9336
G1 X123.107 Y78.562 E20.97336
G1 X124.389 Y78.769 E21.01655
G1 X125.686 Y79.02 E21.06049
G1 X126.883 Y79.295 E21.10134
G1 X128.373 Y79.693 E21.15264
G1 X129.538 Y80.047 E21.19313
G1 X130.792 Y80.473 E21.23718
G1 X132.006 Y80.93 E21.28033
G1 X133.227 Y81.44 E21.32434
G1 X134.521 Y82.037 E21.37174
G1 X135.394 Y82.461 E21.40402
G1 X136.785 Y83.207 E21.45651
G1 X137.991 Y83.923 E21.50316
G1 X139.042 Y84.588 E21.54453
G1 X140.065 Y85.272 E21.58546
G1 X141.195 Y86.1 E21.63205
G1 X142.242 Y86.912 E21.67612
G1 X143.252 Y87.767 E21.72013
G1 X144.232 Y88.643 E21.76385
G1 X145.191 Y89.559 E21.80796
G1 X146.11 Y90.502 E21.85176
G1 X147.009 Y91.489 E21.89616
G1 X147.861 Y92.488 E21.93983
G1 X148.689 Y93.526 E21.98399
G1 X149.529 Y94.665 E22.03106
G1 X150.221 Y95.668 E22.07159
G1 X150.941 Y96.782 E22.11571
G1 X151.614 Y97.916 E22.15957
G1 X152.255 Y99.074 E22.20359
G1 X152.852 Y100.248 E22.2474
G1 X153.409 Y101.446 E22.29134
G1 X153.93 Y102.664 E22.3354
G1 X154.408 Y103.894 E22.37929
G1 X154.846 Y105.151 E22.42356
G1 X155.24 Y106.417 E22.46766
G1 X155.594 Y107.69 E22.51161
G1 X155.92 Y109.067 E22.55868
G1 X156.159 Y110.257 E22.59905
G1 X156.382 Y111.535 E22.64219
G1 X156.565 Y112.876 E22.68721
G1 X156.696 Y114.181 E22.73083
G1 X156.788 Y115.503 E22.77491
G1 X156.832 Y116.824 E22.81887
G1 X156.832 Y118.148 E22.86291
G1 X156.788 Y119.469 E22.90687
G1 X156.696 Y120.807 E22.95147
G1 X156.565 Y122.1 E22.9947
G1 X156.382 Y123.457 E23.04024
G1 X156.167 Y124.711 E23.08256
G1 X155.924 Y125.917 E23.12348
G1 X155.594 Y127.305 E23.17093
G1 X155.24 Y128.575 E23.21478
G1 X154.85 Y129.829 E23.25846
G1 X154.416 Y131.074 E23.30231
G1 X153.938 Y132.308 E23.34633
G1 X153.512 Y133.305 E23.38239
G1 X153.513 Y133.335 E23.38338
G1 X152.86 Y134.724 E23.43443
G1 X152.267 Y135.902 E23.4783
G1 X151.622 Y137.06 E23.52239
G1 X150.949 Y138.194 E23.56624
G1 X150.233 Y139.304 E23.61018
G1 X149.481 Y140.395 E23.65425
G1 X148.697 Y141.454 E23.69807
G1 X147.873 Y142.492 E23.74215
G1 X147.001 Y143.515 E23.78686
G1 X146.126 Y144.474 E23.83004
G1 X145.207 Y145.421 E23.87393
G1 X144.248 Y146.333 E23.91795
G1 X143.252 Y147.229 E23.96251
G1 X142.254 Y148.068 E24.00587
G1 X141.203 Y148.888 E24.05021
G1 X140.057 Y149.716 E24.09723
G1 X139.03 Y150.412 E24.1385
G1 X137.999 Y151.069 E24.17916
G1 X136.785 Y151.785 E24.22603
G1 X135.402 Y152.531 E24.2783
G1 X135.378 Y152.528 E24.2791
G1 X134.425 Y153.003 E24.31452
G1 X133.223 Y153.552 E24.35847
G1 X132.01 Y154.062 E24.40224
G1 X130.788 Y154.519 E24.44563
G1 X129.534 Y154.945 E24.48968
G1 X128.372 Y155.303 E24.53012
G1 X126.887 Y155.701 E24.58125
G1 X125.694 Y155.972 E24.62194
G1 X124.393 Y156.227 E24.66604
G1 X123.107 Y156.43 E24.70934
G1 X121.873 Y156.593 E24.75074
G1 X120.401 Y156.728 E24.7999
G1 X119.143 Y156.8 E24.84181
G1 X117.822 Y156.831 E24.88576
G1 X117.5 Y156.829 E24.89647
G1 F2700 E19.89647
G0 F6000 X117.498 Y157.092
G0 X113.847 Y156.866
G0 X111.21 Y156.533
G0 X108.616 Y156.022
G0 X106.036 Y155.335
G0 X103.522 Y154.484
G0 X101.081 Y153.464
G0 X98.702 Y152.279
G0 X96.397 Y150.931
G0 X94.205 Y149.441
G0 X92.117 Y147.812
G0 X90.131 Y146.03
G0 X88.631 Y144.491
G0 X86.124 Y141.643
G0 X86.491 Y141.363
G1 F2700 E24.89647
G1 F1200 X93.659 Y148.531 E25.23363
G0 F6000 X93.382 Y148.897
G0 X95.427 Y150.371
G0 X95.679 Y149.985
G1 F1200 X85.022 Y139.328 E25.73491
G0 F6000 X84.639 Y139.583
G0 X83.636 Y138.012
G0 X84.03 Y137.771
G1 F1200 X97.227 Y150.967 E26.35563
G0 F6000 X96.988 Y151.36
G0 X98.347 Y152.147
G0 X98.572 Y151.747
G1 F1200 X83.228 Y136.402 E27.07739
G0 F6000 X82.83 Y136.63
G0 X82.185 Y135.408
G0 X82.599 Y135.207
G1 F1200 X99.778 Y152.387 E27.88546
G0 F6000 X99.565 Y152.794
G0 X100.68 Y153.339
G0 X100.88 Y152.923
G1 F1200 X82.061 Y134.104 E28.77065
G0 F6000 X81.648 Y134.304
G0 X81.182 Y133.266
G0 X81.602 Y133.08
G1 F1200 X101.914 Y153.391 E29.72604
G0 F6000 X101.728 Y153.813
G0 X102.717 Y154.227
G0 X102.888 Y153.799
G1 F1200 X81.196 Y132.107 E30.74636
G0 F6000 X80.834 Y131.18
G1 F1200 X103.815 Y154.161 E31.82732
G0 F6000 X104.7 Y154.48
G1 F1200 X80.512 Y130.292 E32.96505
G0 F6000 X80.222 Y129.437
G1 F1200 X105.542 Y154.757 E34.15602
G0 F6000 X106.36 Y155.009
G1 F1200 X79.977 Y128.626 E35.397
G0 F6000 X79.745 Y127.828
G1 F1200 X107.15 Y155.233 E36.68605
G0 F6000 X107.917 Y155.435
G1 F1200 X79.551 Y127.069 E38.0203
G0 F6000 X79.372 Y126.324
G1 F1200 X108.672 Y155.624 E39.39848
G0 F6000 X109.393 Y155.779
G1 F1200 X79.214 Y125.6 E40.818
G0 F6000 X79.072 Y124.893
G1 F1200 X110.106 Y155.927 E42.27775
G0 F6000 X110.797 Y156.052
G1 F1200 X78.941 Y124.196 E43.77616
G0 F6000 X78.833 Y123.522
G1 F1200 X111.478 Y156.167 E45.31168
G0 F6000 X112.138 Y156.261
G1 F1200 X78.732 Y122.856 E46.88297
G0 F6000 X78.652 Y122.21
G1 F1200 X112.789 Y156.347 E48.48867
G0 F6000 X113.423 Y156.416
G1 F1200 X78.577 Y121.569 E50.12774
G0 F6000 X78.519 Y120.946
G1 F1200 X114.051 Y156.478 E51.79906
G0 F6000 X114.662 Y156.523
G1 F1200 X78.468 Y120.328 E53.50154
G0 F6000 X78.431 Y119.726
G1 F1200 X115.272 Y156.567 E55.23443
G0 F6000 X115.864 Y156.594
G1 F1200 X78.4 Y119.129 E56.99664
G0 F6000 X78.379 Y118.543
G1 F1200 X116.457 Y156.621 E58.78771
G0 F6000 X117.028 Y156.626
G1 F1200 X78.371 Y117.969 E60.60602
G0 F6000 X78.367 Y117.399
G1 F1200 X117.598 Y156.63 E62.45133
G0 F6000 X118.156 Y156.623
G1 F1200 X78.374 Y116.841 E64.32255
G0 F6000 X78.383 Y116.284
G1 F1200 X118.709 Y156.61 E66.21936
G0 F6000 X119.258 Y156.593
G1 F1200 X78.407 Y115.742 E68.14087
G0 F6000 X78.434 Y115.203
G1 F1200 X119.792 Y156.562 E70.08624
G0 F6000 X120.328 Y156.532
G1 F1200 X78.467 Y114.671 E72.05526
G0 F6000 X78.51 Y114.148
G1 F1200 X120.848 Y156.486 E74.04671
G0 F6000 X121.366 Y156.438
G1 F1200 X78.554 Y113.626 E76.06045
G0 F6000 X78.612 Y113.119
G1 F1200 X121.883 Y156.389 E78.09576
G0 F6000 X122.383 Y156.324
G1 F1200 X78.672 Y112.613 E80.15179
G0 F6000 X78.736 Y112.112
G1 F1200 X122.882 Y156.257 E82.22826
G0 F6000 X123.375 Y156.184
G1 F1200 X78.811 Y111.62 E84.32442
G0 F6000 X78.886 Y111.13
G1 F1200 X123.863 Y156.107 E86.44
G0 F6000 X124.352 Y156.03
G1 F1200 X78.97 Y110.648 E88.57463
G0 F6000 X79.059 Y110.171
G1 F1200 X124.825 Y155.938 E90.72734
G0 F6000 X125.298 Y155.845
G1 F1200 X79.148 Y109.695 E92.8981
G0 F6000 X79.249 Y109.23
G1 F1200 X125.768 Y155.749 E95.08621
G0 F6000 X126.229 Y155.645
G1 F1200 X79.351 Y108.766 E97.29123
G0 F6000 X79.455 Y108.305
G1 F1200 X126.69 Y155.54 E99.51302
G0 F6000 X127.141 Y155.426
G1 F1200 X79.571 Y107.856 E101.75057
G0 F6000 X79.687 Y107.406
G1 F1200 X127.588 Y155.306 E104.00366
G0 F6000 X128.034 Y155.187
G1 F1200 X79.808 Y106.961 E106.27206
G0 F6000 X79.938 Y106.525
G1 F1200 X128.475 Y155.062 E108.55509
G0 F6000 X128.907 Y154.929
G1 F1200 X80.067 Y106.089 E110.85238
G0 F6000 X80.199 Y105.654
G1 F1200 X129.34 Y154.796 E113.16384
G0 F6000 X129.765 Y154.656
G1 F1200 X80.339 Y105.23 E115.48869
G0 F6000 X80.479 Y104.804
G1 F1200 X130.188 Y154.512 E117.82683
G0 F6000 X130.61 Y154.368
G1 F1200 X80.626 Y104.385 E120.1779
G0 F6000 X80.777 Y103.97
G1 F1200 X131.024 Y154.217 E122.54136
G0 F6000 X131.436 Y154.063
G1 F1200 X80.929 Y103.556 E124.91706
G0 F6000 X81.087 Y103.148
G1 F1200 X131.847 Y153.909 E127.30467
G0 F6000 X132.249 Y153.745
G1 F1200 X81.251 Y102.747 E129.70346
G0 F6000 X81.415 Y102.345
G1 F1200 X132.647 Y153.577 E132.11326
G0 F6000 X133.045 Y153.41
G1 F1200 X81.585 Y101.949 E134.5338
G0 F6000 X81.76 Y101.559
G1 F1200 X133.436 Y153.235 E136.96448
G0 F6000 X133.823 Y153.057
G1 F1200 X81.935 Y101.169 E139.40514
G0 F6000 X82.114 Y100.782
G1 F1200 X134.212 Y152.879 E141.85564
G0 F6000 X134.593 Y152.695
G1 F1200 X82.299 Y100.401 E144.31539
G0 F6000 X82.484 Y100.02
G1 F1200 X134.97 Y152.507 E146.7842
G0 F6000 X135.357 Y152.328
G1 F1200 X82.673 Y99.643 E149.26231
G0 F6000 X82.868 Y99.273
G1 F1200 X135.724 Y152.129 E151.7485
G0 F6000 X136.092 Y151.931
G1 F1200 X83.063 Y98.902 E154.24282
G0 F6000 X83.26 Y98.534
G1 F1200 X136.46 Y151.733 E156.74516
G0 F6000 X136.822 Y151.53
G1 F1200 X83.467 Y98.175 E159.25482
G0 F6000 X83.674 Y97.816
G1 F1200 X137.178 Y151.32 E161.77148
G0 F6000 X137.534 Y151.11
G1 F1200 X83.881 Y97.457 E164.29515
G0 F6000 X84.097 Y97.108
G1 F1200 X137.889 Y150.9 E166.82537
G0 F6000 X138.235 Y150.68
G1 F1200 X84.314 Y96.759 E169.36164
G0 F6000 X84.53 Y96.41
G1 F1200 X138.581 Y150.46 E171.90401
G0 F6000 X138.927 Y150.24
G1 F1200 X84.755 Y96.068 E174.4521
G0 F6000 X84.98 Y95.728
G1 F1200 X139.264 Y150.012 E177.00545
G0 F6000 X139.601 Y149.783
G1 F1200 X85.206 Y95.389 E179.564
G0 F6000 X85.438 Y95.055
G1 F1200 X139.938 Y149.554 E182.12749
G0 F6000 X140.266 Y149.317
G1 F1200 X85.675 Y94.726 E184.69528
G0 F6000 X85.911 Y94.397
G1 F1200 X140.595 Y149.08 E187.26743
G0 F6000 X140.923 Y148.842
G1 F1200 X86.151 Y94.071 E189.84371
G0 F6000 X86.397 Y93.751
G1 F1200 X141.246 Y148.6 E192.42364
G0 F6000 X141.564 Y148.352
G1 F1200 X86.643 Y93.431 E195.00696
G0 F6000 X86.889 Y93.112
G1 F1200 X141.882 Y148.104 E197.59363
G0 F6000 X142.197 Y147.854
G1 F1200 X87.145 Y92.801 E200.18314
G0 F6000 X87.4 Y92.491
G1 F1200 X142.505 Y147.596 E202.77511
G0 F6000 X142.812 Y147.338
G1 F1200 X87.655 Y92.181 E205.36952
G0 F6000 X87.917 Y91.877
G1 F1200 X143.119 Y147.079 E207.96605
G0 F6000 X143.417 Y146.811
G1 F1200 X88.182 Y91.576 E210.56414
G0 F6000 X88.446 Y91.275
G1 F1200 X143.715 Y146.543 E213.1638
G0 F6000 X144.013 Y146.276
G1 F1200 X88.716 Y90.979 E215.7648
G0 F6000 X88.991 Y90.688
G1 F1200 X144.305 Y146.002 E218.3666
G0 F6000 X144.595 Y145.726
G1 F1200 X89.265 Y90.397 E220.96913
G0 F6000 X89.543 Y90.109
G1 F1200 X144.885 Y145.45 E223.57223
G0 F6000 X145.171 Y145.171
G1 F1200 X89.827 Y89.827 E226.17544
G0 F6000 X90.112 Y89.546
G1 F1200 X145.45 Y144.884 E228.77837
G0 F6000 X145.728 Y144.597
G1 F1200 X90.395 Y89.264 E231.38106
G0 F6000 X90.688 Y88.991
G1 F1200 X146.006 Y144.309 E233.98305
G0 F6000 X146.276 Y144.013
G1 F1200 X90.981 Y88.719 E236.58394
G0 F6000 X91.274 Y88.446
G1 F1200 X146.546 Y143.717 E239.18374
G0 F6000 X146.816 Y143.422
G1 F1200 X91.575 Y88.18 E241.78213
G0 F6000 X91.878 Y87.918
G1 F1200 X147.078 Y143.118 E244.37857
G0 F6000 X147.338 Y142.812
G1 F1200 X92.181 Y87.656 E246.97296
G0 F6000 X92.488 Y87.397
G1 F1200 X147.598 Y142.507 E249.56517
G0 F6000 X147.853 Y142.196
G1 F1200 X92.8 Y87.143 E252.15469
G0 F6000 X93.112 Y86.889
G1 F1200 X148.104 Y141.881 E254.74135
G0 F6000 X148.354 Y141.566
G1 F1200 X93.426 Y86.638 E257.32499
G0 F6000 X93.748 Y86.394
G1 F1200 X148.601 Y141.247 E259.90511
G0 F6000 X148.842 Y140.922
G1 F1200 X94.071 Y86.152 E262.48134
G0 F6000 X94.395 Y85.909
G1 F1200 X149.083 Y140.598 E265.05372
G0 F6000 X149.323 Y140.272
G1 F1200 X94.725 Y85.674 E267.62185
G0 F6000 X95.056 Y85.439
G1 F1200 X149.554 Y139.938 E270.18529
G0 F6000 X149.785 Y139.603
G1 F1200 X95.387 Y85.205 E272.744
G0 F6000 X95.725 Y84.977
G1 F1200 X150.016 Y139.268 E275.29769
G0 F6000 X150.24 Y138.926
G1 F1200 X96.068 Y84.754 E277.84577
G0 F6000 X96.41 Y84.531
G1 F1200 X150.462 Y138.582 E280.38819
G0 F6000 X150.684 Y138.239
G1 F1200 X96.757 Y84.312 E282.92475
G0 F6000 X97.108 Y84.098
G1 F1200 X150.899 Y137.889 E285.45491
G0 F6000 X151.109 Y137.533
G1 F1200 X97.46 Y83.883 E287.97842
G0 F6000 X97.813 Y83.671
G1 F1200 X151.32 Y137.178 E290.49522
G0 F6000 X151.527 Y136.82
G1 F1200 X98.176 Y83.468 E293.00472
G0 F6000 X98.538 Y83.265
G1 F1200 X151.73 Y136.456 E295.50668
G0 F6000 X151.932 Y136.093
G1 F1200 X98.901 Y83.062 E298.0011
G0 F6000 X99.274 Y82.869
G1 F1200 X152.132 Y135.727 E300.48737
G0 F6000 X152.321 Y135.35
G1 F1200 X99.647 Y82.676 E302.965
G0 F6000 X100.02 Y82.484
G1 F1200 X152.51 Y134.974 E305.43397
G0 F6000 X152.699 Y134.597
G1 F1200 X100.402 Y82.3 E307.89386
G0 F6000 X100.784 Y82.116
G1 F1200 X152.88 Y134.212 E310.34429
G0 F6000 X153.061 Y133.828
G1 F1200 X101.166 Y81.933 E312.78528
G0 F6000 X101.558 Y81.759
G1 F1200 X153.241 Y133.442 E315.21629
G0 F6000 X153.407 Y133.042
G1 F1200 X101.95 Y81.585 E317.63666
G0 F6000 X102.343 Y81.413
G1 F1200 X153.577 Y132.646 E320.04653
G0 F6000 X153.746 Y132.25
G1 F1200 X102.745 Y81.249 E322.44546
G0 F6000 X103.151 Y81.089
G1 F1200 X153.905 Y131.843 E324.83277
G0 F6000 X154.062 Y131.435
G1 F1200 X103.555 Y80.928 E327.20847
G0 F6000 X103.969 Y80.776
G1 F1200 X154.22 Y131.027 E329.57212
G0 F6000 X154.367 Y130.608
G1 F1200 X104.385 Y80.626 E331.92312
G0 F6000 X104.8 Y80.476
G1 F1200 X154.513 Y130.189 E334.26147
G0 F6000 X154.66 Y129.77
G1 F1200 X105.227 Y80.337 E336.58665
G0 F6000 X105.655 Y80.199
G1 F1200 X154.794 Y129.338 E338.89799
G0 F6000 X154.928 Y128.906
G1 F1200 X106.084 Y80.063 E341.19544
G0 F6000 X106.523 Y79.936
G1 F1200 X155.061 Y128.474 E343.47852
G0 F6000 X155.184 Y128.031
G1 F1200 X106.963 Y79.81 E345.74669
G0 F6000 X107.402 Y79.684
G1 F1200 X155.308 Y127.589 E348.00002
G0 F6000 X155.427 Y127.143
G1 F1200 X107.854 Y79.57 E350.23771
G0 F6000 X108.306 Y79.456
G1 F1200 X155.536 Y126.686 E352.45926
G0 F6000 X155.645 Y126.229
G1 F1200 X108.759 Y79.344 E354.66461
G0 F6000 X109.226 Y79.245
G1 F1200 X155.75 Y125.769 E356.85296
G0 F6000 X155.845 Y125.298
G1 F1200 X109.692 Y79.145 E359.02385
G0 F6000 X110.164 Y79.052
G1 F1200 X155.94 Y124.827 E361.17699
G0 F6000 X156.027 Y124.348
G1 F1200 X110.645 Y78.966 E363.31162
G0 F6000 X111.125 Y78.881
G1 F1200 X156.109 Y123.865 E365.42753
G0 F6000 X156.191 Y123.381
G1 F1200 X111.615 Y78.806 E367.52423
G0 F6000 X112.11 Y78.735
G1 F1200 X156.258 Y122.882 E369.60079
G0 F6000 X156.325 Y122.384
G1 F1200 X112.606 Y78.665 E371.6572
G0 F6000 X113.117 Y78.61
G1 F1200 X156.387 Y121.88 E373.69248
G0 F6000 X156.439 Y121.366
G1 F1200 X113.626 Y78.554 E375.70625
G0 F6000 X114.145 Y78.507
G1 F1200 X156.491 Y120.853 E377.69808
G0 F6000 X156.529 Y120.326
G1 F1200 X114.674 Y78.47 E379.66683
G0 F6000 X115.202 Y78.432
G1 F1200 X156.565 Y119.796 E381.61245
G0 F6000 X156.595 Y119.26
G1 F1200 X115.743 Y78.408 E383.534
G0 F6000 X116.284 Y78.383
G1 F1200 X156.614 Y118.713 E385.431
G0 F6000 X156.632 Y118.165
G1 F1200 X116.837 Y78.37 E387.30283
G0 F6000 X117.397 Y78.365
G1 F1200 X156.632 Y117.6 E389.14833
G0 F6000 X156.632 Y117.034
G1 F1200 X117.963 Y78.365 E390.9672
G0 F6000 X118.544 Y78.381
G1 F1200 X156.62 Y116.456 E392.75815
G0 F6000 X156.6 Y115.871
G1 F1200 X119.126 Y78.396 E394.52084
G0 F6000 X119.723 Y78.428
G1 F1200 X156.571 Y115.276 E396.25406
G0 F6000 X156.529 Y114.669
G1 F1200 X120.321 Y78.461 E397.95717
G0 F6000 X120.944 Y78.518
G1 F1200 X156.483 Y114.056 E399.62879
G0 F6000 X156.42 Y113.428
G1 F1200 X121.571 Y78.579 E401.26798
G0 F6000 X122.207 Y78.649
G1 F1200 X156.352 Y112.794 E402.87406
G0 F6000 X156.263 Y112.139
G1 F1200 X122.855 Y78.731 E404.44547
G0 F6000 X123.521 Y78.832
G1 F1200 X156.169 Y111.48 E405.98113
G0 F6000 X156.049 Y110.794
G1 F1200 X124.196 Y78.941 E407.4794
G0 F6000 X124.891 Y79.071
G1 F1200 X155.924 Y110.104 E408.93909
G0 F6000 X155.783 Y109.396
G1 F1200 X125.593 Y79.207 E410.35911
G0 F6000 X126.324 Y79.372
G1 F1200 X155.621 Y108.669 E411.73716
G0 F6000 X155.445 Y107.927
G1 F1200 X127.069 Y79.552 E413.07185
G0 F6000 X127.841 Y79.758
G1 F1200 X155.238 Y107.154 E414.3605
G0 F6000 X155.015 Y106.366
G1 F1200 X128.629 Y79.98 E415.60162
G0 F6000 X129.441 Y80.226
G1 F1200 X154.76 Y105.545 E416.79254
G0 F6000 X154.475 Y104.695
G1 F1200 X130.295 Y80.515 E417.9299
G0 F6000 X131.178 Y80.831
G1 F1200 X154.163 Y103.817 E419.01106
G0 F6000 X153.804 Y102.893
G1 F1200 X132.097 Y81.186 E420.0321
G0 F6000 X132.275 Y80.761
G0 X133.244 Y81.167
G0 X133.067 Y81.59
G1 F1200 X153.391 Y101.914 E420.98807
G0 F6000 X153.818 Y101.733
G0 X153.346 Y100.689
G0 X152.927 Y100.884
G1 F1200 X134.112 Y82.069 E421.87307
G0 F6000 X134.305 Y81.651
G0 X135.41 Y82.188
G0 X135.206 Y82.597
G1 F1200 X152.39 Y99.781 E422.68136
G0 F6000 X152.802 Y99.573
G0 X152.154 Y98.353
G0 X151.751 Y98.576
G1 F1200 X136.407 Y83.232 E423.40309
G0 F6000 X136.625 Y82.829
G0 X137.992 Y83.622
G0 X137.758 Y84.018
G1 F1200 X150.981 Y97.241 E424.02506
G0 F6000 X151.379 Y97.007
G0 X150.37 Y95.422
G0 X149.989 Y95.684
G1 F1200 X139.322 Y85.016 E424.52683
G0 F6000 X139.578 Y84.634
G0 X141.609 Y86.092
G0 X141.326 Y86.454
G1 F1200 X148.558 Y93.687 E424.86702
G1 F2700 E419.86702
;MESH:NONMESH
G0 F300 X148.558 Y93.687 Z0.4
G0 F6000 X148.928 Y93.414
G0 X151.113 Y96.676
G0 X152.436 Y98.986
G0 X153.597 Y101.37
G0 X154.598 Y103.832
G0 X155.434 Y106.36
G0 X156.121 Y109.032
G0 X156.584 Y111.544
G0 X156.897 Y114.173
G0 X157.031 Y116.829
G0 X156.987 Y119.485
G0 X156.764 Y122.129
G0 X156.364 Y124.757
G0 X155.791 Y127.349
G0 X155.041 Y129.9
G0 X153.702 Y133.394
G0 X152.44 Y136.003
G0 X151.117 Y138.307
G0 X149.641 Y140.517
G0 X148.024 Y142.624
G0 X146.27 Y144.618
G0 X144.383 Y146.485
G0 X142.377 Y148.229
G0 X140.17 Y149.884
G0 X138.102 Y151.243
G0 X135.47 Y152.702
G0 X133.311 Y153.735
G0 X130.854 Y154.711
G0 X128.434 Y155.496
G0 X125.738 Y156.168
G0 X123.626 Y156.543
G0 X117.5 Y157.284
G0 X117.5 Y157.348
;TIME_ELAPSED:660.413334
;LAYER:1
M106 S85
;TYPE:WALL-INNER
;MESH:Base.stl
G1 F2700 E424.86702
G1 F2100 X117.831 Y157.351 E424.87803
G1 X119.168 Y157.32 E424.92251
G1 X120.435 Y157.249 E424.96472
G1 X121.886 Y157.115 E425.01318
G1 X123.177 Y156.95 E425.05647
G1 X124.49 Y156.737 E425.10071
G1 X125.808 Y156.48 E425.14538
G1 X127.008 Y156.209 E425.18629
G1 X128.522 Y155.803 E425.23843
G1 X129.691 Y155.444 E425.2791
G1 X130.96 Y155.015 E425.32366
G1 X132.201 Y154.542 E425.36783
G1 X133.448 Y154.021 E425.41278
G1 X134.752 Y153.43 E425.4604
G1 X135.629 Y152.988 E425.49306
G1 X135.651 Y152.998 E425.49386
G1 X137.044 Y152.233 E425.54672
G1 X138.271 Y151.515 E425.59401
G1 X139.322 Y150.846 E425.63544
G1 X140.355 Y150.148 E425.67691
G1 X141.515 Y149.308 E425.72454
G1 X142.577 Y148.478 E425.76937
G1 X143.602 Y147.614 E425.81396
G1 X144.6 Y146.723 E425.85846
G1 X145.569 Y145.793 E425.90313
G1 X146.503 Y144.836 E425.94761
G1 X147.397 Y143.855 E425.99175
G1 X148.272 Y142.826 E426.03668
G1 X149.108 Y141.777 E426.08129
G1 X149.955 Y140.639 E426.12848
G1 X150.664 Y139.604 E426.1702
G1 X151.389 Y138.476 E426.2148
G1 X152.075 Y137.325 E426.25937
G1 X152.721 Y136.15 E426.30396
G1 X153.324 Y134.969 E426.34807
G1 X153.892 Y133.743 E426.39301
G1 X154.42 Y132.513 E426.43753
G1 X154.904 Y131.264 E426.48208
G1 X155.306 Y130.115 E426.52257
G1 X155.74 Y128.726 E426.57097
G1 X156.098 Y127.429 E426.61572
G1 X156.433 Y126.034 E426.66344
G1 X156.677 Y124.818 E426.70469
G1 X156.902 Y123.497 E426.74926
G1 X157.08 Y122.169 E426.79382
G1 X157.214 Y120.849 E426.83795
G1 X157.304 Y119.501 E426.88289
G1 X157.352 Y118.161 E426.92748
G1 X157.352 Y116.823 E426.97198
G1 X157.304 Y115.483 E427.01658
G1 X157.214 Y114.147 E427.06112
G1 X157.08 Y112.827 E427.10525
G1 X156.898 Y111.487 E427.15022
G1 X156.673 Y110.169 E427.1947
G1 X156.433 Y108.961 E427.23566
G1 X156.098 Y107.559 E427.2836
G1 X155.74 Y106.27 E427.3281
G1 X155.342 Y104.988 E427.37274
G1 X154.9 Y103.72 E427.41741
G1 X154.416 Y102.475 E427.46184
G1 X153.887 Y101.241 E427.50649
G1 X153.324 Y100.027 E427.551
G1 X152.717 Y98.834 E427.59552
G1 X152.071 Y97.663 E427.64
G1 X151.381 Y96.509 E427.68472
G1 X150.66 Y95.386 E427.72911
G1 X149.955 Y94.369 E427.77027
G1 X149.107 Y93.218 E427.81782
G1 X148.264 Y92.162 E427.86276
G1 X147.397 Y91.141 E427.90731
G1 X146.495 Y90.152 E427.95183
G1 X145.561 Y89.195 E427.9963
G1 X144.592 Y88.265 E428.04098
G1 X143.603 Y87.382 E428.08507
G1 X142.569 Y86.515 E428.12995
G1 X141.513 Y85.687 E428.17459
G1 X140.36 Y84.844 E428.22209
G1 X139.324 Y84.151 E428.26355
G1 X138.27 Y83.484 E428.30503
G1 X136.961 Y82.711 E428.3556
G1 X135.868 Y82.126 E428.39683
G1 X134.752 Y81.57 E428.4383
G1 X133.447 Y80.97 E428.48607
G1 X132.202 Y80.45 E428.53095
G1 X130.961 Y79.981 E428.57507
G1 X129.692 Y79.552 E428.61962
G1 X128.522 Y79.197 E428.66029
G1 X127.007 Y78.787 E428.71249
G1 X125.804 Y78.516 E428.75351
G1 X124.486 Y78.259 E428.79817
G1 X123.178 Y78.046 E428.84225
G1 X121.985 Y77.897 E428.88223
G1 X120.434 Y77.747 E428.93406
G1 X119.168 Y77.676 E428.97624
G1 X117.83 Y77.645 E429.02075
G1 X116.5 Y77.652 E429.06499
G1 X115.165 Y77.711 E429.10943
G1 X113.816 Y77.814 E429.15443
G1 X112.484 Y77.96 E429.199
G1 X111.159 Y78.149 E429.24351
G1 X109.84 Y78.381 E429.28806
G1 X108.544 Y78.661 E429.33216
G1 X107.243 Y78.984 E429.37674
G1 X105.943 Y79.355 E429.42171
G1 X104.669 Y79.765 E429.46622
G1 X103.408 Y80.214 E429.51074
G1 X102.164 Y80.71 E429.55528
G1 X100.946 Y81.242 E429.59949
G1 X99.728 Y81.822 E429.64436
G1 X98.55 Y82.437 E429.68856
G1 X97.371 Y83.095 E429.73347
G1 X96.229 Y83.792 E429.77796
G1 X95.118 Y84.517 E429.82209
G1 X94.019 Y85.293 E429.86683
G1 X92.946 Y86.105 E429.91159
G1 X91.914 Y86.941 E429.95576
G1 X90.893 Y87.823 E430.00064
G1 X89.911 Y88.734 E430.04519
G1 X88.958 Y89.676 E430.08976
G1 X88.04 Y90.648 E430.13423
G1 X87.158 Y91.653 E430.1787
G1 X86.314 Y92.682 E430.22296
G1 X85.49 Y93.751 E430.26786
G1 X84.71 Y94.838 E430.31236
G1 X83.973 Y95.945 E430.35659
G1 X83.26 Y97.092 E430.40151
G1 X82.594 Y98.254 E430.44605
G1 X81.968 Y99.436 E430.49054
G1 X81.388 Y100.63 E430.53469
G1 X80.836 Y101.864 E430.57965
G1 X80.332 Y103.105 E430.6242
G1 X79.871 Y104.362 E430.66873
G1 X79.489 Y105.516 E430.70916
G1 X79.075 Y106.909 E430.7575
G1 X78.74 Y108.216 E430.80237
G1 X78.448 Y109.525 E430.84698
G1 X78.204 Y110.837 E430.89137
G1 X77.999 Y112.165 E430.93606
G1 X77.846 Y113.492 E430.98049
G1 X77.735 Y114.817 E431.02471
G1 X77.664 Y116.161 E431.06948
G1 X77.645 Y117.503 E431.11412
G1 X77.668 Y118.831 E431.15829
G1 X77.735 Y120.18 E431.20322
G1 X77.846 Y121.504 E431.24741
G1 X77.999 Y122.831 E431.29183
G1 X78.204 Y124.159 E431.33653
G1 X78.448 Y125.471 E431.38091
G1 X78.74 Y126.78 E431.42552
G1 X79.075 Y128.089 E431.47046
G1 X79.481 Y129.479 E431.51862
G1 X79.87 Y130.632 E431.5591
G1 X80.332 Y131.891 E431.6037
G1 X80.836 Y133.132 E431.64825
G1 X81.388 Y134.366 E431.69321
G1 X81.968 Y135.56 E431.73736
G1 X82.594 Y136.742 E431.78185
G1 X83.26 Y137.904 E431.8264
G1 X83.969 Y139.042 E431.87099
G1 X84.71 Y140.155 E431.91546
G1 X85.49 Y141.246 E431.96007
G1 X86.314 Y142.314 E432.00494
G1 X87.158 Y143.343 E432.0492
G1 X88.04 Y144.348 E432.09367
G1 X88.958 Y145.32 E432.13814
G1 X89.911 Y146.262 E432.18271
G1 X90.893 Y147.173 E432.22726
G1 X91.914 Y148.055 E432.27214
G1 X92.946 Y148.891 E432.31631
G1 X94.014 Y149.699 E432.36085
G1 X95.118 Y150.475 E432.40574
G1 X96.229 Y151.204 E432.44993
G1 X97.371 Y151.897 E432.49436
G1 X98.55 Y152.56 E432.53935
G1 X99.728 Y153.174 E432.58353
G1 X100.946 Y153.754 E432.6284
G1 X102.164 Y154.286 E432.67261
G1 X103.408 Y154.782 E432.71715
G1 X104.669 Y155.231 E432.76167
G1 X105.943 Y155.641 E432.80619
G1 X107.243 Y156.012 E432.85115
G1 X108.544 Y156.335 E432.89574
G1 X109.84 Y156.615 E432.93984
G1 X111.159 Y156.847 E432.98438
G1 X112.484 Y157.036 E433.0289
G1 X113.816 Y157.182 E433.07346
G1 X115.16 Y157.284 E433.11829
G1 X116.5 Y157.34 E433.1629
G1 X117.5 Y157.348 E433.19616
G0 F10500 X117.5 Y157.748
;TYPE:WALL-OUTER
G1 F2100 X117.834 Y157.751 E433.20727
G1 X119.184 Y157.72 E433.25218
G1 X120.465 Y157.648 E433.29486
G1 X121.93 Y157.513 E433.34379
G1 X123.235 Y157.346 E433.38755
G1 X124.56 Y157.131 E433.4322
G1 X125.89 Y156.872 E433.47726
G1 X127.104 Y156.597 E433.51866
G1 X128.632 Y156.187 E433.57128
G1 X129.814 Y155.825 E433.6124
G1 X131.096 Y155.391 E433.65741
G1 X132.349 Y154.914 E433.70201
G1 X133.608 Y154.388 E433.74739
G1 X134.925 Y153.791 E433.79548
G1 X135.809 Y153.345 E433.82842
G1 X135.831 Y153.355 E433.82922
G1 X137.241 Y152.581 E433.88272
G1 X138.479 Y151.857 E433.93042
G1 X139.542 Y151.18 E433.97233
G1 X140.585 Y150.476 E434.01419
G1 X141.755 Y149.628 E434.06225
G1 X142.829 Y148.788 E434.1076
G1 X143.864 Y147.916 E434.15261
G1 X144.872 Y147.017 E434.19753
G1 X145.851 Y146.077 E434.24268
G1 X146.794 Y145.11 E434.2876
G1 X147.697 Y144.119 E434.33219
G1 X148.581 Y143.08 E434.37756
G1 X149.425 Y142.021 E434.4226
G1 X150.281 Y140.871 E434.47029
G1 X150.997 Y139.825 E434.51245
G1 X151.729 Y138.686 E434.55748
G1 X152.422 Y137.524 E434.60248
G1 X153.075 Y136.338 E434.64751
G1 X153.684 Y135.144 E434.69209
G1 X154.257 Y133.906 E434.73746
G1 X154.79 Y132.664 E434.78241
G1 X155.28 Y131.402 E434.82744
G1 X155.686 Y130.241 E434.86835
G1 X156.124 Y128.839 E434.9172
G1 X156.486 Y127.529 E434.96241
G1 X156.824 Y126.12 E435.0106
G1 X157.071 Y124.891 E435.05229
G1 X157.298 Y123.557 E435.0973
G1 X157.477 Y122.216 E435.1423
G1 X157.612 Y120.883 E435.18686
G1 X157.704 Y119.521 E435.23226
G1 X157.752 Y118.168 E435.27729
G1 X157.752 Y116.816 E435.32226
G1 X157.704 Y115.463 E435.36729
G1 X157.612 Y114.113 E435.41229
G1 X157.477 Y112.78 E435.45686
G1 X157.294 Y111.427 E435.50227
G1 X157.067 Y110.097 E435.54714
G1 X156.824 Y108.875 E435.58858
G1 X156.486 Y107.459 E435.637
G1 X156.124 Y106.157 E435.68195
G1 X155.722 Y104.863 E435.72702
G1 X155.276 Y103.582 E435.77213
G1 X154.786 Y102.324 E435.81704
G1 X154.253 Y101.078 E435.86211
G1 X153.684 Y99.852 E435.90707
G1 X153.071 Y98.646 E435.95206
G1 X152.418 Y97.464 E435.99697
G1 X151.721 Y96.298 E436.04216
G1 X150.993 Y95.164 E436.08698
G1 X150.281 Y94.137 E436.12854
G1 X149.425 Y92.974 E436.17657
G1 X148.573 Y91.908 E436.22196
G1 X147.697 Y90.877 E436.26696
G1 X146.786 Y89.878 E436.31192
G1 X145.843 Y88.911 E436.35685
G1 X144.864 Y87.971 E436.40199
G1 X143.865 Y87.08 E436.44651
G1 X142.821 Y86.204 E436.49184
G1 X141.755 Y85.368 E436.5369
G1 X140.589 Y84.516 E436.58493
G1 X139.542 Y83.816 E436.62682
G1 X138.479 Y83.143 E436.66866
G1 X137.157 Y82.363 E436.71972
G1 X136.052 Y81.77 E436.76143
G1 X134.925 Y81.209 E436.8033
G1 X133.607 Y80.604 E436.85153
G1 X132.35 Y80.078 E436.89685
G1 X131.096 Y79.605 E436.94143
G1 X129.814 Y79.171 E436.98645
G1 X128.632 Y78.813 E437.02753
G1 X127.103 Y78.399 E437.08021
G1 X125.886 Y78.124 E437.12171
G1 X124.556 Y77.865 E437.16678
G1 X123.235 Y77.65 E437.21129
G1 X122.029 Y77.499 E437.25172
G1 X120.464 Y77.348 E437.30401
G1 X119.184 Y77.276 E437.34665
G1 X117.834 Y77.245 E437.39156
G1 X116.49 Y77.252 E437.43627
G1 X115.141 Y77.312 E437.48118
G1 X113.779 Y77.416 E437.52661
G1 X112.434 Y77.563 E437.57161
G1 X111.096 Y77.754 E437.61656
G1 X109.763 Y77.989 E437.66158
G1 X108.454 Y78.271 E437.70612
G1 X107.14 Y78.598 E437.75116
G1 X105.827 Y78.972 E437.79656
G1 X104.541 Y79.386 E437.8415
G1 X103.267 Y79.84 E437.88648
G1 X102.01 Y80.341 E437.93149
G1 X100.78 Y80.878 E437.97613
G1 X99.55 Y81.464 E438.02144
G1 X98.36 Y82.085 E438.06609
G1 X97.169 Y82.749 E438.11144
G1 X96.015 Y83.454 E438.15642
G1 X94.893 Y84.186 E438.20098
G1 X93.783 Y84.97 E438.24618
G1 X92.7 Y85.79 E438.29136
G1 X91.657 Y86.634 E438.33598
G1 X90.626 Y87.525 E438.3813
G1 X89.635 Y88.445 E438.42628
G1 X88.672 Y89.396 E438.47129
G1 X87.744 Y90.379 E438.51626
G1 X86.853 Y91.394 E438.56118
G1 X86.001 Y92.433 E438.60587
G1 X85.169 Y93.512 E438.65119
G1 X84.381 Y94.61 E438.69614
G1 X83.637 Y95.729 E438.74083
G1 X82.916 Y96.887 E438.7862
G1 X82.244 Y98.061 E438.83119
G1 X81.611 Y99.255 E438.87614
G1 X81.026 Y100.461 E438.92072
G1 X80.468 Y101.707 E438.96613
G1 X79.959 Y102.961 E439.01114
G1 X79.493 Y104.23 E439.05611
G1 X79.107 Y105.396 E439.09696
G1 X78.689 Y106.802 E439.14574
G1 X78.351 Y108.123 E439.1911
G1 X78.056 Y109.445 E439.23615
G1 X77.81 Y110.77 E439.28097
G1 X77.603 Y112.111 E439.3261
G1 X77.448 Y113.452 E439.371
G1 X77.336 Y114.79 E439.41566
G1 X77.264 Y116.147 E439.46085
G1 X77.245 Y117.503 E439.50596
G1 X77.268 Y118.845 E439.5506
G1 X77.336 Y120.206 E439.59593
G1 X77.448 Y121.544 E439.64058
G1 X77.603 Y122.885 E439.68548
G1 X77.81 Y124.226 E439.73061
G1 X78.056 Y125.551 E439.77543
G1 X78.351 Y126.873 E439.82049
G1 X78.689 Y128.195 E439.86587
G1 X79.099 Y129.599 E439.91452
G1 X79.493 Y130.765 E439.95545
G1 X79.959 Y132.035 E440.00045
G1 X80.468 Y133.289 E440.04546
G1 X81.026 Y134.535 E440.09087
G1 X81.611 Y135.741 E440.13545
G1 X82.244 Y136.935 E440.1804
G1 X82.916 Y138.109 E440.22539
G1 X83.633 Y139.259 E440.27046
G1 X84.381 Y140.382 E440.31534
G1 X85.169 Y141.484 E440.3604
G1 X86.001 Y142.563 E440.40572
G1 X86.853 Y143.602 E440.45041
G1 X87.744 Y144.617 E440.49533
G1 X88.672 Y145.6 E440.54029
G1 X89.635 Y146.551 E440.58531
G1 X90.626 Y147.471 E440.63028
G1 X91.657 Y148.362 E440.67561
G1 X92.7 Y149.206 E440.72023
G1 X93.778 Y150.022 E440.7652
G1 X94.893 Y150.806 E440.81053
G1 X96.015 Y151.542 E440.85516
G1 X97.169 Y152.243 E440.90007
G1 X98.36 Y152.912 E440.94551
G1 X99.55 Y153.532 E440.99014
G1 X100.78 Y154.118 E441.03545
G1 X102.01 Y154.655 E441.08009
G1 X103.267 Y155.156 E441.1251
G1 X104.541 Y155.61 E441.17008
G1 X105.827 Y156.024 E441.21502
G1 X107.14 Y156.398 E441.26042
G1 X108.454 Y156.725 E441.30546
G1 X109.763 Y157.007 E441.35
G1 X111.096 Y157.242 E441.39502
G1 X112.434 Y157.433 E441.43997
G1 X113.779 Y157.58 E441.48497
G1 X115.136 Y157.684 E441.53024
G1 X116.49 Y157.74 E441.57531
G1 X117.5 Y157.748 E441.6089
G0 F10500 X117.5 Y156.985
;TYPE:SKIN
G1 F2100 X116.513 Y156.98 E441.64173
G1 X115.184 Y156.924 E441.68597
G1 X113.843 Y156.82 E441.73071
G1 X112.521 Y156.677 E441.77494
G1 X111.208 Y156.49 E441.81905
G1 X109.919 Y156.259 E441.8626
G1 X108.63 Y155.985 E441.90643
G1 X107.34 Y155.662 E441.95066
G1 X106.038 Y155.292 E441.99568
G1 X104.904 Y154.934 E442.03523
G1 X103.539 Y154.444 E442.08347
G1 X102.298 Y153.951 E442.12788
G1 X101.1 Y153.426 E442.17139
G1 X99.882 Y152.848 E442.21623
G1 X98.728 Y152.244 E442.25955
G1 X97.549 Y151.583 E442.30451
G1 X96.415 Y150.894 E442.34864
G1 X95.325 Y150.178 E442.39202
G1 X94.23 Y149.41 E442.4365
G1 X93.164 Y148.602 E442.48099
G1 X92.149 Y147.782 E442.52439
G1 X91.126 Y146.899 E442.56934
G1 X90.155 Y145.995 E442.61346
G1 X89.211 Y145.064 E442.65756
G1 X88.301 Y144.101 E442.70163
G1 X87.433 Y143.106 E442.74554
G1 X86.597 Y142.087 E442.78938
G1 X85.777 Y141.024 E442.83403
G1 X85.001 Y139.946 E442.87821
G1 X84.269 Y138.847 E442.92213
G1 X83.564 Y137.713 E442.96654
G1 X82.904 Y136.559 E443.01076
G1 X82.287 Y135.389 E443.05475
G1 X81.642 Y134.067 E443.10368
G1 X81.165 Y132.986 E443.14298
G1 X80.667 Y131.756 E443.18711
G1 X80.209 Y130.505 E443.23142
G1 X79.819 Y129.363 E443.27156
G1 X79.421 Y127.999 E443.31882
G1 X79.087 Y126.689 E443.36378
G1 X78.801 Y125.392 E443.40796
G1 X78.558 Y124.09 E443.45201
G1 X78.355 Y122.773 E443.49633
G1 X78.204 Y121.46 E443.54029
G1 X78.096 Y120.158 E443.58374
G1 X78.028 Y118.813 E443.62853
G1 X78.005 Y117.503 E443.67211
G1 X78.024 Y116.179 E443.71615
G1 X78.084 Y114.914 E443.75827
G1 X78.204 Y113.533 E443.80438
G1 X78.355 Y112.219 E443.84837
G1 X78.558 Y110.902 E443.89269
G1 X78.801 Y109.6 E443.93674
G1 X79.087 Y108.303 E443.98092
G1 X79.417 Y107.01 E444.0253
G1 X79.831 Y105.629 E444.07325
G1 X80.209 Y104.486 E444.11329
G1 X80.667 Y103.241 E444.15742
G1 X81.165 Y102.011 E444.20155
G1 X81.571 Y101.102 E444.23466
G1 X81.643 Y100.922 E444.24111
G1 X82.287 Y99.603 E444.28993
G1 X82.904 Y98.433 E444.33393
G1 X83.564 Y97.279 E444.37814
G1 X84.273 Y96.137 E444.42285
G1 X85.001 Y95.046 E444.46647
G1 X85.773 Y93.968 E444.51057
G1 X86.597 Y92.905 E444.55531
G1 X87.433 Y91.886 E444.59915
G1 X88.301 Y90.895 E444.64296
G1 X89.212 Y89.928 E444.68715
G1 X90.155 Y88.997 E444.73123
G1 X91.126 Y88.094 E444.77533
G1 X92.149 Y87.214 E444.82021
G1 X93.164 Y86.39 E444.86369
G1 X94.235 Y85.582 E444.90831
G1 X95.325 Y84.81 E444.95274
G1 X96.415 Y84.098 E444.99604
G1 X97.557 Y83.401 E445.04054
G1 X98.715 Y82.757 E445.08461
G1 X99.882 Y82.147 E445.12841
G1 X101.1 Y81.566 E445.17329
G1 X102.298 Y81.041 E445.2168
G1 X103.539 Y80.548 E445.26121
G1 X104.904 Y80.058 E445.30945
G1 X106.038 Y79.7 E445.349
G1 X107.34 Y79.33 E445.39402
G1 X108.63 Y79.011 E445.43822
G1 X109.915 Y78.733 E445.48194
G1 X111.208 Y78.502 E445.52563
G1 X112.521 Y78.315 E445.56974
G1 X113.843 Y78.172 E445.61397
G1 X115.188 Y78.072 E445.65883
G1 X116.514 Y78.012 E445.70297
G1 X117.822 Y78.005 E445.74648
G1 X119.148 Y78.036 E445.79059
G1 X120.412 Y78.104 E445.8327
G1 X121.937 Y78.255 E445.88367
G1 X123.123 Y78.403 E445.92342
G1 X124.424 Y78.613 E445.96725
G1 X125.73 Y78.868 E446.01151
G1 X126.927 Y79.139 E446.05233
G1 X128.416 Y79.541 E446.10363
G1 X129.586 Y79.895 E446.14428
G1 X130.844 Y80.321 E446.18846
G1 X132.062 Y80.782 E446.23177
G1 X133.295 Y81.296 E446.2762
G1 X134.473 Y81.839 E446.31935
G1 X135.454 Y82.304 E446.35545
G1 X135.458 Y82.321 E446.35603
G1 X136.778 Y83.019 E446.4057
G1 X138.083 Y83.791 E446.45613
G1 X139.122 Y84.448 E446.49702
G1 X140.157 Y85.14 E446.53842
G1 X141.291 Y85.972 E446.5852
G1 X142.346 Y86.796 E446.62973
G1 X143.361 Y87.648 E446.6738
G1 X144.34 Y88.523 E446.71748
G1 X145.303 Y89.447 E446.76187
G1 X146.226 Y90.394 E446.80585
G1 X147.121 Y91.373 E446.84997
G1 X147.981 Y92.388 E446.89421
G1 X148.817 Y93.43 E446.93865
G1 X149.657 Y94.573 E446.98582
G1 X150.357 Y95.58 E447.02661
G1 X151.07 Y96.694 E447.07061
G1 X151.714 Y97.76 E447.11203
G1 X152.395 Y98.998 E447.15902
G1 X152.996 Y100.18 E447.20313
G1 X153.553 Y101.382 E447.24719
G1 X154.078 Y102.604 E447.29143
G1 X154.56 Y103.838 E447.33549
G1 X154.997 Y105.095 E447.37975
G1 X155.392 Y106.377 E447.42437
G1 X155.75 Y107.655 E447.46851
G1 X156.104 Y109.135 E447.51912
G1 X156.315 Y110.228 E447.55615
G1 X156.538 Y111.535 E447.60025
G1 X156.721 Y112.872 E447.64513
G1 X156.852 Y114.169 E447.68849
G1 X156.944 Y115.495 E447.7327
G1 X156.992 Y116.824 E447.77693
G1 X156.992 Y118.148 E447.82097
G1 X156.944 Y119.477 E447.8652
G1 X156.852 Y120.823 E447.91007
G1 X156.721 Y122.12 E447.95343
G1 X156.546 Y123.434 E447.99752
G1 X156.323 Y124.747 E448.04181
G1 X156.104 Y125.857 E448.07944
G1 X155.75 Y127.333 E448.12993
G1 X155.392 Y128.615 E448.1742
G1 X154.962 Y129.997 E448.22234
G1 X154.568 Y131.13 E448.26224
G1 X154.086 Y132.368 E448.30642
G1 X153.561 Y133.59 E448.35066
G1 X153 Y134.804 E448.39514
G1 X152.403 Y135.974 E448.43883
G1 X151.758 Y137.144 E448.48326
G1 X151.081 Y138.282 E448.5273
G1 X150.365 Y139.397 E448.57138
G1 X149.661 Y140.427 E448.61287
G1 X148.825 Y141.55 E448.65944
G1 X147.997 Y142.592 E448.7037
G1 X147.122 Y143.619 E448.74858
G1 X146.242 Y144.582 E448.79197
G1 X145.319 Y145.529 E448.83595
G1 X144.356 Y146.453 E448.88034
G1 X143.36 Y147.344 E448.92479
G1 X142.353 Y148.192 E448.96857
G1 X141.299 Y149.016 E449.01307
G1 X140.141 Y149.852 E449.06057
G1 X139.126 Y150.54 E449.10136
G1 X138.075 Y151.209 E449.1428
G1 X136.777 Y151.965 E449.19276
G1 X135.492 Y152.672 E449.24154
G1 X135.446 Y152.673 E449.24307
G1 X134.601 Y153.103 E449.2746
G1 X133.304 Y153.692 E449.32198
G1 X132.069 Y154.202 E449.36642
G1 X130.832 Y154.679 E449.41052
G1 X129.582 Y155.097 E449.45436
G1 X128.416 Y155.455 E449.49492
G1 X126.927 Y155.857 E449.54622
G1 X125.731 Y156.128 E449.58701
G1 X124.429 Y156.379 E449.63111
G1 X123.13 Y156.59 E449.67488
G1 X121.889 Y156.753 E449.71651
G1 X120.413 Y156.888 E449.76581
G1 X119.148 Y156.96 E449.80795
G1 X117.822 Y156.987 E449.85206
G1 X117.5 Y156.985 E449.86277
G0 F10500 X117.498 Y157.248
G0 X121.868 Y156.955
G0 X124.462 Y156.579
G0 X126.969 Y156.053
G0 X129.642 Y155.292
G0 X132.141 Y154.393
G0 X135.561 Y152.858
G0 X138.186 Y151.379
G0 X138.774 Y150.993
G0 X142.2 Y148.644
G0 X141.916 Y148.28
G1 F2100 X148.27 Y141.926 E450.16165
G0 F10500 X148.631 Y142.215
G0 X150.262 Y140.012
G0 X149.881 Y139.75
G1 F2100 X139.77 Y149.861 E450.63724
G0 F10500 X140.03 Y150.246
G0 X138.373 Y151.331
G0 X138.126 Y150.94
G1 F2100 X150.942 Y138.123 E451.24008
G0 F10500 X151.34 Y138.361
G0 X152.149 Y136.981
G0 X151.743 Y136.757
G1 F2100 X136.752 Y151.748 E451.94522
G0 F10500 X136.975 Y152.156
G0 X135.708 Y152.851
G0 X135.487 Y152.447
G1 F2100 X152.406 Y135.528 E452.74103
G0 F10500 X152.819 Y135.739
G0 X153.384 Y134.6
G0 X152.964 Y134.404
G1 F2100 X134.387 Y152.981 E453.61484
G0 F10500 X134.576 Y153.401
G0 X133.542 Y153.869
G0 X133.353 Y153.45
G1 F2100 X153.442 Y133.36 E454.55979
G0 F10500 X153.867 Y133.543
G0 X154.293 Y132.552
G0 X153.868 Y132.369
G1 F2100 X132.38 Y153.857 E455.57052
G0 F10500 X132.557 Y154.285
G0 X131.605 Y154.662
G0 X131.441 Y154.23
G1 F2100 X154.233 Y131.438 E456.64258
G0 F10500 X154.559 Y130.547
G1 F2100 X130.538 Y154.567 E457.77243
G0 F10500 X129.688 Y154.851
G1 F2100 X154.847 Y129.693 E458.95581
G0 F10500 X155.102 Y128.872
G1 F2100 X128.866 Y155.108 E460.18987
G0 F10500 X128.066 Y155.343
G1 F2100 X155.335 Y128.073 E461.47255
G0 F10500 X155.554 Y127.289
G1 F2100 X127.291 Y155.551 E462.80193
G0 F10500 X126.537 Y155.74
G1 F2100 X155.733 Y126.544 E464.17522
G0 F10500 X155.911 Y125.801
G1 F2100 X125.805 Y155.906 E465.59129
G0 F10500 X125.099 Y156.046
G1 F2100 X156.05 Y125.096 E467.04711
G0 F10500 X156.179 Y124.401
G1 F2100 X124.398 Y156.182 E468.54199
G0 F10500 X123.723 Y156.291
G1 F2100 X156.295 Y123.72 E470.07405
G0 F10500 X156.394 Y123.054
G1 F2100 X123.05 Y156.399 E471.64247
G0 F10500 X122.399 Y156.484
G1 F2100 X156.481 Y122.402 E473.24559
G0 F10500 X156.556 Y121.762
G1 F2100 X121.753 Y156.564 E474.88259
G0 F10500 X121.13 Y156.622
G1 F2100 X156.62 Y121.132 E476.55193
G0 F10500 X156.673 Y120.513
G1 F2100 X120.507 Y156.679 E478.25307
G0 F10500 X119.903 Y156.717
G1 F2100 X156.714 Y119.906 E479.98454
G0 F10500 X156.75 Y119.304
G1 F2100 X119.303 Y156.751 E481.74594
G0 F10500 X118.72 Y156.769
G1 F2100 X156.771 Y118.718 E483.53574
G0 F10500 X156.792 Y118.131
G1 F2100 X118.143 Y156.78 E485.35367
G0 F10500 X117.571 Y156.786
G1 F2100 X156.792 Y117.566 E487.19848
G0 F10500 X156.792 Y117
G1 F2100 X117.009 Y156.783 E489.06975
G0 F10500 X116.448 Y156.778
G1 F2100 X156.778 Y116.448 E490.96675
G0 F10500 X156.759 Y115.902
G1 F2100 X115.906 Y156.754 E492.88833
G0 F10500 X115.363 Y156.732
G1 F2100 X156.734 Y115.36 E494.83432
G0 F10500 X156.698 Y114.831
G1 F2100 X114.833 Y156.696 E496.80352
G0 F10500 X114.307 Y156.656
G1 F2100 X156.661 Y114.302 E498.79572
G0 F10500 X156.612 Y113.786
G1 F2100 X113.784 Y156.614 E500.81022
G0 F10500 X113.274 Y156.558
G1 F2100 X156.56 Y113.272 E502.84626
G0 F10500 X156.503 Y112.763
G1 F2100 X112.764 Y156.503 E504.90363
G0 F10500 X112.262 Y156.438
G1 F2100 X156.435 Y112.265 E506.98139
G0 F10500 X156.367 Y111.767
G1 F2100 X111.767 Y156.368 E509.07926
G0 F10500 X111.272 Y156.297
G1 F2100 X156.291 Y111.278 E511.19682
G0 F10500 X156.208 Y110.795
G1 F2100 X110.791 Y156.213 E513.33312
G0 F10500 X110.311 Y156.127
G1 F2100 X156.126 Y110.311 E515.48814
G0 F10500 X156.035 Y109.837
G1 F2100 X109.834 Y156.038 E517.66129
G0 F10500 X109.368 Y155.938
G1 F2100 X155.943 Y109.363 E519.85204
G0 F10500 X155.841 Y108.899
G1 F2100 X108.902 Y155.839 E522.05993
G0 F10500 X108.443 Y155.732
G1 F2100 X155.732 Y108.443 E524.28426
G0 F10500 X155.622 Y107.987
G1 F2100 X107.99 Y155.619 E526.52472
G0 F10500 X107.538 Y155.506
G1 F2100 X155.508 Y107.536 E528.78108
G0 F10500 X155.384 Y107.094
G1 F2100 X107.093 Y155.385 E531.05254
G0 F10500 X106.653 Y155.259
G1 F2100 X155.26 Y106.652 E533.33887
G0 F10500 X155.131 Y106.215
G1 F2100 X106.212 Y155.134 E535.63987
G0 F10500 X105.78 Y155.001
G1 F2100 X154.999 Y105.782 E537.95498
G0 F10500 X154.866 Y105.35
G1 F2100 X105.35 Y154.866 E540.28406
G0 F10500 X104.922 Y154.728
G1 F2100 X154.726 Y104.924 E542.62669
G0 F10500 X154.579 Y104.505
G1 F2100 X104.505 Y154.578 E544.98199
G0 F10500 X104.089 Y154.429
G1 F2100 X154.434 Y104.085 E547.35004
G0 F10500 X154.28 Y103.672
G1 F2100 X103.672 Y154.28 E549.73049
G0 F10500 X103.266 Y154.121
G1 F2100 X154.121 Y103.266 E552.12255
G0 F10500 X153.963 Y102.859
G1 F2100 X102.861 Y153.96 E554.52621
G0 F10500 X102.456 Y153.799
G1 F2100 X153.797 Y102.458 E556.94113
G0 F10500 X153.627 Y102.063
G1 F2100 X102.061 Y153.629 E559.36664
G0 F10500 X101.667 Y153.457
G1 F2100 X153.457 Y101.667 E561.80268
G0 F10500 X153.282 Y101.276
G1 F2100 X101.274 Y153.284 E564.24898
G0 F10500 X100.888 Y153.105
G1 F2100 X153.103 Y100.889 E566.70503
G0 F10500 X152.925 Y100.503
G1 F2100 X100.505 Y152.922 E569.17069
G0 F10500 X100.121 Y152.741
G1 F2100 X152.741 Y100.12 E571.64579
G0 F10500 X152.551 Y99.745
G1 F2100 X99.744 Y152.551 E574.12965
G0 F10500 X99.373 Y152.357
G1 F2100 X152.36 Y99.37 E576.62199
G0 F10500 X152.166 Y98.998
G1 F2100 X99.002 Y152.162 E579.12267
G0 F10500 X98.635 Y151.964
G1 F2100 X151.965 Y98.634 E581.63115
G0 F10500 X151.764 Y98.269
G1 F2100 X98.273 Y151.76 E584.1472
G0 F10500 X97.91 Y151.557
G1 F2100 X151.564 Y97.903 E586.67092
G0 F10500 X151.352 Y97.55
G1 F2100 X97.551 Y151.351 E589.20155
G0 F10500 X97.199 Y151.137
G1 F2100 X151.139 Y97.197 E591.73872
G0 F10500 X150.926 Y96.845
G1 F2100 X96.847 Y150.923 E594.28241
G0 F10500 X96.496 Y150.708
G1 F2100 X150.706 Y96.498 E596.83228
G0 F10500 X150.486 Y96.153
G1 F2100 X96.155 Y150.484 E599.38785
G0 F10500 X95.813 Y150.26
G1 F2100 X150.265 Y95.808 E601.9491
G0 F10500 X150.037 Y95.471
G1 F2100 X95.471 Y150.036 E604.5157
G0 F10500 X95.138 Y149.803
G1 F2100 X149.805 Y95.137 E607.08704
G0 F10500 X149.573 Y94.803
G1 F2100 X94.806 Y149.57 E609.66311
G0 F10500 X94.474 Y149.337
G1 F2100 X149.336 Y94.474 E612.24368
G0 F10500 X149.096 Y94.148
G1 F2100 X94.148 Y149.097 E614.82829
G0 F10500 X93.826 Y148.853
G1 F2100 X148.857 Y93.822 E617.41678
G0 F10500 X148.615 Y93.499
G1 F2100 X93.504 Y148.609 E620.009
G0 F10500 X93.185 Y148.362
G1 F2100 X148.363 Y93.185 E622.60438
G0 F10500 X148.111 Y92.871
G1 F2100 X92.872 Y148.11 E625.20266
G0 F10500 X92.56 Y147.857
G1 F2100 X147.86 Y92.557 E627.8038
G0 F10500 X147.601 Y92.25
G1 F2100 X92.248 Y147.603 E630.40744
G0 F10500 X91.944 Y147.341
G1 F2100 X147.341 Y91.944 E633.01314
G0 F10500 X147.082 Y91.638
G1 F2100 X91.64 Y147.079 E635.62094
G0 F10500 X91.337 Y146.817
G1 F2100 X146.817 Y91.337 E638.23055
G0 F10500 X146.546 Y91.041
G1 F2100 X91.041 Y146.546 E640.84133
G0 F10500 X90.748 Y146.274
G1 F2100 X146.276 Y90.746 E643.4532
G0 F10500 X146.004 Y90.452
G1 F2100 X90.455 Y146.001 E646.06605
G0 F10500 X90.165 Y145.726
G1 F2100 X145.725 Y90.166 E648.67943
G0 F10500 X145.446 Y89.88
G1 F2100 X89.881 Y145.444 E651.29301
G0 F10500 X89.596 Y145.163
G1 F2100 X145.165 Y89.594 E653.90681
G0 F10500 X144.878 Y89.316
G1 F2100 X89.313 Y144.881 E656.52041
G0 F10500 X89.039 Y144.589
G1 F2100 X144.589 Y89.039 E659.13331
G0 F10500 X144.3 Y88.762
G1 F2100 X88.764 Y144.299 E661.74558
G0 F10500 X88.489 Y144.007
G1 F2100 X144.005 Y88.492 E664.35686
G0 F10500 X143.707 Y88.224
G1 F2100 X88.224 Y143.707 E666.96661
G0 F10500 X87.961 Y143.405
G1 F2100 X143.408 Y87.957 E669.57469
G0 F10500 X143.106 Y87.694
G1 F2100 X87.697 Y143.103 E672.18096
G0 F10500 X87.439 Y142.795
G1 F2100 X142.798 Y87.436 E674.78488
G0 F10500 X142.491 Y87.178
G1 F2100 X87.183 Y142.485 E677.38637
G0 F10500 X86.929 Y142.174
G1 F2100 X142.182 Y86.92 E679.98533
G0 F10500 X141.864 Y86.673
G1 F2100 X86.676 Y141.86 E682.58118
G0 F10500 X86.43 Y141.542
G1 F2100 X141.547 Y86.425 E685.17371
G0 F10500 X141.229 Y86.177
G1 F2100 X86.183 Y141.223 E687.76291
G0 F10500 X85.937 Y140.903
G1 F2100 X140.904 Y85.936 E690.34839
G0 F10500 X140.578 Y85.696
G1 F2100 X85.7 Y140.574 E692.92968
G0 F10500 X85.463 Y140.245
G1 F2100 X140.252 Y85.457 E695.50676
G0 F10500 X139.921 Y85.222
G1 F2100 X85.227 Y139.916 E698.0794
G0 F10500 X84.998 Y139.579
G1 F2100 X139.581 Y84.996 E700.64682
G0 F10500 X139.242 Y84.769
G1 F2100 X84.771 Y139.24 E703.20897
G0 F10500 X84.545 Y138.901
G1 F2100 X138.901 Y84.545 E705.76571
G0 F10500 X138.555 Y84.325
G1 F2100 X84.324 Y138.556 E708.31657
G0 F10500 X84.108 Y138.207
G1 F2100 X138.208 Y84.106 E710.86129
G0 F10500 X137.859 Y83.89
G1 F2100 X83.89 Y137.858 E713.3998
G0 F10500 X83.677 Y137.506
G1 F2100 X137.503 Y83.68 E715.93161
G0 F10500 X137.148 Y83.47
G1 F2100 X83.471 Y137.146 E718.45639
G0 F10500 X83.265 Y136.786
G1 F2100 X136.792 Y83.26 E720.97411
G0 F10500 X136.426 Y83.06
G1 F2100 X83.06 Y136.426 E723.48429
G0 F10500 X82.865 Y136.055
G1 F2100 X136.057 Y82.864 E725.98625
G0 F10500 X135.687 Y82.668
G1 F2100 X82.669 Y135.685 E728.48003
G0 F10500 X82.474 Y135.315
G1 F2100 X135.325 Y82.464 E730.96598
G0 F10500 X134.941 Y82.282
G1 F2100 X82.288 Y134.935 E733.44262
G0 F10500 X82.102 Y134.555
G1 F2100 X134.558 Y82.099 E735.90999
G0 F10500 X134.171 Y81.92
G1 F2100 X81.917 Y134.175 E738.36788
G0 F10500 X81.737 Y133.789
G1 F2100 X133.785 Y81.742 E740.81603
G0 F10500 X133.397 Y81.563
G1 F2100 X81.565 Y133.396 E743.25407
G0 F10500 X81.392 Y133.003
G1 F2100 X133.004 Y81.391 E745.68174
G0 F10500 X132.604 Y81.225
G1 F2100 X81.226 Y132.603 E748.09841
G0 F10500 X81.063 Y132.2
G1 F2100 X132.206 Y81.058 E750.50399
G0 F10500 X131.801 Y80.897
G1 F2100 X80.901 Y131.797 E752.89817
G0 F10500 X80.746 Y131.386
G1 F2100 X131.391 Y80.741 E755.28036
G0 F10500 X130.98 Y80.586
G1 F2100 X80.594 Y130.972 E757.65036
G0 F10500 X80.443 Y130.558
G1 F2100 X130.564 Y80.437 E760.0079
G0 F10500 X130.142 Y80.293
G1 F2100 X80.296 Y130.139 E762.3525
G0 F10500 X80.152 Y129.717
G1 F2100 X129.719 Y80.151 E764.68396
G0 F10500 X129.29 Y80.014
G1 F2100 X80.008 Y129.295 E767.00201
G0 F10500 X79.88 Y128.857
G1 F2100 X128.855 Y79.883 E769.30562
G0 F10500 X128.421 Y79.751
G1 F2100 X79.752 Y128.42 E771.59486
G0 F10500 X79.624 Y127.982
G1 F2100 X127.977 Y79.629 E773.86924
G0 F10500 X127.532 Y79.509
G1 F2100 X79.509 Y127.532 E776.12809
G0 F10500 X79.394 Y127.081
G1 F2100 X127.086 Y79.389 E778.37138
G0 F10500 X126.633 Y79.277
G1 F2100 X79.28 Y126.629 E780.59869
G0 F10500 X79.178 Y126.166
G1 F2100 X126.171 Y79.173 E782.8091
G0 F10500 X125.71 Y79.068
G1 F2100 X79.075 Y125.703 E785.00267
G0 F10500 X78.976 Y125.236
G1 F2100 X125.237 Y78.975 E787.17864
G0 F10500 X124.764 Y78.883
G1 F2100 X78.887 Y124.76 E789.33656
G0 F10500 X78.798 Y124.283
G1 F2100 X124.288 Y78.793 E791.47627
G0 F10500 X123.801 Y78.714
G1 F2100 X78.716 Y123.8 E793.59695
G0 F10500 X78.64 Y123.31
G1 F2100 X123.314 Y78.636 E795.69828
G0 F10500 X122.818 Y78.566
G1 F2100 X78.565 Y122.819 E797.7798
G0 F10500 X78.504 Y122.315
G1 F2100 X122.315 Y78.503 E799.84056
G0 F10500 X121.81 Y78.443
G1 F2100 X78.445 Y121.808 E801.88032
G0 F10500 X78.391 Y121.296
G1 F2100 X121.296 Y78.391 E803.89844
G0 F10500 X120.781 Y78.34
G1 F2100 X78.348 Y120.773 E805.89436
G0 F10500 X78.305 Y120.251
G1 F2100 X120.26 Y78.295 E807.86782
G0 F10500 X119.723 Y78.267
G1 F2100 X78.275 Y119.715 E809.8174
G0 F10500 X78.247 Y119.177
G1 F2100 X119.186 Y78.239 E811.74302
G0 F10500 X118.634 Y78.224
G1 F2100 X78.225 Y118.633 E813.64374
G0 F10500 X78.215 Y118.078
G1 F2100 X118.082 Y78.211 E815.51896
G0 F10500 X117.52 Y78.207
G1 F2100 X78.205 Y117.522 E817.36822
G0 F10500 X78.213 Y116.948
G1 F2100 X116.952 Y78.21 E819.19036
G0 F10500 X116.377 Y78.219
G1 F2100 X78.222 Y116.374 E820.98505
G0 F10500 X78.243 Y115.787
G1 F2100 X115.785 Y78.245 E822.75091
G0 F10500 X115.193 Y78.272
G1 F2100 X78.272 Y115.193 E824.48756
G0 F10500 X78.313 Y114.585
G1 F2100 X114.581 Y78.318 E826.19348
G0 F10500 X113.97 Y78.363
G1 F2100 X78.367 Y113.966 E827.86813
G0 F10500 X78.427 Y113.34
G1 F2100 X113.34 Y78.427 E829.51033
G0 F10500 X112.706 Y78.495
G1 F2100 X78.501 Y112.701 E831.11925
G0 F10500 X78.583 Y112.053
G1 F2100 X112.052 Y78.584 E832.69353
G0 F10500 X111.392 Y78.678
G1 F2100 X78.686 Y111.384 E834.23192
G0 F10500 X78.799 Y110.706
G1 F2100 X110.71 Y78.794 E835.73294
G0 F10500 X110.023 Y78.916
G1 F2100 X78.929 Y110.01 E837.19551
G0 F10500 X79.072 Y109.301
G1 F2100 X109.304 Y79.069 E838.61753
G0 F10500 X108.578 Y79.23
G1 F2100 X79.233 Y108.575 E839.99783
G0 F10500 X79.416 Y107.826
G1 F2100 X107.827 Y79.415 E841.33419
G0 F10500 X107.059 Y79.617
G1 F2100 X79.61 Y107.067 E842.62534
G0 F10500 X79.852 Y106.258
G1 F2100 X106.268 Y79.843 E843.86784
G0 F10500 X105.449 Y80.095
G1 F2100 X80.105 Y105.44 E845.05997
G0 F10500 X80.384 Y104.595
G1 F2100 X104.599 Y80.38 E846.19897
G0 F10500 X103.716 Y80.697
G1 F2100 X80.711 Y103.702 E847.28105
G0 F10500 X81.071 Y102.777
G1 F2100 X102.784 Y81.063 E848.30239
G0 F10500 X102.615 Y80.639
G0 X101.626 Y81.055
G0 X101.808 Y81.474
G1 F2100 X81.474 Y101.808 E849.25884
G0 F10500 X81.055 Y101.62
G0 X81.523 Y100.584
G0 X81.934 Y100.783
G1 F2100 X100.773 Y81.943 E850.14499
G0 F10500 X100.577 Y81.529
G0 X99.453 Y82.079
G0 X99.665 Y82.485
G1 F2100 X82.475 Y99.676 E850.95358
G0 F10500 X82.069 Y99.461
G0 X82.714 Y98.249
G0 X83.109 Y98.476
G1 F2100 X98.454 Y83.131 E851.67536
G0 F10500 X98.231 Y82.73
G0 X96.876 Y83.514
G0 X97.114 Y83.905
G1 F2100 X83.896 Y97.123 E852.29709
G0 F10500 X83.509 Y96.882
G0 X84.529 Y95.291
G0 X84.909 Y95.544
G1 F2100 X95.556 Y84.897 E852.7979
G0 F10500 X95.307 Y84.513
G0 X93.23 Y86.016
G0 X93.506 Y86.382
G1 F2100 X86.392 Y93.496 E853.13252
G1 F2700 E848.13252
;MESH:NONMESH
G0 F300 X86.392 Y93.496 Z0.6
G0 F10500 X86.03 Y93.215
G0 X85.65 Y93.87
G0 X84.459 Y93.019
G0 X82.907 Y95.268
G0 X81.492 Y97.64
G0 X80.24 Y100.104
G0 X79.156 Y102.644
G0 X78.244 Y105.253
G0 X77.511 Y107.916
G0 X76.958 Y110.622
G0 X76.588 Y113.361
G0 X76.403 Y116.116
G0 X76.404 Y118.882
G0 X76.588 Y121.638
G0 X76.958 Y124.376
G0 X77.511 Y127.083
G0 X78.244 Y129.746
G0 X79.156 Y132.355
G0 X80.24 Y134.895
G0 X81.492 Y137.358
G0 X82.907 Y139.731
G0 X84.477 Y142.005
G0 X86.198 Y144.166
G0 X88.06 Y146.208
G0 X90.053 Y148.119
G0 X92.172 Y149.894
G0 X94.404 Y151.522
G0 X96.74 Y152.996
G0 X99.171 Y154.31
G0 X101.683 Y155.457
G0 X104.27 Y156.434
G0 X106.913 Y157.235
G0 X109.605 Y157.856
G0 X112.332 Y158.295
G0 X114.56 Y158.501
G0 X117.435 Y158.617
G0 X117.5 Y151.093
;TIME_ELAPSED:1051.208614
;LAYER:2
M106 S170
;TYPE:WALL-INNER
;MESH:Base.stl
G1 F2700 E853.13252
G1 F3000 X116.556 Y151.084 E853.16391
G1 X115.296 Y151.026 E853.20587
G1 X114.064 Y150.92 E853.24699
G1 X112.813 Y150.769 E853.28891
G1 X111.587 Y150.573 E853.3302
G1 X110.353 Y150.328 E853.37204
G1 X109.149 Y150.043 E853.4132
G1 X107.963 Y149.718 E853.4541
G1 X106.732 Y149.325 E853.49708
G1 X105.568 Y148.909 E853.53819
G1 X104.419 Y148.448 E853.57937
G1 X103.574 Y148.071 E853.61014
G1 X103.565 Y148.078 E853.61052
G1 X102.155 Y147.393 E853.66266
G1 X101.052 Y146.798 E853.70434
G1 X99.979 Y146.169 E853.74571
G1 X98.848 Y145.453 E853.79023
G1 X97.933 Y144.815 E853.82733
G1 X96.895 Y144.04 E853.87042
G1 X95.925 Y143.257 E853.91188
G1 X94.989 Y142.441 E853.95318
G1 X94.061 Y141.575 E853.9954
G1 X93.19 Y140.695 E854.03658
G1 X92.335 Y139.766 E854.07857
G1 X91.54 Y138.834 E854.11932
G1 X90.752 Y137.835 E854.16164
G1 X90.014 Y136.828 E854.20316
G1 X89.322 Y135.802 E854.24432
G1 X88.655 Y134.732 E854.28626
G1 X88.032 Y133.647 E854.32787
G1 X87.458 Y132.551 E854.36902
G1 X86.917 Y131.415 E854.41087
G1 X86.424 Y130.278 E854.45209
G1 X85.969 Y129.106 E854.4939
G1 X85.558 Y127.924 E854.53553
G1 X85.196 Y126.74 E854.57671
G1 X84.87 Y125.522 E854.61864
G1 X84.594 Y124.304 E854.66018
G1 X84.362 Y123.075 E854.70178
G1 X84.183 Y121.852 E854.74289
G1 X84.043 Y120.62 E854.78413
G1 X83.952 Y119.368 E854.82588
G1 X83.904 Y118.116 E854.86755
G1 X83.904 Y116.892 E854.90826
G1 X83.953 Y115.608 E854.951
G1 X84.043 Y114.371 E854.99225
G1 X84.186 Y113.125 E855.03397
G1 X84.366 Y111.896 E855.07528
G1 X84.599 Y110.666 E855.11692
G1 X84.876 Y109.453 E855.1583
G1 X85.202 Y108.232 E855.20033
G1 X85.565 Y107.05 E855.24146
G1 X85.976 Y105.87 E855.28302
G1 X86.433 Y104.697 E855.32489
G1 X86.925 Y103.562 E855.36603
G1 X87.46 Y102.436 E855.4075
G1 X88.047 Y101.322 E855.44938
G1 X88.666 Y100.246 E855.49066
G1 X89.334 Y99.176 E855.53262
G1 X90.028 Y98.149 E855.57385
G1 X90.764 Y97.144 E855.61528
G1 X91.54 Y96.161 E855.65693
G1 X92.353 Y95.214 E855.69844
G1 X93.205 Y94.285 E855.74037
G1 X94.078 Y93.405 E855.7816
G1 X94.989 Y92.555 E855.82304
G1 X95.943 Y91.724 E855.86512
G1 X96.913 Y90.943 E855.90654
G1 X97.939 Y90.177 E855.94912
G1 X98.868 Y89.538 E855.98663
G1 X99.987 Y88.822 E856.03081
G1 X101.055 Y88.194 E856.07202
G1 X102.177 Y87.592 E856.11437
G1 X103.287 Y87.051 E856.15544
G1 X104.44 Y86.539 E856.1974
G1 X105.59 Y86.078 E856.23861
G1 X106.765 Y85.66 E856.28009
G1 X107.969 Y85.277 E856.32211
G1 X109.169 Y84.948 E856.3635
G1 X110.375 Y84.663 E856.40471
G1 X111.613 Y84.419 E856.44668
G1 X112.836 Y84.224 E856.48787
G1 X114.084 Y84.074 E856.52968
G1 X115.32 Y83.968 E856.57094
G1 X116.578 Y83.912 E856.61282
G1 X117.805 Y83.899 E856.65363
G1 X119.082 Y83.933 E856.69612
G1 X120.32 Y84.018 E856.7374
G1 X121.556 Y84.141 E856.77871
G1 X122.799 Y84.317 E856.82046
G1 X124.018 Y84.537 E856.86166
G1 X125.255 Y84.803 E856.90374
G1 X126.462 Y85.116 E856.94522
G1 X127.767 Y85.5 E856.99046
G1 X128.846 Y85.871 E857.02841
G1 X130.009 Y86.315 E857.06982
G1 X131.151 Y86.796 E857.11103
G1 X132.281 Y87.325 E857.15253
G1 X133.407 Y87.901 E857.1946
G1 X134.48 Y88.507 E857.23558
G1 X135.56 Y89.164 E857.27763
G1 X136.59 Y89.848 E857.31875
G1 X137.604 Y90.575 E857.36025
G1 X138.595 Y91.344 E857.40197
G1 X139.559 Y92.15 E857.44376
G1 X140.48 Y92.982 E857.48504
G1 X141.37 Y93.853 E857.52646
G1 X142.241 Y94.765 E857.56841
G1 X143.072 Y95.703 E857.61009
G1 X143.854 Y96.656 E857.65109
G1 X144.619 Y97.662 E857.69313
G1 X145.331 Y98.673 E857.73425
G1 X146.02 Y99.732 E857.77627
G1 X146.65 Y100.79 E857.81723
G1 X147.253 Y101.886 E857.85884
G1 X147.818 Y103.014 E857.9008
G1 X148.331 Y104.139 E857.94192
G1 X148.808 Y105.296 E857.98355
G1 X149.238 Y106.468 E858.02507
G1 X149.593 Y107.55 E858.06294
G1 X149.967 Y108.855 E858.10809
G1 X150.268 Y110.07 E858.14973
G1 X150.52 Y111.292 E858.19123
G1 X150.727 Y112.525 E858.23281
G1 X150.89 Y113.763 E858.27434
G1 X151.004 Y114.965 E858.3145
G1 X151.076 Y116.252 E858.35737
G1 X151.1 Y117.504 E858.39902
G1 X151.076 Y118.767 E858.44104
G1 X151.002 Y120.053 E858.48388
G1 X150.888 Y121.254 E858.524
G1 X150.725 Y122.504 E858.56593
G1 X150.52 Y123.71 E858.60662
G1 X150.263 Y124.949 E858.6487
G1 X149.966 Y126.149 E858.68982
G1 X149.623 Y127.346 E858.73124
G1 X149.236 Y128.535 E858.77282
G1 X148.799 Y129.721 E858.81486
G1 X148.327 Y130.865 E858.85602
G1 X147.809 Y132.001 E858.89755
G1 X147.25 Y133.118 E858.93909
G1 X146.64 Y134.224 E858.9811
G1 X146.007 Y135.284 E859.02217
G1 X145.32 Y136.338 E859.06401
G1 X144.606 Y137.352 E859.10526
G1 X143.841 Y138.357 E859.14727
G1 X143.057 Y139.311 E859.18834
G1 X142.226 Y140.247 E859.22997
G1 X141.363 Y141.151 E859.27154
G1 X140.462 Y142.026 E859.31331
G1 X139.542 Y142.856 E859.35452
G1 X138.584 Y143.658 E859.39608
G1 X137.599 Y144.424 E859.43758
G1 X136.578 Y145.157 E859.47938
G1 X135.551 Y145.839 E859.52039
G1 X134.476 Y146.491 E859.5622
G1 X133.385 Y147.107 E859.60388
G1 X132.263 Y147.68 E859.64578
G1 X131.13 Y148.209 E859.68737
G1 X129.99 Y148.689 E859.72851
G1 X128.813 Y149.137 E859.7704
G1 X127.63 Y149.536 E859.81192
G1 X126.442 Y149.885 E859.8531
G1 X125.35 Y150.166 E859.89061
G1 X124.01 Y150.463 E859.93626
G1 X122.776 Y150.683 E859.97795
G1 X121.532 Y150.858 E860.01973
G1 X120.302 Y150.979 E860.06084
G1 X119.074 Y151.064 E860.10178
G1 X117.794 Y151.096 E860.14436
G1 X117.5 Y151.093 E860.15414
G1 F2700 E855.15414
G0 F15000 X117.5 Y157.212
G0 X117.5 Y157.393
G1 F2700 E860.15414
G1 F3000 X117.83 Y157.396 E860.16512
G1 X119.171 Y157.36 E860.20974
G1 X120.439 Y157.289 E860.25198
G1 X121.989 Y157.147 E860.30375
G1 X123.18 Y156.99 E860.3437
G1 X124.498 Y156.777 E860.38811
G1 X125.815 Y156.521 E860.43273
G1 X127.183 Y156.204 E860.47944
G1 X128.364 Y155.888 E860.5201
G1 X129.762 Y155.467 E860.56866
G1 X131.021 Y155.035 E860.61293
G1 X132.226 Y154.582 E860.65575
G1 X133.455 Y154.066 E860.70008
G1 X134.677 Y153.51 E860.74473
G1 X135.675 Y153.012 E860.78183
G1 X135.683 Y153.017 E860.78214
G1 X137.116 Y152.242 E860.83633
G1 X138.295 Y151.551 E860.88178
G1 X139.384 Y150.857 E860.92473
G1 X140.417 Y150.154 E860.96629
G1 X141.539 Y149.34 E861.0124
G1 X142.606 Y148.509 E861.05738
G1 X143.63 Y147.65 E861.10183
G1 X144.631 Y146.752 E861.14656
G1 X145.597 Y145.825 E861.19109
G1 X146.535 Y144.864 E861.23575
G1 X147.429 Y143.883 E861.2799
G1 X148.304 Y142.854 E861.32482
G1 X149.14 Y141.802 E861.36952
G1 X149.94 Y140.726 E861.41411
G1 X150.7 Y139.623 E861.45866
G1 X151.425 Y138.496 E861.50323
G1 X152.107 Y137.348 E861.54765
G1 X152.762 Y136.17 E861.59248
G1 X153.367 Y134.979 E861.63691
G1 X154.041 Y133.503 E861.69087
G1 X154.05 Y133.502 E861.69118
G1 X154.459 Y132.527 E861.72634
G1 X154.944 Y131.276 E861.77097
G1 X155.385 Y130.012 E861.81549
G1 X155.784 Y128.73 E861.86015
G1 X156.143 Y127.437 E861.90478
G1 X156.477 Y126.043 E861.95246
G1 X156.721 Y124.822 E861.99387
G1 X156.946 Y123.501 E862.03844
G1 X157.123 Y122.174 E862.08297
G1 X157.258 Y120.849 E862.12727
G1 X157.348 Y119.501 E862.1722
G1 X157.396 Y118.162 E862.21677
G1 X157.391 Y116.778 E862.2628
G1 X157.351 Y115.539 E862.30403
G1 X157.258 Y114.143 E862.35056
G1 X157.124 Y112.819 E862.39483
G1 X156.942 Y111.483 E862.43967
G1 X156.718 Y110.157 E862.4844
G1 X156.477 Y108.954 E862.52521
G1 X156.139 Y107.551 E862.5732
G1 X155.784 Y106.262 E862.61767
G1 X155.378 Y104.969 E862.66275
G1 X154.919 Y103.656 E862.70901
G1 X154.456 Y102.458 E862.75173
G1 X154.015 Y101.426 E862.78906
G1 X154.021 Y101.416 E862.78944
G1 X153.344 Y99.978 E862.84231
G1 X152.728 Y98.766 E862.88753
G1 X152.107 Y97.639 E862.93032
G1 X151.418 Y96.489 E862.97491
G1 X150.692 Y95.361 E863.01953
G1 X149.932 Y94.258 E863.06408
G1 X149.132 Y93.183 E863.10865
G1 X148.296 Y92.134 E863.15326
G1 X147.429 Y91.113 E863.19781
G1 X146.523 Y90.12 E863.24252
G1 X145.589 Y89.163 E863.287
G1 X144.62 Y88.232 E863.33169
G1 X143.631 Y87.346 E863.37586
G1 X142.594 Y86.479 E863.42081
G1 X141.537 Y85.655 E863.46539
G1 X140.382 Y84.807 E863.51305
G1 X139.306 Y84.085 E863.55615
G1 X138.291 Y83.449 E863.59599
G1 X137.064 Y82.723 E863.6434
G1 X135.682 Y81.975 E863.69567
G1 X135.674 Y81.98 E863.69598
G1 X134.673 Y81.486 E863.73311
G1 X133.455 Y80.926 E863.7777
G1 X132.218 Y80.41 E863.82228
G1 X130.974 Y79.942 E863.86648
G1 X129.703 Y79.512 E863.91111
G1 X128.534 Y79.153 E863.95179
G1 X127.015 Y78.747 E864.00408
G1 X125.811 Y78.472 E864.04516
G1 X124.495 Y78.216 E864.08975
G1 X123.182 Y78.006 E864.13397
G1 X121.988 Y77.853 E864.17401
G1 X120.434 Y77.703 E864.22594
G1 X119.168 Y77.632 E864.26811
G1 X117.74 Y77.6 E864.31562
G1 X116.5 Y77.612 E864.35686
G1 X115.16 Y77.667 E864.40147
G1 X113.812 Y77.77 E864.44643
G1 X112.43 Y77.922 E864.49268
G1 X111.152 Y78.105 E864.53562
G1 X109.832 Y78.341 E864.58022
G1 X108.532 Y78.617 E864.62442
G1 X107.232 Y78.944 E864.669
G1 X105.881 Y79.33 E864.71574
G1 X104.653 Y79.725 E864.75864
G1 X103.392 Y80.174 E864.80316
G1 X102.148 Y80.67 E864.8477
G1 X100.93 Y81.202 E864.89191
G1 X99.708 Y81.786 E864.93696
G1 X98.484 Y82.422 E864.98284
G1 X97.351 Y83.058 E865.02605
G1 X96.205 Y83.756 E865.07068
G1 X95.093 Y84.485 E865.1149
G1 X93.986 Y85.262 E865.15989
G1 X92.962 Y86.035 E865.20256
G1 X91.802 Y86.98 E865.25232
G1 X90.86 Y87.792 E865.29369
G1 X89.88 Y88.702 E865.33817
G1 X88.926 Y89.647 E865.38283
G1 X88.008 Y90.624 E865.42742
G1 X87.122 Y91.629 E865.47198
G1 X86.278 Y92.658 E865.51625
G1 X85.454 Y93.726 E865.56111
G1 X84.674 Y94.818 E865.60575
G1 X83.929 Y95.933 E865.65035
G1 X83.224 Y97.072 E865.6949
G1 X82.558 Y98.234 E865.73945
G1 X81.932 Y99.42 E865.78405
G1 X81.348 Y100.615 E865.82829
G1 X80.796 Y101.848 E865.87322
G1 X80.292 Y103.089 E865.91777
G1 X79.827 Y104.351 E865.9625
G1 X79.445 Y105.503 E866.00287
G1 X79.035 Y106.901 E866.05133
G1 X78.696 Y108.205 E866.09614
G1 X78.404 Y109.516 E866.14081
G1 X78.16 Y110.832 E866.18533
G1 X77.959 Y112.157 E866.2299
G1 X77.802 Y113.489 E866.27451
G1 X77.691 Y114.813 E866.3187
G1 X77.62 Y116.165 E866.36373
G1 X77.6 Y117.503 E866.40824
G1 X77.622 Y118.785 E866.45089
G1 X77.691 Y120.184 E866.49747
G1 X77.801 Y121.507 E866.54163
G1 X77.959 Y122.839 E866.58624
G1 X78.16 Y124.163 E866.63078
G1 X78.408 Y125.483 E866.67545
G1 X78.7 Y126.792 E866.72006
G1 X79.035 Y128.101 E866.765
G1 X79.441 Y129.492 E866.8132
G1 X79.83 Y130.649 E866.8538
G1 X80.292 Y131.907 E866.89837
G1 X80.796 Y133.148 E866.94292
G1 X81.348 Y134.382 E866.98788
G1 X81.931 Y135.58 E867.03219
G1 X82.558 Y136.762 E867.0767
G1 X83.224 Y137.924 E867.12124
G1 X83.959 Y139.107 E867.16757
G1 X84.674 Y140.183 E867.21053
G1 X85.454 Y141.27 E867.25503
G1 X86.278 Y142.342 E867.3
G1 X87.159 Y143.41 E867.34605
G1 X87.976 Y144.336 E867.38712
G1 X88.93 Y145.349 E867.43341
G1 X89.846 Y146.258 E867.47633
G1 X90.865 Y147.205 E867.5226
G1 X91.886 Y148.092 E867.56758
G1 X92.918 Y148.927 E867.61173
G1 X93.994 Y149.739 E867.65657
G1 X95.093 Y150.515 E867.70131
G1 X96.208 Y151.24 E867.74555
G1 X97.352 Y151.938 E867.79012
G1 X98.529 Y152.599 E867.83502
G1 X99.712 Y153.21 E867.87931
G1 X100.99 Y153.821 E867.92642
G1 X102.148 Y154.329 E867.96848
G1 X103.396 Y154.822 E868.01311
G1 X104.658 Y155.275 E868.0577
G1 X105.931 Y155.685 E868.10219
G1 X107.231 Y156.055 E868.14714
G1 X108.535 Y156.379 E868.19183
G1 X109.836 Y156.655 E868.23607
G1 X111.152 Y156.891 E868.28054
G1 X112.479 Y157.08 E868.32512
G1 X113.812 Y157.226 E868.36972
G1 X115.16 Y157.328 E868.41468
G1 X116.5 Y157.383 E868.45929
G1 X117.5 Y157.393 E868.49255
G0 F15000 X117.5 Y157.793
;TYPE:WALL-OUTER
G1 F3000 X117.834 Y157.796 E868.50366
G1 X119.187 Y157.76 E868.54867
G1 X120.469 Y157.688 E868.59138
G1 X122.033 Y157.545 E868.64362
G1 X123.238 Y157.386 E868.68404
G1 X124.568 Y157.171 E868.72885
G1 X125.898 Y156.912 E868.77392
G1 X127.227 Y156.605 E868.81929
G1 X128.521 Y156.259 E868.86384
G1 X129.83 Y155.865 E868.9093
G1 X131.112 Y155.427 E868.95436
G1 X132.374 Y154.954 E868.99919
G1 X133.615 Y154.432 E869.04397
G1 X134.849 Y153.871 E869.08905
G1 X135.838 Y153.377 E869.12582
G1 X135.847 Y153.383 E869.12618
G1 X137.265 Y152.617 E869.17979
G1 X138.503 Y151.893 E869.22749
G1 X139.566 Y151.216 E869.2694
G1 X140.609 Y150.508 E869.31133
G1 X141.779 Y149.66 E869.35939
G1 X142.858 Y148.82 E869.40487
G1 X143.892 Y147.952 E869.44978
G1 X144.903 Y147.045 E869.49495
G1 X145.879 Y146.109 E869.53993
G1 X146.826 Y145.138 E869.58504
G1 X147.688 Y144.194 E869.62756
G1 X148.613 Y143.108 E869.675
G1 X149.457 Y142.046 E869.72012
G1 X150.265 Y140.959 E869.76517
G1 X151.033 Y139.845 E869.81017
G1 X151.765 Y138.706 E869.85521
G1 X152.454 Y137.548 E869.90002
G1 X153.115 Y136.358 E869.9453
G1 X153.727 Y135.153 E869.99025
G1 X154.397 Y133.685 E870.04392
G1 X154.408 Y133.683 E870.04429
G1 X154.83 Y132.677 E870.08058
G1 X155.32 Y131.414 E870.12564
G1 X155.765 Y130.137 E870.17061
G1 X156.168 Y128.843 E870.21569
G1 X156.53 Y127.537 E870.26077
G1 X156.868 Y126.129 E870.30893
G1 X157.115 Y124.895 E870.35078
G1 X157.342 Y123.561 E870.39579
G1 X157.521 Y122.22 E870.44079
G1 X157.656 Y120.883 E870.48548
G1 X157.748 Y119.521 E870.53089
G1 X157.796 Y118.168 E870.57592
G1 X157.791 Y116.765 E870.62258
G1 X157.748 Y115.462 E870.66594
G1 X157.656 Y114.109 E870.71105
G1 X157.521 Y112.772 E870.75574
G1 X157.338 Y111.423 E870.80102
G1 X157.111 Y110.085 E870.84616
G1 X156.868 Y108.868 E870.88744
G1 X156.526 Y107.451 E870.93592
G1 X156.168 Y106.149 E870.98083
G1 X155.758 Y104.843 E871.02636
G1 X155.312 Y103.565 E871.07138
G1 X154.803 Y102.251 E871.11825
G1 X154.389 Y101.284 E871.15323
G1 X154.396 Y101.273 E871.15367
G1 X153.724 Y99.844 E871.20619
G1 X153.107 Y98.626 E871.2516
G1 X152.454 Y97.44 E871.29663
G1 X151.758 Y96.278 E871.34168
G1 X151.025 Y95.139 E871.38673
G1 X150.257 Y94.025 E871.43174
G1 X149.449 Y92.939 E871.47676
G1 X148.605 Y91.88 E871.5218
G1 X147.729 Y90.849 E871.5668
G1 X146.814 Y89.846 E871.61195
G1 X145.871 Y88.879 E871.65687
G1 X144.892 Y87.939 E871.70202
G1 X143.893 Y87.044 E871.74663
G1 X142.846 Y86.168 E871.79203
G1 X141.779 Y85.336 E871.83703
G1 X140.612 Y84.48 E871.88517
G1 X139.566 Y83.776 E871.92711
G1 X138.499 Y83.107 E871.96899
G1 X137.261 Y82.375 E872.01683
G1 X135.847 Y81.609 E872.07032
G1 X135.838 Y81.615 E872.07068
G1 X134.845 Y81.125 E872.10751
G1 X133.615 Y80.56 E872.15253
G1 X132.366 Y80.038 E872.19755
G1 X131.108 Y79.565 E872.24225
G1 X129.826 Y79.131 E872.28727
G1 X128.644 Y78.769 E872.32838
G1 X127.111 Y78.359 E872.38116
G1 X125.894 Y78.08 E872.42269
G1 X124.565 Y77.822 E872.46772
G1 X123.239 Y77.61 E872.51238
G1 X122.033 Y77.455 E872.55282
G1 X120.464 Y77.304 E872.60525
G1 X119.184 Y77.232 E872.64789
G1 X117.736 Y77.2 E872.69606
G1 X116.49 Y77.212 E872.73751
G1 X115.136 Y77.268 E872.78258
G1 X113.717 Y77.377 E872.82991
G1 X112.374 Y77.526 E872.87486
G1 X111.088 Y77.71 E872.91806
G1 X109.755 Y77.949 E872.96311
G1 X108.442 Y78.227 E873.00775
G1 X107.077 Y78.572 E873.05457
G1 X105.814 Y78.932 E873.09825
G1 X104.525 Y79.346 E873.14328
G1 X103.19 Y79.823 E873.19044
G1 X101.994 Y80.301 E873.23327
G1 X100.764 Y80.838 E873.27791
G1 X99.53 Y81.428 E873.32341
G1 X98.288 Y82.073 E873.36995
G1 X97.149 Y82.713 E873.41341
G1 X96.043 Y83.385 E873.45645
G1 X94.825 Y84.184 E873.5049
G1 X93.75 Y84.938 E873.54857
G1 X92.672 Y85.754 E873.59354
G1 X91.541 Y86.677 E873.6421
G1 X90.594 Y87.494 E873.68369
G1 X89.603 Y88.413 E873.72865
G1 X88.64 Y89.368 E873.77376
G1 X87.712 Y90.355 E873.81881
G1 X86.817 Y91.37 E873.86382
G1 X85.965 Y92.409 E873.90851
G1 X85.133 Y93.488 E873.95383
G1 X84.345 Y94.59 E873.99889
G1 X83.593 Y95.717 E874.04395
G1 X82.88 Y96.867 E874.08896
G1 X82.208 Y98.041 E874.13395
G1 X81.575 Y99.239 E874.17901
G1 X80.986 Y100.445 E874.22365
G1 X80.428 Y101.691 E874.26906
G1 X79.919 Y102.945 E874.31408
G1 X79.449 Y104.219 E874.35924
G1 X79.063 Y105.384 E874.40006
G1 X78.649 Y106.794 E874.44894
G1 X78.307 Y108.111 E874.49419
G1 X78.012 Y109.436 E874.53934
G1 X77.766 Y110.766 E874.58433
G1 X77.563 Y112.103 E874.62931
G1 X77.404 Y113.449 E874.67439
G1 X77.292 Y114.786 E874.71901
G1 X77.22 Y116.151 E874.76447
G1 X77.2 Y117.503 E874.80945
G1 X77.226 Y118.905 E874.85609
G1 X77.292 Y120.21 E874.89955
G1 X77.403 Y121.547 E874.94417
G1 X77.555 Y122.835 E874.9873
G1 X77.766 Y124.23 E875.03423
G1 X78.016 Y125.563 E875.07934
G1 X78.311 Y126.885 E875.12439
G1 X78.649 Y128.207 E875.16977
G1 X79.059 Y129.612 E875.21845
G1 X79.453 Y130.781 E875.25948
G1 X79.919 Y132.051 E875.30448
G1 X80.428 Y133.305 E875.34949
G1 X80.986 Y134.551 E875.3949
G1 X81.547 Y135.706 E875.43761
G1 X82.179 Y136.903 E875.48263
G1 X82.88 Y138.129 E875.5296
G1 X83.626 Y139.328 E875.57657
G1 X84.345 Y140.41 E875.61977
G1 X85.133 Y141.508 E875.66473
G1 X85.965 Y142.591 E875.71015
G1 X86.821 Y143.63 E875.75492
G1 X87.716 Y144.645 E875.79993
G1 X88.644 Y145.628 E875.84489
G1 X89.564 Y146.542 E875.88803
G1 X90.598 Y147.503 E875.93498
G1 X91.629 Y148.398 E875.98039
G1 X92.672 Y149.242 E876.02501
G1 X93.758 Y150.062 E876.07027
G1 X94.869 Y150.846 E876.1155
G1 X95.995 Y151.578 E876.16017
G1 X97.15 Y152.283 E876.20518
G1 X98.339 Y152.951 E876.25054
G1 X99.534 Y153.568 E876.29527
G1 X100.764 Y154.158 E876.34064
G1 X101.994 Y154.699 E876.38533
G1 X103.255 Y155.196 E876.43041
G1 X104.529 Y155.654 E876.47544
G1 X105.815 Y156.068 E876.52038
G1 X107.128 Y156.442 E876.56578
G1 X108.445 Y156.769 E876.61092
G1 X109.759 Y157.047 E876.65559
G1 X111.088 Y157.286 E876.7005
G1 X112.429 Y157.477 E876.74555
G1 X113.775 Y157.624 E876.79059
G1 X115.136 Y157.728 E876.83599
G1 X116.49 Y157.783 E876.88106
G1 X117.5 Y157.793 E876.91465
G1 F2700 E871.91465
G0 F15000 X117.502 Y157.485
G0 X117.435 Y157.212
G0 X117.494 Y151.274
G0 X117.5 Y150.693
G1 F2700 E876.91465
G1 F3000 X116.574 Y150.684 E876.94545
G1 X115.33 Y150.628 E876.98687
G1 X114.112 Y150.523 E877.02753
G1 X112.876 Y150.374 E877.06894
G1 X111.665 Y150.181 E877.10972
G1 X110.445 Y149.939 E877.15109
G1 X109.259 Y149.659 E877.19162
G1 X108.067 Y149.331 E877.23274
G1 X106.866 Y148.948 E877.27467
G1 X105.717 Y148.538 E877.31525
G1 X104.582 Y148.083 E877.35592
G1 X103.71 Y147.694 E877.38767
G1 X103.7 Y147.701 E877.38808
G1 X102.345 Y147.041 E877.43821
G1 X101.254 Y146.453 E877.47943
G1 X100.185 Y145.825 E877.52067
G1 X99.077 Y145.125 E877.56426
G1 X98.16 Y144.485 E877.60145
G1 X97.146 Y143.728 E877.64354
G1 X96.188 Y142.955 E877.68448
G1 X95.247 Y142.135 E877.72599
G1 X94.345 Y141.293 E877.76704
G1 X93.484 Y140.424 E877.80772
G1 X92.639 Y139.506 E877.84922
G1 X91.849 Y138.58 E877.88971
G1 X91.074 Y137.599 E877.93129
G1 X90.346 Y136.604 E877.97229
G1 X89.662 Y135.59 E878.01297
G1 X89.002 Y134.532 E878.05445
G1 X88.386 Y133.461 E878.09554
G1 X87.819 Y132.379 E878.13617
G1 X87.284 Y131.256 E878.17755
G1 X86.797 Y130.133 E878.21826
G1 X86.347 Y128.974 E878.25961
G1 X85.94 Y127.807 E878.30072
G1 X85.582 Y126.636 E878.34144
G1 X85.26 Y125.433 E878.38286
G1 X84.987 Y124.23 E878.42389
G1 X84.758 Y123.017 E878.46495
G1 X84.581 Y121.807 E878.50562
G1 X84.44 Y120.567 E878.54713
G1 X84.352 Y119.352 E878.58765
G1 X84.304 Y118.116 E878.62879
G1 X84.304 Y116.892 E878.6695
G1 X84.352 Y115.637 E878.71127
G1 X84.441 Y114.417 E878.75196
G1 X84.582 Y113.183 E878.79327
G1 X84.759 Y111.97 E878.83404
G1 X84.989 Y110.755 E878.87517
G1 X85.262 Y109.556 E878.91607
G1 X85.584 Y108.349 E878.95762
G1 X85.943 Y107.182 E878.99823
G1 X86.349 Y106.015 E879.03932
G1 X86.8 Y104.856 E879.08069
G1 X87.287 Y103.734 E879.12137
G1 X87.823 Y102.606 E879.16291
G1 X88.393 Y101.522 E879.20364
G1 X89.006 Y100.458 E879.24448
G1 X89.666 Y99.4 E879.28596
G1 X90.35 Y98.385 E879.32667
G1 X91.078 Y97.392 E879.36762
G1 X91.844 Y96.421 E879.40875
G1 X92.648 Y95.484 E879.44982
G1 X93.489 Y94.567 E879.4912
G1 X94.351 Y93.697 E879.53194
G1 X95.252 Y92.857 E879.57291
G1 X96.194 Y92.036 E879.61447
G1 X97.152 Y91.263 E879.65541
G1 X98.166 Y90.507 E879.69748
G1 X99.084 Y89.875 E879.73455
G1 X100.19 Y89.167 E879.77822
G1 X101.265 Y88.535 E879.8197
G1 X102.352 Y87.952 E879.86073
G1 X103.45 Y87.417 E879.90135
G1 X104.589 Y86.91 E879.94282
G1 X105.724 Y86.455 E879.98349
G1 X106.887 Y86.041 E880.02455
G1 X108.075 Y85.663 E880.06601
G1 X109.261 Y85.337 E880.10692
G1 X110.453 Y85.055 E880.14766
G1 X111.676 Y84.814 E880.18912
G1 X112.884 Y84.621 E880.22981
G1 X114.118 Y84.472 E880.27115
G1 X115.338 Y84.368 E880.31187
G1 X116.582 Y84.312 E880.35329
G1 X117.805 Y84.299 E880.39397
G1 X119.054 Y84.332 E880.43553
G1 X120.28 Y84.416 E880.4764
G1 X121.5 Y84.537 E880.51718
G1 X122.728 Y84.711 E880.55843
G1 X123.934 Y84.928 E880.59918
G1 X125.155 Y85.19 E880.64072
G1 X126.349 Y85.5 E880.68175
G1 X127.637 Y85.878 E880.72639
G1 X128.704 Y86.245 E880.76392
G1 X129.854 Y86.683 E880.80485
G1 X130.981 Y87.158 E880.84553
G1 X132.099 Y87.681 E880.88658
G1 X133.211 Y88.249 E880.92811
G1 X134.272 Y88.849 E880.96865
G1 X135.339 Y89.497 E881.01018
G1 X136.357 Y90.173 E881.05082
G1 X137.371 Y90.901 E881.09234
G1 X138.339 Y91.651 E881.13307
G1 X139.291 Y92.447 E881.17434
G1 X140.2 Y93.268 E881.21508
G1 X141.081 Y94.129 E881.25605
G1 X141.942 Y95.031 E881.29753
G1 X142.763 Y95.957 E881.33869
G1 X143.536 Y96.898 E881.37919
G1 X144.292 Y97.892 E881.42073
G1 X144.996 Y98.891 E881.46137
G1 X145.676 Y99.937 E881.50287
G1 X146.3 Y100.983 E881.54338
G1 X146.895 Y102.066 E881.58448
G1 X147.454 Y103.18 E881.62593
G1 X147.961 Y104.291 E881.66655
G1 X148.432 Y105.434 E881.70767
G1 X148.858 Y106.593 E881.74874
G1 X149.209 Y107.66 E881.7861
G1 X149.579 Y108.951 E881.83077
G1 X149.876 Y110.151 E881.87188
G1 X150.126 Y111.358 E881.91288
G1 X150.331 Y112.577 E881.95399
G1 X150.492 Y113.801 E881.99505
G1 X150.604 Y114.988 E882.03471
G1 X150.676 Y116.26 E882.07708
G1 X150.7 Y117.496 E882.1182
G1 X150.676 Y118.744 E882.15972
G1 X150.604 Y120.015 E882.20206
G1 X150.491 Y121.202 E882.24172
G1 X150.331 Y122.437 E882.28314
G1 X150.128 Y123.629 E882.32335
G1 X149.875 Y124.853 E882.36492
G1 X149.581 Y126.039 E882.40557
G1 X149.243 Y127.222 E882.44649
G1 X148.86 Y128.397 E882.48759
G1 X148.429 Y129.569 E882.52912
G1 X147.963 Y130.699 E882.56978
G1 X147.451 Y131.822 E882.61083
G1 X146.9 Y132.925 E882.65184
G1 X146.296 Y134.019 E882.6934
G1 X145.672 Y135.066 E882.73394
G1 X144.992 Y136.108 E882.77532
G1 X144.288 Y137.11 E882.81605
G1 X143.531 Y138.103 E882.85758
G1 X142.758 Y139.045 E882.89811
G1 X141.937 Y139.971 E882.93927
G1 X141.084 Y140.864 E882.98035
G1 X140.194 Y141.729 E883.02163
G1 X139.285 Y142.55 E883.06237
G1 X138.339 Y143.342 E883.1034
G1 X137.365 Y144.099 E883.14443
G1 X136.351 Y144.827 E883.18595
G1 X135.332 Y145.503 E883.22662
G1 X134.279 Y146.143 E883.26761
G1 X133.203 Y146.751 E883.30871
G1 X132.093 Y147.318 E883.35017
G1 X130.974 Y147.841 E883.39125
G1 X129.848 Y148.315 E883.43188
G1 X128.685 Y148.758 E883.47328
G1 X127.517 Y149.152 E883.51428
G1 X126.342 Y149.498 E883.55502
G1 X125.264 Y149.776 E883.59204
G1 X123.94 Y150.069 E883.63714
G1 X122.72 Y150.287 E883.67836
G1 X121.492 Y150.46 E883.71961
G1 X120.274 Y150.58 E883.76032
G1 X119.046 Y150.664 E883.80126
G1 X117.798 Y150.696 E883.84278
G1 X117.5 Y150.693 E883.85269
G1 F2700 E878.85269
G0 F15000 X117.497 Y151.004
G0 X117.557 Y151.274
G0 X117.497 Y157.212
G0 X117.5 Y157.032
;TYPE:SKIN
G1 F2700 E883.85269
G1 F3000 X116.514 Y157.02 E883.88549
G1 X115.184 Y156.968 E883.92976
G1 X113.835 Y156.864 E883.97476
G1 X112.517 Y156.721 E884.01885
G1 X111.204 Y156.534 E884.06296
G1 X109.899 Y156.299 E884.10707
G1 X108.621 Y156.029 E884.15051
G1 X107.328 Y155.706 E884.19484
G1 X106.027 Y155.336 E884.23983
G1 X104.769 Y154.93 E884.28379
G1 X103.419 Y154.44 E884.33156
G1 X102.529 Y154.098 E884.36327
G1 X102.528 Y154.087 E884.36364
G1 X101.083 Y153.465 E884.41596
G1 X99.949 Y152.921 E884.4578
G1 X98.695 Y152.275 E884.50471
G1 X97.53 Y151.623 E884.54912
G1 X96.395 Y150.93 E884.59335
G1 X95.301 Y150.218 E884.63676
G1 X94.198 Y149.442 E884.68162
G1 X93.132 Y148.638 E884.72603
G1 X92.117 Y147.814 E884.76951
G1 X91.102 Y146.935 E884.81417
G1 X90.094 Y145.996 E884.85999
G1 X89.184 Y145.092 E884.90265
G1 X88.304 Y144.161 E884.94526
G1 X87.397 Y143.13 E884.99093
G1 X86.565 Y142.119 E885.03448
G1 X85.766 Y141.081 E885.07805
G1 X84.965 Y139.974 E885.12349
G1 X84.259 Y138.909 E885.16599
G1 X83.528 Y137.733 E885.21205
G1 X82.844 Y136.539 E885.25781
G1 X82.269 Y135.445 E885.29892
G1 X81.697 Y134.276 E885.34221
G1 X81.124 Y133.001 E885.3887
G1 X80.626 Y131.772 E885.4328
G1 X80.193 Y130.592 E885.47461
G1 X79.763 Y129.316 E885.51939
G1 X79.361 Y127.939 E885.56711
G1 X79.057 Y126.742 E885.60818
G1 X78.76 Y125.403 E885.6538
G1 X78.505 Y124.044 E885.69979
G1 X78.321 Y122.826 E885.74076
G1 X78.159 Y121.463 E885.78641
G1 X78.036 Y120.034 E885.83412
G1 X77.981 Y118.808 E885.87493
G1 X77.96 Y117.503 E885.91834
G1 X77.98 Y116.183 E885.96225
G1 X78.04 Y114.91 E886.00464
G1 X78.159 Y113.529 E886.05074
G1 X78.315 Y112.211 E886.09489
G1 X78.514 Y110.894 E886.13919
G1 X78.757 Y109.592 E886.18324
G1 X79.043 Y108.295 E886.22741
G1 X79.377 Y107.002 E886.27183
G1 X79.787 Y105.616 E886.3199
G1 X80.165 Y104.474 E886.35991
G1 X80.607 Y103.268 E886.40263
G1 X81.125 Y101.991 E886.44847
G1 X81.678 Y100.761 E886.49332
G1 X82.233 Y99.623 E886.53543
G1 X82.868 Y98.413 E886.58088
G1 X83.528 Y97.259 E886.6251
G1 X84.225 Y96.133 E886.66915
G1 X84.965 Y95.026 E886.71343
G1 X85.741 Y93.944 E886.75772
G1 X86.533 Y92.917 E886.80086
G1 X87.397 Y91.862 E886.84621
G1 X88.268 Y90.871 E886.89009
G1 X89.144 Y89.94 E886.93261
G1 X90.123 Y88.965 E886.97857
G1 X91.094 Y88.062 E887.02267
G1 X92.009 Y87.274 E887.06283
G1 X93.136 Y86.354 E887.11122
G1 X94.198 Y85.55 E887.15552
G1 X95.227 Y84.831 E887.19727
G1 X96.392 Y84.061 E887.24372
G1 X97.525 Y83.369 E887.28788
G1 X98.703 Y82.711 E887.33275
G1 X99.823 Y82.131 E887.3747
G1 X101.084 Y81.526 E887.42122
G1 X102.282 Y81.001 E887.46473
G1 X103.478 Y80.525 E887.50754
G1 X104.761 Y80.066 E887.55286
G1 X105.983 Y79.673 E887.59556
G1 X107.246 Y79.312 E887.63925
G1 X108.618 Y78.963 E887.68633
G1 X109.884 Y78.697 E887.72936
G1 X111.144 Y78.467 E887.77196
G1 X112.433 Y78.284 E887.81526
G1 X113.793 Y78.132 E887.86078
G1 X115.136 Y78.028 E887.90558
G1 X116.472 Y77.973 E887.95005
G1 X117.694 Y77.961 E887.9907
G1 X119.148 Y77.992 E888.03907
G1 X120.412 Y78.064 E888.08118
G1 X121.941 Y78.211 E888.13227
G1 X123.135 Y78.363 E888.1723
G1 X124.437 Y78.569 E888.21614
G1 X125.73 Y78.82 E888.25995
G1 X126.931 Y79.099 E888.30096
G1 X128.428 Y79.497 E888.35248
G1 X129.594 Y79.855 E888.39305
G1 X130.856 Y80.281 E888.43735
G1 X132.078 Y80.742 E888.48079
G1 X133.303 Y81.252 E888.52492
G1 X134.514 Y81.809 E888.56926
G1 X135.588 Y82.334 E888.60902
G1 X136.889 Y83.039 E888.65824
G1 X138.067 Y83.735 E888.70374
G1 X139.107 Y84.388 E888.74459
G1 X140.169 Y85.096 E888.78704
G1 X141.256 Y85.897 E888.83195
G1 X142.426 Y86.808 E888.88127
G1 X143.397 Y87.62 E888.92337
G1 X144.335 Y88.461 E888.96527
G1 X145.331 Y89.415 E889.01114
G1 X146.254 Y90.362 E889.05512
G1 X147.153 Y91.345 E889.09943
G1 X147.959 Y92.293 E889.14082
G1 X148.813 Y93.359 E889.18625
G1 X149.633 Y94.461 E889.23193
G1 X150.337 Y95.48 E889.27313
G1 X151.114 Y96.682 E889.32073
G1 X151.79 Y97.812 E889.36453
G1 X152.413 Y98.949 E889.40765
G1 X153.044 Y100.18 E889.45366
G1 X153.682 Y101.543 E889.50371
G1 X153.679 Y101.565 E889.50445
G1 X154.08 Y102.495 E889.53814
G1 X154.596 Y103.822 E889.58549
G1 X155.002 Y104.972 E889.62605
G1 X155.436 Y106.357 E889.67433
G1 X155.79 Y107.634 E889.7184
G1 X156.12 Y109.023 E889.76589
G1 X156.366 Y110.251 E889.80754
G1 X156.566 Y111.399 E889.8463
G1 X156.763 Y112.85 E889.895
G1 X156.888 Y114.073 E889.93589
G1 X156.988 Y115.491 E889.98317
G1 X157.027 Y116.747 E890.02497
G1 X157.036 Y118.148 E890.07156
G1 X156.988 Y119.477 E890.1158
G1 X156.896 Y120.823 E890.16067
G1 X156.765 Y122.124 E890.20416
G1 X156.59 Y123.438 E890.24825
G1 X156.367 Y124.752 E890.29258
G1 X156.148 Y125.865 E890.33031
G1 X155.794 Y127.341 E890.38079
G1 X155.436 Y128.623 E890.42506
G1 X155.055 Y129.85 E890.46779
G1 X154.608 Y131.143 E890.5133
G1 X154.138 Y132.352 E890.55644
G1 X153.756 Y133.259 E890.58917
G1 X153.043 Y134.812 E890.64601
G1 X152.443 Y135.994 E890.6901
G1 X151.794 Y137.164 E890.7346
G1 X151.121 Y138.298 E890.77846
G1 X150.401 Y139.417 E890.82271
G1 X149.641 Y140.519 E890.86724
G1 X148.857 Y141.574 E890.91096
G1 X148.057 Y142.581 E890.95373
G1 X147.118 Y143.687 E891.00199
G1 X146.303 Y144.579 E891.04217
G1 X145.379 Y145.53 E891.08627
G1 X144.387 Y146.481 E891.13198
G1 X143.388 Y147.381 E891.1767
G1 X142.386 Y148.224 E891.22026
G1 X141.24 Y149.107 E891.26837
G1 X140.2 Y149.86 E891.31108
G1 X139.185 Y150.553 E891.35196
G1 X138.099 Y151.245 E891.39479
G1 X136.897 Y151.949 E891.44112
G1 X135.53 Y152.69 E891.49283
G1 X135.509 Y152.688 E891.49354
G1 X134.609 Y153.143 E891.52708
G1 X133.309 Y153.735 E891.57459
G1 X132.086 Y154.25 E891.61873
G1 X130.976 Y154.666 E891.65815
G1 X129.594 Y155.141 E891.70676
G1 X128.348 Y155.516 E891.75003
G1 X127.095 Y155.854 E891.7932
G1 X125.782 Y156.158 E891.83803
G1 X124.474 Y156.412 E891.88234
G1 X123.213 Y156.62 E891.92485
G1 X121.989 Y156.785 E891.96593
G1 X120.417 Y156.928 E892.01843
G1 X119.226 Y156.994 E892.0581
G1 X117.822 Y157.036 E892.10482
G1 X117.5 Y157.032 E892.11553
G1 F2700 E887.11553
G0 F15000 X117.498 Y157.292
G0 X117.501 Y151.274
G0 X117.5 Y151.453
G1 F2700 E892.11553
G1 F3000 X117.786 Y151.456 E892.12504
G1 X119.07 Y151.424 E892.16776
G1 X120.331 Y151.336 E892.20981
G1 X121.556 Y151.216 E892.25075
G1 X122.876 Y151.031 E892.29508
G1 X124.076 Y150.817 E892.33562
G1 X125.42 Y150.516 E892.38143
G1 X126.542 Y150.23 E892.41994
G1 X127.717 Y149.884 E892.46068
G1 X128.944 Y149.47 E892.50375
G1 X130.064 Y149.044 E892.54361
G1 X131.262 Y148.545 E892.58677
G1 X132.438 Y147.994 E892.62996
G1 X133.555 Y147.423 E892.67169
G1 X134.647 Y146.807 E892.71339
G1 X135.744 Y146.139 E892.75611
G1 X136.775 Y145.455 E892.79726
G1 X137.777 Y144.739 E892.83822
G1 X138.811 Y143.939 E892.8817
G1 X139.768 Y143.138 E892.92321
G1 X140.715 Y142.276 E892.9658
G1 X141.616 Y141.404 E893.00751
G1 X142.489 Y140.491 E893.04952
G1 X143.322 Y139.553 E893.09124
G1 X144.119 Y138.579 E893.1331
G1 X144.895 Y137.566 E893.17555
G1 X145.616 Y136.539 E893.21728
G1 X146.312 Y135.474 E893.2596
G1 X146.952 Y134.403 E893.30109
G1 X147.568 Y133.285 E893.34355
G1 X148.147 Y132.13 E893.38652
G1 X148.655 Y131.007 E893.42752
G1 X149.125 Y129.873 E893.46834
G1 X149.584 Y128.626 E893.51254
G1 X149.971 Y127.443 E893.55394
G1 X150.301 Y126.287 E893.59392
G1 X150.611 Y125.041 E893.63663
G1 X150.872 Y123.777 E893.67956
G1 X151.082 Y122.551 E893.72093
G1 X151.243 Y121.294 E893.76308
G1 X151.36 Y120.08 E893.80364
G1 X151.432 Y118.792 E893.84655
G1 X151.46 Y117.505 E893.88936
G1 X151.436 Y116.236 E893.93158
G1 X151.36 Y114.896 E893.97622
G1 X151.243 Y113.692 E894.01645
G1 X151.083 Y112.473 E894.05734
G1 X150.87 Y111.202 E894.10021
G1 X150.62 Y109.987 E894.14146
G1 X150.306 Y108.731 E894.18453
G1 X149.933 Y107.424 E894.22973
G1 X149.598 Y106.405 E894.26541
G1 X149.148 Y105.179 E894.30885
G1 X148.661 Y103.995 E894.35143
G1 X148.146 Y102.868 E894.39264
G1 X147.571 Y101.718 E894.4354
G1 X146.96 Y100.607 E894.47757
G1 X146.341 Y99.563 E894.51794
G1 X145.628 Y98.47 E894.56135
G1 X144.916 Y97.457 E894.60253
G1 X144.136 Y96.43 E894.64542
G1 X143.355 Y95.48 E894.68633
G1 X142.514 Y94.531 E894.7285
G1 X141.625 Y93.598 E894.77136
G1 X140.724 Y92.72 E894.81321
G1 X139.803 Y91.884 E894.85458
G1 X138.821 Y91.062 E894.89717
G1 X137.815 Y90.282 E894.93951
G1 X136.805 Y89.557 E894.98086
G1 X135.755 Y88.861 E895.02276
G1 X134.66 Y88.196 E895.06537
G1 X133.591 Y87.589 E895.10626
G1 X132.452 Y87.006 E895.14881
G1 X131.297 Y86.466 E895.19122
G1 X130.098 Y85.959 E895.23452
G1 X129.032 Y85.553 E895.27246
G1 X127.869 Y85.154 E895.31335
G1 X126.561 Y84.768 E895.35871
G1 X125.351 Y84.454 E895.40029
G1 X124.095 Y84.184 E895.44302
G1 X122.872 Y83.963 E895.48436
G1 X121.601 Y83.782 E895.52706
G1 X120.36 Y83.66 E895.56853
G1 X119.111 Y83.572 E895.61018
G1 X117.806 Y83.536 E895.6536
G1 X116.553 Y83.552 E895.69527
G1 X115.299 Y83.608 E895.73702
G1 X114.055 Y83.712 E895.77854
G1 X112.763 Y83.869 E895.82183
G1 X111.56 Y84.062 E895.86236
G1 X110.301 Y84.311 E895.90504
G1 X109.082 Y84.597 E895.94669
G1 X107.823 Y84.943 E895.99011
G1 X106.659 Y85.313 E896.03074
G1 X105.46 Y85.739 E896.07306
G1 X104.313 Y86.202 E896.1142
G1 X103.134 Y86.725 E896.1571
G1 X102.024 Y87.264 E896.19814
G1 X100.909 Y87.859 E896.24017
G1 X99.838 Y88.487 E896.28147
G1 X98.668 Y89.235 E896.32765
G1 X97.734 Y89.879 E896.36539
G1 X96.692 Y90.655 E896.4086
G1 X95.706 Y91.448 E896.45069
G1 X94.728 Y92.301 E896.49385
G1 X93.807 Y93.161 E896.53576
G1 X92.953 Y94.023 E896.57612
G1 X92.084 Y94.972 E896.61891
G1 X91.26 Y95.929 E896.66092
G1 X90.473 Y96.925 E896.70314
G1 X89.73 Y97.941 E896.745
G1 X89.038 Y98.968 E896.78619
G1 X88.354 Y100.057 E896.82896
G1 X87.731 Y101.142 E896.87058
G1 X87.142 Y102.258 E896.91255
G1 X86.603 Y103.402 E896.95461
G1 X86.096 Y104.559 E896.99662
G1 X85.649 Y105.715 E897.03785
G1 X85.255 Y106.82 E897.07687
G1 X84.856 Y108.117 E897.122
G1 X84.526 Y109.364 E897.1649
G1 X84.245 Y110.591 E897.20677
G1 X84.011 Y111.826 E897.24858
G1 X83.826 Y113.078 E897.29067
G1 X83.681 Y114.361 E897.33361
G1 X83.592 Y115.577 E897.37417
G1 X83.544 Y116.868 E897.41713
G1 X83.544 Y118.12 E897.45878
G1 X83.592 Y119.384 E897.50085
G1 X83.68 Y120.615 E897.5419
G1 X83.825 Y121.887 E897.58448
G1 X84.01 Y123.161 E897.62729
G1 X84.235 Y124.361 E897.6679
G1 X84.517 Y125.593 E897.70994
G1 X84.842 Y126.824 E897.75228
G1 X85.208 Y128.019 E897.79385
G1 X85.635 Y129.239 E897.83684
G1 X86.077 Y130.385 E897.8777
G1 X86.584 Y131.552 E897.92002
G1 X87.134 Y132.718 E897.96289
G1 X87.706 Y133.806 E898.00378
G1 X88.338 Y134.904 E898.04592
G1 X89.01 Y135.986 E898.08828
G1 X89.717 Y137.038 E898.13044
G1 X90.454 Y138.043 E898.17189
G1 X91.243 Y139.041 E898.2142
G1 X92.051 Y139.99 E898.25566
G1 X92.929 Y140.94 E898.29868
G1 X93.805 Y141.829 E898.34019
G1 X94.719 Y142.686 E898.38186
G1 X95.692 Y143.532 E898.42475
G1 X96.662 Y144.312 E898.46615
G1 X97.695 Y145.088 E898.50912
G1 X98.642 Y145.745 E898.54746
G1 X99.7 Y146.421 E898.58921
G1 X100.862 Y147.105 E898.63406
G1 X101.972 Y147.704 E898.67601
G1 X103.308 Y148.352 E898.7254
G1 X104.267 Y148.775 E898.76026
G1 X105.425 Y149.238 E898.80174
G1 X106.612 Y149.665 E898.8437
G1 X107.823 Y150.051 E898.88597
G1 X109.046 Y150.389 E898.92817
G1 X110.262 Y150.675 E898.96972
G1 X111.516 Y150.925 E899.01225
G1 X112.744 Y151.122 E899.05362
G1 X114.02 Y151.275 E899.09636
G1 X115.262 Y151.384 E899.13783
G1 X116.542 Y151.444 E899.18045
G1 X117.5 Y151.453 E899.21231
G1 F2700 E894.21231
G0 F15000 X117.502 Y151.194
G0 X111.624 Y150.429
G0 X109.195 Y149.901
G0 X106.811 Y149.194
G0 X104.485 Y148.313
G0 X98.745 Y145.601
G0 X88.193 Y144.276
G0 X87.484 Y142.921
G1 F2700 E899.21231
G1 F3000 X92.077 Y147.514 E899.42835
G0 F15000 X91.774 Y147.862
G0 X94.361 Y149.874
G0 X94.627 Y149.499
G1 F3000 X85.494 Y140.366 E899.85794
G0 F15000 X85.121 Y140.633
G0 X83.924 Y138.861
G0 X84.314 Y138.62
G1 F3000 X96.368 Y150.674 E900.42492
G0 F15000 X96.116 Y151.06
G0 X97.585 Y151.953
G0 X97.811 Y151.551
G1 F3000 X83.444 Y137.184 E901.1007
G0 F15000 X83.047 Y137.411
G0 X82.337 Y136.131
G0 X82.743 Y135.917
G1 F3000 X99.067 Y152.242 E901.86856
G0 F15000 X98.855 Y152.653
G0 X100.019 Y153.246
G0 X100.22 Y152.829
G1 F3000 X82.162 Y134.77 E902.71798
G0 F15000 X81.747 Y134.971
G0 X81.237 Y133.889
G0 X81.659 Y133.702
G1 F3000 X101.295 Y153.338 E903.64159
G0 F15000 X101.108 Y153.762
G0 X102.099 Y154.198
G0 X102.289 Y153.766
G1 F3000 X81.213 Y132.691 E904.63292
G0 F15000 X80.788 Y132.863
G0 X80.397 Y131.898
G0 X80.829 Y131.74
G1 F3000 X103.249 Y154.161 E905.68751
G0 F15000 X104.146 Y154.492
G1 F3000 X80.499 Y130.845 E906.79979
G0 F15000 X80.197 Y129.977
G1 F3000 X105.021 Y154.801 E907.96744
G0 F15000 X105.854 Y155.069
G1 F3000 X79.917 Y129.132 E909.18744
G0 F15000 X79.684 Y128.333
G1 F3000 X106.659 Y155.308 E910.45626
G0 F15000 X107.446 Y155.529
G1 F3000 X95.756 Y143.84 E911.00609
G0 F15000 X96.045 Y143.483
G0 X98.347 Y145.227
G0 X98.084 Y145.602
G1 F3000 X108.2 Y155.718 E911.48192
G0 F15000 X108.94 Y155.892
G1 F3000 X99.706 Y146.657 E911.91628
G0 F15000 X99.939 Y146.261
G0 X101.263 Y147.026
G0 X101.045 Y147.431
G1 F3000 X109.657 Y156.044 E912.32139
G0 F15000 X110.357 Y156.178
G1 F3000 X102.232 Y148.053 E912.70356
G0 F15000 X102.433 Y147.64
G0 X103.521 Y148.168
G0 X103.322 Y148.577
G1 F3000 X111.048 Y156.302 E913.06695
G0 F15000 X111.716 Y156.405
G1 F3000 X104.325 Y149.014 E913.4146
G0 F15000 X104.496 Y148.588
G0 X105.439 Y148.966
G0 X105.268 Y149.391
G1 F3000 X112.376 Y156.499 E913.74894
G0 F15000 X113.016 Y156.574
G1 F3000 X106.155 Y149.713 E914.07166
G0 F15000 X107.009 Y150.001
G1 F3000 X113.651 Y156.643 E914.38408
G0 F15000 X114.271 Y156.697
G1 F3000 X107.837 Y150.263 E914.68671
G0 F15000 X108.618 Y150.479
G1 F3000 X114.884 Y156.744 E914.98142
G0 F15000 X115.484 Y156.779
G1 F3000 X109.378 Y150.673 E915.26863
G0 F15000 X110.118 Y150.848
G1 F3000 X116.073 Y156.802 E915.54871
G0 F15000 X116.658 Y156.821
G1 F3000 X110.829 Y150.993 E915.82286
G0 F15000 X111.533 Y151.131
G1 F3000 X117.231 Y156.829 E916.09088
G0 F15000 X117.803 Y156.836
G1 F3000 X112.206 Y151.238 E916.35417
G0 F15000 X112.872 Y151.339
G1 F3000 X118.353 Y156.82 E916.61198
G0 F15000 X118.903 Y156.804
G1 F3000 X113.515 Y151.416 E916.86541
G0 F15000 X114.153 Y151.488
G1 F3000 X119.446 Y156.781 E917.11438
G0 F15000 X119.982 Y156.751
G1 F3000 X114.773 Y151.542 E917.3594
G0 F15000 X115.386 Y151.59
G1 F3000 X120.514 Y156.718 E917.6006
G0 F15000 X121.033 Y156.671
G1 F3000 X115.98 Y151.618 E917.83828
G0 F15000 X116.572 Y151.645
G1 F3000 X121.551 Y156.623 E918.07245
G0 F15000 X122.066 Y156.573
G1 F3000 X117.144 Y151.65 E918.30399
G0 F15000 X117.715 Y151.656
G1 F3000 X122.564 Y156.505 E918.53207
G0 F15000 X123.063 Y156.439
G1 F3000 X118.269 Y151.645 E918.75757
G0 F15000 X118.821 Y151.631
G1 F3000 X123.552 Y156.362 E918.9801
G0 F15000 X124.037 Y156.281
G1 F3000 X119.36 Y151.604 E919.20009
G0 F15000 X119.889 Y151.568
G1 F3000 X124.521 Y156.199 E919.41794
G0 F15000 X124.995 Y156.107
G1 F3000 X120.417 Y151.529 E919.63328
G0 F15000 X120.932 Y151.479
G1 F3000 X125.468 Y156.015 E919.84664
G0 F15000 X125.935 Y155.916
G1 F3000 X121.447 Y151.428 E920.05774
G0 F15000 X121.948 Y151.363
G1 F3000 X126.395 Y155.81 E920.26691
G0 F15000 X126.854 Y155.704
G1 F3000 X122.444 Y151.294 E920.47435
G0 F15000 X122.939 Y151.223
G1 F3000 X127.306 Y155.59 E920.67976
G0 F15000 X127.752 Y155.47
G1 F3000 X123.419 Y151.138 E920.88355
G0 F15000 X123.899 Y151.052
G1 F3000 X128.197 Y155.35 E921.08571
G0 F15000 X128.633 Y155.221
G1 F3000 X124.369 Y150.957 E921.28628
G0 F15000 X124.831 Y150.853
G1 F3000 X129.069 Y155.09 E921.48559
G0 F15000 X129.504 Y154.96
G1 F3000 X125.294 Y150.75 E921.68362
G0 F15000 X125.748 Y150.638
G1 F3000 X129.926 Y154.816 E921.88014
G0 F15000 X130.347 Y154.671
G1 F3000 X126.199 Y150.524 E922.07523
G0 F15000 X126.648 Y150.407
G1 F3000 X130.768 Y154.527 E922.26902
G0 F15000 X131.182 Y154.376
G1 F3000 X127.085 Y150.279 E922.46173
G0 F15000 X127.523 Y150.151
G1 F3000 X131.593 Y154.221 E922.65317
G0 F15000 X132.004 Y154.066
G1 F3000 X127.953 Y150.015 E922.84372
G0 F15000 X128.376 Y149.872
G1 F3000 X132.403 Y153.899 E923.03313
G0 F15000 X132.802 Y153.732
G1 F3000 X128.799 Y149.729 E923.22142
G0 F15000 X129.215 Y149.58
G1 F3000 X133.2 Y153.565 E923.40886
G0 F15000 X133.589 Y153.388
G1 F3000 X129.626 Y149.425 E923.59527
G0 F15000 X130.036 Y149.27
G1 F3000 X133.978 Y153.211 E923.78067
G0 F15000 X134.367 Y153.034
G1 F3000 X130.438 Y149.105 E923.96548
G0 F15000 X130.837 Y148.939
G1 F3000 X134.747 Y152.849 E924.14939
G0 F15000 X135.123 Y152.659
G1 F3000 X131.236 Y148.772 E924.33222
G0 F15000 X131.626 Y148.596
G1 F3000 X135.505 Y152.476 E924.5147
G0 F15000 X135.872 Y152.277
G1 F3000 X132.01 Y148.415 E924.69636
G0 F15000 X132.396 Y148.235
G1 F3000 X136.239 Y152.078 E924.87712
G0 F15000 X136.606 Y151.879
G1 F3000 X132.773 Y148.047 E925.05739
G0 F15000 X133.148 Y147.856
G1 F3000 X136.968 Y151.676 E925.23707
G0 F15000 X137.324 Y151.467
G1 F3000 X133.523 Y147.665 E925.41588
G0 F15000 X133.889 Y147.465
G1 F3000 X137.681 Y151.258 E925.59427
G0 F15000 X138.036 Y151.047
G1 F3000 X134.25 Y147.261 E925.77235
G0 F15000 X134.611 Y147.056
G1 F3000 X138.382 Y150.827 E925.94973
G0 F15000 X138.727 Y150.607
G1 F3000 X134.967 Y146.846 E926.12661
G0 F15000 X135.318 Y146.632
G1 F3000 X139.073 Y150.387 E926.30323
G0 F15000 X139.409 Y150.157
G1 F3000 X135.67 Y146.418 E926.47911
G0 F15000 X136.016 Y146.199
G1 F3000 X139.745 Y149.927 E926.65448
G0 F15000 X140.081 Y149.697
G1 F3000 X136.356 Y145.973 E926.82967
G0 F15000 X136.696 Y145.747
G1 F3000 X140.409 Y149.46 E927.00432
G0 F15000 X140.738 Y149.223
G1 F3000 X137.032 Y145.518 E927.17862
G0 F15000 X137.362 Y145.281
G1 F3000 X141.066 Y148.985 E927.35284
G0 F15000 X141.387 Y148.741
G1 F3000 X137.692 Y145.046 E927.52664
G0 F15000 X138.017 Y144.806
G1 F3000 X141.706 Y148.495 E927.70016
G0 F15000 X142.026 Y148.248
G1 F3000 X138.336 Y144.559 E927.8737
G0 F15000 X138.655 Y144.312
G1 F3000 X142.342 Y147.999 E928.04713
G0 F15000 X142.649 Y147.74
G1 F3000 X138.973 Y144.064 E928.22004
G0 F15000 X139.281 Y143.806
G1 F3000 X142.956 Y147.482 E928.39292
G0 F15000 X143.263 Y147.223
G1 F3000 X139.589 Y143.548 E928.56576
G0 F15000 X139.897 Y143.291
G1 F3000 X143.561 Y146.955 E928.7381
G0 F15000 X143.858 Y146.686
G1 F3000 X140.193 Y143.022 E928.91047
G0 F15000 X140.489 Y142.752
G1 F3000 X144.156 Y146.418 E929.08293
G0 F15000 X144.448 Y146.145
G1 F3000 X140.786 Y142.483 E929.25518
G0 F15000 X141.075 Y142.206
G1 F3000 X144.737 Y145.868 E929.42743
G0 F15000 X145.025 Y145.591
G1 F3000 X141.363 Y141.928 E929.5997
G0 F15000 X141.65 Y141.65
G1 F3000 X145.313 Y145.313 E929.772
G0 F15000 X145.591 Y145.025
G1 F3000 X141.93 Y141.364 E929.9442
G0 F15000 X142.206 Y141.075
G1 F3000 X145.87 Y144.738 E930.11652
G0 F15000 X146.149 Y144.452
G1 F3000 X142.483 Y140.786 E930.28896
G0 F15000 X142.755 Y140.492
G1 F3000 X146.418 Y144.156 E930.46128
G0 F15000 X146.689 Y143.86
G1 F3000 X143.021 Y140.192 E930.63381
G0 F15000 X143.287 Y139.893
G1 F3000 X146.959 Y143.565 E930.80653
G0 F15000 X147.22 Y143.26
G1 F3000 X143.549 Y139.589 E930.9792
G0 F15000 X143.804 Y139.278
G1 F3000 X147.479 Y142.954 E931.15208
G0 F15000 X147.739 Y142.647
G1 F3000 X144.059 Y138.968 E931.32516
G0 F15000 X144.312 Y138.655
G1 F3000 X147.995 Y142.338 E931.49839
G0 F15000 X148.245 Y142.022
G1 F3000 X144.557 Y138.335 E931.67184
G0 F15000 X144.803 Y138.015
G1 F3000 X148.495 Y141.707 E931.8455
G0 F15000 X148.745 Y141.391
G1 F3000 X145.049 Y137.695 E932.01935
G0 F15000 X145.282 Y137.363
G1 F3000 X148.986 Y141.066 E932.19355
G0 F15000 X149.227 Y140.742
G1 F3000 X145.516 Y137.03 E932.36813
G0 F15000 X145.749 Y136.698
G1 F3000 X149.468 Y140.417 E932.54306
G0 F15000 X149.699 Y140.083
G1 F3000 X145.974 Y136.357 E932.7183
G0 F15000 X146.197 Y136.015
G1 F3000 X149.931 Y139.748 E932.89391
G0 F15000 X150.161 Y139.413
G1 F3000 X146.421 Y135.673 E933.06983
G0 F15000 X146.635 Y135.321
G1 F3000 X150.385 Y139.072 E933.24624
G0 F15000 X150.607 Y138.728
G1 F3000 X146.847 Y134.968 E933.4231
G0 F15000 X147.058 Y134.613
G1 F3000 X150.829 Y138.384 E933.60047
G0 F15000 X151.045 Y138.034
G1 F3000 X147.263 Y134.252 E933.77837
G0 F15000 X147.464 Y133.887
G1 F3000 X151.256 Y137.679 E933.95673
G0 F15000 X151.467 Y137.324
G1 F3000 X147.665 Y133.523 E934.13554
G0 F15000 X147.859 Y133.151
G1 F3000 X151.675 Y136.967 E934.31504
G0 F15000 X151.877 Y136.603
G1 F3000 X148.048 Y132.774 E934.49514
G0 F15000 X148.236 Y132.397
G1 F3000 X152.078 Y136.239 E934.67586
G0 F15000 X152.28 Y135.875
G1 F3000 X148.419 Y132.014 E934.85747
G0 F15000 X148.595 Y131.624
G1 F3000 X152.47 Y135.499 E935.03973
G0 F15000 X152.661 Y135.125
G1 F3000 X148.771 Y131.235 E935.22271
G0 F15000 X148.941 Y130.839
G1 F3000 X152.851 Y134.749 E935.40662
G0 F15000 X153.03 Y134.362
G1 F3000 X149.107 Y130.439 E935.59115
G0 F15000 X149.273 Y130.04
G1 F3000 X153.207 Y133.974 E935.77619
G0 F15000 X153.386 Y133.587
G1 F3000 X149.428 Y129.629 E935.96236
G0 F15000 X149.58 Y129.215
G1 F3000 X153.563 Y133.198 E936.14971
G0 F15000 X153.731 Y132.801
G1 F3000 X149.733 Y128.802 E936.33779
G0 F15000 X149.875 Y128.379
G1 F3000 X153.899 Y132.403 E936.52707
G0 F15000 X154.062 Y132
G1 F3000 X150.015 Y127.953 E936.71742
G0 F15000 X150.154 Y127.527
G1 F3000 X154.219 Y131.592 E936.90863
G0 F15000 X154.378 Y131.185
G1 F3000 X150.28 Y127.087 E937.10139
G0 F15000 X150.406 Y126.647
G1 F3000 X154.526 Y130.767 E937.29518
G0 F15000 X154.672 Y130.347
G1 F3000 X150.527 Y126.203 E937.49012
G0 F15000 X150.64 Y125.75
G1 F3000 X154.817 Y129.927 E937.6866
G0 F15000 X154.955 Y129.499
G1 F3000 X150.753 Y125.297 E937.88425
G0 F15000 X150.857 Y124.835
G1 F3000 X155.089 Y129.067 E938.08331
G0 F15000 X155.223 Y128.635
G1 F3000 X150.954 Y124.367 E938.28408
G0 F15000 X151.051 Y123.899
G1 F3000 X155.348 Y128.195 E938.48618
G0 F15000 X155.472 Y127.753
G1 F3000 X151.136 Y123.418 E938.69011
G0 F15000 X151.219 Y122.935
G1 F3000 X155.595 Y127.311 E938.89594
G0 F15000 X155.706 Y126.856
G1 F3000 X151.297 Y122.447 E939.10332
G0 F15000 X151.361 Y121.946
G1 F3000 X155.815 Y126.399 E939.3128
G0 F15000 X155.924 Y125.943
G1 F3000 X151.426 Y121.444 E939.5244
G0 F15000 X151.479 Y120.932
G1 F3000 X156.021 Y125.474 E939.73804
G0 F15000 X156.114 Y125.001
G1 F3000 X151.528 Y120.415 E939.95375
G0 F15000 X151.57 Y119.892
G1 F3000 X156.203 Y124.524 E940.17165
G0 F15000 X156.285 Y124.041
G1 F3000 X151.601 Y119.357 E940.39197
G0 F15000 X151.631 Y118.822
G1 F3000 X156.367 Y123.557 E940.61472
G0 F15000 X156.438 Y123.063
G1 F3000 X151.643 Y118.268 E940.84026
G0 F15000 X151.655 Y117.713
G1 F3000 X156.505 Y122.564 E941.06841
G0 F15000 X156.57 Y122.063
G1 F3000 X151.652 Y117.146 E941.29971
G0 F15000 X151.641 Y116.569
G1 F3000 X156.622 Y121.55 E941.53401
G0 F15000 X156.674 Y121.036
G1 F3000 X151.621 Y115.983 E941.77168
G0 F15000 X151.587 Y115.384
G1 F3000 X156.717 Y120.514 E942.01298
G0 F15000 X156.754 Y119.984
G1 F3000 X151.549 Y114.78 E942.25779
G0 F15000 X151.488 Y114.153
G1 F3000 X156.789 Y119.454 E942.50713
G0 F15000 X156.809 Y118.908
G1 F3000 X151.422 Y113.521 E942.76052
G0 F15000 X151.336 Y112.87
G1 F3000 X156.829 Y118.362 E943.01887
G0 F15000 X156.834 Y117.802
G1 F3000 X151.241 Y112.209 E943.28195
G0 F15000 X151.127 Y111.529
G1 F3000 X156.831 Y117.233 E943.55024
G0 F15000 X156.825 Y116.661
G1 F3000 X150.998 Y110.834 E943.82433
G0 F15000 X150.852 Y110.123
G1 F3000 X156.806 Y116.077 E944.10439
G0 F15000 X156.787 Y115.492
G1 F3000 X150.674 Y109.379 E944.39192
G0 F15000 X150.482 Y108.622
G1 F3000 X156.745 Y114.884 E944.68649
G0 F15000 X156.703 Y114.276
G1 F3000 X150.256 Y107.83 E944.98972
G0 F15000 X150.01 Y107.018
G1 F3000 X156.644 Y113.652 E945.30176
G0 F15000 X156.58 Y113.022
G1 F3000 X149.725 Y106.167 E945.6242
G0 F15000 X149.397 Y105.273
G1 F3000 X156.497 Y112.373 E945.95816
G0 F15000 X156.407 Y111.718
G1 F3000 X149.012 Y104.323 E946.306
G0 F15000 X148.587 Y104.497
G0 X148.152 Y103.505
G0 X148.57 Y103.315
G1 F3000 X156.302 Y111.047 E946.66969
G0 F15000 X156.182 Y110.362
G1 F3000 X148.052 Y102.231 E947.05212
G0 F15000 X147.64 Y102.436
G0 X147.024 Y101.262
G0 X147.428 Y101.041
G1 F3000 X156.044 Y109.657 E947.45739
G0 F15000 X155.896 Y108.944
G1 F3000 X146.659 Y99.707 E947.89187
G0 F15000 X146.263 Y99.943
G0 X145.226 Y98.348
G0 X145.602 Y98.084
G1 F3000 X155.718 Y108.201 E948.36772
G0 F15000 X155.532 Y107.448
G1 F3000 X143.847 Y95.764 E948.91732
G1 F2700 E943.91732
G0 F15000 X143.491 Y96.055
G0 X143.228 Y95.578
G0 X147.734 Y91.75
G0 X147.513 Y92.076
G1 F2700 E948.91732
G1 F3000 X142.916 Y87.479 E949.13355
G0 F15000 X143.212 Y87.127
G0 X140.622 Y85.108
G0 X140.349 Y85.478
G1 F3000 X149.513 Y94.642 E949.5646
G0 F15000 X149.894 Y94.381
G0 X151.058 Y96.116
G0 X150.671 Y96.365
G1 F3000 X138.634 Y84.328 E950.13078
G0 F15000 X138.88 Y83.937
G0 X137.423 Y83.053
G0 X137.189 Y83.448
G1 F3000 X151.563 Y97.823 E950.80691
G0 F15000 X151.958 Y97.587
G0 X152.664 Y98.86
G0 X152.258 Y99.083
G1 F3000 X135.912 Y82.738 E951.57576
G0 F15000 X136.132 Y82.334
G0 X134.966 Y81.744
G0 X134.763 Y82.154
G1 F3000 X152.851 Y100.242 E952.42656
G0 F15000 X153.261 Y100.035
G0 X153.767 Y101.112
G0 X153.35 Y101.307
G1 F3000 X133.696 Y81.653 E953.35102
G0 F15000 X133.888 Y81.237
G0 X132.868 Y80.79
G0 X132.691 Y81.214
G1 F3000 X153.779 Y102.302 E954.34294
G0 F15000 X154.203 Y102.122
G0 X154.588 Y103.08
G0 X154.158 Y103.246
G1 F3000 X131.74 Y80.829 E955.39739
G0 F15000 X130.83 Y80.484
G1 F3000 X154.501 Y104.155 E956.5108
G0 F15000 X154.81 Y105.03
G1 F3000 X129.975 Y80.194 E957.67899
G0 F15000 X129.139 Y79.924
G1 F3000 X155.069 Y105.855 E958.89868
G0 F15000 X155.313 Y106.664
G1 F3000 X128.325 Y79.676 E960.16811
G0 F15000 X127.555 Y79.472
G1 F3000 X139.21 Y91.126 E960.7163
G0 F15000 X138.913 Y91.479
G0 X136.636 Y89.758
G0 X136.892 Y89.375
G1 F3000 X126.789 Y79.272 E961.19152
G0 F15000 X126.053 Y79.101
G1 F3000 X135.305 Y88.353 E961.6267
G0 F15000 X135.066 Y88.745
G0 X133.719 Y87.962
G0 X133.947 Y87.56
G1 F3000 X125.334 Y78.948 E962.03181
G0 F15000 X124.631 Y78.811
G1 F3000 X132.76 Y86.939 E962.41415
G0 F15000 X132.55 Y87.35
G0 X131.483 Y86.841
G0 X131.679 Y86.424
G1 F3000 X123.949 Y78.694 E962.77774
G0 F15000 X123.277 Y78.588
G1 F3000 X130.675 Y85.986 E963.12572
G0 F15000 X130.496 Y86.41
G0 X129.562 Y86.036
G0 X129.727 Y85.604
G1 F3000 X122.623 Y78.499 E963.4599
G0 F15000 X121.975 Y78.417
G1 F3000 X128.829 Y85.271 E963.78229
G0 F15000 X127.968 Y84.976
G1 F3000 X121.347 Y78.355 E964.09372
G0 F15000 X120.722 Y78.295
G1 F3000 X127.163 Y84.737 E964.39671
G0 F15000 X126.373 Y84.513
G1 F3000 X120.108 Y78.247 E964.69142
G0 F15000 X119.508 Y78.213
G1 F3000 X125.609 Y84.314 E964.97839
G0 F15000 X124.876 Y84.147
G1 F3000 X118.917 Y78.188 E965.25868
G0 F15000 X118.339 Y78.176
G1 F3000 X124.155 Y83.992 E965.53225
G0 F15000 X123.464 Y83.866
G1 F3000 X117.761 Y78.163 E965.8005
G0 F15000 X117.199 Y78.166
G1 F3000 X122.78 Y83.748 E966.06304
G0 F15000 X122.12 Y83.654
G1 F3000 X116.638 Y78.171 E966.32092
G0 F15000 X116.09 Y78.189
G1 F3000 X121.469 Y83.568 E966.57393
G0 F15000 X120.842 Y83.506
G1 F3000 X115.546 Y78.211 E966.82301
G0 F15000 X115.01 Y78.24
G1 F3000 X120.219 Y83.449 E967.06803
G0 F15000 X119.61 Y83.406
G1 F3000 X114.484 Y78.28 E967.30914
G0 F15000 X113.959 Y78.321
G1 F3000 X119.007 Y83.369 E967.54658
G0 F15000 X118.425 Y83.352
G1 F3000 X113.445 Y78.373 E967.7808
G0 F15000 X112.936 Y78.429
G1 F3000 X117.844 Y83.337 E968.01166
G0 F15000 X117.284 Y83.342
G1 F3000 X112.428 Y78.487 E968.24005
G0 F15000 X111.932 Y78.557
G1 F3000 X116.724 Y83.349 E968.46545
G0 F15000 X116.178 Y83.368
G1 F3000 X111.436 Y78.627 E968.68847
G0 F15000 X110.951 Y78.707
G1 F3000 X115.637 Y83.393 E968.90889
G0 F15000 X115.102 Y83.424
G1 F3000 X110.473 Y78.794 E969.12665
G0 F15000 X109.995 Y78.882
G1 F3000 X114.58 Y83.468 E969.34234
G0 F15000 X114.058 Y83.511
G1 F3000 X109.524 Y78.977 E969.5556
G0 F15000 X109.057 Y79.076
G1 F3000 X113.553 Y83.572 E969.76708
G0 F15000 X113.048 Y83.632
G1 F3000 X108.593 Y79.177 E969.97663
G0 F15000 X108.141 Y79.291
G1 F3000 X112.55 Y83.7 E970.18401
G0 F15000 X112.063 Y83.779
G1 F3000 X107.69 Y79.406 E970.38971
G0 F15000 X107.241 Y79.522
G1 F3000 X111.576 Y83.857 E970.59361
G0 F15000 X111.101 Y83.948
G1 F3000 X106.801 Y79.648 E970.79587
G0 F15000 X106.36 Y79.773
G1 F3000 X110.63 Y84.042 E970.99669
G0 F15000 X110.161 Y84.139
G1 F3000 X105.923 Y79.902 E971.19601
G0 F15000 X105.495 Y80.04
G1 F3000 X109.702 Y84.246 E971.39387
G0 F15000 X109.243 Y84.353
G1 F3000 X105.068 Y80.177 E971.59028
G0 F15000 X104.644 Y80.32
G1 F3000 X108.793 Y84.469 E971.78543
G0 F15000 X108.349 Y84.59
G1 F3000 X104.227 Y80.468 E971.97932
G0 F15000 X103.81 Y80.617
G1 F3000 X107.905 Y84.712 E972.17194
G0 F15000 X107.472 Y84.844
G1 F3000 X103.4 Y80.773 E972.36345
G0 F15000 X102.995 Y80.933
G1 F3000 X107.043 Y84.981 E972.55385
G0 F15000 X106.613 Y85.117
G1 F3000 X102.59 Y81.094 E972.74308
G0 F15000 X102.19 Y81.259
G1 F3000 X106.195 Y85.265 E972.93149
G0 F15000 X105.778 Y85.414
G1 F3000 X101.797 Y81.432 E973.11877
G0 F15000 X101.403 Y81.604
G1 F3000 X105.362 Y85.563 E973.30499
G0 F15000 X104.959 Y85.726
G1 F3000 X101.014 Y81.781 E973.49055
G0 F15000 X100.633 Y81.965
G1 F3000 X104.556 Y85.889 E973.6751
G0 F15000 X104.155 Y86.053
G1 F3000 X100.251 Y82.149 E973.85873
G0 F15000 X99.87 Y82.333
G1 F3000 X103.764 Y86.227 E974.04189
G0 F15000 X103.371 Y86.401
G1 F3000 X99.497 Y82.526 E974.22413
G0 F15000 X99.124 Y82.719
G1 F3000 X102.981 Y86.576 E974.40556
G0 F15000 X102.6 Y86.761
G1 F3000 X98.752 Y82.913 E974.58655
G0 F15000 X98.389 Y83.115
G1 F3000 X102.219 Y86.946 E974.76673
G0 F15000 X101.841 Y87.133
G1 F3000 X98.026 Y83.318 E974.94617
G0 F15000 X97.663 Y83.521
G1 F3000 X101.473 Y87.331 E975.12539
G0 F15000 X101.104 Y87.528
G1 F3000 X97.311 Y83.735 E975.3038
G0 F15000 X96.96 Y83.949
G1 F3000 X100.738 Y87.727 E975.4815
G0 F15000 X100.381 Y87.936
G1 F3000 X96.609 Y84.164 E975.65893
G0 F15000 X96.265 Y84.385
G1 F3000 X100.024 Y88.145 E975.83576
G0 F15000 X99.67 Y88.357
G1 F3000 X95.923 Y84.61 E976.01201
G0 F15000 X95.582 Y84.834
G1 F3000 X99.325 Y88.577 E976.18807
G0 F15000 X98.98 Y88.798
G1 F3000 X95.244 Y85.062 E976.3638
G0 F15000 X94.912 Y85.295
G1 F3000 X98.635 Y89.018 E976.53892
G0 F15000 X98.298 Y89.247
G1 F3000 X94.579 Y85.528 E976.71385
G0 F15000 X94.249 Y85.764
G1 F3000 X97.963 Y89.477 E976.88852
G0 F15000 X97.627 Y89.708
G1 F3000 X93.926 Y86.007 E977.0626
G0 F15000 X93.605 Y86.251
G1 F3000 X97.303 Y89.949 E977.23654
G0 F15000 X96.979 Y90.191
G1 F3000 X93.282 Y86.494 E977.41044
G0 F15000 X92.97 Y86.748
G1 F3000 X96.655 Y90.433 E977.58377
G0 F15000 X96.338 Y90.681
G1 F3000 X92.659 Y87.002 E977.75682
G0 F15000 X92.347 Y87.256
G1 F3000 X96.025 Y90.934 E977.92982
G0 F15000 X95.711 Y91.186
G1 F3000 X92.038 Y87.513 E978.10259
G0 F15000 X91.734 Y87.775
G1 F3000 X95.404 Y91.444 E978.27519
G0 F15000 X95.102 Y91.708
G1 F3000 X91.43 Y88.036 E978.44791
G0 F15000 X91.131 Y88.302
G1 F3000 X94.8 Y91.971 E978.62049
G0 F15000 X94.501 Y92.239
G1 F3000 X90.837 Y88.574 E978.79285
G0 F15000 X90.544 Y88.847
G1 F3000 X94.209 Y92.511 E978.96522
G0 F15000 X93.916 Y92.784
G1 F3000 X90.251 Y89.119 E979.13761
G0 F15000 X89.968 Y89.402
G1 F3000 X93.626 Y93.06 E979.30967
G0 F15000 X93.344 Y93.344
G1 F3000 X89.684 Y89.684 E979.48183
G0 F15000 X89.401 Y89.967
G1 F3000 X93.063 Y93.629 E979.65408
G0 F15000 X92.782 Y93.914
G1 F3000 X89.122 Y90.254 E979.82623
G0 F15000 X88.849 Y90.546
G1 F3000 X92.512 Y94.209 E979.99853
G0 F15000 X92.241 Y94.504
G1 F3000 X88.574 Y90.837 E980.17101
G0 F15000 X88.304 Y91.133
G1 F3000 X91.971 Y94.799 E980.34347
G0 F15000 X91.708 Y95.102
G1 F3000 X88.04 Y91.434 E980.51601
G0 F15000 X87.775 Y91.734
G1 F3000 X91.447 Y95.406 E980.68873
G0 F15000 X91.185 Y95.71
G1 F3000 X87.512 Y92.037 E980.86149
G0 F15000 X87.257 Y92.348
G1 F3000 X90.932 Y96.023 E981.03435
G0 F15000 X90.682 Y96.339
G1 F3000 X87.002 Y92.659 E981.20745
G0 F15000 X86.747 Y92.97
G1 F3000 X90.433 Y96.655 E981.3808
G0 F15000 X90.189 Y96.977
G1 F3000 X86.499 Y93.287 E981.55437
G0 F15000 X86.253 Y93.607
G1 F3000 X89.95 Y97.304 E981.72827
G0 F15000 X89.711 Y97.63
G1 F3000 X86.006 Y93.926 E981.90251
G0 F15000 X85.766 Y94.251
G1 F3000 X89.476 Y97.961 E982.07702
G0 F15000 X89.248 Y98.299
G1 F3000 X85.53 Y94.58 E982.25193
G0 F15000 X85.293 Y94.91
G1 F3000 X89.021 Y98.637 E982.42726
G0 F15000 X88.796 Y98.978
G1 F3000 X85.06 Y95.242 E982.60299
G0 F15000 X84.833 Y95.581
G1 F3000 X88.578 Y99.326 E982.77914
G0 F15000 X88.359 Y99.673
G1 F3000 X84.607 Y95.92 E982.95565
G0 F15000 X84.381 Y96.261
G1 F3000 X88.144 Y100.023 E983.13262
G0 F15000 X87.937 Y100.382
G1 F3000 X84.165 Y96.61 E983.31005
G0 F15000 X83.948 Y96.958
G1 F3000 X87.731 Y100.742 E983.48801
G0 F15000 X87.526 Y101.103
G1 F3000 X83.731 Y97.308 E983.66652
G0 F15000 X83.524 Y97.666
G1 F3000 X87.331 Y101.473 E983.84559
G0 F15000 X87.135 Y101.843
G1 F3000 X83.318 Y98.026 E984.02513
G0 F15000 X83.113 Y98.386
G1 F3000 X86.942 Y102.215 E984.20523
G0 F15000 X86.761 Y102.6
G1 F3000 X82.914 Y98.753 E984.38618
G0 F15000 X82.719 Y99.124
G1 F3000 X86.58 Y102.984 E984.56777
G0 F15000 X86.399 Y103.37
G1 F3000 X82.524 Y99.495 E984.75004
G0 F15000 X82.334 Y99.87
G1 F3000 X86.227 Y103.763 E984.93315
G0 F15000 X86.054 Y104.156
G1 F3000 X82.149 Y100.251 E985.11683
G0 F15000 X81.964 Y100.631
G1 F3000 X85.884 Y104.552 E985.30124
G0 F15000 X85.727 Y104.96
G1 F3000 X81.782 Y101.015 E985.4868
G0 F15000 X81.607 Y101.406
G1 F3000 X85.569 Y105.368 E985.67316
G0 F15000 X85.414 Y105.779
G1 F3000 X81.432 Y101.797 E985.86046
G0 F15000 X81.259 Y102.189
G1 F3000 X85.266 Y106.196 E986.04894
G0 F15000 X85.117 Y106.613
G1 F3000 X81.096 Y102.592 E986.23807
G0 F15000 X80.933 Y102.994
G1 F3000 X84.979 Y107.04 E986.42838
G0 F15000 X84.846 Y107.473
G1 F3000 X80.771 Y103.399 E986.62004
G0 F15000 X80.62 Y103.813
G1 F3000 X84.713 Y107.906 E986.81256
G0 F15000 X84.589 Y108.348
G1 F3000 X80.468 Y104.227 E987.0064
G0 F15000 X80.32 Y104.644
G1 F3000 X84.47 Y108.795 E987.20162
G0 F15000 X84.351 Y109.242
G1 F3000 X80.179 Y105.069 E987.39789
G0 F15000 X80.038 Y105.494
G1 F3000 X84.244 Y109.7 E987.59572
G0 F15000 X84.139 Y110.16
G1 F3000 X79.904 Y105.925 E987.79492
G0 F15000 X79.774 Y106.362
G1 F3000 X84.035 Y110.622 E987.99533
G0 F15000 X83.945 Y111.098
G1 F3000 X79.646 Y106.799 E988.19754
G0 F15000 X79.522 Y107.241
G1 F3000 X83.854 Y111.573 E988.4013
G0 F15000 X83.774 Y112.059
G1 F3000 X79.406 Y107.69 E988.60678
G0 F15000 X79.29 Y108.14
G1 F3000 X83.701 Y112.551 E988.81426
G0 F15000 X83.629 Y113.044
G1 F3000 X79.182 Y108.597 E989.02344
G0 F15000 X79.079 Y109.061
G1 F3000 X83.572 Y113.553 E989.23475
G0 F15000 X83.514 Y114.061
G1 F3000 X78.977 Y109.524 E989.44816
G0 F15000 X78.885 Y109.998
G1 F3000 X83.465 Y114.578 E989.66358
G0 F15000 X83.427 Y115.105
G1 F3000 X78.795 Y110.473 E989.88146
G0 F15000 X78.707 Y110.951
G1 F3000 X83.391 Y115.635 E990.10178
G0 F15000 X83.37 Y116.18
G1 F3000 X78.632 Y111.442 E990.32464
G0 F15000 X78.558 Y111.934
G1 F3000 X83.35 Y116.725 E990.55002
G0 F15000 X83.345 Y117.286
G1 F3000 X78.49 Y112.431 E990.77838
G0 F15000 X78.43 Y112.937
G1 F3000 X83.345 Y117.851 E991.00955
G0 F15000 X83.357 Y118.429
G1 F3000 X78.37 Y113.443 E991.2441
G0 F15000 X78.323 Y113.962
G1 F3000 X83.378 Y119.017 E991.48187
G0 F15000 X83.408 Y119.612
G1 F3000 X78.279 Y114.483 E991.72312
G0 F15000 X78.236 Y115.005
G1 F3000 X83.452 Y120.222 E991.96849
G0 F15000 X83.505 Y120.84
G1 F3000 X78.21 Y115.545 E992.21755
G0 F15000 X78.185 Y116.086
G1 F3000 X83.577 Y121.478 E992.47117
G0 F15000 X83.658 Y122.124
G1 F3000 X78.173 Y116.64 E992.72915
G0 F15000 X78.164 Y117.197
G1 F3000 X83.754 Y122.786 E992.99206
G0 F15000 X83.864 Y123.462
G1 F3000 X78.164 Y117.762 E993.26017
G0 F15000 X78.173 Y118.337
G1 F3000 X83.994 Y124.157 E993.53395
G0 F15000 X84.148 Y124.877
G1 F3000 X78.186 Y118.916 E993.81436
G0 F15000 X78.213 Y119.508
G1 F3000 X84.316 Y125.611 E994.10142
G0 F15000 X84.518 Y126.378
G1 F3000 X78.243 Y120.104 E994.39656
G0 F15000 X78.296 Y120.722
G1 F3000 X84.737 Y127.163 E994.69952
G0 F15000 X84.986 Y127.979
G1 F3000 X78.349 Y121.341 E995.01173
G0 F15000 X78.421 Y121.979
G1 F3000 X85.284 Y128.842 E995.33455
G0 F15000 X85.612 Y129.735
G1 F3000 X78.497 Y122.621 E995.66919
G0 F15000 X78.591 Y123.281
G1 F3000 X85.983 Y130.673 E996.01689
G0 F15000 X86.406 Y130.491
G0 X86.837 Y131.481
G0 X86.423 Y131.678
G1 F3000 X78.692 Y123.947 E996.38053
G0 F15000 X78.82 Y124.641
G1 F3000 X86.929 Y132.749 E996.76193
G0 F15000 X87.347 Y132.551
G0 X87.95 Y133.707
G0 X87.55 Y133.936
G1 F3000 X78.952 Y125.338 E997.16635
G0 F15000 X79.11 Y126.062
G1 F3000 X88.35 Y135.302 E997.60097
G0 F15000 X88.741 Y135.06
G0 X89.77 Y136.648
G0 X89.387 Y136.905
G1 F3000 X79.277 Y126.795 E998.07652
G0 F15000 X79.469 Y127.552
G1 F3000 X91.111 Y139.194 E998.62412
G1 F2700 E993.62412
G0 F15000 X91.453 Y138.885
G0 X93.333 Y140.568
G0 X94.102 Y139.818
G0 X97.333 Y141.91
G0 X117.5 Y147.895
;TYPE:WALL-INNER
G1 F2700 E998.62412
G1 F3000 X118.656 Y147.876 E998.66257
G1 X119.829 Y147.805 E998.70166
G1 X121.03 Y147.691 E998.74178
G1 X122.145 Y147.538 E998.77922
G1 X123.191 Y147.362 E998.8145
G1 X124.419 Y147.099 E998.85627
G1 X125.561 Y146.809 E998.89545
G1 X126.678 Y146.479 E998.93419
G1 X127.764 Y146.111 E998.97233
G1 X128.856 Y145.695 E999.0112
G1 X129.718 Y145.331 E999.04232
G1 X129.728 Y145.337 E999.04271
G1 X130.993 Y144.738 E999.08926
G1 X132.017 Y144.208 E999.12761
G1 X133.036 Y143.628 E999.16661
G1 X134.017 Y143.016 E999.20506
G1 X134.982 Y142.364 E999.2438
G1 X135.932 Y141.67 E999.28293
G1 X136.846 Y140.948 E999.32167
G1 X137.72 Y140.196 E999.36002
G1 X138.575 Y139.403 E999.3988
G1 X139.408 Y138.571 E999.43796
G1 X140.199 Y137.72 E999.47661
G1 X140.952 Y136.838 E999.51518
G1 X141.683 Y135.919 E999.55423
G1 X142.361 Y134.994 E999.59238
G1 X143.02 Y134.018 E999.63155
G1 X143.631 Y133.029 E999.67021
G1 X144.208 Y132.013 E999.70908
G1 X144.746 Y130.981 E999.74778
G1 X145.338 Y129.724 E999.794
G1 X145.331 Y129.713 E999.79443
G1 X145.695 Y128.855 E999.82543
G1 X146.111 Y127.768 E999.86414
G1 X146.483 Y126.663 E999.90292
G1 X146.813 Y125.545 E999.94169
G1 X147.099 Y124.418 E999.98036
G1 X147.342 Y123.293 E1000.01864
G1 X147.543 Y122.131 E1000.05787
G1 X147.695 Y121.026 E1000.09496
G1 X147.809 Y119.83 E1000.13492
G1 X147.876 Y118.656 E1000.17403
G1 X147.899 Y117.492 E1000.21276
G1 X147.876 Y116.328 E1000.25148
G1 X147.809 Y115.166 E1000.29019
G1 X147.695 Y113.971 E1000.33012
G1 X147.539 Y112.853 E1000.36766
G1 X147.342 Y111.702 E1000.4065
G1 X147.099 Y110.578 E1000.44475
G1 X146.809 Y109.44 E1000.48381
G1 X146.479 Y108.321 E1000.52261
G1 X146.107 Y107.216 E1000.56139
G1 X145.695 Y106.141 E1000.59968
G1 X145.331 Y105.283 E1000.63068
G1 X145.338 Y105.272 E1000.63112
G1 X144.742 Y104.003 E1000.67775
G1 X144.205 Y102.972 E1000.71641
G1 X143.628 Y101.96 E1000.75516
G1 X143.012 Y100.971 E1000.79391
G1 X142.36 Y100.001 E1000.83278
G1 X141.683 Y99.077 E1000.87088
G1 X140.948 Y98.154 E1000.91012
G1 X140.199 Y97.276 E1000.94851
G1 X139.407 Y96.425 E1000.98717
G1 X138.575 Y95.589 E1001.0264
G1 X137.72 Y94.8 E1001.0651
G1 X136.842 Y94.043 E1001.10366
G1 X135.928 Y93.322 E1001.14238
G1 X134.983 Y92.628 E1001.18137
G1 X134.018 Y91.98 E1001.22003
G1 X133.028 Y91.364 E1001.25881
G1 X132.017 Y90.788 E1001.29751
G1 X130.984 Y90.252 E1001.33622
G1 X129.693 Y89.662 E1001.38343
G1 X129.688 Y89.644 E1001.38405
G1 X128.858 Y89.302 E1001.41391
G1 X127.768 Y88.885 E1001.45273
G1 X126.679 Y88.517 E1001.49096
G1 X125.561 Y88.187 E1001.52973
G1 X124.419 Y87.897 E1001.56892
G1 X123.294 Y87.658 E1001.60717
G1 X122.143 Y87.457 E1001.64603
G1 X121.029 Y87.304 E1001.68343
G1 X119.833 Y87.187 E1001.7234
G1 X118.656 Y87.12 E1001.76261
G1 X117.499 Y87.097 E1001.8011
G1 X116.34 Y87.12 E1001.83966
G1 X115.167 Y87.187 E1001.87874
G1 X113.971 Y87.304 E1001.91871
G1 X112.853 Y87.457 E1001.95624
G1 X111.707 Y87.658 E1001.99494
G1 X110.581 Y87.897 E1002.03322
G1 X109.439 Y88.187 E1002.07241
G1 X108.321 Y88.517 E1002.11118
G1 X107.232 Y88.885 E1002.14941
G1 X106.141 Y89.301 E1002.18825
G1 X105.283 Y89.665 E1002.21925
G1 X105.272 Y89.658 E1002.21968
G1 X104.003 Y90.258 E1002.26637
G1 X102.983 Y90.788 E1002.3046
G1 X101.959 Y91.368 E1002.34374
G1 X100.979 Y91.98 E1002.38217
G1 X100.016 Y92.628 E1002.42078
G1 X99.147 Y93.259 E1002.45649
G1 X98.159 Y94.043 E1002.49844
G1 X97.276 Y94.804 E1002.53722
G1 X96.425 Y95.589 E1002.57572
G1 X95.593 Y96.425 E1002.61495
G1 X94.801 Y97.276 E1002.65362
G1 X94.047 Y98.158 E1002.69221
G1 X93.322 Y99.069 E1002.73094
G1 X92.632 Y100.013 E1002.76983
G1 X91.98 Y100.979 E1002.80859
G1 X91.364 Y101.967 E1002.84731
G1 X90.788 Y102.982 E1002.88613
G1 X90.254 Y104.015 E1002.92481
G1 X89.658 Y105.272 E1002.97108
G1 X89.665 Y105.283 E1002.97151
G1 X89.301 Y106.141 E1003.00251
G1 X88.885 Y107.228 E1003.04122
G1 X88.513 Y108.333 E1003.08
G1 X88.183 Y109.451 E1003.11877
G1 X87.897 Y110.577 E1003.15741
G1 X87.634 Y111.805 E1003.19918
G1 X87.458 Y112.863 E1003.23485
G1 X87.305 Y113.97 E1003.27202
G1 X87.191 Y115.167 E1003.31201
G1 X87.12 Y116.34 E1003.3511
G1 X87.101 Y117.503 E1003.38979
G1 X87.12 Y118.656 E1003.42814
G1 X87.191 Y119.829 E1003.46723
G1 X87.305 Y121.026 E1003.50722
G1 X87.458 Y122.133 E1003.54439
G1 X87.634 Y123.191 E1003.58006
G1 X87.897 Y124.419 E1003.62183
G1 X88.183 Y125.544 E1003.66044
G1 X88.517 Y126.667 E1003.69941
G1 X88.885 Y127.769 E1003.73805
G1 X89.301 Y128.854 E1003.7767
G1 X89.668 Y129.711 E1003.8077
G1 X89.659 Y129.725 E1003.80826
G1 X90.254 Y130.981 E1003.85448
G1 X90.788 Y132.014 E1003.89316
G1 X91.364 Y133.029 E1003.93198
G1 X91.98 Y134.017 E1003.9707
G1 X92.632 Y134.984 E1004.00949
G1 X93.258 Y135.848 E1004.04498
G1 X94.043 Y136.834 E1004.0869
G1 X94.8 Y137.72 E1004.12566
G1 X95.592 Y138.571 E1004.16432
G1 X96.425 Y139.403 E1004.20348
G1 X97.276 Y140.192 E1004.24208
G1 X98.159 Y140.953 E1004.28085
G1 X99.147 Y141.737 E1004.3228
G1 X100.016 Y142.364 E1004.35844
G1 X100.98 Y143.016 E1004.39715
G1 X101.959 Y143.628 E1004.43555
G1 X102.983 Y144.208 E1004.47469
G1 X104.003 Y144.738 E1004.51292
G1 X105.272 Y145.338 E1004.55961
G1 X105.283 Y145.331 E1004.56004
G1 X106.141 Y145.695 E1004.59104
G1 X107.232 Y146.111 E1004.62988
G1 X108.321 Y146.479 E1004.66811
G1 X109.439 Y146.809 E1004.70688
G1 X110.581 Y147.099 E1004.74607
G1 X111.805 Y147.362 E1004.78771
G1 X112.851 Y147.538 E1004.82299
G1 X113.97 Y147.691 E1004.86055
G1 X115.167 Y147.805 E1004.90055
G1 X116.344 Y147.876 E1004.93976
G1 X117.5 Y147.895 E1004.97822
G0 F15000 X117.5 Y148.295
;TYPE:WALL-OUTER
G1 F3000 X118.672 Y148.276 E1005.0172
G1 X119.86 Y148.204 E1005.05679
G1 X121.076 Y148.089 E1005.09741
G1 X122.205 Y147.934 E1005.13532
G1 X123.266 Y147.755 E1005.1711
G1 X124.51 Y147.489 E1005.21342
G1 X125.667 Y147.195 E1005.25312
G1 X126.799 Y146.861 E1005.29238
G1 X127.9 Y146.487 E1005.33105
G1 X129.005 Y146.066 E1005.37038
G1 X129.874 Y145.699 E1005.40175
G1 X129.884 Y145.706 E1005.40216
G1 X131.171 Y145.096 E1005.44953
G1 X132.208 Y144.56 E1005.48836
G1 X133.241 Y143.972 E1005.52789
G1 X134.235 Y143.352 E1005.56685
G1 X135.212 Y142.692 E1005.60607
G1 X136.174 Y141.988 E1005.64572
G1 X137.1 Y141.257 E1005.68496
G1 X137.986 Y140.494 E1005.72385
G1 X138.853 Y139.691 E1005.76315
G1 X139.696 Y138.849 E1005.80278
G1 X140.498 Y137.986 E1005.84197
G1 X141.261 Y137.092 E1005.88106
G1 X142.001 Y136.162 E1005.92059
G1 X142.688 Y135.224 E1005.95926
G1 X143.356 Y134.235 E1005.99895
G1 X143.975 Y133.233 E1006.03812
G1 X144.56 Y132.204 E1006.07749
G1 X145.104 Y131.159 E1006.11668
G1 X145.707 Y129.88 E1006.16371
G1 X145.699 Y129.869 E1006.16416
G1 X146.066 Y129.005 E1006.19538
G1 X146.487 Y127.904 E1006.23459
G1 X146.865 Y126.783 E1006.27393
G1 X147.199 Y125.651 E1006.31319
G1 X147.489 Y124.51 E1006.35235
G1 X147.735 Y123.369 E1006.39117
G1 X147.938 Y122.193 E1006.43086
G1 X148.093 Y121.072 E1006.4685
G1 X148.208 Y119.86 E1006.50899
G1 X148.276 Y118.672 E1006.54857
G1 X148.299 Y117.492 E1006.58782
G1 X148.276 Y116.312 E1006.62708
G1 X148.208 Y115.136 E1006.66626
G1 X148.093 Y113.924 E1006.70675
G1 X147.934 Y112.791 E1006.7448
G1 X147.735 Y111.626 E1006.78411
G1 X147.489 Y110.486 E1006.8229
G1 X147.195 Y109.334 E1006.86245
G1 X146.861 Y108.201 E1006.90173
G1 X146.483 Y107.08 E1006.94108
G1 X146.066 Y105.991 E1006.97987
G1 X145.699 Y105.127 E1007.01109
G1 X145.707 Y105.116 E1007.01154
G1 X145.1 Y103.825 E1007.05899
G1 X144.556 Y102.78 E1007.09817
G1 X143.972 Y101.755 E1007.13741
G1 X143.348 Y100.753 E1007.17667
G1 X142.688 Y99.771 E1007.21602
G1 X142.001 Y98.834 E1007.25467
G1 X141.257 Y97.9 E1007.29438
G1 X140.498 Y97.01 E1007.33329
G1 X139.695 Y96.147 E1007.37249
G1 X138.853 Y95.301 E1007.41219
G1 X137.986 Y94.502 E1007.45141
G1 X137.096 Y93.735 E1007.49048
G1 X136.17 Y93.004 E1007.52972
G1 X135.213 Y92.3 E1007.56924
G1 X134.235 Y91.644 E1007.60841
G1 X133.233 Y91.02 E1007.64767
G1 X132.208 Y90.436 E1007.6869
G1 X131.16 Y89.892 E1007.72618
G1 X129.86 Y89.298 E1007.77372
G1 X129.855 Y89.28 E1007.77434
G1 X129.006 Y88.93 E1007.80488
G1 X127.904 Y88.509 E1007.84412
G1 X126.799 Y88.135 E1007.88292
G1 X125.667 Y87.801 E1007.92217
G1 X124.51 Y87.507 E1007.96188
G1 X123.37 Y87.265 E1008.00064
G1 X122.205 Y87.062 E1008.03997
G1 X121.076 Y86.907 E1008.07787
G1 X119.864 Y86.788 E1008.11838
G1 X118.672 Y86.72 E1008.15809
G1 X117.499 Y86.697 E1008.19711
G1 X116.324 Y86.72 E1008.2362
G1 X115.136 Y86.788 E1008.27578
G1 X113.924 Y86.907 E1008.31628
G1 X112.791 Y87.062 E1008.35432
G1 X111.631 Y87.265 E1008.39348
G1 X110.49 Y87.507 E1008.43228
G1 X109.333 Y87.801 E1008.47198
G1 X108.201 Y88.135 E1008.51124
G1 X107.096 Y88.509 E1008.55004
G1 X105.991 Y88.93 E1008.58937
G1 X105.127 Y89.297 E1008.62059
G1 X105.116 Y89.289 E1008.62104
G1 X103.825 Y89.9 E1008.66855
G1 X102.792 Y90.436 E1008.70725
G1 X101.755 Y91.024 E1008.7469
G1 X100.761 Y91.644 E1008.78587
G1 X99.787 Y92.3 E1008.82493
G1 X98.905 Y92.94 E1008.86117
G1 X97.904 Y93.735 E1008.90369
G1 X97.01 Y94.506 E1008.94295
G1 X96.147 Y95.301 E1008.98198
G1 X95.305 Y96.147 E1009.02168
G1 X94.502 Y97.01 E1009.06089
G1 X93.739 Y97.904 E1009.09998
G1 X93.004 Y98.826 E1009.13919
G1 X92.304 Y99.783 E1009.17863
G1 X91.644 Y100.761 E1009.21787
G1 X91.02 Y101.763 E1009.25713
G1 X90.436 Y102.792 E1009.29649
G1 X89.896 Y103.837 E1009.33561
G1 X89.289 Y105.116 E1009.3827
G1 X89.297 Y105.127 E1009.38315
G1 X88.93 Y105.991 E1009.41437
G1 X88.509 Y107.092 E1009.45358
G1 X88.131 Y108.213 E1009.49292
G1 X87.797 Y109.345 E1009.53218
G1 X87.507 Y110.486 E1009.57133
G1 X87.241 Y111.73 E1009.61365
G1 X87.062 Y112.803 E1009.64983
G1 X86.907 Y113.924 E1009.68747
G1 X86.792 Y115.136 E1009.72796
G1 X86.72 Y116.324 E1009.76754
G1 X86.701 Y117.503 E1009.80676
G1 X86.72 Y118.672 E1009.84565
G1 X86.792 Y119.86 E1009.88523
G1 X86.907 Y121.072 E1009.92573
G1 X87.062 Y122.193 E1009.96337
G1 X87.241 Y123.266 E1009.99955
G1 X87.507 Y124.51 E1010.04186
G1 X87.797 Y125.65 E1010.08098
G1 X88.135 Y126.787 E1010.12044
G1 X88.509 Y127.904 E1010.15961
G1 X88.93 Y129.004 E1010.19879
G1 X89.3 Y129.869 E1010.23008
G1 X89.291 Y129.883 E1010.23063
G1 X89.896 Y131.159 E1010.2776
G1 X90.436 Y132.204 E1010.31673
G1 X91.02 Y133.233 E1010.35608
G1 X91.644 Y134.235 E1010.39534
G1 X92.304 Y135.213 E1010.43458
G1 X92.94 Y136.09 E1010.47061
G1 X93.735 Y137.088 E1010.51305
G1 X94.502 Y137.986 E1010.55233
G1 X95.304 Y138.849 E1010.59151
G1 X96.147 Y139.691 E1010.63114
G1 X97.01 Y140.49 E1010.67026
G1 X97.904 Y141.261 E1010.70952
G1 X98.905 Y142.056 E1010.75204
G1 X99.787 Y142.692 E1010.78821
G1 X100.762 Y143.352 E1010.82737
G1 X101.755 Y143.972 E1010.8663
G1 X102.792 Y144.56 E1010.90595
G1 X103.825 Y145.096 E1010.94466
G1 X105.116 Y145.707 E1010.99217
G1 X105.127 Y145.699 E1010.99262
G1 X105.991 Y146.066 E1011.02384
G1 X107.096 Y146.487 E1011.06317
G1 X108.201 Y146.861 E1011.10197
G1 X109.333 Y147.195 E1011.14123
G1 X110.49 Y147.489 E1011.18093
G1 X111.73 Y147.755 E1011.22311
G1 X112.791 Y147.934 E1011.2589
G1 X113.924 Y148.089 E1011.29693
G1 X115.136 Y148.204 E1011.33743
G1 X116.328 Y148.276 E1011.37714
G1 X117.5 Y148.295 E1011.41613
G0 F15000 X117.5 Y147.531
;TYPE:SKIN
G1 F3000 X116.364 Y147.516 E1011.45392
G1 X115.188 Y147.444 E1011.4931
G1 X114.004 Y147.333 E1011.53266
G1 X112.767 Y147.158 E1011.57421
G1 X111.866 Y147.003 E1011.60462
G1 X110.67 Y146.749 E1011.64528
G1 X109.529 Y146.459 E1011.68444
G1 X108.425 Y146.133 E1011.72273
G1 X107.36 Y145.775 E1011.7601
G1 X106.267 Y145.358 E1011.79901
G1 X105.447 Y145.008 E1011.82866
G1 X105.423 Y145.01 E1011.82946
G1 X104.157 Y144.412 E1011.87603
G1 X103.156 Y143.892 E1011.91355
G1 X102.135 Y143.312 E1011.9526
G1 X101.102 Y142.664 E1011.99316
G1 X100.219 Y142.064 E1012.02867
G1 X99.365 Y141.448 E1012.06369
G1 X98.384 Y140.669 E1012.10535
G1 X97.51 Y139.918 E1012.14368
G1 X96.679 Y139.147 E1012.18138
G1 X95.844 Y138.313 E1012.22064
G1 X95.074 Y137.487 E1012.25819
G1 X94.319 Y136.596 E1012.29704
G1 X93.548 Y135.634 E1012.33804
G1 X92.924 Y134.769 E1012.37352
G1 X92.276 Y133.814 E1012.4119
G1 X91.668 Y132.837 E1012.45018
G1 X90.974 Y131.617 E1012.49686
G1 X90.982 Y131.604 E1012.49737
G1 X90.576 Y130.819 E1012.52676
G1 X89.983 Y129.571 E1012.57272
G1 X89.988 Y129.544 E1012.57363
G1 X89.63 Y128.712 E1012.60376
G1 X89.221 Y127.64 E1012.64192
G1 X88.859 Y126.563 E1012.67971
G1 X88.529 Y125.447 E1012.71842
G1 X88.247 Y124.326 E1012.75686
G1 X87.989 Y123.129 E1012.79759
G1 X87.814 Y122.117 E1012.83175
G1 X87.659 Y120.977 E1012.87001
G1 X87.548 Y119.804 E1012.9092
G1 X87.48 Y118.636 E1012.94811
G1 X87.461 Y117.507 E1012.98567
G1 X87.48 Y116.36 E1013.02383
G1 X87.548 Y115.188 E1013.06287
G1 X87.659 Y114.015 E1013.10206
G1 X87.814 Y112.879 E1013.14019
G1 X87.989 Y111.863 E1013.17448
G1 X88.247 Y110.666 E1013.21521
G1 X88.526 Y109.553 E1013.25337
G1 X88.855 Y108.437 E1013.29207
G1 X89.221 Y107.352 E1013.33016
G1 X89.634 Y106.279 E1013.3684
G1 X89.985 Y105.442 E1013.39858
G1 X89.981 Y105.425 E1013.39917
G1 X90.576 Y104.174 E1013.44524
G1 X90.982 Y103.393 E1013.47452
G1 X90.974 Y103.38 E1013.47502
G1 X91.668 Y102.155 E1013.52185
G1 X92.276 Y101.177 E1013.56015
G1 X92.928 Y100.212 E1013.59889
G1 X93.603 Y99.294 E1013.63679
G1 X94.323 Y98.392 E1013.67517
G1 X95.074 Y97.509 E1013.71373
G1 X95.849 Y96.675 E1013.7516
G1 X96.667 Y95.853 E1013.79017
G1 X97.51 Y95.078 E1013.82825
G1 X98.384 Y94.322 E1013.86669
G1 X99.357 Y93.548 E1013.90804
G1 X100.227 Y92.92 E1013.94373
G1 X101.177 Y92.276 E1013.9819
G1 X102.135 Y91.68 E1014.01943
G1 X103.156 Y91.1 E1014.05848
G1 X104.157 Y90.58 E1014.096
G1 X105.423 Y89.983 E1014.14255
G1 X105.446 Y89.985 E1014.14332
G1 X106.267 Y89.638 E1014.17297
G1 X107.356 Y89.221 E1014.21175
G1 X108.425 Y88.859 E1014.24929
G1 X109.529 Y88.533 E1014.28758
G1 X110.67 Y88.247 E1014.3267
G1 X111.871 Y87.989 E1014.36756
G1 X112.871 Y87.814 E1014.40132
G1 X114.004 Y87.659 E1014.43936
G1 X115.188 Y87.544 E1014.47892
G1 X116.356 Y87.48 E1014.51783
G1 X117.496 Y87.457 E1014.55575
G1 X118.636 Y87.48 E1014.59368
G1 X119.812 Y87.544 E1014.63285
G1 X120.992 Y87.659 E1014.67228
G1 X122.125 Y87.814 E1014.71032
G1 X123.129 Y87.989 E1014.74421
G1 X124.33 Y88.247 E1014.78507
G1 X125.471 Y88.533 E1014.82419
G1 X126.575 Y88.859 E1014.86248
G1 X127.639 Y89.221 E1014.89986
G1 X128.717 Y89.634 E1014.93826
G1 X129.534 Y89.972 E1014.96767
G1 X129.552 Y89.994 E1014.96861
G1 X130.832 Y90.576 E1015.01538
G1 X131.836 Y91.1 E1015.05305
G1 X132.837 Y91.668 E1015.09133
G1 X133.815 Y92.277 E1015.12964
G1 X134.769 Y92.916 E1015.16784
G1 X135.634 Y93.548 E1015.20347
G1 X136.604 Y94.315 E1015.2446
G1 X137.483 Y95.07 E1015.28314
G1 X138.321 Y95.841 E1015.32101
G1 X139.143 Y96.667 E1015.35977
G1 X139.922 Y97.509 E1015.39792
G1 X140.665 Y98.38 E1015.436
G1 X141.393 Y99.29 E1015.47476
G1 X142.06 Y100.199 E1015.51226
G1 X142.704 Y101.161 E1015.55076
G1 X143.316 Y102.139 E1015.58913
G1 X143.884 Y103.136 E1015.6273
G1 X144.416 Y104.153 E1015.66547
G1 X145.009 Y105.413 E1015.71179
G1 X145.004 Y105.439 E1015.71267
G1 X145.358 Y106.268 E1015.74265
G1 X145.771 Y107.34 E1015.78086
G1 X146.133 Y108.424 E1015.81887
G1 X146.459 Y109.53 E1015.85722
G1 X146.749 Y110.666 E1015.89622
G1 X146.983 Y111.763 E1015.93353
G1 X147.162 Y112.772 E1015.96761
G1 X147.337 Y114.004 E1016.009
G1 X147.448 Y115.184 E1016.04842
G1 X147.516 Y116.332 E1016.08667
G1 X147.535 Y117.484 E1016.12499
G1 X147.516 Y118.636 E1016.16331
G1 X147.448 Y119.808 E1016.20235
G1 X147.337 Y120.976 E1016.24138
G1 X147.182 Y122.112 E1016.27951
G1 X146.983 Y123.229 E1016.31725
G1 X146.749 Y124.326 E1016.35455
G1 X146.463 Y125.447 E1016.39303
G1 X146.137 Y126.56 E1016.43161
G1 X145.775 Y127.64 E1016.46949
G1 X145.362 Y128.712 E1016.5077
G1 X145.004 Y129.553 E1016.5381
G1 X145.009 Y129.579 E1016.53898
G1 X144.424 Y130.815 E1016.58446
G1 X143.896 Y131.832 E1016.62258
G1 X143.323 Y132.837 E1016.66105
G1 X142.719 Y133.815 E1016.69929
G1 X142.068 Y134.781 E1016.73803
G1 X141.4 Y135.694 E1016.77566
G1 X140.673 Y136.608 E1016.8145
G1 X139.926 Y137.478 E1016.85264
G1 X139.151 Y138.313 E1016.89053
G1 X138.321 Y139.147 E1016.92967
G1 X137.482 Y139.922 E1016.96765
G1 X136.608 Y140.673 E1017.00598
G1 X135.718 Y141.38 E1017.04379
G1 X134.781 Y142.064 E1017.08237
G1 X133.819 Y142.712 E1017.12095
G1 X132.853 Y143.316 E1017.15884
G1 X131.844 Y143.888 E1017.19742
G1 X130.918 Y144.373 E1017.23219
G1 X129.585 Y145.005 E1017.28125
G1 X129.561 Y145.003 E1017.28205
G1 X128.725 Y145.358 E1017.31226
G1 X127.632 Y145.775 E1017.35117
G1 X126.575 Y146.133 E1017.38829
G1 X125.471 Y146.459 E1017.42658
G1 X124.326 Y146.749 E1017.46586
G1 X123.125 Y147.003 E1017.50669
G1 X122.224 Y147.166 E1017.53714
G1 X120.993 Y147.333 E1017.57846
G1 X119.804 Y147.444 E1017.61818
G1 X118.636 Y147.516 E1017.6571
G1 X117.5 Y147.531 E1017.69489
G0 F15000 X117.496 Y147.794
G0 X113.989 Y147.532
G0 X111.836 Y147.205
G0 X109.482 Y146.654
G0 X107.286 Y145.96
G0 X105.352 Y145.193
G0 X103.059 Y144.067
G0 X101.446 Y143.108
G0 X98.911 Y141.422
G0 X99.199 Y141.06
G1 F3000 X93.928 Y135.789 E1017.94282
G0 F15000 X93.568 Y136.075
G0 X92.135 Y134.065
G0 X92.515 Y133.81
G1 F3000 X101.184 Y142.479 E1018.35058
G0 F15000 X100.926 Y142.858
G0 X102.409 Y143.767
G0 X102.637 Y143.367
G1 F3000 X91.623 Y132.352 E1018.86867
G0 F15000 X91.224 Y132.578
G0 X90.549 Y131.332
G0 X90.958 Y131.122
G1 F3000 X103.877 Y144.04 E1019.47632
G0 F15000 X103.664 Y144.448
G0 X104.785 Y144.996
G0 X104.982 Y144.58
G1 F3000 X90.415 Y130.013 E1020.16151
G0 F15000 X89.999 Y130.209
G0 X89.553 Y129.187
G0 X89.974 Y129.007
G1 F3000 X105.99 Y145.023 E1020.91485
G0 F15000 X105.81 Y145.446
G0 X106.767 Y145.826
G0 X106.931 Y145.397
G1 F3000 X89.596 Y128.063 E1021.73021
G0 F15000 X89.276 Y127.177
G1 F3000 X107.816 Y145.717 E1022.60228
G0 F15000 X108.658 Y145.993
G1 F3000 X89.001 Y126.336 E1023.52688
G0 F15000 X88.763 Y125.533
G1 F3000 X109.46 Y146.23 E1024.5004
G0 F15000 X110.226 Y146.43
G1 F3000 X88.564 Y124.768 E1025.51932
G0 F15000 X88.387 Y124.025
G1 F3000 X110.97 Y146.608 E1026.58155
G0 F15000 X111.688 Y146.761
G1 F3000 X88.231 Y123.303 E1027.68492
G0 F15000 X88.101 Y122.608
G1 F3000 X112.382 Y146.889 E1028.82703
G0 F15000 X113.055 Y146.996
G1 F3000 X87.99 Y121.931 E1030.00601
G0 F15000 X87.902 Y121.277
G1 F3000 X113.714 Y147.09 E1031.22015
G0 F15000 X114.355 Y147.164
G1 F3000 X87.828 Y120.637 E1032.4679
G0 F15000 X87.768 Y120.012
G1 F3000 X114.98 Y147.224 E1033.74787
G0 F15000 X115.59 Y147.268
G1 F3000 X87.724 Y119.403 E1035.05857
G0 F15000 X87.69 Y118.802
G1 F3000 X116.192 Y147.304 E1036.39922
G0 F15000 X116.774 Y147.321
G1 F3000 X87.673 Y118.22 E1037.76804
G0 F15000 X87.664 Y117.645
G1 F3000 X117.348 Y147.329 E1039.16429
G0 F15000 X117.91 Y147.326
G1 F3000 X87.668 Y117.083 E1040.5868
G0 F15000 X87.677 Y116.527
G1 F3000 X118.468 Y147.318 E1042.03512
G0 F15000 X119.008 Y147.292
G1 F3000 X87.702 Y115.986 E1043.50765
G0 F15000 X87.732 Y115.451
G1 F3000 X119.541 Y147.26 E1045.00385
G0 F15000 X120.066 Y147.219
G1 F3000 X87.773 Y114.926 E1046.52282
G0 F15000 X87.822 Y114.409
G1 F3000 X120.583 Y147.17 E1048.06379
G0 F15000 X121.095 Y147.116
G1 F3000 X87.876 Y113.898 E1049.62629
G0 F15000 X87.945 Y113.401
G1 F3000 X121.593 Y147.049 E1051.20899
G0 F15000 X122.092 Y146.982
G1 F3000 X88.013 Y112.903 E1052.81196
G0 F15000 X88.096 Y112.42
G1 F3000 X122.575 Y146.899 E1054.43375
G0 F15000 X123.054 Y146.812
G1 F3000 X88.178 Y111.937 E1056.07418
G0 F15000 X88.277 Y111.47
G1 F3000 X123.521 Y146.714 E1057.73195
G0 F15000 X123.988 Y146.615
G1 F3000 X88.378 Y111.005 E1059.40694
G0 F15000 X88.483 Y110.545
G1 F3000 X124.449 Y146.51 E1061.09864
G0 F15000 X124.901 Y146.397
G1 F3000 X88.596 Y110.092 E1062.80632
G0 F15000 X88.71 Y109.64
G1 F3000 X125.352 Y146.283 E1064.52987
G0 F15000 X125.791 Y146.155
G1 F3000 X88.837 Y109.202 E1066.26805
G0 F15000 X88.967 Y108.766
G1 F3000 X126.228 Y146.027 E1068.02069
G0 F15000 X126.659 Y145.892
G1 F3000 X89.1 Y108.334 E1069.78733
G0 F15000 X89.243 Y107.911
G1 F3000 X127.082 Y145.75 E1071.56716
G0 F15000 X127.505 Y145.607
G1 F3000 X89.385 Y107.487 E1073.36021
G0 F15000 X89.541 Y107.077
G1 F3000 X127.916 Y145.452 E1075.16525
G0 F15000 X128.325 Y145.296
G1 F3000 X89.698 Y106.668 E1076.98217
G0 F15000 X89.858 Y106.263
G1 F3000 X128.732 Y145.136 E1078.81066
G0 F15000 X129.129 Y144.968
G1 F3000 X90.025 Y105.864 E1080.64999
G0 F15000 X90.186 Y105.459
G1 F3000 X129.534 Y144.808 E1082.50083
G0 F15000 X129.918 Y144.626
G1 F3000 X90.368 Y105.076 E1084.36114
G0 F15000 X90.551 Y104.693
G1 F3000 X130.301 Y144.444 E1086.23088
G0 F15000 X130.685 Y144.262
G1 F3000 X90.733 Y104.31 E1088.1101
G0 F15000 X90.925 Y103.936
G1 F3000 X131.061 Y144.072 E1089.99797
G0 F15000 X131.432 Y143.877
G1 F3000 X91.118 Y103.563 E1091.89422
G0 F15000 X91.311 Y103.19
G1 F3000 X131.801 Y143.681 E1093.79877
G0 F15000 X132.163 Y143.476
G1 F3000 X91.515 Y102.829 E1095.7107
G0 F15000 X91.72 Y102.468
G1 F3000 X132.524 Y143.272 E1097.63
G0 F15000 X132.88 Y143.063
G1 F3000 X91.93 Y102.112 E1099.55618
G0 F15000 X92.147 Y101.763
G1 F3000 X133.228 Y142.845 E1101.48853
G0 F15000 X133.576 Y142.627
G1 F3000 X92.363 Y101.414 E1103.42706
G0 F15000 X92.587 Y101.072
G1 F3000 X133.918 Y142.404 E1105.37117
G0 F15000 X134.256 Y142.176
G1 F3000 X92.815 Y100.734 E1107.32045
G0 F15000 X93.043 Y100.397
G1 F3000 X134.594 Y141.948 E1109.27488
G0 F15000 X134.924 Y141.712
G1 F3000 X93.28 Y100.068 E1111.23369
G0 F15000 X93.521 Y99.743
G1 F3000 X135.25 Y141.473 E1113.19652
G0 F15000 X135.578 Y141.235
G1 F3000 X93.76 Y99.417 E1115.16351
G0 F15000 X94.011 Y99.102
G1 F3000 X135.894 Y140.985 E1117.13356
G0 F15000 X136.209 Y140.735
G1 F3000 X94.262 Y98.788 E1119.10661
G0 F15000 X94.515 Y98.475
G1 F3000 X136.523 Y140.483 E1121.08254
G0 F15000 X136.827 Y140.221
G1 F3000 X94.774 Y98.168 E1123.06059
G0 F15000 X95.034 Y97.863
G1 F3000 X137.131 Y139.96 E1125.0407
G0 F15000 X137.433 Y139.695
G1 F3000 X95.298 Y97.561 E1127.02258
G0 F15000 X95.57 Y97.267
G1 F3000 X137.726 Y139.423 E1129.00547
G0 F15000 X138.02 Y139.152
G1 F3000 X95.843 Y96.974 E1130.98937
G0 F15000 X96.12 Y96.686
G1 F3000 X138.309 Y138.875 E1132.97381
G0 F15000 X138.592 Y138.592
G1 F3000 X96.402 Y96.402 E1134.9583
G0 F15000 X96.684 Y96.118
G1 F3000 X138.874 Y138.309 E1136.94281
G0 F15000 X139.152 Y138.02
G1 F3000 X96.974 Y95.843 E1138.92671
G0 F15000 X97.269 Y95.572
G1 F3000 X139.424 Y137.727 E1140.90955
G0 F15000 X139.696 Y137.433
G1 F3000 X97.564 Y95.301 E1142.89131
G0 F15000 X97.865 Y95.037
G1 F3000 X139.96 Y137.132 E1144.87133
G0 F15000 X140.222 Y136.828
G1 F3000 X98.168 Y94.774 E1146.84942
G0 F15000 X98.472 Y94.512
G1 F3000 X140.484 Y136.524 E1148.82554
G0 F15000 X140.735 Y136.21
G1 F3000 X98.785 Y94.259 E1150.79876
G0 F15000 X99.1 Y94.008
G1 F3000 X140.986 Y135.895 E1152.76897
G0 F15000 X141.236 Y135.579
G1 F3000 X99.414 Y93.757 E1154.73615
G0 F15000 X99.74 Y93.518
G1 F3000 X141.476 Y135.253 E1156.69926
G0 F15000 X141.715 Y134.927
G1 F3000 X100.069 Y93.281 E1158.65816
G0 F15000 X100.4 Y93.046
G1 F3000 X141.951 Y134.597 E1160.61259
G0 F15000 X142.179 Y134.259
G1 F3000 X100.737 Y92.817 E1162.5619
G0 F15000 X101.074 Y92.589
G1 F3000 X142.406 Y133.921 E1164.50603
G0 F15000 X142.63 Y133.579
G1 F3000 X101.415 Y92.364 E1166.44465
G0 F15000 X101.764 Y92.147
G1 F3000 X142.846 Y133.23 E1168.37705
G0 F15000 X143.062 Y132.88
G1 F3000 X102.113 Y91.93 E1170.30319
G0 F15000 X102.469 Y91.721
G1 F3000 X143.272 Y132.524 E1172.22244
G0 F15000 X143.477 Y132.163
G1 F3000 X102.83 Y91.517 E1174.13432
G0 F15000 X103.191 Y91.312
G1 F3000 X143.683 Y131.803 E1176.03892
G0 F15000 X143.878 Y131.433
G1 F3000 X103.561 Y91.116 E1177.93531
G0 F15000 X103.933 Y90.922
G1 F3000 X144.072 Y131.061 E1179.82332
G0 F15000 X144.264 Y130.687
G1 F3000 X104.307 Y90.73 E1181.70278
G0 F15000 X104.691 Y90.549
G1 F3000 X144.446 Y130.304 E1183.57273
G0 F15000 X144.627 Y129.92
G1 F3000 X105.075 Y90.368 E1185.43314
G0 F15000 X105.46 Y90.187
G1 F3000 X144.809 Y129.536 E1187.28399
G0 F15000 X144.968 Y129.129
G1 F3000 X105.864 Y90.025 E1189.12332
G0 F15000 X106.263 Y89.858
G1 F3000 X145.137 Y128.732 E1190.95184
G0 F15000 X145.298 Y128.327
G1 F3000 X106.669 Y89.699 E1192.7688
G0 F15000 X107.078 Y89.542
G1 F3000 X145.455 Y127.918 E1194.57392
G0 F15000 X145.61 Y127.508
G1 F3000 X107.489 Y89.387 E1196.36701
G0 F15000 X107.912 Y89.245
G1 F3000 X145.751 Y127.083 E1198.14682
G0 F15000 X145.892 Y126.659
G1 F3000 X108.334 Y89.101 E1199.91343
G0 F15000 X108.766 Y88.967
G1 F3000 X146.026 Y126.227 E1201.66603
G0 F15000 X146.154 Y125.789
G1 F3000 X109.203 Y88.838 E1203.40409
G0 F15000 X109.642 Y88.711
G1 F3000 X146.281 Y125.351 E1205.1275
G0 F15000 X146.397 Y124.901
G1 F3000 X110.094 Y88.598 E1206.83508
G0 F15000 X110.546 Y88.485
G1 F3000 X146.511 Y124.449 E1208.52674
G0 F15000 X146.616 Y123.989
G1 F3000 X111.007 Y88.38 E1210.20168
G0 F15000 X111.473 Y88.279
G1 F3000 X146.716 Y123.523 E1211.85943
G0 F15000 X146.812 Y123.053
G1 F3000 X111.939 Y88.18 E1213.49974
G0 F15000 X112.421 Y88.096
G1 F3000 X146.897 Y122.573 E1215.12141
G0 F15000 X146.982 Y122.092
G1 F3000 X112.902 Y88.012 E1216.72443
G0 F15000 X113.4 Y87.944
G1 F3000 X147.051 Y121.595 E1218.30727
G0 F15000 X147.119 Y121.098
G1 F3000 X113.898 Y87.876 E1219.86991
G0 F15000 X114.408 Y87.821
G1 F3000 X147.174 Y120.586 E1221.4111
G0 F15000 X147.222 Y120.07
G1 F3000 X114.923 Y87.77 E1222.93037
G0 F15000 X115.449 Y87.73
G1 F3000 X147.263 Y119.545 E1224.42682
G0 F15000 X147.295 Y119.01
G1 F3000 X115.985 Y87.701 E1225.89953
G0 F15000 X116.527 Y87.677
G1 F3000 X147.319 Y118.469 E1227.34789
G0 F15000 X147.329 Y117.913
G1 F3000 X117.081 Y87.666 E1228.77064
G0 F15000 X117.642 Y87.661
G1 F3000 X147.333 Y117.352 E1230.16721
G0 F15000 X147.324 Y116.777
G1 F3000 X118.219 Y87.672 E1231.53622
G0 F15000 X118.802 Y87.69
G1 F3000 X147.308 Y116.195 E1232.87703
G0 F15000 X147.273 Y115.594
G1 F3000 X119.4 Y87.722 E1234.18807
G0 F15000 X120.008 Y87.764
G1 F3000 X147.23 Y114.985 E1235.46849
G0 F15000 X147.17 Y114.36
G1 F3000 X120.635 Y87.825 E1236.71661
G0 F15000 X121.276 Y87.9
G1 F3000 X147.095 Y113.72 E1237.93108
G0 F15000 X147.001 Y113.06
G1 F3000 X121.931 Y87.99 E1239.1103
G0 F15000 X122.608 Y88.101
G1 F3000 X146.89 Y112.383 E1240.25245
G0 F15000 X146.764 Y111.691
G1 F3000 X123.304 Y88.231 E1241.35593
G0 F15000 X124.024 Y88.386
G1 F3000 X146.61 Y110.972 E1242.41831
G0 F15000 X146.431 Y110.227
G1 F3000 X124.767 Y88.563 E1243.43732
G0 F15000 X125.528 Y88.759
G1 F3000 X146.23 Y109.461 E1244.41108
G0 F15000 X145.994 Y108.658
G1 F3000 X126.331 Y88.996 E1245.33594
G0 F15000 X127.175 Y89.274
G1 F3000 X145.721 Y107.82 E1246.20829
G0 F15000 X145.401 Y106.934
G1 F3000 X128.065 Y89.598 E1247.02372
G0 F15000 X128.229 Y89.169
G0 X129.898 Y89.867
G0 X129.001 Y89.969
G1 F3000 X145.023 Y105.99 E1247.77732
G0 F15000 X145.446 Y105.811
G0 X145.005 Y104.799
G0 X144.591 Y104.993
G1 F3000 X130.028 Y90.43 E1248.46232
G0 F15000 X129.948 Y89.89
G0 X131.324 Y90.542
G0 X131.112 Y90.948
G1 F3000 X144.053 Y103.889 E1249.07103
G0 F15000 X144.459 Y103.678
G0 X143.772 Y102.416
G0 X143.372 Y102.643
G1 F3000 X132.353 Y91.624 E1249.58933
G0 F15000 X132.581 Y91.226
G0 X134.065 Y92.133
G0 X133.809 Y92.514
G1 F3000 X142.476 Y101.181 E1249.997
G0 F15000 X142.86 Y100.924
G0 X141.442 Y98.935
G0 X141.082 Y99.221
G1 F3000 X135.776 Y93.915 E1250.24657
G1 F2700 E1245.24657
;MESH:NONMESH
G0 F300 X135.776 Y93.915 Z0.8
G0 F15000 X136.062 Y93.555
G0 X138.464 Y95.705
G0 X140.079 Y97.383
G0 X141.555 Y99.174
G0 X142.877 Y101.058
G0 X144.064 Y103.048
G0 X145.186 Y105.364
G0 X145.956 Y107.27
G0 X146.654 Y109.483
G0 X147.185 Y111.733
G0 X147.536 Y113.99
G0 X147.715 Y116.335
G0 X147.715 Y118.65
G0 X147.536 Y121.007
G0 X147.185 Y123.262
G0 X146.658 Y125.502
G0 X145.96 Y127.714
G0 X145.193 Y129.644
G0 X144.068 Y131.936
G0 X142.885 Y133.93
G0 X141.555 Y135.822
G0 X140.079 Y137.613
G0 X138.464 Y139.287
G0 X136.743 Y140.824
G0 X134.889 Y142.233
G0 X132.954 Y143.49
G0 X130.921 Y144.594
G0 X128.795 Y145.546
G0 X126.63 Y146.327
G0 X124.382 Y146.942
G0 X122.121 Y147.38
G0 X119.817 Y147.645
G0 X118.637 Y147.714
G0 X118.675 Y149.142
G0 X118.705 Y149.808
G0 X117.5 Y151.093
;TIME_ELAPSED:1369.043495
;LAYER:3
M106 S255
;TYPE:WALL-INNER
;MESH:Base.stl
G1 F2700 E1250.24657
G1 F3000 X116.556 Y151.084 E1250.27797
G1 X115.296 Y151.026 E1250.31992
G1 X114.064 Y150.92 E1250.36105
G1 X112.813 Y150.769 E1250.40296
G1 X111.587 Y150.573 E1250.44426
G1 X110.353 Y150.328 E1250.4861
G1 X109.149 Y150.043 E1250.52725
G1 X107.945 Y149.712 E1250.56878
G1 X106.746 Y149.33 E1250.61064
G1 X105.59 Y148.918 E1250.65146
G1 X104.44 Y148.458 E1250.69265
G1 X103.574 Y148.071 E1250.7242
G1 X103.565 Y148.078 E1250.72458
G1 X102.176 Y147.404 E1250.77593
G1 X101.052 Y146.798 E1250.8184
G1 X99.971 Y146.163 E1250.8601
G1 X98.848 Y145.453 E1250.90429
G1 X97.921 Y144.805 E1250.94191
G1 X96.895 Y144.04 E1250.98447
G1 X95.925 Y143.257 E1251.02594
G1 X94.974 Y142.427 E1251.06792
G1 X94.061 Y141.575 E1251.10945
G1 X93.19 Y140.695 E1251.15064
G1 X92.335 Y139.766 E1251.19263
G1 X91.54 Y138.834 E1251.23337
G1 X90.76 Y137.847 E1251.27521
G1 X90.023 Y136.842 E1251.31666
G1 X89.322 Y135.802 E1251.35838
G1 X88.655 Y134.732 E1251.40032
G1 X88.032 Y133.647 E1251.44193
G1 X87.458 Y132.551 E1251.48308
G1 X86.917 Y131.415 E1251.52493
G1 X86.424 Y130.278 E1251.56615
G1 X85.969 Y129.106 E1251.60796
G1 X85.558 Y127.924 E1251.64958
G1 X85.196 Y126.74 E1251.69076
G1 X84.87 Y125.522 E1251.7327
G1 X84.594 Y124.304 E1251.77424
G1 X84.362 Y123.075 E1251.81584
G1 X84.183 Y121.852 E1251.85695
G1 X84.043 Y120.62 E1251.89819
G1 X83.952 Y119.368 E1251.93994
G1 X83.904 Y118.116 E1251.98161
G1 X83.904 Y116.892 E1252.02232
G1 X83.953 Y115.608 E1252.06506
G1 X84.043 Y114.371 E1252.10631
G1 X84.186 Y113.125 E1252.14803
G1 X84.366 Y111.896 E1252.18934
G1 X84.599 Y110.666 E1252.23098
G1 X84.876 Y109.453 E1252.27236
G1 X85.202 Y108.232 E1252.31439
G1 X85.565 Y107.05 E1252.35552
G1 X85.976 Y105.87 E1252.39708
G1 X86.433 Y104.697 E1252.43895
G1 X86.925 Y103.562 E1252.48009
G1 X87.469 Y102.42 E1252.52216
G1 X88.043 Y101.328 E1252.5632
G1 X88.666 Y100.246 E1252.60472
G1 X89.334 Y99.176 E1252.64668
G1 X90.028 Y98.149 E1252.6879
G1 X90.764 Y97.144 E1252.72933
G1 X91.54 Y96.161 E1252.77099
G1 X92.353 Y95.214 E1252.8125
G1 X93.205 Y94.285 E1252.85443
G1 X94.078 Y93.405 E1252.89566
G1 X94.989 Y92.555 E1252.9371
G1 X95.943 Y91.725 E1252.97915
G1 X96.91 Y90.944 E1253.0205
G1 X97.939 Y90.177 E1253.06318
G1 X98.868 Y89.538 E1253.10069
G1 X99.987 Y88.822 E1253.14487
G1 X101.076 Y88.183 E1253.18687
G1 X102.177 Y87.592 E1253.22843
G1 X103.288 Y87.051 E1253.26953
G1 X104.44 Y86.539 E1253.31146
G1 X105.59 Y86.078 E1253.35266
G1 X106.765 Y85.66 E1253.39414
G1 X107.969 Y85.277 E1253.43617
G1 X109.169 Y84.948 E1253.47755
G1 X110.375 Y84.663 E1253.51877
G1 X111.613 Y84.419 E1253.56074
G1 X112.836 Y84.224 E1253.60193
G1 X114.084 Y84.074 E1253.64374
G1 X115.32 Y83.968 E1253.685
G1 X116.578 Y83.912 E1253.72688
G1 X117.807 Y83.899 E1253.76776
G1 X119.082 Y83.933 E1253.81018
G1 X120.32 Y84.019 E1253.85145
G1 X121.556 Y84.141 E1253.89276
G1 X122.799 Y84.317 E1253.93452
G1 X124.018 Y84.537 E1253.97572
G1 X125.238 Y84.798 E1254.01721
G1 X126.462 Y85.116 E1254.05928
G1 X127.748 Y85.493 E1254.10385
G1 X128.846 Y85.871 E1254.14247
G1 X130.01 Y86.315 E1254.18391
G1 X131.151 Y86.796 E1254.22509
G1 X132.281 Y87.325 E1254.26659
G1 X133.407 Y87.901 E1254.30866
G1 X134.48 Y88.507 E1254.34964
G1 X135.56 Y89.164 E1254.39169
G1 X136.59 Y89.848 E1254.43281
G1 X137.616 Y90.585 E1254.47483
G1 X138.593 Y91.343 E1254.51596
G1 X139.559 Y92.15 E1254.55782
G1 X140.48 Y92.982 E1254.5991
G1 X141.37 Y93.853 E1254.64052
G1 X142.241 Y94.765 E1254.68247
G1 X143.072 Y95.703 E1254.72415
G1 X143.854 Y96.656 E1254.76515
G1 X144.619 Y97.662 E1254.80718
G1 X145.332 Y98.672 E1254.8483
G1 X146.02 Y99.732 E1254.89033
G1 X146.65 Y100.79 E1254.93129
G1 X147.253 Y101.886 E1254.9729
G1 X147.818 Y103.014 E1255.01486
G1 X148.331 Y104.139 E1255.05598
G1 X148.804 Y105.286 E1255.09725
G1 X149.239 Y106.468 E1255.13914
G1 X149.593 Y107.55 E1255.177
G1 X149.967 Y108.855 E1255.22215
G1 X150.268 Y110.07 E1255.26379
G1 X150.52 Y111.292 E1255.30529
G1 X150.727 Y112.525 E1255.34687
G1 X150.89 Y113.763 E1255.3884
G1 X151.004 Y114.965 E1255.42856
G1 X151.076 Y116.252 E1255.47143
G1 X151.1 Y117.504 E1255.51308
G1 X151.076 Y118.767 E1255.5551
G1 X151.002 Y120.053 E1255.59794
G1 X150.888 Y121.254 E1255.63806
G1 X150.732 Y122.46 E1255.67851
G1 X150.52 Y123.71 E1255.72068
G1 X150.263 Y124.949 E1255.76277
G1 X149.965 Y126.149 E1255.80389
G1 X149.623 Y127.346 E1255.8453
G1 X149.236 Y128.535 E1255.88688
G1 X148.799 Y129.721 E1255.92892
G1 X148.339 Y130.838 E1255.9691
G1 X147.809 Y132.001 E1256.01161
G1 X147.25 Y133.118 E1256.05315
G1 X146.64 Y134.224 E1256.09516
G1 X146.007 Y135.284 E1256.13623
G1 X145.323 Y136.333 E1256.17788
G1 X144.606 Y137.352 E1256.21932
G1 X143.841 Y138.357 E1256.26133
G1 X143.066 Y139.301 E1256.30195
G1 X142.226 Y140.247 E1256.34403
G1 X141.363 Y141.151 E1256.3856
G1 X140.463 Y142.026 E1256.42735
G1 X139.535 Y142.862 E1256.46889
G1 X138.585 Y143.658 E1256.51011
G1 X137.617 Y144.411 E1256.5509
G1 X136.578 Y145.157 E1256.59345
G1 X135.54 Y145.846 E1256.63488
G1 X134.476 Y146.491 E1256.67627
G1 X133.385 Y147.107 E1256.71794
G1 X132.263 Y147.68 E1256.75984
G1 X131.13 Y148.209 E1256.80143
G1 X129.99 Y148.689 E1256.84257
G1 X128.813 Y149.137 E1256.88446
G1 X127.63 Y149.536 E1256.92598
G1 X126.442 Y149.886 E1256.96717
G1 X125.35 Y150.166 E1257.00467
G1 X124.01 Y150.463 E1257.05032
G1 X122.789 Y150.681 E1257.09157
G1 X121.55 Y150.856 E1257.13319
G1 X120.302 Y150.979 E1257.1749
G1 X119.056 Y151.064 E1257.21644
G1 X117.794 Y151.096 E1257.25843
G1 X117.5 Y151.093 E1257.26821
G1 F2700 E1252.26821
G0 F15000 X117.5 Y157.213
G0 X117.5 Y157.393
G1 F2700 E1257.26821
G1 F3000 X117.799 Y157.396 E1257.27815
G1 X119.131 Y157.364 E1257.32247
G1 X120.479 Y157.285 E1257.36738
G1 X121.993 Y157.147 E1257.41794
G1 X123.169 Y156.994 E1257.45739
G1 X124.482 Y156.781 E1257.50163
G1 X125.799 Y156.525 E1257.54625
G1 X127.115 Y156.221 E1257.59117
G1 X128.399 Y155.878 E1257.63538
G1 X129.693 Y155.488 E1257.68033
G1 X130.965 Y155.059 E1257.72498
G1 X132.263 Y154.566 E1257.77116
G1 X133.447 Y154.07 E1257.81385
G1 X134.67 Y153.514 E1257.85854
G1 X135.923 Y152.89 E1257.90509
G1 X137.104 Y152.25 E1257.94977
G1 X138.283 Y151.559 E1257.99522
G1 X139.372 Y150.865 E1258.03817
G1 X140.367 Y150.188 E1258.0782
G1 X141.531 Y149.348 E1258.12594
G1 X142.594 Y148.517 E1258.17082
G1 X143.619 Y147.658 E1258.2153
G1 X144.62 Y146.763 E1258.25996
G1 X145.589 Y145.833 E1258.30463
G1 X146.523 Y144.876 E1258.34911
G1 X147.453 Y143.855 E1258.39504
G1 X148.296 Y142.862 E1258.43837
G1 X149.164 Y141.774 E1258.48466
G1 X149.961 Y140.696 E1258.52925
G1 X150.72 Y139.595 E1258.57373
G1 X151.445 Y138.464 E1258.61841
G1 X152.103 Y137.361 E1258.66113
G1 X152.753 Y136.183 E1258.70588
G1 X153.359 Y134.991 E1258.75035
G1 X154.037 Y133.508 E1258.80459
G1 X154.051 Y133.504 E1258.80507
G1 X154.455 Y132.543 E1258.83974
G1 X154.94 Y131.288 E1258.88449
G1 X155.342 Y130.138 E1258.92501
G1 X155.78 Y128.749 E1258.97345
G1 X156.138 Y127.454 E1259.01814
G1 X156.473 Y126.055 E1259.06599
G1 X156.725 Y124.793 E1259.10879
G1 X156.95 Y123.466 E1259.15356
G1 X157.108 Y122.284 E1259.19322
G1 X157.258 Y120.864 E1259.24071
G1 X157.348 Y119.517 E1259.28561
G1 X157.396 Y118.126 E1259.33191
G1 X157.391 Y116.79 E1259.37634
G1 X157.351 Y115.551 E1259.41757
G1 X157.258 Y114.155 E1259.46411
G1 X157.124 Y112.835 E1259.50824
G1 X156.934 Y111.442 E1259.555
G1 X156.71 Y110.131 E1259.59923
G1 X156.477 Y108.965 E1259.63878
G1 X156.142 Y107.566 E1259.68663
G1 X155.788 Y106.273 E1259.73121
G1 X155.386 Y104.984 E1259.77612
G1 X154.944 Y103.716 E1259.82079
G1 X154.441 Y102.424 E1259.8669
G1 X154.018 Y101.436 E1259.90265
G1 X154.024 Y101.427 E1259.90301
G1 X153.372 Y100.031 E1259.95425
G1 X152.761 Y98.826 E1259.99919
G1 X152.111 Y97.651 E1260.04385
G1 X151.425 Y96.5 E1260.08842
G1 X150.7 Y95.369 E1260.1331
G1 X149.94 Y94.27 E1260.17754
G1 X149.139 Y93.19 E1260.22226
G1 X148.308 Y92.142 E1260.26675
G1 X147.438 Y91.122 E1260.31134
G1 X146.535 Y90.132 E1260.3559
G1 X145.601 Y89.171 E1260.40048
G1 X144.632 Y88.244 E1260.44508
G1 X143.642 Y87.354 E1260.48935
G1 X142.567 Y86.456 E1260.53594
G1 X141.55 Y85.663 E1260.57884
G1 X140.395 Y84.816 E1260.62647
G1 X139.316 Y84.092 E1260.66969
G1 X138.303 Y83.453 E1260.70953
G1 X137.076 Y82.731 E1260.75688
G1 X135.694 Y81.983 E1260.80915
G1 X135.686 Y81.988 E1260.80946
G1 X134.685 Y81.49 E1260.84665
G1 X133.467 Y80.934 E1260.89118
G1 X132.229 Y80.414 E1260.93584
G1 X130.986 Y79.946 E1260.98001
G1 X129.668 Y79.5 E1261.02629
G1 X128.546 Y79.157 E1261.06532
G1 X127.027 Y78.751 E1261.11761
G1 X125.824 Y78.476 E1261.15865
G1 X124.459 Y78.211 E1261.2049
G1 X123.142 Y77.999 E1261.24927
G1 X121.902 Y77.841 E1261.29085
G1 X120.399 Y77.703 E1261.34105
G1 X119.179 Y77.632 E1261.38169
G1 X117.843 Y77.601 E1261.42614
G1 X116.512 Y77.612 E1261.47041
G1 X115.172 Y77.667 E1261.51502
G1 X113.824 Y77.77 E1261.55998
G1 X112.442 Y77.922 E1261.60622
G1 X111.112 Y78.113 E1261.65091
G1 X109.848 Y78.337 E1261.69361
G1 X108.548 Y78.617 E1261.73784
G1 X107.243 Y78.94 E1261.78255
G1 X105.897 Y79.324 E1261.82911
G1 X104.721 Y79.698 E1261.87015
G1 X103.405 Y80.17 E1261.91665
G1 X102.16 Y80.666 E1261.96123
G1 X100.941 Y81.198 E1262.00546
G1 X99.72 Y81.778 E1262.05042
G1 X98.542 Y82.392 E1262.09461
G1 X97.363 Y83.055 E1262.1396
G1 X96.216 Y83.748 E1262.18417
G1 X95.105 Y84.477 E1262.22836
G1 X93.997 Y85.254 E1262.27338
G1 X92.926 Y86.061 E1262.31798
G1 X91.894 Y86.896 E1262.36213
G1 X90.873 Y87.783 E1262.40711
G1 X89.892 Y88.694 E1262.45164
G1 X88.938 Y89.64 E1262.49633
G1 X88.016 Y90.613 E1262.54091
G1 X87.134 Y91.617 E1262.58536
G1 X86.282 Y92.65 E1262.62989
G1 X85.465 Y93.712 E1262.67446
G1 X84.682 Y94.806 E1262.71921
G1 X83.937 Y95.921 E1262.76381
G1 X83.204 Y97.104 E1262.81009
G1 X82.449 Y98.423 E1262.86064
G1 X82.454 Y98.431 E1262.86096
G1 X81.983 Y99.318 E1262.89436
G1 X81.352 Y100.603 E1262.94197
G1 X80.76 Y101.933 E1262.99039
G1 X80.296 Y103.077 E1263.03145
G1 X79.815 Y104.382 E1263.07771
G1 X79.45 Y105.491 E1263.11655
G1 X79.039 Y106.888 E1263.16498
G1 X78.688 Y108.241 E1263.21147
G1 X78.408 Y109.505 E1263.25453
G1 X78.152 Y110.869 E1263.30069
G1 X77.959 Y112.145 E1263.34361
G1 X77.802 Y113.477 E1263.38822
G1 X77.687 Y114.852 E1263.43411
G1 X77.62 Y116.2 E1263.479
G1 X77.6 Y117.491 E1263.52195
G1 X77.622 Y118.77 E1263.56449
G1 X77.691 Y120.172 E1263.61118
G1 X77.801 Y121.495 E1263.65534
G1 X77.959 Y122.827 E1263.69995
G1 X78.16 Y124.152 E1263.74452
G1 X78.404 Y125.472 E1263.78917
G1 X78.696 Y126.78 E1263.83374
G1 X79.031 Y128.089 E1263.87869
G1 X79.437 Y129.481 E1263.92691
G1 X79.822 Y130.637 E1263.96744
G1 X80.306 Y131.94 E1264.01367
G1 X80.792 Y133.136 E1264.05661
G1 X81.344 Y134.37 E1264.10157
G1 X81.951 Y135.613 E1264.14758
G1 X82.605 Y136.846 E1264.194
G1 X83.22 Y137.912 E1264.23493
G1 X83.93 Y139.064 E1264.27994
G1 X84.666 Y140.171 E1264.32415
G1 X85.446 Y141.262 E1264.36876
G1 X86.27 Y142.329 E1264.4136
G1 X87.148 Y143.394 E1264.45951
G1 X88 Y144.368 E1264.50255
G1 X88.922 Y145.34 E1264.54711
G1 X89.866 Y146.278 E1264.59137
G1 X90.929 Y147.26 E1264.6395
G1 X91.878 Y148.084 E1264.6813
G1 X92.91 Y148.919 E1264.72546
G1 X93.982 Y149.731 E1264.77019
G1 X95.086 Y150.507 E1264.81507
G1 X96.196 Y151.236 E1264.85924
G1 X97.386 Y151.954 E1264.90546
G1 X98.522 Y152.592 E1264.9488
G1 X99.7 Y153.206 E1264.99298
G1 X100.966 Y153.81 E1265.03963
G1 X102.186 Y154.34 E1265.08388
G1 X103.437 Y154.838 E1265.12866
G1 X104.646 Y155.271 E1265.17137
G1 X105.918 Y155.681 E1265.21582
G1 X107.266 Y156.063 E1265.26242
G1 X108.523 Y156.375 E1265.3055
G1 X109.871 Y156.663 E1265.35135
G1 X111.144 Y156.887 E1265.39434
G1 X112.469 Y157.08 E1265.43887
G1 X113.795 Y157.226 E1265.48324
G1 X115.084 Y157.32 E1265.52623
G1 X116.473 Y157.383 E1265.57247
G1 X117.5 Y157.393 E1265.60663
G0 F15000 X117.5 Y157.793
;TYPE:WALL-OUTER
G1 F3000 X117.802 Y157.796 E1265.61668
G1 X119.147 Y157.764 E1265.66142
G1 X120.509 Y157.684 E1265.7068
G1 X122.037 Y157.545 E1265.75783
G1 X123.227 Y157.39 E1265.79775
G1 X124.552 Y157.175 E1265.84239
G1 X125.882 Y156.916 E1265.88746
G1 X127.152 Y156.624 E1265.9308
G1 X128.509 Y156.263 E1265.97751
G1 X129.815 Y155.869 E1266.02288
G1 X131.1 Y155.435 E1266.06799
G1 X132.361 Y154.958 E1266.11283
G1 X133.607 Y154.436 E1266.15776
G1 X134.842 Y153.875 E1266.20288
G1 X136.113 Y153.242 E1266.25011
G1 X137.306 Y152.595 E1266.29524
G1 X138.491 Y151.901 E1266.34092
G1 X139.554 Y151.224 E1266.38284
G1 X140.597 Y150.516 E1266.42476
G1 X141.771 Y149.668 E1266.47293
G1 X142.846 Y148.828 E1266.51831
G1 X143.881 Y147.96 E1266.56324
G1 X144.892 Y147.057 E1266.60832
G1 X145.871 Y146.117 E1266.65346
G1 X146.814 Y145.15 E1266.69839
G1 X147.753 Y144.119 E1266.74477
G1 X148.605 Y143.116 E1266.78854
G1 X149.481 Y142.018 E1266.83526
G1 X150.257 Y140.971 E1266.8786
G1 X151.053 Y139.817 E1266.92523
G1 X151.785 Y138.674 E1266.97037
G1 X152.45 Y137.56 E1267.01353
G1 X153.107 Y136.37 E1267.05874
G1 X153.719 Y135.165 E1267.10369
G1 X154.391 Y133.694 E1267.15748
G1 X154.407 Y133.69 E1267.15803
G1 X154.826 Y132.693 E1267.194
G1 X155.316 Y131.426 E1267.23918
G1 X155.722 Y130.264 E1267.28012
G1 X156.164 Y128.863 E1267.32898
G1 X156.526 Y127.554 E1267.37415
G1 X156.864 Y126.141 E1267.42247
G1 X157.111 Y124.911 E1267.4642
G1 X157.346 Y123.526 E1267.51092
G1 X157.505 Y122.332 E1267.55099
G1 X157.656 Y120.898 E1267.59895
G1 X157.748 Y119.537 E1267.64432
G1 X157.796 Y118.132 E1267.69107
G1 X157.791 Y116.777 E1267.73614
G1 X157.748 Y115.474 E1267.7795
G1 X157.656 Y114.121 E1267.82461
G1 X157.521 Y112.788 E1267.86917
G1 X157.338 Y111.435 E1267.91458
G1 X157.102 Y110.053 E1267.96121
G1 X156.868 Y108.879 E1268.00103
G1 X156.53 Y107.466 E1268.04935
G1 X156.172 Y106.161 E1268.09436
G1 X155.766 Y104.859 E1268.13972
G1 X155.32 Y103.578 E1268.18483
G1 X154.809 Y102.267 E1268.23163
G1 X154.392 Y101.295 E1268.26681
G1 X154.399 Y101.285 E1268.26722
G1 X153.732 Y99.856 E1268.31967
G1 X153.115 Y98.638 E1268.36508
G1 X152.458 Y97.452 E1268.41018
G1 X151.735 Y96.241 E1268.45709
G1 X151.033 Y95.147 E1268.50032
G1 X150.232 Y93.991 E1268.5471
G1 X149.457 Y92.946 E1268.59037
G1 X148.617 Y91.888 E1268.6353
G1 X147.738 Y90.857 E1268.68036
G1 X146.826 Y89.858 E1268.72535
G1 X145.883 Y88.887 E1268.77037
G1 X144.904 Y87.951 E1268.81542
G1 X143.904 Y87.052 E1268.86015
G1 X142.818 Y86.144 E1268.90723
G1 X141.791 Y85.344 E1268.95053
G1 X140.625 Y84.488 E1268.99864
G1 X139.534 Y83.756 E1269.04233
G1 X138.511 Y83.111 E1269.08256
G1 X137.273 Y82.383 E1269.13033
G1 X135.859 Y81.617 E1269.18381
G1 X135.85 Y81.623 E1269.18417
G1 X134.857 Y81.129 E1269.22106
G1 X133.627 Y80.568 E1269.26603
G1 X132.377 Y80.042 E1269.31113
G1 X131.12 Y79.569 E1269.3558
G1 X129.79 Y79.119 E1269.4025
G1 X128.656 Y78.773 E1269.44193
G1 X127.123 Y78.363 E1269.49471
G1 X125.906 Y78.084 E1269.53624
G1 X124.529 Y77.817 E1269.58289
G1 X123.199 Y77.603 E1269.6277
G1 X121.946 Y77.443 E1269.66971
G1 X120.429 Y77.304 E1269.72038
G1 X119.195 Y77.232 E1269.76149
G1 X117.846 Y77.201 E1269.80637
G1 X116.502 Y77.212 E1269.85108
G1 X115.148 Y77.268 E1269.89615
G1 X113.729 Y77.377 E1269.94348
G1 X112.386 Y77.526 E1269.98843
G1 X111.042 Y77.719 E1270.03359
G1 X109.837 Y77.932 E1270.07429
G1 X108.458 Y78.227 E1270.12119
G1 X107.14 Y78.554 E1270.16635
G1 X105.776 Y78.943 E1270.21353
G1 X104.537 Y79.338 E1270.25678
G1 X103.263 Y79.796 E1270.30181
G1 X102.006 Y80.297 E1270.34682
G1 X100.775 Y80.834 E1270.39149
G1 X99.542 Y81.42 E1270.43689
G1 X98.352 Y82.04 E1270.48152
G1 X97.161 Y82.709 E1270.52696
G1 X96.003 Y83.41 E1270.57198
G1 X94.837 Y84.176 E1270.61838
G1 X93.762 Y84.93 E1270.66205
G1 X92.68 Y85.746 E1270.70713
G1 X91.637 Y86.59 E1270.75175
G1 X90.606 Y87.485 E1270.79716
G1 X89.615 Y88.405 E1270.84214
G1 X88.652 Y89.36 E1270.88725
G1 X87.72 Y90.343 E1270.9323
G1 X86.829 Y91.358 E1270.97722
G1 X85.969 Y92.401 E1271.02218
G1 X85.109 Y93.52 E1271.06912
G1 X84.353 Y94.578 E1271.11237
G1 X83.601 Y95.705 E1271.15744
G1 X82.86 Y96.899 E1271.20417
G1 X82.087 Y98.249 E1271.25592
G1 X82.093 Y98.259 E1271.2563
G1 X81.627 Y99.136 E1271.28933
G1 X80.99 Y100.433 E1271.33739
G1 X80.413 Y101.727 E1271.38452
G1 X79.923 Y102.933 E1271.42781
G1 X79.437 Y104.25 E1271.47451
G1 X79.051 Y105.427 E1271.5157
G1 X78.653 Y106.782 E1271.56268
G1 X78.299 Y108.147 E1271.60958
G1 X78.016 Y109.425 E1271.65311
G1 X77.758 Y110.802 E1271.69971
G1 X77.563 Y112.091 E1271.74307
G1 X77.404 Y113.437 E1271.78815
G1 X77.288 Y114.826 E1271.83451
G1 X77.22 Y116.187 E1271.87983
G1 X77.2 Y117.491 E1271.92321
G1 X77.226 Y118.888 E1271.96968
G1 X77.292 Y120.198 E1272.01331
G1 X77.403 Y121.535 E1272.05793
G1 X77.555 Y122.823 E1272.10106
G1 X77.756 Y124.162 E1272.1461
G1 X78.012 Y125.552 E1272.19311
G1 X78.32 Y126.927 E1272.23997
G1 X78.645 Y128.195 E1272.28351
G1 X79.055 Y129.6 E1272.33219
G1 X79.445 Y130.769 E1272.37318
G1 X79.915 Y132.039 E1272.41822
G1 X80.424 Y133.293 E1272.46323
G1 X80.982 Y134.539 E1272.50864
G1 X81.571 Y135.749 E1272.5534
G1 X82.196 Y136.933 E1272.59793
G1 X82.876 Y138.117 E1272.64334
G1 X83.593 Y139.28 E1272.68878
G1 X84.337 Y140.398 E1272.73345
G1 X85.125 Y141.5 E1272.77851
G1 X85.957 Y142.579 E1272.82383
G1 X86.847 Y143.658 E1272.87035
G1 X87.704 Y144.637 E1272.91362
G1 X88.636 Y145.62 E1272.95868
G1 X89.584 Y146.562 E1273.00313
G1 X90.583 Y147.488 E1273.04843
G1 X91.621 Y148.39 E1273.09417
G1 X92.664 Y149.234 E1273.1388
G1 X93.746 Y150.054 E1273.18395
G1 X94.861 Y150.838 E1273.22928
G1 X95.983 Y151.574 E1273.27392
G1 X97.141 Y152.275 E1273.31894
G1 X98.332 Y152.944 E1273.36437
G1 X99.522 Y153.564 E1273.409
G1 X100.8 Y154.174 E1273.4561
G1 X101.986 Y154.691 E1273.49913
G1 X103.295 Y155.212 E1273.54599
G1 X104.517 Y155.65 E1273.58917
G1 X105.802 Y156.064 E1273.63407
G1 X107.164 Y156.45 E1273.68116
G1 X108.433 Y156.765 E1273.72464
G1 X109.795 Y157.055 E1273.77096
G1 X111.08 Y157.282 E1273.81436
G1 X112.418 Y157.477 E1273.85933
G1 X113.759 Y157.624 E1273.9042
G1 X115.06 Y157.72 E1273.94759
G1 X116.462 Y157.783 E1273.99427
G1 X117.5 Y157.793 E1274.02879
G1 F2700 E1269.02879
G0 F15000 X117.503 Y157.486
G0 X117.435 Y157.212
G0 X117.494 Y151.274
G0 X117.5 Y150.693
G1 F2700 E1274.02879
G1 F3000 X116.574 Y150.684 E1274.05959
G1 X115.33 Y150.628 E1274.10101
G1 X114.112 Y150.523 E1274.14167
G1 X112.876 Y150.374 E1274.18308
G1 X111.665 Y150.181 E1274.22387
G1 X110.445 Y149.939 E1274.26523
G1 X109.259 Y149.659 E1274.30577
G1 X108.067 Y149.331 E1274.34688
G1 X106.88 Y148.953 E1274.38832
G1 X105.717 Y148.538 E1274.42939
G1 X104.582 Y148.083 E1274.47006
G1 X103.71 Y147.694 E1274.50182
G1 X103.7 Y147.701 E1274.50222
G1 X102.345 Y147.041 E1274.55235
G1 X101.254 Y146.453 E1274.59357
G1 X100.188 Y145.828 E1274.63467
G1 X99.077 Y145.125 E1274.6784
G1 X98.16 Y144.485 E1274.7156
G1 X97.146 Y143.728 E1274.75768
G1 X96.188 Y142.955 E1274.79863
G1 X95.247 Y142.135 E1274.84014
G1 X94.345 Y141.293 E1274.88118
G1 X93.484 Y140.424 E1274.92187
G1 X92.639 Y139.506 E1274.96337
G1 X91.849 Y138.58 E1275.00385
G1 X91.074 Y137.599 E1275.04543
G1 X90.346 Y136.604 E1275.08644
G1 X89.662 Y135.59 E1275.12712
G1 X89.002 Y134.532 E1275.16859
G1 X88.386 Y133.461 E1275.20969
G1 X87.819 Y132.379 E1275.25032
G1 X87.284 Y131.256 E1275.29169
G1 X86.797 Y130.133 E1275.3324
G1 X86.347 Y128.974 E1275.37375
G1 X85.94 Y127.807 E1275.41486
G1 X85.582 Y126.636 E1275.45559
G1 X85.26 Y125.433 E1275.49701
G1 X84.987 Y124.23 E1275.53804
G1 X84.758 Y123.017 E1275.57909
G1 X84.581 Y121.807 E1275.61977
G1 X84.44 Y120.567 E1275.66128
G1 X84.352 Y119.352 E1275.70179
G1 X84.304 Y118.116 E1275.74293
G1 X84.304 Y116.892 E1275.78364
G1 X84.352 Y115.637 E1275.82542
G1 X84.441 Y114.417 E1275.8661
G1 X84.582 Y113.183 E1275.90741
G1 X84.759 Y111.97 E1275.94818
G1 X84.989 Y110.755 E1275.98931
G1 X85.262 Y109.556 E1276.03021
G1 X85.584 Y108.349 E1276.07176
G1 X85.943 Y107.182 E1276.11237
G1 X86.349 Y106.015 E1276.15347
G1 X86.8 Y104.856 E1276.19483
G1 X87.287 Y103.734 E1276.23551
G1 X87.823 Y102.606 E1276.27705
G1 X88.39 Y101.528 E1276.31756
G1 X89.006 Y100.458 E1276.35863
G1 X89.666 Y99.4 E1276.4001
G1 X90.35 Y98.385 E1276.44081
G1 X91.078 Y97.392 E1276.48176
G1 X91.844 Y96.421 E1276.5229
G1 X92.648 Y95.484 E1276.56396
G1 X93.489 Y94.567 E1276.60535
G1 X94.351 Y93.697 E1276.64608
G1 X95.252 Y92.857 E1276.68705
G1 X96.194 Y92.036 E1276.72861
G1 X97.152 Y91.263 E1276.76955
G1 X98.166 Y90.507 E1276.81162
G1 X99.084 Y89.875 E1276.84869
G1 X100.19 Y89.167 E1276.89237
G1 X101.265 Y88.535 E1276.93384
G1 X102.352 Y87.952 E1276.97487
G1 X103.45 Y87.417 E1277.01549
G1 X104.589 Y86.91 E1277.05696
G1 X105.724 Y86.455 E1277.09763
G1 X106.887 Y86.041 E1277.13869
G1 X108.075 Y85.663 E1277.18016
G1 X109.261 Y85.337 E1277.22107
G1 X110.453 Y85.055 E1277.26181
G1 X111.676 Y84.814 E1277.30326
G1 X112.884 Y84.621 E1277.34395
G1 X114.118 Y84.472 E1277.38529
G1 X115.338 Y84.368 E1277.42602
G1 X116.582 Y84.312 E1277.46744
G1 X117.805 Y84.299 E1277.50812
G1 X119.054 Y84.332 E1277.54967
G1 X120.28 Y84.417 E1277.59055
G1 X121.5 Y84.537 E1277.63132
G1 X122.728 Y84.711 E1277.67257
G1 X123.934 Y84.928 E1277.71333
G1 X125.155 Y85.19 E1277.75486
G1 X126.349 Y85.5 E1277.79589
G1 X127.637 Y85.878 E1277.84054
G1 X128.704 Y86.245 E1277.87807
G1 X129.854 Y86.683 E1277.919
G1 X130.981 Y87.158 E1277.95967
G1 X132.099 Y87.681 E1278.00073
G1 X133.211 Y88.249 E1278.04226
G1 X134.272 Y88.849 E1278.0828
G1 X135.339 Y89.497 E1278.12432
G1 X136.357 Y90.173 E1278.16496
G1 X137.371 Y90.901 E1278.20648
G1 X138.337 Y91.65 E1278.24714
G1 X139.291 Y92.447 E1278.28848
G1 X140.2 Y93.268 E1278.32922
G1 X141.081 Y94.129 E1278.37019
G1 X141.942 Y95.031 E1278.41167
G1 X142.763 Y95.957 E1278.45283
G1 X143.536 Y96.898 E1278.49333
G1 X144.292 Y97.892 E1278.53487
G1 X144.996 Y98.89 E1278.57549
G1 X145.676 Y99.937 E1278.61701
G1 X146.3 Y100.983 E1278.65752
G1 X146.895 Y102.066 E1278.69862
G1 X147.454 Y103.18 E1278.74008
G1 X147.961 Y104.291 E1278.78069
G1 X148.432 Y105.434 E1278.82181
G1 X148.859 Y106.593 E1278.86289
G1 X149.209 Y107.66 E1278.90024
G1 X149.579 Y108.951 E1278.94491
G1 X149.876 Y110.151 E1278.98603
G1 X150.126 Y111.358 E1279.02702
G1 X150.331 Y112.577 E1279.06814
G1 X150.492 Y113.801 E1279.1092
G1 X150.604 Y114.988 E1279.14885
G1 X150.676 Y116.26 E1279.19123
G1 X150.7 Y117.496 E1279.23235
G1 X150.676 Y118.744 E1279.27386
G1 X150.604 Y120.015 E1279.3162
G1 X150.491 Y121.202 E1279.35586
G1 X150.334 Y122.414 E1279.39651
G1 X150.128 Y123.629 E1279.4375
G1 X149.875 Y124.853 E1279.47907
G1 X149.581 Y126.039 E1279.51971
G1 X149.243 Y127.222 E1279.56063
G1 X148.86 Y128.397 E1279.60173
G1 X148.429 Y129.569 E1279.64327
G1 X147.963 Y130.699 E1279.68392
G1 X147.451 Y131.822 E1279.72497
G1 X146.9 Y132.925 E1279.76598
G1 X146.296 Y134.019 E1279.80754
G1 X145.672 Y135.066 E1279.84808
G1 X144.992 Y136.107 E1279.88944
G1 X144.288 Y137.11 E1279.9302
G1 X143.531 Y138.103 E1279.97173
G1 X142.758 Y139.045 E1280.01226
G1 X141.937 Y139.971 E1280.05342
G1 X141.084 Y140.864 E1280.09449
G1 X140.195 Y141.729 E1280.13575
G1 X139.278 Y142.556 E1280.17682
G1 X138.339 Y143.342 E1280.21755
G1 X137.365 Y144.099 E1280.25857
G1 X136.351 Y144.827 E1280.30009
G1 X135.332 Y145.504 E1280.34078
G1 X134.279 Y146.143 E1280.38175
G1 X133.203 Y146.751 E1280.42286
G1 X132.093 Y147.318 E1280.46431
G1 X130.974 Y147.841 E1280.50539
G1 X129.848 Y148.315 E1280.54603
G1 X128.685 Y148.758 E1280.58742
G1 X127.517 Y149.152 E1280.62842
G1 X126.342 Y149.498 E1280.66916
G1 X125.264 Y149.776 E1280.70619
G1 X123.94 Y150.069 E1280.75129
G1 X122.72 Y150.286 E1280.7925
G1 X121.492 Y150.459 E1280.83375
G1 X120.274 Y150.58 E1280.87446
G1 X119.046 Y150.664 E1280.9154
G1 X117.798 Y150.696 E1280.95692
G1 X117.5 Y150.693 E1280.96683
G1 F2700 E1275.96683
G0 F15000 X117.497 Y151.004
G0 X117.557 Y151.274
G0 X117.497 Y157.213
G0 X117.5 Y157.032
;TYPE:SKIN
G1 F2700 E1280.96683
G1 F3000 X116.486 Y157.02 E1281.00056
G1 X115.108 Y156.96 E1281.04644
G1 X113.819 Y156.864 E1281.08943
G1 X112.506 Y156.721 E1281.13336
G1 X111.196 Y156.53 E1281.17739
G1 X109.935 Y156.307 E1281.21998
G1 X108.61 Y156.025 E1281.26504
G1 X107.364 Y155.714 E1281.30775
G1 X106.014 Y155.332 E1281.35442
G1 X104.757 Y154.926 E1281.39835
G1 X103.559 Y154.496 E1281.44068
G1 X102.274 Y153.987 E1281.48665
G1 X101.12 Y153.482 E1281.52855
G1 X99.854 Y152.88 E1281.57518
G1 X98.7 Y152.276 E1281.6185
G1 X97.517 Y151.615 E1281.66357
G1 X96.387 Y150.93 E1281.70752
G1 X95.289 Y150.206 E1281.75126
G1 X94.198 Y149.442 E1281.79556
G1 X93.128 Y148.63 E1281.84024
G1 X92.113 Y147.81 E1281.88364
G1 X91.191 Y147.008 E1281.92428
G1 X90.151 Y146.051 E1281.97129
G1 X89.128 Y145.028 E1282.01941
G1 X88.26 Y144.117 E1282.06126
G1 X87.389 Y143.122 E1282.10524
G1 X86.553 Y142.107 E1282.14898
G1 X85.761 Y141.08 E1282.19211
G1 X84.957 Y139.962 E1282.23792
G1 X84.237 Y138.876 E1282.28125
G1 X83.57 Y137.791 E1282.32361
G1 X82.887 Y136.615 E1282.36885
G1 X82.287 Y135.481 E1282.41152
G1 X81.692 Y134.262 E1282.45663
G1 X81.1 Y132.941 E1282.50478
G1 X80.654 Y131.837 E1282.54438
G1 X80.173 Y130.542 E1282.59033
G1 X79.811 Y129.483 E1282.62755
G1 X79.346 Y127.883 E1282.68297
G1 X79.064 Y126.771 E1282.72113
G1 X78.756 Y125.391 E1282.76816
G1 X78.529 Y124.175 E1282.8093
G1 X78.321 Y122.814 E1282.85509
G1 X78.159 Y121.452 E1282.90071
G1 X78.043 Y120.017 E1282.9486
G1 X77.984 Y118.845 E1282.98763
G1 X77.96 Y117.495 E1283.03253
G1 X77.98 Y116.215 E1283.07511
G1 X78.048 Y114.87 E1283.1199
G1 X78.16 Y113.516 E1283.16509
G1 X78.315 Y112.199 E1283.2092
G1 X78.506 Y110.934 E1283.25175
G1 X78.76 Y109.58 E1283.29757
G1 X79.035 Y108.327 E1283.34024
G1 X79.381 Y106.99 E1283.38617
G1 X79.779 Y105.648 E1283.43273
G1 X80.153 Y104.506 E1283.47269
G1 X80.631 Y103.213 E1283.51854
G1 X81.109 Y102.027 E1283.56107
G1 X81.674 Y100.761 E1283.60718
G1 X82.299 Y99.483 E1283.6545
G1 X82.765 Y98.607 E1283.6875
G1 X82.764 Y98.594 E1283.68794
G1 X83.508 Y97.291 E1283.73784
G1 X84.233 Y96.121 E1283.78362
G1 X84.973 Y95.014 E1283.82791
G1 X85.717 Y93.976 E1283.87039
G1 X86.565 Y92.869 E1283.91677
G1 X87.38 Y91.884 E1283.95929
G1 X88.276 Y90.859 E1284.00457
G1 X89.192 Y89.892 E1284.04887
G1 X90.135 Y88.957 E1284.09304
G1 X91.11 Y88.053 E1284.13726
G1 X92.129 Y87.17 E1284.18211
G1 X93.14 Y86.346 E1284.22549
G1 X94.202 Y85.546 E1284.26971
G1 X95.269 Y84.802 E1284.31297
G1 X96.415 Y84.05 E1284.35856
G1 X97.538 Y83.369 E1284.40225
G1 X98.716 Y82.704 E1284.44724
G1 X99.832 Y82.125 E1284.48906
G1 X101.057 Y81.54 E1284.53421
G1 X102.294 Y80.997 E1284.57914
G1 X103.436 Y80.54 E1284.62005
G1 X104.773 Y80.058 E1284.66732
G1 X106.038 Y79.656 E1284.71147
G1 X107.292 Y79.298 E1284.75484
G1 X108.59 Y78.975 E1284.79933
G1 X110.029 Y78.667 E1284.84828
G1 X111.212 Y78.458 E1284.88823
G1 X112.485 Y78.279 E1284.93099
G1 X113.805 Y78.132 E1284.97516
G1 X115.148 Y78.028 E1285.01997
G1 X116.483 Y77.973 E1285.06441
G1 X117.747 Y77.96 E1285.10645
G1 X119.156 Y77.992 E1285.15332
G1 X120.376 Y78.06 E1285.19396
G1 X122.005 Y78.215 E1285.24839
G1 X123.095 Y78.354 E1285.28494
G1 X124.401 Y78.565 E1285.32894
G1 X125.742 Y78.824 E1285.37436
G1 X126.943 Y79.103 E1285.41537
G1 X128.441 Y79.501 E1285.46693
G1 X129.482 Y79.819 E1285.50313
G1 X130.869 Y80.285 E1285.55179
G1 X132.089 Y80.746 E1285.59517
G1 X133.319 Y81.264 E1285.63956
G1 X134.526 Y81.813 E1285.68366
G1 X135.608 Y82.346 E1285.72378
G1 X136.897 Y83.043 E1285.77252
G1 X138.111 Y83.759 E1285.8194
G1 X139.123 Y84.396 E1285.85917
G1 X140.18 Y85.104 E1285.90148
G1 X141.27 Y85.906 E1285.94649
G1 X142.398 Y86.784 E1285.99404
G1 X143.372 Y87.601 E1286.03632
G1 X144.38 Y88.503 E1286.08131
G1 X145.343 Y89.422 E1286.12558
G1 X146.266 Y90.374 E1286.16968
G1 X147.166 Y91.361 E1286.21411
G1 X148.025 Y92.368 E1286.25813
G1 X148.857 Y93.414 E1286.30259
G1 X149.673 Y94.521 E1286.34833
G1 X150.397 Y95.563 E1286.39053
G1 X151.09 Y96.646 E1286.43329
G1 X151.754 Y97.749 E1286.47612
G1 X152.439 Y98.986 E1286.52314
G1 X153.011 Y100.118 E1286.56533
G1 X153.686 Y101.552 E1286.61804
G1 X153.684 Y101.573 E1286.61875
G1 X154.102 Y102.556 E1286.65427
G1 X154.604 Y103.834 E1286.69994
G1 X155.038 Y105.091 E1286.74417
G1 X155.44 Y106.377 E1286.78898
G1 X155.794 Y107.662 E1286.83332
G1 X156.148 Y109.139 E1286.88383
G1 X156.345 Y110.141 E1286.9178
G1 X156.576 Y111.507 E1286.96388
G1 X156.749 Y112.733 E1287.00506
G1 X156.888 Y114.085 E1287.05026
G1 X156.988 Y115.503 E1287.09754
G1 X157.027 Y116.759 E1287.13934
G1 X157.036 Y118.113 E1287.18437
G1 X156.988 Y119.493 E1287.2303
G1 X156.896 Y120.838 E1287.27514
G1 X156.729 Y122.384 E1287.32686
G1 X156.594 Y123.406 E1287.36114
G1 X156.363 Y124.767 E1287.40706
G1 X156.144 Y125.877 E1287.44469
G1 X155.79 Y127.358 E1287.49533
G1 X155.432 Y128.65 E1287.53993
G1 X154.974 Y130.092 E1287.59025
G1 X154.604 Y131.154 E1287.62765
G1 X154.134 Y132.365 E1287.67086
G1 X153.724 Y133.343 E1287.70613
G1 X153.71 Y133.356 E1287.70676
G1 X153.035 Y134.825 E1287.76053
G1 X152.439 Y136.006 E1287.80453
G1 X151.79 Y137.176 E1287.84903
G1 X151.141 Y138.27 E1287.89134
G1 X150.421 Y139.389 E1287.9356
G1 X149.641 Y140.523 E1287.98138
G1 X148.881 Y141.546 E1288.02376
G1 X148.021 Y142.628 E1288.06973
G1 X147.208 Y143.584 E1288.11147
G1 X146.292 Y144.59 E1288.15673
G1 X145.371 Y145.538 E1288.20069
G1 X144.375 Y146.493 E1288.24658
G1 X143.452 Y147.32 E1288.2878
G1 X142.37 Y148.232 E1288.33487
G1 X141.316 Y149.055 E1288.37934
G1 X140.153 Y149.892 E1288.427
G1 X139.173 Y150.561 E1288.46647
G1 X138.087 Y151.253 E1288.5093
G1 X136.929 Y151.933 E1288.55396
G1 X135.787 Y152.549 E1288.59712
G1 X134.605 Y153.147 E1288.64118
G1 X133.338 Y153.721 E1288.68744
G1 X132.117 Y154.234 E1288.73149
G1 X130.848 Y154.715 E1288.77663
G1 X129.667 Y155.113 E1288.81808
G1 X128.34 Y155.519 E1288.86423
G1 X126.982 Y155.882 E1288.91099
G1 X125.765 Y156.162 E1288.95252
G1 X124.42 Y156.423 E1288.99809
G1 X123.159 Y156.628 E1289.04058
G1 X121.997 Y156.785 E1289.07958
G1 X120.373 Y156.932 E1289.13382
G1 X119.199 Y156.998 E1289.17293
G1 X117.794 Y157.036 E1289.21967
G1 X117.5 Y157.032 E1289.22945
G1 F2700 E1284.22945
G0 F15000 X117.498 Y157.293
G0 X117.5 Y151.274
G0 X117.5 Y151.453
G1 F2700 E1289.22945
G1 F3000 X117.786 Y151.456 E1289.23897
G1 X119.07 Y151.424 E1289.28169
G1 X120.331 Y151.336 E1289.32373
G1 X121.584 Y151.211 E1289.36561
G1 X122.852 Y151.034 E1289.40819
G1 X124.075 Y150.817 E1289.44951
G1 X125.42 Y150.516 E1289.49535
G1 X126.546 Y150.23 E1289.53399
G1 X127.693 Y149.892 E1289.57376
G1 X128.965 Y149.462 E1289.61842
G1 X130.088 Y149.035 E1289.65838
G1 X131.262 Y148.545 E1289.70069
G1 X132.418 Y148.001 E1289.74318
G1 X133.555 Y147.423 E1289.78561
G1 X134.647 Y146.807 E1289.82731
G1 X135.732 Y146.147 E1289.86954
G1 X136.775 Y145.455 E1289.91118
G1 X137.769 Y144.743 E1289.95184
G1 X138.811 Y143.935 E1289.9957
G1 X139.769 Y143.134 E1290.03723
G1 X140.699 Y142.293 E1290.07894
G1 X141.616 Y141.404 E1290.12142
G1 X142.489 Y140.491 E1290.16343
G1 X143.322 Y139.553 E1290.20515
G1 X144.119 Y138.579 E1290.24701
G1 X144.895 Y137.566 E1290.28946
G1 X145.616 Y136.539 E1290.33119
G1 X146.304 Y135.486 E1290.37303
G1 X146.948 Y134.403 E1290.41493
G1 X147.568 Y133.285 E1290.45745
G1 X148.147 Y132.13 E1290.50043
G1 X148.634 Y131.055 E1290.53968
G1 X149.125 Y129.873 E1290.58225
G1 X149.584 Y128.626 E1290.62645
G1 X149.967 Y127.45 E1290.66758
G1 X150.301 Y126.279 E1290.70808
G1 X150.611 Y125.041 E1290.75053
G1 X150.872 Y123.777 E1290.79346
G1 X151.078 Y122.57 E1290.83418
G1 X151.247 Y121.287 E1290.87722
G1 X151.356 Y120.131 E1290.91584
G1 X151.432 Y118.792 E1290.96045
G1 X151.46 Y117.505 E1291.00327
G1 X151.436 Y116.236 E1291.04548
G1 X151.36 Y114.896 E1291.09012
G1 X151.248 Y113.72 E1291.12941
G1 X151.083 Y112.465 E1291.17151
G1 X150.874 Y111.218 E1291.21357
G1 X150.62 Y109.987 E1291.25537
G1 X150.307 Y108.731 E1291.29842
G1 X149.941 Y107.456 E1291.34254
G1 X149.587 Y106.377 E1291.38031
G1 X149.144 Y105.167 E1291.42317
G1 X148.661 Y103.995 E1291.46533
G1 X148.146 Y102.868 E1291.50654
G1 X147.555 Y101.69 E1291.55038
G1 X146.968 Y100.619 E1291.591
G1 X146.344 Y99.573 E1291.63151
G1 X145.628 Y98.471 E1291.67522
G1 X144.912 Y97.45 E1291.7167
G1 X144.136 Y96.43 E1291.75932
G1 X143.355 Y95.481 E1291.8002
G1 X142.506 Y94.519 E1291.84288
G1 X141.625 Y93.597 E1291.88529
G1 X140.724 Y92.72 E1291.92711
G1 X139.803 Y91.884 E1291.96848
G1 X138.817 Y91.062 E1292.01118
G1 X137.803 Y90.274 E1292.05389
G1 X136.785 Y89.541 E1292.09561
G1 X135.747 Y88.856 E1292.13698
G1 X134.66 Y88.197 E1292.17926
G1 X133.591 Y87.59 E1292.22014
G1 X132.452 Y87.006 E1292.26272
G1 X131.297 Y86.466 E1292.30512
G1 X130.098 Y85.959 E1292.34842
G1 X129.02 Y85.549 E1292.38678
G1 X127.89 Y85.158 E1292.42655
G1 X126.565 Y84.768 E1292.47249
G1 X125.331 Y84.446 E1292.51491
G1 X124.094 Y84.184 E1292.55696
G1 X122.872 Y83.963 E1292.59827
G1 X121.601 Y83.782 E1292.64097
G1 X120.36 Y83.66 E1292.68244
G1 X119.111 Y83.572 E1292.72409
G1 X117.801 Y83.535 E1292.76767
G1 X116.553 Y83.552 E1292.80919
G1 X115.299 Y83.608 E1292.85094
G1 X114.055 Y83.712 E1292.89246
G1 X112.763 Y83.869 E1292.93574
G1 X111.56 Y84.062 E1292.97627
G1 X110.285 Y84.311 E1293.01948
G1 X109.081 Y84.597 E1293.06064
G1 X107.823 Y84.943 E1293.10403
G1 X106.659 Y85.313 E1293.14465
G1 X105.46 Y85.739 E1293.18697
G1 X104.313 Y86.202 E1293.22812
G1 X103.134 Y86.725 E1293.27101
G1 X102.024 Y87.264 E1293.31206
G1 X100.909 Y87.859 E1293.35409
G1 X99.838 Y88.487 E1293.39538
G1 X98.668 Y89.235 E1293.44157
G1 X97.734 Y89.879 E1293.4793
G1 X96.692 Y90.655 E1293.52252
G1 X95.718 Y91.44 E1293.56412
G1 X94.748 Y92.285 E1293.60691
G1 X93.807 Y93.161 E1293.64967
G1 X92.953 Y94.023 E1293.69003
G1 X92.084 Y94.972 E1293.73283
G1 X91.26 Y95.929 E1293.77483
G1 X90.475 Y96.924 E1293.81698
G1 X89.73 Y97.941 E1293.85891
G1 X89.038 Y98.968 E1293.9001
G1 X88.354 Y100.057 E1293.94288
G1 X87.726 Y101.152 E1293.98486
G1 X87.134 Y102.279 E1294.0272
G1 X86.482 Y103.656 E1294.07787
G1 X86.49 Y103.672 E1294.07847
G1 X86.137 Y104.453 E1294.10698
G1 X85.589 Y105.863 E1294.15729
G1 X85.253 Y106.825 E1294.19118
G1 X84.856 Y108.117 E1294.23614
G1 X84.526 Y109.364 E1294.27904
G1 X84.245 Y110.591 E1294.32091
G1 X84.015 Y111.798 E1294.36177
G1 X83.826 Y113.078 E1294.40481
G1 X83.681 Y114.361 E1294.44775
G1 X83.592 Y115.577 E1294.48831
G1 X83.544 Y116.868 E1294.53127
G1 X83.544 Y118.12 E1294.57292
G1 X83.592 Y119.384 E1294.61499
G1 X83.68 Y120.615 E1294.65603
G1 X83.825 Y121.883 E1294.69848
G1 X84.01 Y123.157 E1294.7413
G1 X84.235 Y124.361 E1294.78204
G1 X84.517 Y125.593 E1294.82408
G1 X84.842 Y126.824 E1294.86642
G1 X85.208 Y128.019 E1294.90799
G1 X85.635 Y129.239 E1294.95098
G1 X86.077 Y130.385 E1294.99183
G1 X86.584 Y131.552 E1295.03415
G1 X87.134 Y132.718 E1295.07703
G1 X87.706 Y133.806 E1295.11792
G1 X88.338 Y134.904 E1295.16005
G1 X89.01 Y135.986 E1295.20242
G1 X89.714 Y137.032 E1295.24435
G1 X90.454 Y138.043 E1295.28602
G1 X91.243 Y139.041 E1295.32834
G1 X92.051 Y139.994 E1295.36989
G1 X92.921 Y140.932 E1295.41244
G1 X93.805 Y141.829 E1295.45433
G1 X94.719 Y142.686 E1295.496
G1 X95.692 Y143.532 E1295.53889
G1 X96.662 Y144.312 E1295.58029
G1 X97.695 Y145.088 E1295.62326
G1 X98.642 Y145.745 E1295.6616
G1 X99.7 Y146.421 E1295.70335
G1 X100.862 Y147.105 E1295.7482
G1 X101.972 Y147.705 E1295.79017
G1 X103.308 Y148.352 E1295.83954
G1 X104.267 Y148.775 E1295.8744
G1 X105.425 Y149.238 E1295.91588
G1 X106.594 Y149.655 E1295.95716
G1 X107.822 Y150.051 E1296.00008
G1 X109.046 Y150.389 E1296.04231
G1 X110.262 Y150.675 E1296.08386
G1 X111.521 Y150.925 E1296.12655
G1 X112.704 Y151.114 E1296.1664
G1 X114.023 Y151.275 E1296.21059
G1 X115.262 Y151.384 E1296.25196
G1 X116.542 Y151.444 E1296.29458
G1 X117.5 Y151.453 E1296.32645
G1 F2700 E1291.32645
G0 F15000 X117.502 Y151.194
G0 X121.764 Y150.658
G0 X127.681 Y149.709
G0 X140.252 Y150.024
G0 X141.677 Y148.519
G1 F2700 E1296.32645
G1 F3000 X148.526 Y141.67 E1296.6486
G0 F15000 X148.888 Y141.959
G0 X150.419 Y139.853
G0 X150.04 Y139.591
G1 F3000 X139.614 Y150.017 E1297.13901
G0 F15000 X139.875 Y150.401
G0 X138.231 Y151.474
G0 X137.983 Y151.082
G1 F3000 X151.073 Y137.993 E1297.7547
G0 F15000 X151.468 Y138.229
G0 X152.259 Y136.868
G0 X151.855 Y136.644
G1 F3000 X136.636 Y151.864 E1298.47058
G0 F15000 X136.855 Y152.27
G0 X135.631 Y152.923
G0 X135.426 Y152.508
G1 F3000 X152.508 Y135.426 E1299.27406
G0 F15000 X152.919 Y135.635
G0 X153.672 Y134.064
G0 X153.049 Y134.319
G1 F3000 X134.304 Y153.065 E1300.15579
G0 F15000 X134.493 Y153.484
G0 X133.459 Y153.954
G0 X133.269 Y153.533
G1 F3000 X153.537 Y133.266 E1301.10911
G0 F15000 X153.846 Y133.684
G0 X154.38 Y132.456
G0 X153.948 Y132.288
G1 F3000 X132.291 Y153.946 E1302.12782
G0 F15000 X131.366 Y154.305
G1 F3000 X154.308 Y131.363 E1303.20694
G0 F15000 X154.627 Y130.478
G1 F3000 X130.475 Y154.63 E1304.34297
G0 F15000 X129.623 Y154.917
G1 F3000 X154.91 Y129.63 E1305.5324
G0 F15000 X155.173 Y128.801
G1 F3000 X128.806 Y155.168 E1306.77262
G0 F15000 X128.007 Y155.402
G1 F3000 X155.402 Y128.006 E1308.06122
G0 F15000 X155.614 Y127.228
G1 F3000 X144.722 Y138.121 E1308.57357
G0 F15000 X144.359 Y137.843
G0 X145.693 Y135.95
G0 X146.076 Y136.201
G1 F3000 X155.793 Y126.484 E1309.03063
G0 F15000 X155.967 Y125.745
G1 F3000 X146.995 Y134.717 E1309.45264
G0 F15000 X146.603 Y134.482
G0 X147.316 Y133.207
G0 X147.717 Y133.429
G1 F3000 X156.104 Y125.041 E1309.84717
G0 F15000 X156.23 Y124.35
G1 F3000 X148.292 Y132.288 E1310.22054
G0 F15000 X147.881 Y132.082
G0 X148.349 Y131.058
G0 X148.766 Y131.248
G1 F3000 X156.346 Y123.668 E1310.57708
G0 F15000 X156.445 Y123.004
G1 F3000 X149.177 Y130.272 E1310.91895
G0 F15000 X149.53 Y129.352
G1 F3000 X156.529 Y122.354 E1311.24814
G0 F15000 X156.599 Y121.719
G1 F3000 X149.845 Y128.472 E1311.5658
G0 F15000 X150.117 Y127.634
G1 F3000 X156.668 Y121.084 E1311.87392
G0 F15000 X156.721 Y120.465
G1 F3000 X150.35 Y126.836 E1312.17359
G0 F15000 X150.562 Y126.058
G1 F3000 X156.762 Y119.858 E1312.46522
G0 F15000 X156.795 Y119.259
G1 F3000 X150.752 Y125.303 E1312.74949
G0 F15000 X150.911 Y124.577
G1 F3000 X156.816 Y118.673 E1313.02721
G0 F15000 X156.836 Y118.088
G1 F3000 X151.059 Y123.864 E1313.29892
G0 F15000 X151.177 Y123.18
G1 F3000 X156.832 Y117.525 E1313.56492
G0 F15000 X156.828 Y116.964
G1 F3000 X151.288 Y122.503 E1313.82548
G0 F15000 X151.375 Y121.851
G1 F3000 X156.816 Y116.41 E1314.08141
G0 F15000 X156.799 Y115.862
G1 F3000 X151.456 Y121.204 E1314.3327
G0 F15000 X151.515 Y120.58
G1 F3000 X156.775 Y115.32 E1314.58012
G0 F15000 X156.738 Y114.791
G1 F3000 X151.566 Y119.963 E1314.82339
G0 F15000 X151.6 Y119.363
G1 F3000 X156.701 Y114.262 E1315.06333
G0 F15000 X156.652 Y113.746
G1 F3000 X151.633 Y118.764 E1315.29938
G0 F15000 X151.645 Y118.187
G1 F3000 X156.599 Y113.233 E1315.5324
G0 F15000 X156.544 Y112.722
G1 F3000 X151.657 Y117.609 E1315.76227
G0 F15000 X151.651 Y117.05
G1 F3000 X156.475 Y112.226 E1315.98918
G0 F15000 X156.405 Y111.73
G1 F3000 X151.64 Y116.494 E1316.21328
G0 F15000 X151.62 Y115.949
G1 F3000 X156.328 Y111.241 E1316.43473
G0 F15000 X156.247 Y110.757
G1 F3000 X151.59 Y115.413 E1316.65376
G0 F15000 X151.56 Y114.878
G1 F3000 X156.165 Y110.273 E1316.87037
G0 F15000 X156.074 Y109.798
G1 F3000 X151.51 Y114.362 E1317.08504
G0 F15000 X151.461 Y113.846
G1 F3000 X155.981 Y109.326 E1317.29765
G0 F15000 X155.876 Y108.865
G1 F3000 X151.399 Y113.341 E1317.50821
G0 F15000 X151.334 Y112.842
G1 F3000 X155.767 Y108.408 E1317.71675
G0 F15000 X155.658 Y107.952
G1 F3000 X151.265 Y112.344 E1317.92336
G0 F15000 X151.184 Y111.86
G1 F3000 X155.542 Y107.502 E1318.12835
G0 F15000 X155.419 Y107.059
G1 F3000 X151.103 Y111.375 E1318.33136
G0 F15000 X151.013 Y110.9
G1 F3000 X155.297 Y106.615 E1318.53289
G0 F15000 X155.168 Y106.179
G1 F3000 X150.916 Y110.431 E1318.73289
G0 F15000 X150.82 Y109.961
G1 F3000 X155.033 Y105.748 E1318.93106
G0 F15000 X154.899 Y105.316
G1 F3000 X150.707 Y109.508 E1319.12823
G0 F15000 X150.594 Y109.056
G1 F3000 X154.757 Y104.892 E1319.32407
G0 F15000 X154.612 Y104.472
G1 F3000 X150.479 Y108.605 E1319.51848
G0 F15000 X150.353 Y108.165
G1 F3000 X154.467 Y104.051 E1319.71199
G0 F15000 X154.313 Y103.64
G1 F3000 X150.227 Y107.726 E1319.90418
G0 F15000 X150.097 Y107.29
G1 F3000 X154.152 Y103.235 E1320.09491
G0 F15000 X153.992 Y102.829
G1 F3000 X149.957 Y106.864 E1320.28471
G0 F15000 X149.818 Y106.438
G1 F3000 X153.829 Y102.427 E1320.47337
G0 F15000 X153.66 Y102.03
G1 F3000 X149.67 Y106.02 E1320.66105
G0 F15000 X149.518 Y105.606
G1 F3000 X153.497 Y101.627 E1320.84821
G0 F15000 X153.318 Y101.241
G1 F3000 X149.367 Y105.191 E1321.03403
G0 F15000 X149.204 Y104.788
G1 F3000 X153.137 Y100.856 E1321.219
G0 F15000 X152.956 Y100.471
G1 F3000 X149.04 Y104.387 E1321.4032
G0 F15000 X148.874 Y103.987
G1 F3000 X152.772 Y100.09 E1321.58653
G0 F15000 X152.582 Y99.714
G1 F3000 X148.699 Y103.597 E1321.76917
G0 F15000 X148.522 Y103.208
G1 F3000 X152.392 Y99.338 E1321.9512
G0 F15000 X152.198 Y98.966
G1 F3000 X148.345 Y102.82 E1322.13246
G0 F15000 X148.157 Y102.442
G1 F3000 X151.997 Y98.602 E1322.31308
G0 F15000 X151.795 Y98.238
G1 F3000 X147.968 Y102.065 E1322.49309
G0 F15000 X147.779 Y101.688
G1 F3000 X151.594 Y97.873 E1322.67254
G0 F15000 X151.381 Y97.521
G1 F3000 X147.581 Y101.321 E1322.85128
G0 F15000 X147.381 Y100.955
G1 F3000 X151.167 Y97.168 E1323.02938
G0 F15000 X150.955 Y96.816
G1 F3000 X147.18 Y100.59 E1323.20692
G0 F15000 X146.971 Y100.234
G1 F3000 X150.737 Y96.468 E1323.38407
G0 F15000 X150.517 Y96.122
G1 F3000 X146.76 Y99.879 E1323.56078
G0 F15000 X146.549 Y99.525
G1 F3000 X150.296 Y95.777 E1323.73705
G0 F15000 X150.068 Y95.44
G1 F3000 X146.328 Y99.18 E1323.91297
G0 F15000 X146.105 Y98.837
G1 F3000 X149.836 Y95.106 E1324.08847
G0 F15000 X149.603 Y94.773
G1 F3000 X145.882 Y98.494 E1324.26349
G0 F15000 X145.653 Y98.157
G1 F3000 X149.366 Y94.444 E1324.43814
G0 F15000 X149.127 Y94.118
G1 F3000 X145.42 Y97.825 E1324.61251
G0 F15000 X145.187 Y97.492
G1 F3000 X148.886 Y93.793 E1324.7865
G0 F15000 X148.644 Y93.47
G1 F3000 X144.947 Y97.166 E1324.96037
G0 F15000 X144.703 Y96.845
G1 F3000 X148.393 Y93.154 E1325.13396
G0 F15000 X148.143 Y92.839
G1 F3000 X144.459 Y96.523 E1325.30724
G0 F15000 X144.211 Y96.205
G1 F3000 X147.893 Y92.524 E1325.48041
G0 F15000 X147.633 Y92.217
G1 F3000 X143.956 Y95.895 E1325.65339
G0 F15000 X143.7 Y95.585
G1 F3000 X147.373 Y91.912 E1325.82615
G0 F15000 X147.113 Y91.606
G1 F3000 X143.442 Y95.277 E1325.99883
G0 F15000 X143.177 Y94.976
G1 F3000 X146.846 Y91.307 E1326.1714
G0 F15000 X146.576 Y91.012
G1 F3000 X142.912 Y94.676 E1326.34375
G0 F15000 X142.646 Y94.376
G1 F3000 X146.307 Y90.715 E1326.51595
G0 F15000 X146.034 Y90.423
G1 F3000 X142.37 Y94.087 E1326.68829
G0 F15000 X142.094 Y93.797
G1 F3000 X145.755 Y90.136 E1326.86049
G0 F15000 X145.477 Y89.848
G1 F3000 X141.817 Y93.508 E1327.03265
G0 F15000 X141.532 Y93.228
G1 F3000 X145.199 Y89.561 E1327.20513
G0 F15000 X144.91 Y89.284
G1 F3000 X141.245 Y92.949 E1327.37752
G0 F15000 X140.957 Y92.671
G1 F3000 X144.62 Y89.008 E1327.54982
G0 F15000 X144.33 Y88.732
G1 F3000 X140.665 Y92.398 E1327.72223
G0 F15000 X140.368 Y92.129
G1 F3000 X144.035 Y88.462 E1327.89472
G0 F15000 X143.736 Y88.195
G1 F3000 X140.071 Y91.86 E1328.06711
G0 F15000 X139.769 Y91.596
G1 F3000 X143.438 Y87.927 E1328.23969
G0 F15000 X143.136 Y87.664
G1 F3000 X139.461 Y91.339 E1328.41255
G0 F15000 X139.152 Y91.082
G1 F3000 X142.828 Y87.405 E1328.58548
G0 F15000 X142.521 Y87.147
G1 F3000 X138.84 Y90.828 E1328.75862
G0 F15000 X138.522 Y90.58
G1 F3000 X142.21 Y86.893 E1328.93207
G0 F15000 X141.892 Y86.645
G1 F3000 X138.204 Y90.333 E1329.10554
G0 F15000 X137.885 Y90.086
G1 F3000 X141.574 Y86.397 E1329.27906
G0 F15000 X141.256 Y86.15
G1 F3000 X137.556 Y89.849 E1329.45308
G0 F15000 X137.227 Y89.613
G1 F3000 X140.933 Y85.906 E1329.62742
G0 F15000 X140.607 Y85.667
G1 F3000 X136.897 Y89.377 E1329.80193
G0 F15000 X136.557 Y89.151
G1 F3000 X140.282 Y85.427 E1329.97711
G0 F15000 X139.951 Y85.192
G1 F3000 X136.216 Y88.926 E1330.15277
G0 F15000 X135.876 Y88.702
G1 F3000 X139.613 Y84.965 E1330.32855
G0 F15000 X139.274 Y84.738
G1 F3000 X135.524 Y88.487 E1330.50492
G0 F15000 X135.172 Y88.274
G1 F3000 X138.933 Y84.513 E1330.68182
G0 F15000 X138.586 Y84.294
G1 F3000 X134.82 Y88.06 E1330.85896
G0 F15000 X134.461 Y87.854
G1 F3000 X138.239 Y84.076 E1331.03667
G0 F15000 X137.889 Y83.86
G1 F3000 X134.1 Y87.649 E1331.21489
G0 F15000 X133.739 Y87.444
G1 F3000 X137.533 Y83.65 E1331.39335
G0 F15000 X137.177 Y83.44
G1 F3000 X133.367 Y87.25 E1331.57256
G0 F15000 X132.993 Y87.059
G1 F3000 X136.822 Y83.23 E1331.75267
G0 F15000 X136.455 Y83.031
G1 F3000 X132.619 Y86.867 E1331.9331
G0 F15000 X132.235 Y86.685
G1 F3000 X136.088 Y82.833 E1332.11431
G0 F15000 X135.721 Y82.634
G1 F3000 X131.85 Y86.505 E1332.29639
G0 F15000 X131.465 Y86.324
G1 F3000 X135.348 Y82.441 E1332.47903
G0 F15000 X134.969 Y82.254
G1 F3000 X131.069 Y86.154 E1332.66248
G0 F15000 X130.672 Y85.986
G1 F3000 X134.589 Y82.068 E1332.84674
G0 F15000 X134.205 Y81.887
G1 F3000 X130.275 Y85.817 E1333.0316
G0 F15000 X129.868 Y85.658
G1 F3000 X133.816 Y81.71 E1333.2173
G0 F15000 X133.428 Y81.533
G1 F3000 X129.459 Y85.502 E1333.40399
G0 F15000 X129.048 Y85.347
G1 F3000 X133.033 Y81.362 E1333.59143
G0 F15000 X132.636 Y81.194
G1 F3000 X128.628 Y85.201 E1333.77993
G0 F15000 X128.207 Y85.056
G1 F3000 X132.238 Y81.025 E1333.96954
G0 F15000 X131.835 Y80.863
G1 F3000 X127.78 Y84.918 E1334.16027
G0 F15000 X127.343 Y84.789
G1 F3000 X131.424 Y80.708 E1334.35223
G0 F15000 X131.013 Y80.553
G1 F3000 X126.906 Y84.66 E1334.54541
G0 F15000 X126.465 Y84.535
G1 F3000 X130.597 Y80.404 E1334.73975
G0 F15000 X130.174 Y80.261
G1 F3000 X126.016 Y84.419 E1334.93533
G0 F15000 X125.568 Y84.301
G1 F3000 X129.751 Y80.119 E1335.13206
G0 F15000 X129.325 Y79.979
G1 F3000 X125.109 Y84.194 E1335.33034
G0 F15000 X124.642 Y84.096
G1 F3000 X128.891 Y79.846 E1335.53022
G0 F15000 X128.458 Y79.714
G1 F3000 X124.175 Y83.997 E1335.73168
G0 F15000 X123.697 Y83.91
G1 F3000 X128.013 Y79.593 E1335.93472
G0 F15000 X127.566 Y79.475
G1 F3000 X123.218 Y83.823 E1336.13924
G0 F15000 X122.734 Y83.741
G1 F3000 X127.119 Y79.356 E1336.34549
G0 F15000 X126.666 Y79.243
G1 F3000 X122.238 Y83.671 E1336.55377
G0 F15000 X121.743 Y83.601
G1 F3000 X126.207 Y79.137 E1336.76374
G0 F15000 X125.747 Y79.031
G1 F3000 X121.233 Y83.545 E1336.97607
G0 F15000 X120.717 Y83.495
G1 F3000 X125.275 Y78.938 E1337.19044
G0 F15000 X124.801 Y78.846
G1 F3000 X120.198 Y83.448 E1337.40693
G0 F15000 X119.67 Y83.411
G1 F3000 X124.326 Y78.755 E1337.62593
G0 F15000 X123.839 Y78.676
G1 F3000 X119.142 Y83.374 E1337.84689
G0 F15000 X118.592 Y83.357
G1 F3000 X123.352 Y78.598 E1338.07076
G0 F15000 X122.859 Y78.525
G1 F3000 X118.042 Y83.342 E1338.29734
G0 F15000 X117.479 Y83.34
G1 F3000 X122.357 Y78.461 E1338.52681
G0 F15000 X121.851 Y78.401
G1 F3000 X116.905 Y83.347 E1338.75945
G0 F15000 X116.325 Y83.362
G1 F3000 X121.335 Y78.352 E1338.99511
G0 F15000 X120.819 Y78.302
G1 F3000 X115.733 Y83.388 E1339.23434
G0 F15000 X115.134 Y83.422
G1 F3000 X120.3 Y78.256 E1339.47733
G0 F15000 X119.764 Y78.226
G1 F3000 X114.516 Y83.474 E1339.72418
G0 F15000 X113.893 Y83.531
G1 F3000 X119.228 Y78.196 E1339.97512
G0 F15000 X118.677 Y78.181
G1 F3000 X113.25 Y83.608 E1340.23039
G0 F15000 X112.6 Y83.692
G1 F3000 X118.124 Y78.169 E1340.4902
G0 F15000 X117.566 Y78.161
G1 F3000 X111.926 Y83.801 E1340.75549
G0 F15000 X111.24 Y83.922
G1 F3000 X116.993 Y78.169 E1341.02609
G0 F15000 X116.42 Y78.176
G1 F3000 X110.537 Y84.059 E1341.30281
G0 F15000 X109.812 Y84.219
G1 F3000 X115.83 Y78.2 E1341.5859
G0 F15000 X115.241 Y78.224
G1 F3000 X109.07 Y84.395 E1341.87617
G0 F15000 X108.292 Y84.607
G1 F3000 X114.63 Y78.269 E1342.17429
G0 F15000 X114.017 Y78.316
G1 F3000 X107.496 Y84.837 E1342.48101
G0 F15000 X106.666 Y85.101
G1 F3000 X113.388 Y78.379 E1342.7972
G0 F15000 X112.752 Y78.45
G1 F3000 X105.792 Y85.409 E1343.12455
G0 F15000 X104.876 Y85.76
G1 F3000 X112.102 Y78.534 E1343.46444
G0 F15000 X111.442 Y78.628
G1 F3000 X103.905 Y86.165 E1343.81896
G0 F15000 X104.09 Y86.585
G0 X103.077 Y87.042
G0 X102.877 Y86.628
G1 F3000 X110.765 Y78.74 E1344.18998
G0 F15000 X110.076 Y78.863
G1 F3000 X101.763 Y87.176 E1344.581
G0 F15000 X101.981 Y87.584
G0 X100.749 Y88.259
G0 X100.515 Y87.859
G1 F3000 X109.36 Y79.014 E1344.99704
G0 F15000 X108.639 Y79.168
G1 F3000 X99.061 Y88.746 E1345.44756
G0 F15000 X99.309 Y89.137
G0 X97.533 Y90.354
G0 X97.258 Y89.984
G1 F3000 X107.886 Y79.356 E1345.94747
G0 F15000 X107.122 Y79.554
G1 F3000 X79.553 Y107.123 E1347.24423
G0 F15000 X79.356 Y107.886
G1 F3000 X89.979 Y97.263 E1347.74391
G0 F15000 X90.351 Y97.537
G0 X89.129 Y99.313
G0 X88.738 Y99.069
G1 F3000 X79.173 Y108.635 E1348.19384
G0 F15000 X79.013 Y109.36
G1 F3000 X87.864 Y100.51 E1348.61014
G0 F15000 X88.265 Y100.741
G0 X87.59 Y101.973
G0 X87.182 Y101.757
G1 F3000 X78.872 Y110.067 E1349.00101
G0 F15000 X78.741 Y110.763
G1 F3000 X86.633 Y102.872 E1349.37221
G0 F15000 X87.048 Y103.069
G0 X86.587 Y104.088
G0 X86.165 Y103.905
G1 F3000 X78.632 Y111.438 E1349.72654
G0 F15000 X78.531 Y112.105
G1 F3000 X85.757 Y104.879 E1350.06642
G0 F15000 X85.399 Y105.802
G1 F3000 X78.452 Y112.75 E1350.39321
G0 F15000 X78.376 Y113.391
G1 F3000 X85.095 Y106.672 E1350.70926
G0 F15000 X84.839 Y107.494
G1 F3000 X78.321 Y114.012 E1351.01584
G0 F15000 X78.269 Y114.63
G1 F3000 X84.602 Y108.297 E1351.31373
G0 F15000 X84.397 Y109.067
G1 F3000 X78.23 Y115.234 E1351.6038
G0 F15000 X78.2 Y115.83
G1 F3000 X84.218 Y109.812 E1351.88687
G0 F15000 X84.05 Y110.546
G1 F3000 X78.177 Y116.419 E1352.16312
G0 F15000 X78.169 Y116.993
G1 F3000 X83.917 Y111.245 E1352.43349
G0 F15000 X83.793 Y111.934
G1 F3000 X78.161 Y117.566 E1352.6984
G0 F15000 X78.171 Y118.121
G1 F3000 X83.695 Y112.598 E1352.95821
G0 F15000 X83.605 Y113.254
G1 F3000 X78.181 Y118.677 E1353.21331
G0 F15000 X78.203 Y119.221
G1 F3000 X83.533 Y113.892 E1353.464
G0 F15000 X83.469 Y114.521
G1 F3000 X78.23 Y119.76 E1353.71042
G0 F15000 X78.266 Y120.289
G1 F3000 X83.424 Y115.132 E1353.95302
G0 F15000 X83.386 Y115.736
G1 F3000 X78.309 Y120.813 E1354.19182
G0 F15000 X78.351 Y121.336
G1 F3000 X83.364 Y116.323 E1354.42762
G0 F15000 X83.344 Y116.909
G1 F3000 X78.408 Y121.845 E1354.65979
G0 F15000 X78.468 Y122.351
G1 F3000 X83.344 Y117.474 E1354.88917
G0 F15000 X83.344 Y118.04
G1 F3000 X78.531 Y122.853 E1355.11556
G0 F15000 X78.606 Y123.344
G1 F3000 X83.362 Y118.588 E1355.33927
G0 F15000 X83.382 Y119.133
G1 F3000 X78.68 Y123.835 E1355.56043
G0 F15000 X78.76 Y124.321
G1 F3000 X83.412 Y119.669 E1355.77925
G0 F15000 X83.45 Y120.197
G1 F3000 X78.849 Y124.797 E1355.99564
G0 F15000 X78.938 Y125.275
G1 F3000 X83.491 Y120.722 E1356.2098
G0 F15000 X83.549 Y121.229
G1 F3000 X79.039 Y125.739 E1356.42194
G0 F15000 X79.142 Y126.202
G1 F3000 X83.606 Y121.738 E1356.63191
G0 F15000 X83.673 Y122.236
G1 F3000 X79.245 Y126.664 E1356.84019
G0 F15000 X79.359 Y127.117
G1 F3000 X83.745 Y122.73 E1357.04652
G0 F15000 X83.818 Y123.223
G1 F3000 X79.472 Y127.568 E1357.25092
G0 F15000 X79.593 Y128.014
G1 F3000 X83.907 Y123.699 E1357.45386
G0 F15000 X83.997 Y124.176
G1 F3000 X79.72 Y128.452 E1357.65501
G0 F15000 X79.847 Y128.891
G1 F3000 X84.094 Y124.644 E1357.85478
G0 F15000 X84.199 Y125.104
G1 F3000 X79.974 Y129.329 E1358.05351
G0 F15000 X80.115 Y129.754
G1 F3000 X84.305 Y125.564 E1358.25059
G0 F15000 X84.421 Y126.014
G1 F3000 X80.259 Y130.176 E1358.44636
G0 F15000 X80.407 Y130.594
G1 F3000 X84.539 Y126.462 E1358.64072
G0 F15000 X84.658 Y126.909
G1 F3000 X80.559 Y131.007 E1358.8335
G0 F15000 X80.713 Y131.419
G1 F3000 X84.791 Y127.341 E1359.02531
G0 F15000 X84.924 Y127.774
G1 F3000 X80.868 Y131.83 E1359.2161
G0 F15000 X81.03 Y132.233
G1 F3000 X85.06 Y128.203 E1359.40566
G0 F15000 X85.206 Y128.623
G1 F3000 X81.193 Y132.636 E1359.59441
G0 F15000 X81.361 Y133.034
G1 F3000 X85.353 Y129.041 E1359.78221
G0 F15000 X85.503 Y129.457
G1 F3000 X81.536 Y133.424 E1359.9688
G0 F15000 X81.712 Y133.814
G1 F3000 X85.661 Y129.865 E1360.15455
G0 F15000 X85.818 Y130.274
G1 F3000 X81.887 Y134.205 E1360.33946
G0 F15000 X82.073 Y134.584
G1 F3000 X85.983 Y130.674 E1360.52337
G0 F15000 X86.155 Y131.068
G1 F3000 X82.258 Y134.965 E1360.70667
G0 F15000 X82.444 Y135.345
G1 F3000 X86.327 Y131.462 E1360.88932
G0 F15000 X86.504 Y131.851
G1 F3000 X82.638 Y135.716 E1361.07114
G0 F15000 X82.834 Y136.086
G1 F3000 X86.686 Y132.235 E1361.2523
G0 F15000 X86.867 Y132.619
G1 F3000 X83.03 Y136.456 E1361.43278
G0 F15000 X83.236 Y136.816
G1 F3000 X87.055 Y132.996 E1361.61244
G0 F15000 X87.25 Y133.367
G1 F3000 X83.444 Y137.174 E1361.79149
G0 F15000 X83.651 Y137.532
G1 F3000 X87.444 Y133.739 E1361.9699
G0 F15000 X87.645 Y134.104
G1 F3000 X83.863 Y137.886 E1362.14779
G0 F15000 X84.079 Y138.236
G1 F3000 X87.852 Y134.462 E1362.32528
G0 F15000 X88.059 Y134.821
G1 F3000 X84.294 Y138.586 E1362.50238
G0 F15000 X84.515 Y138.931
G1 F3000 X88.271 Y135.175 E1362.67905
G0 F15000 X88.487 Y135.524
G1 F3000 X84.74 Y139.271 E1362.8553
G0 F15000 X84.966 Y139.611
G1 F3000 X88.704 Y135.873 E1363.03112
G0 F15000 X88.924 Y136.218
G1 F3000 X85.194 Y139.949 E1363.20659
G0 F15000 X85.431 Y140.278
G1 F3000 X89.152 Y136.556 E1363.38164
G0 F15000 X89.38 Y136.894
G1 F3000 X85.667 Y140.607 E1363.55629
G0 F15000 X85.904 Y140.936
G1 F3000 X89.61 Y137.23 E1363.73061
G0 F15000 X89.849 Y137.556
G1 F3000 X86.15 Y141.256 E1363.90462
G0 F15000 X86.396 Y141.575
G1 F3000 X90.088 Y137.883 E1364.07828
G0 F15000 X90.329 Y138.208
G1 F3000 X86.643 Y141.894 E1364.25166
G0 F15000 X86.895 Y142.208
G1 F3000 X90.579 Y138.524 E1364.42494
G0 F15000 X90.829 Y138.84
G1 F3000 X87.15 Y142.518 E1364.59797
G0 F15000 X87.406 Y142.828
G1 F3000 X91.078 Y139.156 E1364.77069
G0 F15000 X91.338 Y139.462
G1 F3000 X87.666 Y143.134 E1364.94341
G0 F15000 X87.93 Y143.435
G1 F3000 X91.597 Y139.768 E1365.11589
G0 F15000 X91.857 Y140.074
G1 F3000 X88.194 Y143.737 E1365.28819
G0 F15000 X88.46 Y144.036
G1 F3000 X92.127 Y140.37 E1365.46065
G0 F15000 X92.398 Y140.664
G1 F3000 X88.736 Y144.326 E1365.6329
G0 F15000 X89.012 Y144.616
G1 F3000 X92.671 Y140.957 E1365.80501
G0 F15000 X92.948 Y141.245
G1 F3000 X89.288 Y144.906 E1365.97719
G0 F15000 X89.571 Y145.189
G1 F3000 X93.229 Y141.53 E1366.14927
G0 F15000 X93.51 Y141.815
G1 F3000 X89.853 Y145.472 E1366.32128
G0 F15000 X90.136 Y145.755
G1 F3000 X93.796 Y142.095 E1366.49344
G0 F15000 X94.088 Y142.368
G1 F3000 X90.425 Y146.032 E1366.66576
G0 F15000 X90.72 Y146.303
G1 F3000 X94.38 Y142.642 E1366.83794
G0 F15000 X94.675 Y142.913
G1 F3000 X91.014 Y146.574 E1367.01014
G0 F15000 X91.309 Y146.845
G1 F3000 X94.978 Y143.176 E1367.18272
G0 F15000 X95.281 Y143.439
G1 F3000 X91.611 Y147.109 E1367.35534
G0 F15000 X91.913 Y147.372
G1 F3000 X95.585 Y143.7 E1367.52806
G0 F15000 X95.898 Y143.953
G1 F3000 X92.215 Y147.635 E1367.70128
G0 F15000 X92.527 Y147.889
G1 F3000 X96.211 Y144.205 E1367.87456
G0 F15000 X96.525 Y144.457
G1 F3000 X92.84 Y148.142 E1368.04789
G0 F15000 X93.153 Y148.395
G1 F3000 X96.847 Y144.7 E1368.22167
G0 F15000 X97.17 Y144.943
G1 F3000 X93.472 Y148.641 E1368.39561
G0 F15000 X93.794 Y148.885
G1 F3000 X97.493 Y145.186 E1368.5696
G0 F15000 X97.825 Y145.42
G1 F3000 X94.116 Y149.129 E1368.74406
G0 F15000 X94.442 Y149.369
G1 F3000 X98.158 Y145.652 E1368.91888
G0 F15000 X98.493 Y145.883
G1 F3000 X94.774 Y149.602 E1369.09381
G0 F15000 X95.107 Y149.835
G1 F3000 X98.837 Y146.105 E1369.26925
G0 F15000 X99.181 Y146.327
G1 F3000 X95.44 Y150.067 E1369.44519
G0 F15000 X95.781 Y150.292
G1 F3000 X99.526 Y146.547 E1369.62135
G0 F15000 X99.88 Y146.759
G1 F3000 X96.122 Y150.517 E1369.79811
G0 F15000 X96.463 Y150.742
G1 F3000 X100.236 Y146.969 E1369.97558
G0 F15000 X100.592 Y147.178
G1 F3000 X96.814 Y150.956 E1370.15329
G0 F15000 X97.166 Y151.17
G1 F3000 X100.954 Y147.382 E1370.33146
G0 F15000 X101.321 Y147.58
G1 F3000 X97.519 Y151.382 E1370.5103
G0 F15000 X97.879 Y151.588
G1 F3000 X101.688 Y147.779 E1370.68946
G0 F15000 X102.062 Y147.971
G1 F3000 X98.242 Y151.791 E1370.86914
G0 F15000 X98.605 Y151.994
G1 F3000 X102.444 Y148.155 E1371.04972
G0 F15000 X102.825 Y148.34
G1 F3000 X98.972 Y152.193 E1371.23095
G0 F15000 X99.343 Y152.387
G1 F3000 X103.206 Y148.524 E1371.41266
G0 F15000 X103.598 Y148.698
G1 F3000 X99.714 Y152.582 E1371.59535
G0 F15000 X100.09 Y152.772
G1 F3000 X103.99 Y148.871 E1371.77881
G0 F15000 X104.388 Y149.039
G1 F3000 X100.474 Y152.954 E1371.96294
G0 F15000 X100.857 Y153.136
G1 F3000 X104.793 Y149.2 E1372.14808
G0 F15000 X105.197 Y149.361
G1 F3000 X101.241 Y153.317 E1372.33416
G0 F15000 X101.635 Y153.49
G1 F3000 X105.609 Y149.515 E1372.5211
G0 F15000 X106.026 Y149.664
G1 F3000 X102.028 Y153.661 E1372.70913
G0 F15000 X102.424 Y153.831
G1 F3000 X106.443 Y149.813 E1372.89815
G0 F15000 X106.869 Y149.953
G1 F3000 X102.83 Y153.992 E1373.08813
G0 F15000 X103.235 Y154.152
G1 F3000 X107.296 Y150.09 E1373.27918
G0 F15000 X107.724 Y150.228
G1 F3000 X103.639 Y154.313 E1373.47132
G0 F15000 X104.056 Y154.463
G1 F3000 X108.165 Y150.353 E1373.66462
G0 F15000 X108.609 Y150.475
G1 F3000 X104.472 Y154.612 E1373.85921
G0 F15000 X104.89 Y154.76
G1 F3000 X109.054 Y150.596 E1374.05507
G0 F15000 X109.512 Y150.704
G1 F3000 X105.318 Y154.897 E1374.25232
G0 F15000 X105.745 Y155.036
G1 F3000 X109.969 Y150.812 E1374.45101
G0 F15000 X110.434 Y150.913
G1 F3000 X106.176 Y155.17 E1374.65127
G0 F15000 X106.617 Y155.295
G1 F3000 X110.906 Y151.006 E1374.85301
G0 F15000 X111.379 Y151.1
G1 F3000 X107.057 Y155.421 E1375.05628
G0 F15000 X107.501 Y155.543
G1 F3000 X111.862 Y151.182 E1375.26141
G0 F15000 X112.349 Y151.26
G1 F3000 X107.954 Y155.655 E1375.46813
G0 F15000 X108.407 Y155.769
G1 F3000 X112.842 Y151.333 E1375.67677
G0 F15000 X113.346 Y151.394
G1 F3000 X108.865 Y155.875 E1375.88754
G0 F15000 X109.332 Y155.974
G1 F3000 X113.851 Y151.456 E1376.10007
G0 F15000 X114.365 Y151.507
G1 F3000 X109.798 Y156.074 E1376.31489
G0 F15000 X110.273 Y156.165
G1 F3000 X114.886 Y151.551 E1376.5319
G0 F15000 X115.413 Y151.59
G1 F3000 X110.754 Y156.249 E1376.75104
G0 F15000 X111.236 Y156.333
G1 F3000 X115.953 Y151.616 E1376.97292
G0 F15000 X116.493 Y151.642
G1 F3000 X111.729 Y156.406 E1377.197
G0 F15000 X112.223 Y156.478
G1 F3000 X117.052 Y151.649 E1377.42414
G0 F15000 X117.612 Y151.654
G1 F3000 X112.723 Y156.543 E1377.6541
G0 F15000 X113.233 Y156.599
G1 F3000 X118.187 Y151.645 E1377.88713
G0 F15000 X118.766 Y151.631
G1 F3000 X113.742 Y156.655 E1378.12344
G0 F15000 X114.266 Y156.697
G1 F3000 X119.36 Y151.604 E1378.36302
G0 F15000 X119.968 Y151.561
G1 F3000 X114.793 Y156.736 E1378.60644
G0 F15000 X115.326 Y156.769
G1 F3000 X120.584 Y151.511 E1378.85376
G0 F15000 X121.212 Y151.449
G1 F3000 X115.867 Y156.793 E1379.10515
G0 F15000 X116.41 Y156.816
G1 F3000 X121.851 Y151.375 E1379.36107
G0 F15000 X122.508 Y151.283
G1 F3000 X116.966 Y156.826 E1379.62178
G0 F15000 X117.525 Y156.833
G1 F3000 X123.179 Y151.179 E1379.88772
G0 F15000 X123.866 Y151.057
G1 F3000 X118.095 Y156.829 E1380.1592
G0 F15000 X118.675 Y156.814
G1 F3000 X124.58 Y150.909 E1380.43695
G0 F15000 X125.309 Y150.745
G1 F3000 X119.261 Y156.794 E1380.72145
G0 F15000 X119.86 Y156.761
G1 F3000 X126.061 Y150.559 E1381.01315
G0 F15000 X126.832 Y150.354
G1 F3000 X120.462 Y156.724 E1381.31278
G0 F15000 X121.084 Y156.667
G1 F3000 X127.633 Y150.118 E1381.62082
G0 F15000 X128.481 Y149.837
G1 F3000 X121.707 Y156.611 E1381.93945
G0 F15000 X122.347 Y156.536
G1 F3000 X129.356 Y149.527 E1382.26913
G0 F15000 X130.275 Y149.173
G1 F3000 X123.001 Y156.448 E1382.6113
G0 F15000 X123.672 Y156.342
G1 F3000 X131.245 Y148.769 E1382.96751
G0 F15000 X131.068 Y148.344
G0 X132.112 Y147.861
G0 X132.305 Y148.275
G1 F3000 X124.348 Y156.232 E1383.34179
G0 F15000 X125.048 Y156.098
G1 F3000 X133.44 Y147.706 E1383.73652
G0 F15000 X133.233 Y147.297
G0 X134.488 Y146.598
G0 X134.713 Y146.998
G1 F3000 X125.751 Y155.96 E1384.15807
G0 F15000 X126.487 Y155.79
G1 F3000 X136.201 Y146.076 E1384.61498
G0 F15000 X135.949 Y145.695
G0 X137.835 Y144.369
G0 X138.114 Y144.729
G1 F3000 X127.235 Y155.607 E1385.12667
G1 F2700 E1380.12667
G0 F15000 X127.353 Y156.053
G0 X123.145 Y156.835
G0 X120.466 Y157.125
G0 X117.798 Y157.235
G0 X115.094 Y157.16
G0 X112.489 Y156.921
G0 X109.903 Y156.505
G0 X107.308 Y155.908
G0 X104.698 Y155.119
G0 X102.202 Y154.173
G0 X99.773 Y153.062
G0 X97.423 Y151.79
G0 X95.176 Y150.375
G0 X93.01 Y148.793
G0 X91.034 Y147.138
G0 X89.037 Y145.227
G0 X87.24 Y143.255
G0 X85.606 Y141.207
G0 X84.065 Y138.977
G0 X82.718 Y136.72
G0 X81.489 Y134.301
G0 X80.454 Y131.879
G0 X79.59 Y129.432
G0 X78.864 Y126.787
G0 X78.326 Y124.17
G0 X77.961 Y121.479
G0 X77.786 Y118.859
G0 X77.781 Y116.206
G0 X77.962 Y113.494
G0 X78.31 Y110.896
G0 X78.462 Y110.154
G0 X79.349 Y106.192
G0 X79.789 Y106.322
G1 F2700 E1385.12667
G1 F3000 X106.33 Y79.78 E1386.3751
G0 F15000 X105.512 Y80.032
G1 F3000 X80.038 Y105.507 E1387.57335
G0 F15000 X80.311 Y104.668
G1 F3000 X104.674 Y80.305 E1388.71931
G0 F15000 X103.788 Y80.626
G1 F3000 X80.636 Y103.778 E1389.80831
G0 F15000 X80.99 Y102.858
G1 F3000 X102.864 Y80.984 E1390.83719
G0 F15000 X102.696 Y80.561
G0 X101.71 Y80.973
G0 X101.891 Y81.392
G1 F3000 X81.387 Y101.895 E1391.80161
G0 F15000 X80.969 Y101.709
G0 X81.425 Y100.687
G0 X81.843 Y100.873
G1 F3000 X100.861 Y81.855 E1392.69616
G0 F15000 X100.665 Y81.44
G0 X99.555 Y81.977
G0 X99.766 Y82.384
G1 F3000 X82.382 Y99.769 E1393.51388
G0 F15000 X81.973 Y99.567
G0 X82.602 Y98.357
G0 X83 Y98.585
G1 F3000 X98.568 Y83.017 E1394.24615
G0 F15000 X98.345 Y82.618
G0 X96.992 Y83.396
G0 X97.229 Y83.79
G1 F3000 X83.767 Y97.252 E1394.87936
G0 F15000 X83.38 Y97.012
G0 X84.377 Y95.443
G0 X84.757 Y95.697
G1 F3000 X95.686 Y84.767 E1395.39345
G0 F15000 X95.435 Y84.383
G0 X93.483 Y85.767
G0 X93.757 Y86.131
G1 F3000 X86.156 Y93.732 E1395.75098
G1 F2700 E1390.75098
G0 F15000 X85.792 Y93.452
G0 X85.591 Y93.877
G0 X91.227 Y101.871
G0 X117.5 Y147.895
;TYPE:WALL-INNER
G1 F2700 E1395.75098
G1 F3000 X118.656 Y147.876 E1395.78943
G1 X119.829 Y147.805 E1395.82852
G1 X121.03 Y147.691 E1395.86864
G1 X122.145 Y147.538 E1395.90607
G1 X123.191 Y147.362 E1395.94135
G1 X124.419 Y147.099 E1395.98312
G1 X125.561 Y146.809 E1396.02231
G1 X126.678 Y146.479 E1396.06105
G1 X127.764 Y146.111 E1396.09919
G1 X128.856 Y145.695 E1396.13805
G1 X129.718 Y145.331 E1396.16918
G1 X129.728 Y145.337 E1396.16956
G1 X130.993 Y144.738 E1396.21612
G1 X132.017 Y144.208 E1396.25447
G1 X133.036 Y143.628 E1396.29346
G1 X134.017 Y143.016 E1396.33192
G1 X134.982 Y142.364 E1396.37066
G1 X135.932 Y141.67 E1396.40979
G1 X136.846 Y140.948 E1396.44853
G1 X137.72 Y140.196 E1396.48688
G1 X138.575 Y139.403 E1396.52566
G1 X139.408 Y138.571 E1396.56482
G1 X140.199 Y137.72 E1396.60346
G1 X140.952 Y136.838 E1396.64203
G1 X141.683 Y135.919 E1396.68109
G1 X142.361 Y134.994 E1396.71924
G1 X143.02 Y134.018 E1396.7584
G1 X143.631 Y133.029 E1396.79707
G1 X144.208 Y132.013 E1396.83593
G1 X144.746 Y130.981 E1396.87464
G1 X145.338 Y129.724 E1396.92085
G1 X145.331 Y129.713 E1396.92129
G1 X145.695 Y128.855 E1396.95229
G1 X146.111 Y127.768 E1396.991
G1 X146.483 Y126.663 E1397.02978
G1 X146.813 Y125.545 E1397.06855
G1 X147.099 Y124.418 E1397.10722
G1 X147.342 Y123.293 E1397.1455
G1 X147.543 Y122.131 E1397.18472
G1 X147.695 Y121.026 E1397.22182
G1 X147.809 Y119.83 E1397.26178
G1 X147.876 Y118.656 E1397.30089
G1 X147.899 Y117.492 E1397.33961
G1 X147.876 Y116.328 E1397.37834
G1 X147.809 Y115.166 E1397.41705
G1 X147.695 Y113.971 E1397.45697
G1 X147.539 Y112.853 E1397.49452
G1 X147.342 Y111.702 E1397.53336
G1 X147.099 Y110.578 E1397.57161
G1 X146.809 Y109.44 E1397.61067
G1 X146.479 Y108.321 E1397.64947
G1 X146.107 Y107.216 E1397.68825
G1 X145.695 Y106.141 E1397.72654
G1 X145.331 Y105.283 E1397.75754
G1 X145.338 Y105.272 E1397.75797
G1 X144.742 Y104.003 E1397.8046
G1 X144.205 Y102.972 E1397.84327
G1 X143.628 Y101.96 E1397.88201
G1 X143.012 Y100.971 E1397.92076
G1 X142.36 Y100.001 E1397.95964
G1 X141.683 Y99.077 E1397.99774
G1 X140.948 Y98.154 E1398.03698
G1 X140.199 Y97.276 E1398.07536
G1 X139.407 Y96.425 E1398.11403
G1 X138.575 Y95.589 E1398.15326
G1 X137.72 Y94.8 E1398.19195
G1 X136.842 Y94.043 E1398.23051
G1 X135.928 Y93.322 E1398.26923
G1 X134.983 Y92.628 E1398.30823
G1 X134.018 Y91.98 E1398.34689
G1 X133.028 Y91.364 E1398.38567
G1 X132.017 Y90.788 E1398.42437
G1 X130.984 Y90.252 E1398.46308
G1 X129.693 Y89.662 E1398.51029
G1 X129.688 Y89.644 E1398.51091
G1 X128.858 Y89.302 E1398.54077
G1 X127.768 Y88.885 E1398.57958
G1 X126.679 Y88.517 E1398.61782
G1 X125.561 Y88.187 E1398.65659
G1 X124.419 Y87.897 E1398.69578
G1 X123.294 Y87.658 E1398.73403
G1 X122.143 Y87.457 E1398.77289
G1 X121.029 Y87.304 E1398.81029
G1 X119.833 Y87.187 E1398.85026
G1 X118.656 Y87.12 E1398.88947
G1 X117.499 Y87.097 E1398.92796
G1 X116.34 Y87.12 E1398.96652
G1 X115.167 Y87.187 E1399.00559
G1 X113.971 Y87.304 E1399.04556
G1 X112.853 Y87.457 E1399.08309
G1 X111.707 Y87.658 E1399.12179
G1 X110.581 Y87.897 E1399.16008
G1 X109.439 Y88.187 E1399.19927
G1 X108.321 Y88.517 E1399.23804
G1 X107.232 Y88.885 E1399.27627
G1 X106.141 Y89.301 E1399.3151
G1 X105.283 Y89.665 E1399.3461
G1 X105.272 Y89.658 E1399.34654
G1 X104.003 Y90.258 E1399.39322
G1 X102.983 Y90.788 E1399.43146
G1 X101.959 Y91.368 E1399.4706
G1 X100.979 Y91.98 E1399.50903
G1 X100.016 Y92.628 E1399.54763
G1 X99.147 Y93.259 E1399.58335
G1 X98.159 Y94.043 E1399.6253
G1 X97.276 Y94.804 E1399.66407
G1 X96.425 Y95.589 E1399.70258
G1 X95.593 Y96.425 E1399.74181
G1 X94.801 Y97.276 E1399.78047
G1 X94.047 Y98.158 E1399.81907
G1 X93.322 Y99.069 E1399.85779
G1 X92.632 Y100.013 E1399.89668
G1 X91.98 Y100.979 E1399.93545
G1 X91.364 Y101.967 E1399.97417
G1 X90.788 Y102.982 E1400.01299
G1 X90.254 Y104.015 E1400.05166
G1 X89.658 Y105.272 E1400.09793
G1 X89.665 Y105.283 E1400.09837
G1 X89.301 Y106.141 E1400.12937
G1 X88.885 Y107.228 E1400.16808
G1 X88.513 Y108.333 E1400.20686
G1 X88.183 Y109.451 E1400.24563
G1 X87.897 Y110.577 E1400.28427
G1 X87.634 Y111.805 E1400.32604
G1 X87.458 Y112.863 E1400.36171
G1 X87.305 Y113.97 E1400.39888
G1 X87.191 Y115.167 E1400.43887
G1 X87.12 Y116.34 E1400.47796
G1 X87.101 Y117.503 E1400.51664
G1 X87.12 Y118.656 E1400.555
G1 X87.191 Y119.829 E1400.59408
G1 X87.305 Y121.026 E1400.63408
G1 X87.458 Y122.133 E1400.67124
G1 X87.634 Y123.191 E1400.70692
G1 X87.897 Y124.419 E1400.74869
G1 X88.183 Y125.544 E1400.78729
G1 X88.517 Y126.667 E1400.82626
G1 X88.885 Y127.769 E1400.8649
G1 X89.301 Y128.854 E1400.90355
G1 X89.668 Y129.711 E1400.93456
G1 X89.659 Y129.725 E1400.93511
G1 X90.254 Y130.981 E1400.98134
G1 X90.788 Y132.014 E1401.02002
G1 X91.364 Y133.029 E1401.05883
G1 X91.98 Y134.017 E1401.09756
G1 X92.632 Y134.984 E1401.13635
G1 X93.258 Y135.848 E1401.17183
G1 X94.043 Y136.834 E1401.21375
G1 X94.8 Y137.72 E1401.25251
G1 X95.592 Y138.571 E1401.29118
G1 X96.425 Y139.403 E1401.33034
G1 X97.276 Y140.192 E1401.36894
G1 X98.159 Y140.953 E1401.40771
G1 X99.147 Y141.737 E1401.44966
G1 X100.016 Y142.364 E1401.4853
G1 X100.98 Y143.016 E1401.524
G1 X101.959 Y143.628 E1401.56241
G1 X102.983 Y144.208 E1401.60155
G1 X104.003 Y144.738 E1401.63978
G1 X105.272 Y145.338 E1401.68647
G1 X105.283 Y145.331 E1401.6869
G1 X106.141 Y145.695 E1401.7179
G1 X107.232 Y146.111 E1401.75673
G1 X108.321 Y146.479 E1401.79497
G1 X109.439 Y146.809 E1401.83374
G1 X110.581 Y147.099 E1401.87293
G1 X111.805 Y147.362 E1401.91457
G1 X112.851 Y147.538 E1401.94984
G1 X113.97 Y147.691 E1401.98741
G1 X115.167 Y147.805 E1402.0274
G1 X116.344 Y147.876 E1402.06662
G1 X117.5 Y147.895 E1402.10507
G0 F15000 X117.5 Y148.295
;TYPE:WALL-OUTER
G1 F3000 X118.672 Y148.276 E1402.14406
G1 X119.86 Y148.204 E1402.18365
G1 X121.076 Y148.089 E1402.22427
G1 X122.205 Y147.934 E1402.26217
G1 X123.266 Y147.755 E1402.29796
G1 X124.51 Y147.489 E1402.34027
G1 X125.667 Y147.195 E1402.37998
G1 X126.799 Y146.861 E1402.41923
G1 X127.9 Y146.487 E1402.45791
G1 X129.005 Y146.066 E1402.49724
G1 X129.874 Y145.699 E1402.52861
G1 X129.884 Y145.706 E1402.52902
G1 X131.171 Y145.096 E1402.57639
G1 X132.208 Y144.56 E1402.61521
G1 X133.241 Y143.972 E1402.65475
G1 X134.235 Y143.352 E1402.69371
G1 X135.212 Y142.692 E1402.73293
G1 X136.174 Y141.988 E1402.77258
G1 X137.1 Y141.257 E1402.81181
G1 X137.986 Y140.494 E1402.8507
G1 X138.853 Y139.691 E1402.89001
G1 X139.696 Y138.849 E1402.92964
G1 X140.498 Y137.986 E1402.96882
G1 X141.261 Y137.092 E1403.00791
G1 X142.001 Y136.162 E1403.04744
G1 X142.688 Y135.224 E1403.08611
G1 X143.356 Y134.235 E1403.12581
G1 X143.975 Y133.233 E1403.16498
G1 X144.56 Y132.204 E1403.20435
G1 X145.104 Y131.159 E1403.24353
G1 X145.707 Y129.88 E1403.29056
G1 X145.699 Y129.869 E1403.29102
G1 X146.066 Y129.005 E1403.32224
G1 X146.487 Y127.904 E1403.36144
G1 X146.865 Y126.783 E1403.40079
G1 X147.199 Y125.651 E1403.44005
G1 X147.489 Y124.51 E1403.4792
G1 X147.735 Y123.369 E1403.51802
G1 X147.938 Y122.193 E1403.55772
G1 X148.093 Y121.072 E1403.59536
G1 X148.208 Y119.86 E1403.63585
G1 X148.276 Y118.672 E1403.67543
G1 X148.299 Y117.492 E1403.71468
G1 X148.276 Y116.312 E1403.75394
G1 X148.208 Y115.136 E1403.79311
G1 X148.093 Y113.924 E1403.83361
G1 X147.934 Y112.791 E1403.87166
G1 X147.735 Y111.626 E1403.91097
G1 X147.489 Y110.486 E1403.94976
G1 X147.195 Y109.334 E1403.9893
G1 X146.861 Y108.201 E1404.02859
G1 X146.483 Y107.08 E1404.06794
G1 X146.066 Y105.991 E1404.10672
G1 X145.699 Y105.127 E1404.13794
G1 X145.707 Y105.116 E1404.1384
G1 X145.1 Y103.825 E1404.18584
G1 X144.556 Y102.78 E1404.22503
G1 X143.972 Y101.755 E1404.26427
G1 X143.348 Y100.753 E1404.30353
G1 X142.688 Y99.771 E1404.34288
G1 X142.001 Y98.834 E1404.38152
G1 X141.257 Y97.9 E1404.42124
G1 X140.498 Y97.01 E1404.46014
G1 X139.695 Y96.147 E1404.49935
G1 X138.853 Y95.301 E1404.53905
G1 X137.986 Y94.502 E1404.57826
G1 X137.096 Y93.735 E1404.61734
G1 X136.17 Y93.004 E1404.65658
G1 X135.213 Y92.3 E1404.69609
G1 X134.235 Y91.644 E1404.73526
G1 X133.233 Y91.02 E1404.77452
G1 X132.208 Y90.436 E1404.81376
G1 X131.16 Y89.892 E1404.85303
G1 X129.86 Y89.298 E1404.90057
G1 X129.855 Y89.28 E1404.90119
G1 X129.006 Y88.93 E1404.93174
G1 X127.904 Y88.509 E1404.97097
G1 X126.799 Y88.135 E1405.00977
G1 X125.667 Y87.801 E1405.04903
G1 X124.51 Y87.507 E1405.08873
G1 X123.37 Y87.265 E1405.12749
G1 X122.205 Y87.062 E1405.16683
G1 X121.076 Y86.907 E1405.20473
G1 X119.864 Y86.788 E1405.24523
G1 X118.672 Y86.72 E1405.28494
G1 X117.499 Y86.697 E1405.32397
G1 X116.324 Y86.72 E1405.36305
G1 X115.136 Y86.788 E1405.40263
G1 X113.924 Y86.907 E1405.44314
G1 X112.791 Y87.062 E1405.48117
G1 X111.631 Y87.265 E1405.52034
G1 X110.49 Y87.507 E1405.55913
G1 X109.333 Y87.801 E1405.59884
G1 X108.201 Y88.135 E1405.63809
G1 X107.096 Y88.509 E1405.67689
G1 X105.991 Y88.93 E1405.71622
G1 X105.127 Y89.297 E1405.74745
G1 X105.116 Y89.289 E1405.7479
G1 X103.825 Y89.9 E1405.7954
G1 X102.792 Y90.436 E1405.83411
G1 X101.755 Y91.024 E1405.87376
G1 X100.761 Y91.644 E1405.91273
G1 X99.787 Y92.3 E1405.95178
G1 X98.905 Y92.94 E1405.98803
G1 X97.904 Y93.735 E1406.03054
G1 X97.01 Y94.506 E1406.06981
G1 X96.147 Y95.301 E1406.10884
G1 X95.305 Y96.147 E1406.14853
G1 X94.502 Y97.01 E1406.18774
G1 X93.739 Y97.904 E1406.22683
G1 X93.004 Y98.826 E1406.26605
G1 X92.304 Y99.783 E1406.30549
G1 X91.644 Y100.761 E1406.34473
G1 X91.02 Y101.763 E1406.38399
G1 X90.436 Y102.792 E1406.42334
G1 X89.896 Y103.837 E1406.46247
G1 X89.289 Y105.116 E1406.50955
G1 X89.297 Y105.127 E1406.51001
G1 X88.93 Y105.991 E1406.54123
G1 X88.509 Y107.092 E1406.58043
G1 X88.131 Y108.213 E1406.61978
G1 X87.797 Y109.345 E1406.65903
G1 X87.507 Y110.486 E1406.69819
G1 X87.241 Y111.73 E1406.7405
G1 X87.062 Y112.803 E1406.77668
G1 X86.907 Y113.924 E1406.81432
G1 X86.792 Y115.136 E1406.85482
G1 X86.72 Y116.324 E1406.8944
G1 X86.701 Y117.503 E1406.93362
G1 X86.72 Y118.672 E1406.97251
G1 X86.792 Y119.86 E1407.01209
G1 X86.907 Y121.072 E1407.05258
G1 X87.062 Y122.193 E1407.09022
G1 X87.241 Y123.266 E1407.1264
G1 X87.507 Y124.51 E1407.16872
G1 X87.797 Y125.65 E1407.20784
G1 X88.135 Y126.787 E1407.24729
G1 X88.509 Y127.904 E1407.28647
G1 X88.93 Y129.004 E1407.32564
G1 X89.3 Y129.869 E1407.35694
G1 X89.291 Y129.883 E1407.35749
G1 X89.896 Y131.159 E1407.40446
G1 X90.436 Y132.204 E1407.44358
G1 X91.02 Y133.233 E1407.48293
G1 X91.644 Y134.235 E1407.52219
G1 X92.304 Y135.213 E1407.56144
G1 X92.94 Y136.09 E1407.59747
G1 X93.735 Y137.088 E1407.63991
G1 X94.502 Y137.986 E1407.67919
G1 X95.304 Y138.849 E1407.71837
G1 X96.147 Y139.691 E1407.758
G1 X97.01 Y140.49 E1407.79712
G1 X97.904 Y141.261 E1407.83638
G1 X98.905 Y142.056 E1407.8789
G1 X99.787 Y142.692 E1407.91506
G1 X100.762 Y143.352 E1407.95422
G1 X101.755 Y143.972 E1407.99316
G1 X102.792 Y144.56 E1408.03281
G1 X103.825 Y145.096 E1408.07152
G1 X105.116 Y145.707 E1408.11902
G1 X105.127 Y145.699 E1408.11947
G1 X105.991 Y146.066 E1408.1507
G1 X107.096 Y146.487 E1408.19003
G1 X108.201 Y146.861 E1408.22883
G1 X109.333 Y147.195 E1408.26808
G1 X110.49 Y147.489 E1408.30779
G1 X111.73 Y147.755 E1408.34997
G1 X112.791 Y147.934 E1408.38576
G1 X113.924 Y148.089 E1408.42379
G1 X115.136 Y148.204 E1408.46428
G1 X116.328 Y148.276 E1408.504
G1 X117.5 Y148.295 E1408.54299
G0 F15000 X117.5 Y147.531
;TYPE:SKIN
G1 F3000 X116.364 Y147.516 E1408.58077
G1 X115.188 Y147.444 E1408.61996
G1 X114.004 Y147.333 E1408.65951
G1 X112.767 Y147.158 E1408.70107
G1 X111.866 Y147.003 E1408.73147
G1 X110.67 Y146.749 E1408.77214
G1 X109.529 Y146.459 E1408.8113
G1 X108.425 Y146.133 E1408.84958
G1 X107.36 Y145.775 E1408.88695
G1 X106.267 Y145.358 E1408.92586
G1 X105.447 Y145.008 E1408.95552
G1 X105.423 Y145.01 E1408.95632
G1 X104.157 Y144.412 E1409.00289
G1 X103.156 Y143.892 E1409.0404
G1 X102.135 Y143.312 E1409.07946
G1 X101.102 Y142.664 E1409.12002
G1 X100.219 Y142.064 E1409.15552
G1 X99.365 Y141.448 E1409.19055
G1 X98.384 Y140.669 E1409.23221
G1 X97.51 Y139.918 E1409.27054
G1 X96.679 Y139.147 E1409.30824
G1 X95.844 Y138.313 E1409.34749
G1 X95.074 Y137.487 E1409.38505
G1 X94.319 Y136.596 E1409.42389
G1 X93.548 Y135.634 E1409.4649
G1 X92.924 Y134.769 E1409.50037
G1 X92.276 Y133.814 E1409.53876
G1 X91.668 Y132.837 E1409.57703
G1 X90.974 Y131.617 E1409.62372
G1 X90.982 Y131.604 E1409.62422
G1 X90.576 Y130.819 E1409.65362
G1 X89.983 Y129.571 E1409.69957
G1 X89.988 Y129.544 E1409.70049
G1 X89.63 Y128.712 E1409.73061
G1 X89.221 Y127.64 E1409.76877
G1 X88.859 Y126.563 E1409.80656
G1 X88.529 Y125.447 E1409.84527
G1 X88.247 Y124.326 E1409.88372
G1 X87.989 Y123.129 E1409.92444
G1 X87.814 Y122.117 E1409.9586
G1 X87.659 Y120.977 E1409.99687
G1 X87.548 Y119.804 E1410.03606
G1 X87.48 Y118.636 E1410.07497
G1 X87.461 Y117.507 E1410.11253
G1 X87.48 Y116.36 E1410.15068
G1 X87.548 Y115.188 E1410.18973
G1 X87.659 Y114.015 E1410.22892
G1 X87.814 Y112.879 E1410.26705
G1 X87.989 Y111.863 E1410.30134
G1 X88.247 Y110.666 E1410.34207
G1 X88.526 Y109.553 E1410.38023
G1 X88.855 Y108.437 E1410.41893
G1 X89.221 Y107.352 E1410.45701
G1 X89.634 Y106.279 E1410.49525
G1 X89.985 Y105.442 E1410.52544
G1 X89.981 Y105.425 E1410.52602
G1 X90.576 Y104.174 E1410.5721
G1 X90.982 Y103.393 E1410.60137
G1 X90.974 Y103.38 E1410.60188
G1 X91.668 Y102.155 E1410.64871
G1 X92.276 Y101.177 E1410.68701
G1 X92.928 Y100.212 E1410.72575
G1 X93.603 Y99.294 E1410.76364
G1 X94.323 Y98.392 E1410.80203
G1 X95.074 Y97.509 E1410.84059
G1 X95.849 Y96.675 E1410.87845
G1 X96.667 Y95.853 E1410.91702
G1 X97.51 Y95.078 E1410.95511
G1 X98.384 Y94.322 E1410.99354
G1 X99.357 Y93.548 E1411.0349
G1 X100.227 Y92.92 E1411.07058
G1 X101.177 Y92.276 E1411.10876
G1 X102.135 Y91.68 E1411.14628
G1 X103.156 Y91.1 E1411.18534
G1 X104.157 Y90.58 E1411.22286
G1 X105.423 Y89.983 E1411.26941
G1 X105.446 Y89.985 E1411.27018
G1 X106.267 Y89.638 E1411.29982
G1 X107.356 Y89.221 E1411.33861
G1 X108.425 Y88.859 E1411.37615
G1 X109.529 Y88.533 E1411.41443
G1 X110.67 Y88.247 E1411.45356
G1 X111.871 Y87.989 E1411.49441
G1 X112.871 Y87.814 E1411.52818
G1 X114.004 Y87.659 E1411.56621
G1 X115.188 Y87.544 E1411.60578
G1 X116.356 Y87.48 E1411.64469
G1 X117.496 Y87.457 E1411.68261
G1 X118.636 Y87.48 E1411.72053
G1 X119.812 Y87.544 E1411.75971
G1 X120.992 Y87.659 E1411.79914
G1 X122.125 Y87.814 E1411.83717
G1 X123.129 Y87.989 E1411.87107
G1 X124.33 Y88.247 E1411.91193
G1 X125.471 Y88.533 E1411.95105
G1 X126.575 Y88.859 E1411.98934
G1 X127.639 Y89.221 E1412.02672
G1 X128.717 Y89.634 E1412.06511
G1 X129.534 Y89.972 E1412.09452
G1 X129.552 Y89.994 E1412.09547
G1 X130.832 Y90.576 E1412.14223
G1 X131.836 Y91.1 E1412.1799
G1 X132.837 Y91.668 E1412.21818
G1 X133.815 Y92.277 E1412.2565
G1 X134.769 Y92.916 E1412.29469
G1 X135.634 Y93.548 E1412.33032
G1 X136.604 Y94.315 E1412.37145
G1 X137.483 Y95.07 E1412.40999
G1 X138.321 Y95.841 E1412.44787
G1 X139.143 Y96.667 E1412.48662
G1 X139.922 Y97.509 E1412.52478
G1 X140.665 Y98.38 E1412.56285
G1 X141.393 Y99.29 E1412.60161
G1 X142.06 Y100.199 E1412.63911
G1 X142.704 Y101.161 E1412.67762
G1 X143.316 Y102.139 E1412.71599
G1 X143.884 Y103.136 E1412.75415
G1 X144.416 Y104.153 E1412.79233
G1 X145.009 Y105.413 E1412.83865
G1 X145.004 Y105.439 E1412.83953
G1 X145.358 Y106.268 E1412.86951
G1 X145.771 Y107.34 E1412.90772
G1 X146.133 Y108.424 E1412.94573
G1 X146.459 Y109.53 E1412.98408
G1 X146.749 Y110.666 E1413.02307
G1 X146.983 Y111.763 E1413.06038
G1 X147.162 Y112.772 E1413.09447
G1 X147.337 Y114.004 E1413.13585
G1 X147.448 Y115.184 E1413.17527
G1 X147.516 Y116.332 E1413.21352
G1 X147.535 Y117.484 E1413.25184
G1 X147.516 Y118.636 E1413.29016
G1 X147.448 Y119.808 E1413.32921
G1 X147.337 Y120.976 E1413.36823
G1 X147.182 Y122.112 E1413.40637
G1 X146.983 Y123.229 E1413.4441
G1 X146.749 Y124.326 E1413.48141
G1 X146.463 Y125.447 E1413.51989
G1 X146.137 Y126.56 E1413.55846
G1 X145.775 Y127.64 E1413.59635
G1 X145.362 Y128.712 E1413.63456
G1 X145.004 Y129.553 E1413.66496
G1 X145.009 Y129.579 E1413.66584
G1 X144.424 Y130.815 E1413.71132
G1 X143.896 Y131.832 E1413.74943
G1 X143.323 Y132.837 E1413.78791
G1 X142.719 Y133.815 E1413.82614
G1 X142.068 Y134.781 E1413.86489
G1 X141.4 Y135.694 E1413.90251
G1 X140.673 Y136.608 E1413.94136
G1 X139.926 Y137.478 E1413.9795
G1 X139.151 Y138.313 E1414.01739
G1 X138.321 Y139.147 E1414.05652
G1 X137.482 Y139.922 E1414.09451
G1 X136.608 Y140.673 E1414.13284
G1 X135.718 Y141.38 E1414.17064
G1 X134.781 Y142.064 E1414.20923
G1 X133.819 Y142.712 E1414.24781
G1 X132.853 Y143.316 E1414.2857
G1 X131.844 Y143.888 E1414.32428
G1 X130.918 Y144.373 E1414.35904
G1 X129.585 Y145.005 E1414.40811
G1 X129.561 Y145.003 E1414.40891
G1 X128.725 Y145.358 E1414.43912
G1 X127.632 Y145.775 E1414.47803
G1 X126.575 Y146.133 E1414.51515
G1 X125.471 Y146.459 E1414.55343
G1 X124.326 Y146.749 E1414.59272
G1 X123.125 Y147.003 E1414.63355
G1 X122.224 Y147.166 E1414.664
G1 X120.993 Y147.333 E1414.70532
G1 X119.804 Y147.444 E1414.74504
G1 X118.636 Y147.516 E1414.78396
G1 X117.5 Y147.531 E1414.82175
G0 F15000 X117.496 Y147.794
G0 X121.011 Y147.532
G0 X123.16 Y147.205
G0 X125.518 Y146.654
G0 X127.709 Y145.96
G0 X129.649 Y145.191
G0 X131.941 Y144.067
G0 X135.136 Y142.128
G0 X134.864 Y141.756
G1 F3000 X141.769 Y134.851 E1415.14654
G0 F15000 X142.14 Y135.124
G0 X143.272 Y133.42
G0 X142.878 Y133.176
G1 F3000 X133.177 Y142.877 E1415.60284
G0 F15000 X133.42 Y143.269
G0 X132.041 Y144.078
G0 X131.813 Y143.676
G1 F3000 X143.677 Y131.812 E1416.16089
G0 F15000 X144.077 Y132.04
G0 X144.705 Y130.832
G0 X144.288 Y130.635
G1 F3000 X130.638 Y144.285 E1416.80294
G0 F15000 X130.834 Y144.702
G0 X129.634 Y145.245
G0 X129.562 Y144.795
G1 F3000 X144.797 Y129.56 E1417.51955
G0 F15000 X145.246 Y129.627
G0 X145.621 Y128.765
G0 X145.192 Y128.6
G1 F3000 X128.601 Y145.191 E1418.29994
G0 F15000 X127.685 Y145.541
G1 F3000 X145.546 Y127.68 E1419.14007
G0 F15000 X145.837 Y126.823
G1 F3000 X126.822 Y145.838 E1420.03447
G0 F15000 X126 Y146.095
G1 F3000 X146.09 Y126.004 E1420.97947
G0 F15000 X146.316 Y125.213
G1 F3000 X125.21 Y146.319 E1421.97223
G0 F15000 X124.453 Y146.51
G1 F3000 X146.51 Y124.454 E1423.0097
G0 F15000 X146.672 Y123.725
G1 F3000 X123.726 Y146.672 E1424.08903
G0 F15000 X123.011 Y146.821
G1 F3000 X146.818 Y123.014 E1425.20884
G0 F15000 X146.94 Y122.326
G1 F3000 X122.32 Y146.946 E1426.36689
G0 F15000 X121.66 Y147.041
G1 F3000 X147.041 Y121.659 E1427.56076
G0 F15000 X147.131 Y121.004
G1 F3000 X121.005 Y147.13 E1428.78965
G0 F15000 X120.379 Y147.19
G1 F3000 X147.193 Y120.376 E1430.05089
G0 F15000 X147.251 Y119.753
G1 F3000 X119.756 Y147.247 E1431.34415
G0 F15000 X119.154 Y147.284
G1 F3000 X147.285 Y119.152 E1432.66737
G0 F15000 X147.317 Y118.555
G1 F3000 X118.555 Y147.317 E1434.02025
G0 F15000 X117.981 Y147.325
G1 F3000 X147.326 Y117.98 E1435.40055
G0 F15000 X147.333 Y117.407
G1 F3000 X117.41 Y147.331 E1436.80806
G0 F15000 X116.852 Y147.323
G1 F3000 X147.324 Y116.851 E1438.24136
G0 F15000 X147.313 Y116.296
G1 F3000 X116.298 Y147.312 E1439.70024
G0 F15000 X115.764 Y147.28
G1 F3000 X147.282 Y115.762 E1441.18275
G0 F15000 X147.251 Y115.227
G1 F3000 X115.231 Y147.247 E1442.68887
G0 F15000 X114.713 Y147.199
G1 F3000 X147.203 Y114.71 E1444.21708
G0 F15000 X147.154 Y114.193
G1 F3000 X114.196 Y147.15 E1445.7673
G0 F15000 X113.694 Y147.087
G1 F3000 X147.09 Y113.691 E1447.33814
G0 F15000 X147.02 Y113.196
G1 F3000 X113.198 Y147.017 E1448.929
G0 F15000 X112.705 Y146.945
G1 F3000 X146.946 Y112.704 E1450.53959
G0 F15000 X146.861 Y112.223
G1 F3000 X112.222 Y146.862 E1452.16891
G0 F15000 X111.745 Y146.773
G1 F3000 X146.774 Y111.744 E1453.81656
G0 F15000 X146.674 Y111.278
G1 F3000 X111.278 Y146.674 E1455.48148
G0 F15000 X110.811 Y146.575
G1 F3000 X146.575 Y110.812 E1457.16369
G0 F15000 X146.464 Y110.357
G1 F3000 X110.357 Y146.464 E1458.86205
G0 F15000 X109.906 Y146.349
G1 F3000 X146.348 Y109.907 E1460.57617
G0 F15000 X146.23 Y109.46
G1 F3000 X109.459 Y146.23 E1462.30574
G0 F15000 X109.023 Y146.101
G1 F3000 X146.101 Y109.023 E1464.04978
G0 F15000 X145.972 Y108.587
G1 F3000 X108.586 Y145.972 E1465.80828
G0 F15000 X108.16 Y145.833
G1 F3000 X145.834 Y108.159 E1467.58035
G0 F15000 X145.692 Y107.735
G1 F3000 X107.736 Y145.691 E1469.36568
G0 F15000 X107.317 Y145.544
G1 F3000 X145.547 Y107.315 E1471.16388
G0 F15000 X145.39 Y106.906
G1 F3000 X106.907 Y145.389 E1472.974
G0 F15000 X106.497 Y145.233
G1 F3000 X145.232 Y106.498 E1474.79598
G0 F15000 X145.067 Y106.097
G1 F3000 X106.096 Y145.069 E1476.62908
G0 F15000 X105.7 Y144.899
G1 F3000 X144.898 Y105.7 E1478.47285
G0 F15000 X144.734 Y105.299
G1 F3000 X105.302 Y144.731 E1480.32761
G0 F15000 X104.917 Y144.55
G1 F3000 X144.553 Y104.914 E1482.19197
G0 F15000 X144.372 Y104.529
G1 F3000 X104.533 Y144.369 E1484.0659
G0 F15000 X104.152 Y144.184
G1 F3000 X144.188 Y104.148 E1485.94907
G0 F15000 X143.993 Y103.777
G1 F3000 X103.779 Y143.991 E1487.84061
G0 F15000 X103.407 Y143.797
G1 F3000 X143.799 Y103.406 E1489.7405
G0 F15000 X143.599 Y103.04
G1 F3000 X103.042 Y143.597 E1491.64818
G0 F15000 X102.681 Y143.392
G1 F3000 X143.393 Y102.68 E1493.56315
G0 F15000 X143.188 Y102.32
G1 F3000 X102.32 Y143.188 E1495.48545
G0 F15000 X101.969 Y142.973
G1 F3000 X142.973 Y101.969 E1497.41416
G0 F15000 X142.755 Y101.621
G1 F3000 X101.621 Y142.755 E1499.34897
G0 F15000 X101.273 Y142.537
G1 F3000 X142.537 Y101.273 E1501.28991
G0 F15000 X142.31 Y100.935
G1 F3000 X100.935 Y142.31 E1503.23606
G0 F15000 X100.598 Y142.081
G1 F3000 X142.084 Y100.595 E1505.18743
G0 F15000 X141.855 Y100.259
G1 F3000 X100.263 Y141.85 E1507.14377
G0 F15000 X99.935 Y141.613
G1 F3000 X141.615 Y99.933 E1509.10427
G0 F15000 X141.376 Y99.606
G1 F3000 X99.607 Y141.375 E1511.06896
G0 F15000 X99.286 Y141.13
G1 F3000 X141.132 Y99.284 E1513.03726
G0 F15000 X140.88 Y98.97
G1 F3000 X98.971 Y140.88 E1515.00856
G0 F15000 X98.656 Y140.629
G1 F3000 X140.629 Y98.656 E1516.98284
G0 F15000 X140.373 Y98.347
G1 F3000 X98.346 Y140.373 E1518.95964
G0 F15000 X98.041 Y140.113
G1 F3000 X140.112 Y98.042 E1520.93853
G0 F15000 X139.852 Y97.736
G1 F3000 X97.737 Y139.851 E1522.91949
G0 F15000 X97.44 Y139.582
G1 F3000 X139.584 Y97.439 E1524.90179
G0 F15000 X139.312 Y97.144
G1 F3000 X97.147 Y139.309 E1526.8851
G0 F15000 X96.854 Y139.037
G1 F3000 X139.041 Y96.85 E1528.86945
G0 F15000 X138.76 Y96.565
G1 F3000 X96.57 Y138.756 E1530.85396
G0 F15000 X96.287 Y138.473
G1 F3000 X138.478 Y96.282 E1532.8385
G0 F15000 X138.195 Y95.999
G1 F3000 X96.004 Y138.19 E1534.82303
G0 F15000 X95.731 Y137.897
G1 F3000 X137.902 Y95.726 E1536.80663
G0 F15000 X137.607 Y95.455
G1 F3000 X95.458 Y137.604 E1538.78919
G0 F15000 X95.186 Y137.31
G1 F3000 X137.312 Y95.185 E1540.77064
G0 F15000 X137.007 Y94.924
G1 F3000 X94.927 Y137.004 E1542.74995
G0 F15000 X94.667 Y136.698
G1 F3000 X136.703 Y94.663 E1544.72717
G0 F15000 X136.395 Y94.404
G1 F3000 X94.41 Y136.39 E1546.70204
G0 F15000 X94.158 Y136.076
G1 F3000 X136.08 Y94.154 E1548.67393
G0 F15000 X135.764 Y93.904
G1 F3000 X93.907 Y135.762 E1550.64277
G0 F15000 X93.658 Y135.444
G1 F3000 X135.446 Y93.657 E1552.60833
G0 F15000 X135.118 Y93.419
G1 F3000 X93.422 Y135.115 E1554.56958
G0 F15000 X93.184 Y134.787
G1 F3000 X134.792 Y93.18 E1556.52667
G0 F15000 X134.458 Y92.948
G1 F3000 X92.952 Y134.454 E1558.47899
G0 F15000 X92.724 Y134.116
G1 F3000 X134.119 Y92.721 E1560.42608
G0 F15000 X133.78 Y92.494
G1 F3000 X92.495 Y133.78 E1562.36802
G0 F15000 X92.275 Y133.433
G1 F3000 X133.434 Y92.275 E1564.30399
G0 F15000 X133.085 Y92.058
G1 F3000 X92.058 Y133.085 E1566.23378
G0 F15000 X91.841 Y132.736
G1 F3000 X132.737 Y91.84 E1568.1574
G0 F15000 X132.375 Y91.636
G1 F3000 X91.636 Y132.375 E1570.07364
G0 F15000 X91.432 Y132.014
G1 F3000 X132.015 Y91.431 E1571.98254
G0 F15000 X131.651 Y91.23
G1 F3000 X91.227 Y131.653 E1573.88394
G0 F15000 X91.039 Y131.276
G1 F3000 X131.279 Y91.035 E1575.77673
G0 F15000 X130.908 Y90.841
G1 F3000 X90.846 Y130.903 E1577.66112
G0 F15000 X90.658 Y130.525
G1 F3000 X130.526 Y90.657 E1579.53639
G0 F15000 X130.137 Y90.48
G1 F3000 X90.476 Y130.141 E1581.40192
G0 F15000 X90.294 Y129.758
G1 F3000 X129.748 Y90.303 E1583.25774
G0 F15000 X129.367 Y90.119
G1 F3000 X90.127 Y129.359 E1585.10347
G0 F15000 X89.957 Y128.964
G1 F3000 X128.966 Y89.954 E1586.93835
G0 F15000 X128.565 Y89.79
G1 F3000 X89.788 Y128.566 E1588.76228
G0 F15000 X89.633 Y128.156
G1 F3000 X128.156 Y89.633 E1590.57429
G0 F15000 X127.747 Y89.476
G1 F3000 X89.477 Y127.747 E1592.37441
G0 F15000 X89.328 Y127.329
G1 F3000 X127.331 Y89.327 E1594.16193
G0 F15000 X126.909 Y89.183
G1 F3000 X89.186 Y126.906 E1595.93631
G0 F15000 X89.045 Y126.482
G1 F3000 X126.486 Y89.04 E1597.69744
G0 F15000 X126.049 Y88.912
G1 F3000 X88.915 Y126.045 E1599.44409
G0 F15000 X88.786 Y125.608
G1 F3000 X125.612 Y88.783 E1601.17625
G0 F15000 X125.166 Y88.663
G1 F3000 X88.665 Y125.164 E1602.89314
G0 F15000 X88.551 Y124.712
G1 F3000 X124.715 Y88.549 E1604.59416
G0 F15000 X124.261 Y88.436
G1 F3000 X88.438 Y124.26 E1606.27919
G0 F15000 X88.337 Y123.795
G1 F3000 X123.795 Y88.337 E1607.94702
G0 F15000 X123.33 Y88.236
G1 F3000 X88.237 Y123.329 E1609.59769
G0 F15000 X88.145 Y122.856
G1 F3000 X122.856 Y88.144 E1611.23041
G0 F15000 X122.375 Y88.06
G1 F3000 X88.062 Y122.373 E1612.84439
G0 F15000 X87.985 Y121.885
G1 F3000 X121.887 Y87.982 E1614.43906
G0 F15000 X121.389 Y87.915
G1 F3000 X87.917 Y121.387 E1616.01348
G0 F15000 X87.852 Y120.886
G1 F3000 X120.888 Y87.85 E1617.56739
G0 F15000 X120.373 Y87.799
G1 F3000 X87.803 Y120.369 E1619.09939
G0 F15000 X87.753 Y119.853
G1 F3000 X119.858 Y87.748 E1620.60951
G0 F15000 X119.324 Y87.717
G1 F3000 X87.72 Y119.321 E1622.09606
G0 F15000 X87.689 Y118.786
G1 F3000 X118.787 Y87.688 E1623.55882
G0 F15000 X118.238 Y87.671
G1 F3000 X87.673 Y118.236 E1624.9965
G0 F15000 X87.664 Y117.68
G1 F3000 X117.683 Y87.661 E1626.4085
G0 F15000 X117.114 Y87.664
G1 F3000 X87.669 Y117.11 E1627.79353
G0 F15000 X87.678 Y116.535
G1 F3000 X116.536 Y87.676 E1629.15095
G0 F15000 X115.944 Y87.702
G1 F3000 X87.705 Y115.942 E1630.47924
G0 F15000 X87.739 Y115.342
G1 F3000 X115.346 Y87.735 E1631.77779
G0 F15000 X114.726 Y87.789
G1 F3000 X87.793 Y114.722 E1633.04464
G0 F15000 X87.852 Y114.097
G1 F3000 X114.099 Y87.851 E1634.27919
G0 F15000 X113.447 Y87.937
G1 F3000 X87.939 Y113.445 E1635.47901
G0 F15000 X88.034 Y112.784
G1 F3000 X112.786 Y88.032 E1636.64327
G0 F15000 X112.101 Y88.151
G1 F3000 X88.151 Y112.102 E1637.76983
G0 F15000 X88.295 Y111.392
G1 F3000 X111.391 Y88.296 E1638.85619
G0 F15000 X110.668 Y88.453
G1 F3000 X88.452 Y110.669 E1639.90117
G0 F15000 X88.642 Y109.913
G1 F3000 X109.913 Y88.643 E1640.90167
G0 F15000 X109.131 Y88.859
G1 F3000 X88.859 Y109.131 E1641.8552
G0 F15000 X89.107 Y108.317
G1 F3000 X108.318 Y89.106 E1642.75882
G0 F15000 X107.463 Y89.395
G1 F3000 X89.394 Y107.465 E1643.60876
G0 F15000 X89.746 Y106.547
G1 F3000 X106.549 Y89.744 E1644.39912
G0 F15000 X106.386 Y89.315
G0 X105.406 Y89.721
G0 X105.584 Y90.143
G1 F3000 X90.141 Y105.587 E1645.12553
G0 F15000 X89.721 Y105.408
G0 X90.212 Y104.339
G0 X90.626 Y104.535
G1 F3000 X104.544 Y90.618 E1645.78017
G0 F15000 X104.35 Y90.205
G0 X103.184 Y90.797
G0 X103.394 Y91.202
G1 F3000 X91.188 Y103.407 E1646.35428
G0 F15000 X90.79 Y103.201
G0 X91.563 Y101.84
G0 X91.949 Y102.081
G1 F3000 X102.08 Y91.95 E1646.83081
G0 F15000 X101.839 Y91.562
G0 X100.205 Y92.623
G0 X100.461 Y93.004
G1 F3000 X92.994 Y100.47 E1647.18201
G0 F15000 X92.617 Y100.215
G0 X94.683 Y97.569
G0 X95.032 Y97.867
G1 F3000 X97.853 Y95.046 E1647.3147
G1 F2700 E1642.3147
;MESH:NONMESH
G0 F300 X97.853 Y95.046 Z1
G0 F15000 X97.554 Y94.698
G0 X94.921 Y97.383
G0 X93.45 Y99.166
G0 X92.115 Y101.067
G0 X90.929 Y103.059
G0 X89.81 Y105.364
G0 X89.036 Y107.282
G0 X88.338 Y109.494
G0 X87.792 Y111.835
G0 X87.464 Y113.989
G0 X87.281 Y116.346
G0 X87.281 Y118.65
G0 X87.464 Y121.007
G0 X87.792 Y123.161
G0 X88.338 Y125.501
G0 X89.037 Y127.715
G0 X89.804 Y129.644
G0 X90.929 Y131.937
G0 X92.115 Y133.929
G0 X93.387 Y135.751
G0 X94.921 Y137.613
G0 X96.536 Y139.287
G0 X98.262 Y140.829
G0 X100.109 Y142.232
G0 X102.042 Y143.49
G0 X104.075 Y144.594
G0 X106.201 Y145.546
G0 X108.37 Y146.327
G0 X110.618 Y146.942
G0 X112.875 Y147.38
G0 X115.179 Y147.645
G0 X116.364 Y147.713
G0 X116.326 Y149.143
G0 X116.59 Y149.822
G0 X117.5 Y151.093
;TIME_ELAPSED:1686.618082
;LAYER:4
;TYPE:WALL-INNER
;MESH:Base.stl
G1 F2700 E1647.3147
G1 F3000 X116.556 Y151.084 E1647.3461
G1 X115.296 Y151.026 E1647.38806
G1 X114.064 Y150.92 E1647.42918
G1 X112.813 Y150.769 E1647.47109
G1 X111.587 Y150.573 E1647.51239
G1 X110.353 Y150.328 E1647.55423
G1 X109.149 Y150.043 E1647.59538
G1 X107.963 Y149.718 E1647.63629
G1 X106.746 Y149.33 E1647.67877
G1 X105.568 Y148.909 E1647.72038
G1 X104.419 Y148.448 E1647.76155
G1 X103.574 Y148.071 E1647.79233
G1 X103.565 Y148.078 E1647.79271
G1 X102.176 Y147.404 E1647.84406
G1 X101.052 Y146.798 E1647.88653
G1 X99.979 Y146.169 E1647.9279
G1 X98.848 Y145.453 E1647.97242
G1 X97.921 Y144.805 E1648.01004
G1 X96.909 Y144.051 E1648.05201
G1 X95.925 Y143.257 E1648.09407
G1 X94.989 Y142.441 E1648.13537
G1 X94.061 Y141.575 E1648.17759
G1 X93.19 Y140.695 E1648.21877
G1 X92.335 Y139.766 E1648.26076
G1 X91.533 Y138.824 E1648.30191
G1 X90.759 Y137.846 E1648.34339
G1 X90.014 Y136.828 E1648.38535
G1 X89.322 Y135.802 E1648.42651
G1 X88.648 Y134.719 E1648.46894
G1 X88.032 Y133.647 E1648.51006
G1 X87.458 Y132.551 E1648.55121
G1 X86.917 Y131.415 E1648.59306
G1 X86.424 Y130.278 E1648.63428
G1 X85.969 Y129.106 E1648.67609
G1 X85.558 Y127.924 E1648.71771
G1 X85.196 Y126.74 E1648.75889
G1 X84.87 Y125.522 E1648.80083
G1 X84.594 Y124.304 E1648.84237
G1 X84.362 Y123.075 E1648.88397
G1 X84.183 Y121.852 E1648.92508
G1 X84.041 Y120.596 E1648.96712
G1 X83.952 Y119.368 E1649.00807
G1 X83.904 Y118.116 E1649.04974
G1 X83.904 Y116.892 E1649.09045
G1 X83.953 Y115.608 E1649.13319
G1 X84.043 Y114.371 E1649.17444
G1 X84.186 Y113.125 E1649.21615
G1 X84.366 Y111.896 E1649.25747
G1 X84.599 Y110.666 E1649.2991
G1 X84.876 Y109.453 E1649.34049
G1 X85.202 Y108.231 E1649.38255
G1 X85.565 Y107.05 E1649.42365
G1 X85.976 Y105.87 E1649.46521
G1 X86.433 Y104.697 E1649.50708
G1 X86.925 Y103.562 E1649.54822
G1 X87.46 Y102.436 E1649.58968
G1 X88.043 Y101.328 E1649.63133
G1 X88.666 Y100.246 E1649.67285
G1 X89.334 Y99.176 E1649.71481
G1 X90.028 Y98.149 E1649.75603
G1 X90.764 Y97.144 E1649.79746
G1 X91.54 Y96.161 E1649.83912
G1 X92.353 Y95.214 E1649.88063
G1 X93.205 Y94.285 E1649.92256
G1 X94.078 Y93.405 E1649.96379
G1 X94.989 Y92.555 E1650.00523
G1 X95.943 Y91.724 E1650.04731
G1 X96.91 Y90.944 E1650.08863
G1 X97.939 Y90.177 E1650.13131
G1 X98.868 Y89.538 E1650.16882
G1 X99.987 Y88.822 E1650.213
G1 X101.076 Y88.183 E1650.255
G1 X102.177 Y87.592 E1650.29656
G1 X103.287 Y87.051 E1650.33763
G1 X104.424 Y86.545 E1650.37902
G1 X105.59 Y86.078 E1650.4208
G1 X106.765 Y85.66 E1650.46228
G1 X107.969 Y85.277 E1650.5043
G1 X109.169 Y84.948 E1650.54568
G1 X110.375 Y84.663 E1650.5869
G1 X111.613 Y84.419 E1650.62887
G1 X112.836 Y84.224 E1650.67006
G1 X114.084 Y84.074 E1650.71187
G1 X115.32 Y83.968 E1650.75313
G1 X116.578 Y83.912 E1650.79501
G1 X117.808 Y83.899 E1650.83592
G1 X119.082 Y83.933 E1650.87831
G1 X120.32 Y84.018 E1650.91958
G1 X121.556 Y84.141 E1650.9609
G1 X122.799 Y84.317 E1651.00265
G1 X124.018 Y84.537 E1651.04385
G1 X125.239 Y84.798 E1651.08538
G1 X126.462 Y85.116 E1651.12741
G1 X127.767 Y85.5 E1651.17265
G1 X128.846 Y85.871 E1651.2106
G1 X130.009 Y86.315 E1651.25201
G1 X131.151 Y86.796 E1651.29322
G1 X132.282 Y87.325 E1651.33475
G1 X133.408 Y87.901 E1651.37682
G1 X134.48 Y88.507 E1651.41778
G1 X135.56 Y89.164 E1651.45982
G1 X136.591 Y89.848 E1651.50097
G1 X137.616 Y90.585 E1651.54296
G1 X138.578 Y91.33 E1651.58343
G1 X139.559 Y92.15 E1651.62596
G1 X140.48 Y92.982 E1651.66724
G1 X141.37 Y93.853 E1651.70866
G1 X142.241 Y94.765 E1651.7506
G1 X143.072 Y95.703 E1651.79228
G1 X143.854 Y96.656 E1651.83328
G1 X144.619 Y97.661 E1651.87529
G1 X145.332 Y98.673 E1651.91647
G1 X146.02 Y99.732 E1651.95847
G1 X146.65 Y100.79 E1651.99942
G1 X147.253 Y101.886 E1652.04103
G1 X147.818 Y103.014 E1652.08299
G1 X148.331 Y104.139 E1652.12411
G1 X148.808 Y105.296 E1652.16574
G1 X149.239 Y106.468 E1652.20727
G1 X149.593 Y107.55 E1652.24514
G1 X149.967 Y108.855 E1652.29029
G1 X150.268 Y110.07 E1652.33192
G1 X150.52 Y111.292 E1652.37342
G1 X150.727 Y112.525 E1652.415
G1 X150.89 Y113.763 E1652.45654
G1 X151.003 Y114.965 E1652.49669
G1 X151.076 Y116.252 E1652.53956
G1 X151.1 Y117.504 E1652.58121
G1 X151.076 Y118.767 E1652.62323
G1 X151.002 Y120.053 E1652.66607
G1 X150.888 Y121.254 E1652.7062
G1 X150.728 Y122.48 E1652.74732
G1 X150.52 Y123.71 E1652.78881
G1 X150.263 Y124.949 E1652.8309
G1 X149.965 Y126.149 E1652.87202
G1 X149.623 Y127.346 E1652.91343
G1 X149.236 Y128.536 E1652.95505
G1 X148.799 Y129.721 E1652.99706
G1 X148.327 Y130.865 E1653.03822
G1 X147.809 Y132.001 E1653.07974
G1 X147.25 Y133.118 E1653.12129
G1 X146.64 Y134.224 E1653.1633
G1 X146.02 Y135.264 E1653.20357
G1 X145.319 Y136.338 E1653.24622
G1 X144.606 Y137.352 E1653.28745
G1 X143.84 Y138.357 E1653.32948
G1 X143.057 Y139.311 E1653.37053
G1 X142.226 Y140.247 E1653.41216
G1 X141.363 Y141.151 E1653.45373
G1 X140.463 Y142.026 E1653.49548
G1 X139.523 Y142.872 E1653.53754
G1 X138.584 Y143.658 E1653.57827
G1 X137.599 Y144.424 E1653.61977
G1 X136.572 Y145.16 E1653.6618
G1 X135.54 Y145.845 E1653.70299
G1 X134.476 Y146.491 E1653.74439
G1 X133.385 Y147.107 E1653.78607
G1 X132.263 Y147.68 E1653.82797
G1 X131.129 Y148.209 E1653.86959
G1 X129.99 Y148.689 E1653.9107
G1 X128.813 Y149.137 E1653.95258
G1 X127.63 Y149.536 E1653.99411
G1 X126.442 Y149.886 E1654.0353
G1 X125.351 Y150.166 E1654.07276
G1 X124.01 Y150.463 E1654.11845
G1 X122.788 Y150.681 E1654.15973
G1 X121.549 Y150.856 E1654.20135
G1 X120.302 Y150.979 E1654.24303
G1 X119.056 Y151.064 E1654.28456
G1 X117.775 Y151.096 E1654.32718
G1 X117.5 Y151.093 E1654.33633
G1 F2700 E1649.33633
G0 F15000 X117.506 Y157.213
G0 X117.5 Y157.394
G1 F2700 E1654.33633
G1 F3000 X117.767 Y157.396 E1654.34521
G1 X119.096 Y157.364 E1654.38943
G1 X120.491 Y157.285 E1654.4359
G1 X121.898 Y157.155 E1654.4829
G1 X123.153 Y156.994 E1654.52498
G1 X124.475 Y156.781 E1654.56952
G1 X125.789 Y156.528 E1654.61402
G1 X126.992 Y156.257 E1654.65504
G1 X128.415 Y155.879 E1654.70401
G1 X129.635 Y155.507 E1654.74643
G1 X130.954 Y155.062 E1654.79273
G1 X132.206 Y154.59 E1654.83723
G1 X133.483 Y154.057 E1654.88326
G1 X134.653 Y153.522 E1654.92605
G1 X135.906 Y152.897 E1654.97262
G1 X137.046 Y152.284 E1655.01567
G1 X138.271 Y151.567 E1655.06288
G1 X139.368 Y150.869 E1655.10612
G1 X140.359 Y150.196 E1655.14597
G1 X141.527 Y149.348 E1655.19397
G1 X142.638 Y148.485 E1655.24076
G1 X143.663 Y147.619 E1655.2854
G1 X144.612 Y146.771 E1655.32772
G1 X145.581 Y145.845 E1655.3723
G1 X146.515 Y144.884 E1655.41688
G1 X147.414 Y143.902 E1655.46116
G1 X148.288 Y142.874 E1655.50604
G1 X149.124 Y141.825 E1655.55065
G1 X149.979 Y140.679 E1655.59821
G1 X150.705 Y139.615 E1655.64105
G1 X151.414 Y138.519 E1655.68446
G1 X152.123 Y137.326 E1655.73062
G1 X152.722 Y136.245 E1655.77173
G1 X153.355 Y135.003 E1655.81809
G1 X154.032 Y133.522 E1655.87225
G1 X154.047 Y133.518 E1655.87277
G1 X154.447 Y132.556 E1655.90742
G1 X154.933 Y131.299 E1655.95224
G1 X155.338 Y130.149 E1655.9928
G1 X155.776 Y128.761 E1656.0412
G1 X156.135 Y127.465 E1656.08593
G1 X156.473 Y126.067 E1656.13377
G1 X156.713 Y124.851 E1656.17499
G1 X156.938 Y123.525 E1656.21973
G1 X157.1 Y122.344 E1656.25938
G1 X157.254 Y120.875 E1656.3085
G1 X157.348 Y119.529 E1656.35338
G1 X157.392 Y118.186 E1656.39807
G1 X157.391 Y116.797 E1656.44427
G1 X157.351 Y115.564 E1656.4853
G1 X157.258 Y114.17 E1656.53177
G1 X157.124 Y112.799 E1656.57759
G1 X156.947 Y111.508 E1656.62093
G1 X156.722 Y110.188 E1656.66546
G1 X156.507 Y109.141 E1656.70101
G1 X156.479 Y108.967 E1656.70688
G1 X156.146 Y107.578 E1656.75438
G1 X155.792 Y106.285 E1656.79897
G1 X155.39 Y104.996 E1656.84388
G1 X154.968 Y103.782 E1656.88663
G1 X154.468 Y102.491 E1656.93267
G1 X153.918 Y101.201 E1656.97932
G1 X153.372 Y100.031 E1657.02226
G1 X152.765 Y98.837 E1657.06681
G1 X152.119 Y97.662 E1657.11141
G1 X151.433 Y96.508 E1657.15606
G1 X150.709 Y95.382 E1657.20058
G1 X149.944 Y94.278 E1657.24526
G1 X149.147 Y93.201 E1657.28982
G1 X148.316 Y92.154 E1657.33428
G1 X147.445 Y91.133 E1657.37892
G1 X146.542 Y90.139 E1657.42358
G1 X145.609 Y89.179 E1657.46811
G1 X144.64 Y88.253 E1657.51269
G1 X143.608 Y87.329 E1657.55876
G1 X142.618 Y86.499 E1657.60173
G1 X141.557 Y85.671 E1657.64649
G1 X140.482 Y84.879 E1657.6909
G1 X139.335 Y84.108 E1657.73687
G1 X138.314 Y83.46 E1657.77709
G1 X137.085 Y82.735 E1657.82455
G1 X135.864 Y82.079 E1657.87065
G1 X134.696 Y81.498 E1657.91404
G1 X133.479 Y80.938 E1657.95859
G1 X132.241 Y80.422 E1658.0032
G1 X131.001 Y79.949 E1658.04734
G1 X129.684 Y79.506 E1658.09356
G1 X128.435 Y79.125 E1658.13699
G1 X127.151 Y78.783 E1658.18119
G1 X125.834 Y78.479 E1658.22614
G1 X124.518 Y78.219 E1658.27076
G1 X123.206 Y78.01 E1658.31495
G1 X122.012 Y77.857 E1658.35498
G1 X120.462 Y77.707 E1658.40678
G1 X119.191 Y77.636 E1658.44912
G1 X117.854 Y77.601 E1658.4936
G1 X116.524 Y77.612 E1658.53784
G1 X115.134 Y77.671 E1658.58411
G1 X113.835 Y77.766 E1658.62743
G1 X112.503 Y77.912 E1658.672
G1 X111.176 Y78.101 E1658.71658
G1 X109.86 Y78.337 E1658.76105
G1 X108.559 Y78.613 E1658.80528
G1 X107.255 Y78.936 E1658.84997
G1 X105.909 Y79.32 E1658.89652
G1 X104.733 Y79.694 E1658.93756
G1 X103.416 Y80.166 E1658.9841
G1 X102.22 Y80.638 E1659.02686
G1 X100.95 Y81.19 E1659.07292
G1 X99.732 Y81.774 E1659.11785
G1 X98.55 Y82.384 E1659.16209
G1 X97.332 Y83.072 E1659.20861
G1 X96.228 Y83.744 E1659.2516
G1 X95.113 Y84.47 E1659.29585
G1 X94.052 Y85.215 E1659.33897
G1 X92.938 Y86.053 E1659.38534
G1 X91.872 Y86.921 E1659.43106
G1 X90.88 Y87.776 E1659.47462
G1 X89.899 Y88.686 E1659.51912
G1 X88.985 Y89.588 E1659.56183
G1 X88.024 Y90.604 E1659.60835
G1 X87.141 Y91.61 E1659.65287
G1 X86.294 Y92.635 E1659.69709
G1 X85.47 Y93.706 E1659.74204
G1 X84.69 Y94.794 E1659.78656
G1 X83.941 Y95.913 E1659.83135
G1 X83.236 Y97.052 E1659.8759
G1 X82.57 Y98.214 E1659.92045
G1 X81.944 Y99.397 E1659.96496
G1 X81.36 Y100.591 E1660.00917
G1 X80.804 Y101.824 E1660.05416
G1 X80.3 Y103.068 E1660.0988
G1 X79.839 Y104.326 E1660.14336
G1 X79.417 Y105.6 E1660.188
G1 X79.035 Y106.884 E1660.23256
G1 X78.704 Y108.18 E1660.27705
G1 X78.412 Y109.493 E1660.32178
G1 X78.164 Y110.809 E1660.36632
G1 X77.963 Y112.134 E1660.4109
G1 X77.805 Y113.414 E1660.45379
G1 X77.691 Y114.788 E1660.49965
G1 X77.624 Y116.141 E1660.54471
G1 X77.6 Y117.48 E1660.58925
G1 X77.622 Y118.758 E1660.63176
G1 X77.691 Y120.16 E1660.67845
G1 X77.801 Y121.484 E1660.72264
G1 X77.955 Y122.816 E1660.76723
G1 X78.156 Y124.139 E1660.81174
G1 X78.404 Y125.46 E1660.85645
G1 X78.692 Y126.769 E1660.90103
G1 X78.995 Y127.962 E1660.94196
G1 X79.433 Y129.472 E1660.99426
G1 X79.836 Y130.662 E1661.03604
G1 X80.284 Y131.883 E1661.0793
G1 X80.788 Y133.124 E1661.12385
G1 X81.341 Y134.362 E1661.16895
G1 X81.895 Y135.507 E1661.21126
G1 X82.546 Y136.742 E1661.25769
G1 X83.212 Y137.904 E1661.30224
G1 X83.925 Y139.051 E1661.34716
G1 X84.662 Y140.159 E1661.39142
G1 X85.443 Y141.25 E1661.43604
G1 X86.258 Y142.315 E1661.48065
G1 X87.143 Y143.39 E1661.52696
G1 X87.992 Y144.356 E1661.56973
G1 X88.914 Y145.333 E1661.61441
G1 X89.864 Y146.279 E1661.659
G1 X90.845 Y147.189 E1661.70351
G1 X91.866 Y148.075 E1661.74847
G1 X92.902 Y148.911 E1661.79275
G1 X93.975 Y149.723 E1661.8375
G1 X95.074 Y150.499 E1661.88225
G1 X96.189 Y151.228 E1661.92656
G1 X97.332 Y151.926 E1661.9711
G1 X98.51 Y152.588 E1662.01605
G1 X99.689 Y153.203 E1662.06027
G1 X100.91 Y153.786 E1662.10528
G1 X102.128 Y154.318 E1662.14948
G1 X103.373 Y154.815 E1662.19407
G1 X104.634 Y155.267 E1662.23862
G1 X105.91 Y155.677 E1662.2832
G1 X107.211 Y156.048 E1662.3282
G1 X108.516 Y156.371 E1662.37291
G1 X109.829 Y156.655 E1662.41759
G1 X111.128 Y156.887 E1662.46148
G1 X112.456 Y157.076 E1662.50609
G1 X113.78 Y157.222 E1662.5504
G1 X115.061 Y157.32 E1662.59313
G1 X116.445 Y157.384 E1662.63921
G1 X117.5 Y157.394 E1662.6743
G0 F15000 X117.5 Y157.794
;TYPE:WALL-OUTER
G1 F3000 X117.77 Y157.796 E1662.68328
G1 X119.112 Y157.764 E1662.72793
G1 X120.521 Y157.684 E1662.77487
G1 X121.942 Y157.553 E1662.82233
G1 X123.211 Y157.39 E1662.86488
G1 X124.545 Y157.175 E1662.90983
G1 X125.871 Y156.92 E1662.95474
G1 X127.088 Y156.645 E1662.99624
G1 X128.525 Y156.263 E1663.04569
G1 X129.852 Y155.857 E1663.09185
G1 X131.088 Y155.439 E1663.13524
G1 X132.354 Y154.962 E1663.18024
G1 X133.649 Y154.421 E1663.22692
G1 X134.825 Y153.883 E1663.26993
G1 X136.048 Y153.274 E1663.31537
G1 X137.242 Y152.633 E1663.36045
G1 X138.479 Y151.909 E1663.40812
G1 X139.55 Y151.228 E1663.45033
G1 X140.589 Y150.524 E1663.49207
G1 X141.767 Y149.668 E1663.54051
G1 X142.89 Y148.796 E1663.5878
G1 X143.872 Y147.968 E1663.63052
G1 X144.884 Y147.065 E1663.67563
G1 X145.863 Y146.129 E1663.72068
G1 X146.806 Y145.158 E1663.7657
G1 X147.714 Y144.167 E1663.8104
G1 X148.597 Y143.128 E1663.85575
G1 X149.441 Y142.069 E1663.90079
G1 X150.305 Y140.911 E1663.94885
G1 X151.017 Y139.869 E1663.99082
G1 X151.754 Y138.73 E1664.03594
G1 X152.446 Y137.568 E1664.08093
G1 X153.103 Y136.382 E1664.12602
G1 X153.715 Y135.177 E1664.17097
G1 X154.386 Y133.707 E1664.22472
G1 X154.403 Y133.703 E1664.2253
G1 X154.818 Y132.705 E1664.26125
G1 X155.308 Y131.438 E1664.30643
G1 X155.718 Y130.276 E1664.34741
G1 X156.16 Y128.875 E1664.39628
G1 X156.522 Y127.565 E1664.44148
G1 X156.864 Y126.153 E1664.4898
G1 X157.107 Y124.923 E1664.5315
G1 X157.334 Y123.585 E1664.57664
G1 X157.497 Y122.392 E1664.61669
G1 X157.652 Y120.91 E1664.66625
G1 X157.748 Y119.549 E1664.71163
G1 X157.792 Y118.192 E1664.75678
G1 X157.791 Y116.784 E1664.80361
G1 X157.748 Y115.487 E1664.84678
G1 X157.656 Y114.137 E1664.89178
G1 X157.521 Y112.752 E1664.93807
G1 X157.342 Y111.447 E1664.98188
G1 X157.115 Y110.114 E1665.02685
G1 X156.902 Y109.077 E1665.06206
G1 X156.871 Y108.888 E1665.06843
G1 X156.534 Y107.478 E1665.11665
G1 X156.176 Y106.173 E1665.16166
G1 X155.77 Y104.871 E1665.20702
G1 X155.324 Y103.59 E1665.25213
G1 X154.838 Y102.34 E1665.29674
G1 X154.305 Y101.086 E1665.34206
G1 X153.732 Y99.856 E1665.38719
G1 X153.119 Y98.65 E1665.43219
G1 X152.466 Y97.464 E1665.47722
G1 X151.807 Y96.353 E1665.52018
G1 X151.041 Y95.16 E1665.56734
G1 X150.269 Y94.045 E1665.61244
G1 X149.465 Y92.958 E1665.65741
G1 X148.625 Y91.9 E1665.70234
G1 X147.745 Y90.869 E1665.74743
G1 X146.834 Y89.865 E1665.79252
G1 X145.891 Y88.895 E1665.83751
G1 X144.912 Y87.959 E1665.88256
G1 X143.908 Y87.06 E1665.92739
G1 X142.87 Y86.188 E1665.97248
G1 X141.799 Y85.352 E1666.01766
G1 X140.712 Y84.552 E1666.06255
G1 X139.59 Y83.796 E1666.10755
G1 X138.523 Y83.119 E1666.14958
G1 X137.281 Y82.387 E1666.19753
G1 X136.091 Y81.746 E1666.24249
G1 X134.869 Y81.137 E1666.2879
G1 X133.639 Y80.572 E1666.33292
G1 X132.389 Y80.05 E1666.37797
G1 X131.136 Y79.573 E1666.42257
G1 X129.85 Y79.139 E1666.46771
G1 X128.545 Y78.741 E1666.51309
G1 X127.247 Y78.395 E1666.55777
G1 X125.918 Y78.088 E1666.60313
G1 X124.588 Y77.825 E1666.64823
G1 X123.263 Y77.614 E1666.69285
G1 X122.057 Y77.459 E1666.73329
G1 X120.492 Y77.308 E1666.78559
G1 X119.207 Y77.236 E1666.82839
G1 X117.858 Y77.201 E1666.87328
G1 X116.514 Y77.212 E1666.91798
G1 X115.16 Y77.268 E1666.96305
G1 X113.864 Y77.362 E1667.00627
G1 X112.453 Y77.515 E1667.05347
G1 X111.112 Y77.706 E1667.09853
G1 X109.838 Y77.934 E1667.14157
G1 X108.469 Y78.223 E1667.18811
G1 X107.152 Y78.55 E1667.23324
G1 X105.788 Y78.939 E1667.28042
G1 X104.549 Y79.334 E1667.32367
G1 X103.275 Y79.792 E1667.3687
G1 X102.017 Y80.289 E1667.41369
G1 X100.784 Y80.826 E1667.45842
G1 X99.507 Y81.439 E1667.50553
G1 X98.36 Y82.032 E1667.54848
G1 X97.124 Y82.73 E1667.59569
G1 X96.06 Y83.377 E1667.63711
G1 X94.889 Y84.138 E1667.68356
G1 X93.774 Y84.922 E1667.72889
G1 X92.692 Y85.738 E1667.77397
G1 X91.611 Y86.618 E1667.82033
G1 X90.614 Y87.478 E1667.86412
G1 X89.623 Y88.397 E1667.90907
G1 X88.66 Y89.348 E1667.95409
G1 X87.728 Y90.335 E1667.99924
G1 X86.837 Y91.35 E1668.04416
G1 X85.981 Y92.385 E1668.08883
G1 X85.149 Y93.468 E1668.13426
G1 X84.361 Y94.566 E1668.17921
G1 X83.605 Y95.697 E1668.22445
G1 X82.892 Y96.847 E1668.26946
G1 X82.22 Y98.021 E1668.31445
G1 X81.587 Y99.215 E1668.3594
G1 X80.998 Y100.421 E1668.40404
G1 X80.436 Y101.667 E1668.4495
G1 X79.927 Y102.924 E1668.49461
G1 X79.461 Y104.194 E1668.5396
G1 X79.035 Y105.48 E1668.58466
G1 X78.649 Y106.778 E1668.6297
G1 X78.315 Y108.087 E1668.67463
G1 X78.02 Y109.413 E1668.71981
G1 X77.77 Y110.742 E1668.76479
G1 X77.567 Y112.08 E1668.8098
G1 X77.407 Y113.373 E1668.85313
G1 X77.292 Y114.762 E1668.89949
G1 X77.224 Y116.127 E1668.94495
G1 X77.2 Y117.48 E1668.98996
G1 X77.226 Y118.876 E1669.03639
G1 X77.292 Y120.186 E1669.08002
G1 X77.403 Y121.524 E1669.12468
G1 X77.567 Y122.931 E1669.17179
G1 X77.762 Y124.206 E1669.21469
G1 X78.012 Y125.54 E1669.25983
G1 X78.316 Y126.916 E1669.3067
G1 X78.609 Y128.067 E1669.3462
G1 X79.051 Y129.592 E1669.39901
G1 X79.46 Y130.8 E1669.44143
G1 X79.911 Y132.027 E1669.48491
G1 X80.42 Y133.281 E1669.52992
G1 X80.978 Y134.531 E1669.57545
G1 X81.563 Y135.737 E1669.62004
G1 X82.196 Y136.935 E1669.6651
G1 X82.868 Y138.109 E1669.71009
G1 X83.618 Y139.312 E1669.75724
G1 X84.333 Y140.386 E1669.80016
G1 X85.121 Y141.488 E1669.84522
G1 X85.945 Y142.563 E1669.89027
G1 X86.805 Y143.61 E1669.93533
G1 X87.696 Y144.625 E1669.98025
G1 X88.628 Y145.612 E1670.0254
G1 X89.587 Y146.567 E1670.07042
G1 X90.578 Y147.487 E1670.11539
G1 X91.609 Y148.382 E1670.1608
G1 X92.656 Y149.226 E1670.20553
G1 X93.739 Y150.046 E1670.25071
G1 X94.849 Y150.83 E1670.29591
G1 X95.975 Y151.566 E1670.34065
G1 X97.13 Y152.271 E1670.38566
G1 X98.32 Y152.94 E1670.43106
G1 X99.51 Y153.561 E1670.47571
G1 X100.744 Y154.15 E1670.52119
G1 X101.974 Y154.687 E1670.56583
G1 X103.231 Y155.189 E1670.61084
G1 X104.505 Y155.646 E1670.65586
G1 X105.794 Y156.06 E1670.70089
G1 X107.108 Y156.434 E1670.74633
G1 X108.426 Y156.761 E1670.7915
G1 X109.751 Y157.047 E1670.83658
G1 X111.064 Y157.282 E1670.88095
G1 X112.406 Y157.473 E1670.92603
G1 X113.743 Y157.62 E1670.97077
G1 X115.037 Y157.72 E1671.01393
G1 X116.434 Y157.784 E1671.06045
G1 X117.5 Y157.794 E1671.0959
G1 F2700 E1666.0959
G0 F15000 X117.503 Y157.486
G0 X117.439 Y157.213
G0 X117.498 Y151.274
G0 X117.5 Y150.693
G1 F2700 E1671.0959
G1 F3000 X116.574 Y150.684 E1671.1267
G1 X115.33 Y150.628 E1671.16812
G1 X114.112 Y150.523 E1671.20878
G1 X112.876 Y150.374 E1671.25019
G1 X111.665 Y150.181 E1671.29098
G1 X110.445 Y149.939 E1671.33234
G1 X109.259 Y149.659 E1671.37288
G1 X108.067 Y149.331 E1671.414
G1 X106.88 Y148.953 E1671.45543
G1 X105.717 Y148.538 E1671.4965
G1 X104.582 Y148.083 E1671.53717
G1 X103.71 Y147.694 E1671.56893
G1 X103.7 Y147.701 E1671.56933
G1 X102.345 Y147.041 E1671.61946
G1 X101.254 Y146.453 E1671.66068
G1 X100.185 Y145.825 E1671.70192
G1 X99.077 Y145.125 E1671.74551
G1 X98.16 Y144.485 E1671.7827
G1 X97.146 Y143.728 E1671.82479
G1 X96.188 Y142.955 E1671.86573
G1 X95.247 Y142.135 E1671.90725
G1 X94.345 Y141.293 E1671.94829
G1 X93.484 Y140.424 E1671.98898
G1 X92.639 Y139.506 E1672.03047
G1 X91.847 Y138.576 E1672.0711
G1 X91.074 Y137.599 E1672.11254
G1 X90.346 Y136.604 E1672.15355
G1 X89.662 Y135.59 E1672.19423
G1 X88.995 Y134.519 E1672.23619
G1 X88.386 Y133.461 E1672.27679
G1 X87.819 Y132.379 E1672.31742
G1 X87.284 Y131.256 E1672.3588
G1 X86.797 Y130.133 E1672.39951
G1 X86.347 Y128.974 E1672.44086
G1 X85.94 Y127.807 E1672.48197
G1 X85.582 Y126.636 E1672.5227
G1 X85.26 Y125.433 E1672.56412
G1 X84.987 Y124.23 E1672.60515
G1 X84.758 Y123.017 E1672.6462
G1 X84.581 Y121.807 E1672.68688
G1 X84.44 Y120.567 E1672.72838
G1 X84.352 Y119.352 E1672.7689
G1 X84.304 Y118.116 E1672.81004
G1 X84.304 Y116.892 E1672.85075
G1 X84.352 Y115.637 E1672.89252
G1 X84.441 Y114.417 E1672.93321
G1 X84.582 Y113.183 E1672.97452
G1 X84.759 Y111.97 E1673.01529
G1 X84.989 Y110.755 E1673.05642
G1 X85.262 Y109.556 E1673.09732
G1 X85.584 Y108.349 E1673.13887
G1 X85.943 Y107.182 E1673.17948
G1 X86.349 Y106.015 E1673.22057
G1 X86.8 Y104.856 E1673.26194
G1 X87.287 Y103.734 E1673.30262
G1 X87.823 Y102.606 E1673.34416
G1 X88.403 Y101.504 E1673.38558
G1 X89.006 Y100.458 E1673.42573
G1 X89.666 Y99.4 E1673.46721
G1 X90.35 Y98.385 E1673.50792
G1 X91.078 Y97.392 E1673.54887
G1 X91.844 Y96.421 E1673.59001
G1 X92.648 Y95.484 E1673.63107
G1 X93.489 Y94.567 E1673.67245
G1 X94.351 Y93.697 E1673.71319
G1 X95.252 Y92.857 E1673.75416
G1 X96.194 Y92.036 E1673.79572
G1 X97.152 Y91.263 E1673.83666
G1 X98.166 Y90.507 E1673.87873
G1 X99.084 Y89.875 E1673.9158
G1 X100.19 Y89.167 E1673.95948
G1 X101.265 Y88.535 E1674.00095
G1 X102.352 Y87.952 E1674.04198
G1 X103.45 Y87.417 E1674.0826
G1 X104.589 Y86.91 E1674.12407
G1 X105.724 Y86.455 E1674.16474
G1 X106.887 Y86.041 E1674.2058
G1 X108.075 Y85.663 E1674.24726
G1 X109.261 Y85.337 E1674.28817
G1 X110.453 Y85.055 E1674.32891
G1 X111.676 Y84.814 E1674.37037
G1 X112.884 Y84.621 E1674.41106
G1 X114.118 Y84.472 E1674.4524
G1 X115.338 Y84.368 E1674.49313
G1 X116.582 Y84.312 E1674.53454
G1 X117.806 Y84.299 E1674.57526
G1 X119.054 Y84.332 E1674.61678
G1 X120.28 Y84.416 E1674.65765
G1 X121.5 Y84.537 E1674.69843
G1 X122.728 Y84.711 E1674.73968
G1 X123.934 Y84.928 E1674.78044
G1 X125.155 Y85.19 E1674.82197
G1 X126.349 Y85.5 E1674.863
G1 X127.637 Y85.878 E1674.90765
G1 X128.704 Y86.245 E1674.94518
G1 X129.854 Y86.683 E1674.9861
G1 X130.981 Y87.158 E1675.02678
G1 X132.1 Y87.681 E1675.06786
G1 X133.211 Y88.249 E1675.10937
G1 X134.272 Y88.849 E1675.14991
G1 X135.339 Y89.497 E1675.19143
G1 X136.357 Y90.173 E1675.23207
G1 X137.371 Y90.901 E1675.27359
G1 X138.337 Y91.65 E1675.31424
G1 X139.291 Y92.447 E1675.35559
G1 X140.2 Y93.268 E1675.39633
G1 X141.081 Y94.129 E1675.4373
G1 X141.942 Y95.031 E1675.47878
G1 X142.763 Y95.957 E1675.51994
G1 X143.536 Y96.898 E1675.56044
G1 X144.288 Y97.886 E1675.60174
G1 X144.996 Y98.891 E1675.64263
G1 X145.676 Y99.937 E1675.68412
G1 X146.3 Y100.983 E1675.72463
G1 X146.895 Y102.066 E1675.76573
G1 X147.454 Y103.18 E1675.80719
G1 X147.961 Y104.291 E1675.8478
G1 X148.432 Y105.434 E1675.88892
G1 X148.859 Y106.593 E1675.93
G1 X149.209 Y107.66 E1675.96735
G1 X149.579 Y108.951 E1676.01202
G1 X149.876 Y110.151 E1676.05314
G1 X150.126 Y111.358 E1676.09413
G1 X150.331 Y112.577 E1676.13525
G1 X150.492 Y113.801 E1676.17631
G1 X150.604 Y114.988 E1676.21596
G1 X150.676 Y116.26 E1676.25834
G1 X150.7 Y117.496 E1676.29945
G1 X150.676 Y118.744 E1676.34097
G1 X150.604 Y120.015 E1676.38331
G1 X150.491 Y121.202 E1676.42297
G1 X150.334 Y122.414 E1676.46362
G1 X150.128 Y123.629 E1676.50461
G1 X149.875 Y124.853 E1676.54618
G1 X149.581 Y126.039 E1676.58682
G1 X149.243 Y127.222 E1676.62774
G1 X148.86 Y128.398 E1676.66887
G1 X148.429 Y129.569 E1676.71038
G1 X147.963 Y130.699 E1676.75103
G1 X147.451 Y131.822 E1676.79208
G1 X146.9 Y132.925 E1676.83309
G1 X146.296 Y134.019 E1676.87465
G1 X145.672 Y135.066 E1676.91519
G1 X144.992 Y136.108 E1676.95658
G1 X144.288 Y137.11 E1676.99731
G1 X143.531 Y138.103 E1677.03884
G1 X142.758 Y139.045 E1677.07937
G1 X141.937 Y139.971 E1677.12053
G1 X141.084 Y140.864 E1677.1616
G1 X140.195 Y141.729 E1677.20286
G1 X139.266 Y142.566 E1677.24445
G1 X138.339 Y143.342 E1677.28466
G1 X137.365 Y144.099 E1677.32568
G1 X136.351 Y144.827 E1677.3672
G1 X135.332 Y145.503 E1677.40787
G1 X134.279 Y146.143 E1677.44886
G1 X133.203 Y146.751 E1677.48996
G1 X132.093 Y147.318 E1677.53142
G1 X130.974 Y147.841 E1677.5725
G1 X129.848 Y148.315 E1677.61314
G1 X128.685 Y148.758 E1677.65453
G1 X127.517 Y149.152 E1677.69553
G1 X126.342 Y149.498 E1677.73627
G1 X125.264 Y149.776 E1677.7733
G1 X123.94 Y150.069 E1677.8184
G1 X122.72 Y150.286 E1677.85961
G1 X121.492 Y150.459 E1677.90086
G1 X120.274 Y150.58 E1677.94157
G1 X119.046 Y150.664 E1677.98251
G1 X117.779 Y150.696 E1678.02466
G1 X117.5 Y150.693 E1678.03394
G1 F2700 E1673.03394
G0 F15000 X117.497 Y151.004
G0 X117.558 Y151.274
G0 X117.503 Y157.213
G0 X117.5 Y157.033
;TYPE:SKIN
G1 F2700 E1678.03394
G1 F3000 X116.462 Y157.023 E1678.06847
G1 X115.089 Y156.96 E1678.11418
G1 X113.807 Y156.86 E1678.15695
G1 X112.493 Y156.717 E1678.20091
G1 X111.176 Y156.53 E1678.24516
G1 X109.948 Y156.307 E1678.28667
G1 X108.602 Y156.021 E1678.33243
G1 X107.308 Y155.698 E1678.37679
G1 X106.006 Y155.328 E1678.42181
G1 X104.741 Y154.922 E1678.466
G1 X103.495 Y154.476 E1678.51002
G1 X102.262 Y153.983 E1678.55418
G1 X101.064 Y153.458 E1678.59769
G1 X99.842 Y152.877 E1678.64269
G1 X98.688 Y152.272 E1678.68603
G1 X97.51 Y151.611 E1678.73096
G1 X96.415 Y150.942 E1678.77364
G1 X95.281 Y150.202 E1678.81867
G1 X94.191 Y149.434 E1678.86302
G1 X93.148 Y148.644 E1678.90654
G1 X92.093 Y147.798 E1678.95152
G1 X91.118 Y146.947 E1678.99456
G1 X90.107 Y146.015 E1679.0403
G1 X89.194 Y145.102 E1679.08324
G1 X88.252 Y144.109 E1679.12876
G1 X87.415 Y143.152 E1679.17105
G1 X86.585 Y142.147 E1679.2144
G1 X85.697 Y140.989 E1679.26294
G1 X84.953 Y139.946 E1679.30555
G1 X84.253 Y138.896 E1679.34752
G1 X83.516 Y137.713 E1679.39388
G1 X82.882 Y136.603 E1679.4364
G1 X82.259 Y135.424 E1679.48075
G1 X81.688 Y134.255 E1679.52402
G1 X81.136 Y133.022 E1679.56895
G1 X80.619 Y131.748 E1679.61468
G1 X80.171 Y130.525 E1679.658
G1 X79.771 Y129.355 E1679.69913
G1 X79.307 Y127.759 E1679.75441
G1 X79.268 Y127.575 E1679.76066
G1 X79.062 Y126.772 E1679.78824
G1 X78.756 Y125.38 E1679.83564
G1 X78.518 Y124.118 E1679.87836
G1 X78.311 Y122.761 E1679.92401
G1 X78.163 Y121.477 E1679.967
G1 X78.036 Y120.01 E1680.01598
G1 X77.985 Y118.869 E1680.05396
G1 X77.96 Y117.484 E1680.10004
G1 X77.984 Y116.155 E1680.14425
G1 X78.04 Y114.886 E1680.18649
G1 X78.163 Y113.457 E1680.2342
G1 X78.314 Y112.226 E1680.27545
G1 X78.518 Y110.874 E1680.32092
G1 X78.757 Y109.61 E1680.36371
G1 X79.051 Y108.267 E1680.40944
G1 X79.377 Y106.986 E1680.4534
G1 X79.759 Y105.713 E1680.49761
G1 X80.177 Y104.45 E1680.54185
G1 X80.635 Y103.2 E1680.58613
G1 X81.137 Y101.959 E1680.63066
G1 X81.662 Y100.79 E1680.67328
G1 X82.263 Y99.563 E1680.71872
G1 X82.856 Y98.437 E1680.76105
G1 X83.54 Y97.239 E1680.80693
G1 X84.237 Y96.113 E1680.85098
G1 X84.981 Y95.003 E1680.89542
G1 X85.757 Y93.924 E1680.93963
G1 X86.577 Y92.853 E1680.98449
G1 X87.36 Y91.907 E1681.02533
G1 X88.289 Y90.847 E1681.07221
G1 X89.2 Y89.88 E1681.1164
G1 X90.111 Y88.981 E1681.15897
G1 X91.114 Y88.045 E1681.2046
G1 X92.058 Y87.233 E1681.24602
G1 X93.152 Y86.342 E1681.29294
G1 X94.218 Y85.538 E1681.33735
G1 X95.321 Y84.762 E1681.38221
G1 X96.451 Y84.026 E1681.42706
G1 X97.509 Y83.381 E1681.46827
G1 X98.672 Y82.728 E1681.51264
G1 X99.866 Y82.111 E1681.55734
G1 X101.104 Y81.514 E1681.60305
G1 X102.301 Y80.989 E1681.64652
G1 X103.504 Y80.517 E1681.68951
G1 X104.785 Y80.054 E1681.73481
G1 X106.05 Y79.652 E1681.77896
G1 X107.259 Y79.306 E1681.82078
G1 X108.645 Y78.959 E1681.8683
G1 X109.912 Y78.693 E1681.91136
G1 X111.28 Y78.445 E1681.9576
G1 X112.541 Y78.267 E1681.99996
G1 X113.87 Y78.124 E1682.04442
G1 X115.256 Y78.021 E1682.09064
G1 X116.497 Y77.973 E1682.13195
G1 X117.751 Y77.96 E1682.17366
G1 X119.171 Y77.996 E1682.22091
G1 X120.44 Y78.068 E1682.26318
G1 X121.965 Y78.215 E1682.31414
G1 X123.159 Y78.367 E1682.35417
G1 X124.448 Y78.573 E1682.39759
G1 X125.75 Y78.828 E1682.44172
G1 X127.027 Y79.125 E1682.48532
G1 X128.329 Y79.469 E1682.53011
G1 X129.622 Y79.863 E1682.57507
G1 X130.872 Y80.285 E1682.61895
G1 X132.105 Y80.754 E1682.66283
G1 X133.327 Y81.264 E1682.70687
G1 X134.519 Y81.815 E1682.75055
G1 X135.44 Y82.255 E1682.78449
G1 X135.444 Y82.272 E1682.78508
G1 X136.902 Y83.043 E1682.83993
G1 X138.127 Y83.767 E1682.88726
G1 X139.137 Y84.407 E1682.92703
G1 X140.268 Y85.168 E1682.97237
G1 X141.302 Y85.93 E1683.01509
G1 X142.394 Y86.78 E1683.06111
G1 X143.401 Y87.628 E1683.1049
G1 X144.388 Y88.511 E1683.14895
G1 X145.351 Y89.43 E1683.19322
G1 X146.274 Y90.382 E1683.23733
G1 X147.142 Y91.334 E1683.28017
G1 X148.033 Y92.379 E1683.32585
G1 X148.8 Y93.346 E1683.3669
G1 X149.645 Y94.481 E1683.41396
G1 X150.378 Y95.541 E1683.45683
G1 X151.122 Y96.69 E1683.50236
G1 X151.802 Y97.836 E1683.54668
G1 X152.443 Y99.002 E1683.59093
G1 X153.044 Y100.184 E1683.63504
G1 X153.609 Y101.394 E1683.67945
G1 X154.13 Y102.62 E1683.72376
G1 X154.608 Y103.845 E1683.76749
G1 X155.042 Y105.103 E1683.81176
G1 X155.444 Y106.389 E1683.85657
G1 X155.787 Y107.633 E1683.89949
G1 X156.124 Y109.027 E1683.94719
G1 X156.339 Y110.117 E1683.98414
G1 X156.586 Y111.523 E1684.03162
G1 X156.765 Y112.832 E1684.07556
G1 X156.904 Y114.277 E1684.12385
G1 X156.988 Y115.518 E1684.16522
G1 X157.027 Y116.763 E1684.20665
G1 X157.032 Y118.172 E1684.25351
G1 X156.988 Y119.501 E1684.29774
G1 X156.892 Y120.846 E1684.34259
G1 X156.741 Y122.295 E1684.39104
G1 X156.558 Y123.605 E1684.43503
G1 X156.359 Y124.779 E1684.47464
G1 X156.116 Y125.997 E1684.51595
G1 X155.786 Y127.369 E1684.56288
G1 X155.432 Y128.65 E1684.60709
G1 X154.954 Y130.144 E1684.65926
G1 X154.596 Y131.167 E1684.69531
G1 X154.166 Y132.285 E1684.73515
G1 X153.723 Y133.354 E1684.77363
G1 X153.703 Y133.37 E1684.77449
G1 X153.031 Y134.837 E1684.82815
G1 X152.435 Y136.018 E1684.87215
G1 X151.738 Y137.267 E1684.91972
G1 X151.128 Y138.289 E1684.95931
G1 X150.457 Y139.337 E1685.0007
G1 X149.689 Y140.463 E1685.04603
G1 X148.841 Y141.597 E1685.09313
G1 X148.013 Y142.64 E1685.13742
G1 X147.138 Y143.667 E1685.1823
G1 X146.254 Y144.63 E1685.22578
G1 X145.331 Y145.582 E1685.26988
G1 X144.368 Y146.501 E1685.31415
G1 X143.42 Y147.349 E1685.35646
G1 X142.414 Y148.2 E1685.40028
G1 X141.312 Y149.055 E1685.44667
G1 X140.065 Y149.956 E1685.49784
G1 X139.162 Y150.568 E1685.53412
G1 X138.075 Y151.261 E1685.577
G1 X136.873 Y151.965 E1685.62333
G1 X135.532 Y152.696 E1685.67413
G1 X135.512 Y152.686 E1685.67487
G1 X134.489 Y153.199 E1685.71294
G1 X133.328 Y153.728 E1685.75537
G1 X132.07 Y154.254 E1685.80072
G1 X130.836 Y154.719 E1685.84458
G1 X129.614 Y155.133 E1685.8875
G1 X128.309 Y155.531 E1685.93287
G1 X126.912 Y155.905 E1685.98097
G1 X125.663 Y156.184 E1686.02354
G1 X124.417 Y156.423 E1686.06574
G1 X123.107 Y156.634 E1686.10987
G1 X121.849 Y156.797 E1686.15206
G1 X120.469 Y156.924 E1686.19815
G1 X119.163 Y156.998 E1686.24166
G1 X117.762 Y157.036 E1686.28828
G1 X117.5 Y157.033 E1686.29699
G1 F2700 E1681.29699
G0 F15000 X117.498 Y157.293
G0 X117.505 Y151.274
G0 X117.5 Y151.453
G1 F2700 E1686.29699
G1 F3000 X117.765 Y151.456 E1686.3058
G1 X119.069 Y151.424 E1686.34919
G1 X120.331 Y151.336 E1686.39127
G1 X121.58 Y151.211 E1686.43301
G1 X122.852 Y151.034 E1686.47573
G1 X124.075 Y150.817 E1686.51704
G1 X125.42 Y150.516 E1686.56288
G1 X126.546 Y150.23 E1686.60152
G1 X127.693 Y149.892 E1686.64129
G1 X128.965 Y149.462 E1686.68595
G1 X130.088 Y149.035 E1686.72591
G1 X131.262 Y148.545 E1686.76823
G1 X132.418 Y148.001 E1686.81072
G1 X133.555 Y147.423 E1686.85314
G1 X134.647 Y146.807 E1686.89484
G1 X135.744 Y146.139 E1686.93756
G1 X136.775 Y145.455 E1686.97871
G1 X137.777 Y144.739 E1687.01967
G1 X138.811 Y143.934 E1687.06326
G1 X139.757 Y143.146 E1687.10421
G1 X140.707 Y142.289 E1687.14676
G1 X141.608 Y141.412 E1687.18858
G1 X142.489 Y140.491 E1687.23097
G1 X143.322 Y139.553 E1687.2727
G1 X144.119 Y138.579 E1687.31455
G1 X144.895 Y137.566 E1687.357
G1 X145.616 Y136.539 E1687.39873
G1 X146.356 Y135.401 E1687.44388
G1 X146.949 Y134.403 E1687.48249
G1 X147.567 Y133.285 E1687.52498
G1 X148.147 Y132.13 E1687.56797
G1 X148.655 Y131.007 E1687.60896
G1 X149.125 Y129.873 E1687.64979
G1 X149.58 Y128.638 E1687.69357
G1 X149.967 Y127.45 E1687.73512
G1 X150.301 Y126.279 E1687.77562
G1 X150.611 Y125.041 E1687.81807
G1 X150.872 Y123.777 E1687.861
G1 X151.078 Y122.57 E1687.90172
G1 X151.243 Y121.294 E1687.94452
G1 X151.36 Y120.08 E1687.98508
G1 X151.433 Y118.787 E1688.02816
G1 X151.46 Y117.505 E1688.0708
G1 X151.436 Y116.236 E1688.11302
G1 X151.36 Y114.896 E1688.15766
G1 X151.247 Y113.72 E1688.19695
G1 X151.083 Y112.469 E1688.23892
G1 X150.874 Y111.226 E1688.28084
G1 X150.612 Y109.963 E1688.32374
G1 X150.307 Y108.735 E1688.36583
G1 X149.941 Y107.456 E1688.41007
G1 X149.587 Y106.377 E1688.44784
G1 X149.144 Y105.163 E1688.49083
G1 X148.657 Y103.983 E1688.53328
G1 X148.146 Y102.868 E1688.57408
G1 X147.571 Y101.718 E1688.61684
G1 X146.968 Y100.619 E1688.65854
G1 X146.328 Y99.545 E1688.70012
G1 X145.628 Y98.47 E1688.74279
G1 X144.916 Y97.457 E1688.78397
G1 X144.136 Y96.43 E1688.82686
G1 X143.355 Y95.48 E1688.86776
G1 X142.514 Y94.531 E1688.90994
G1 X141.625 Y93.598 E1688.9528
G1 X140.724 Y92.72 E1688.99465
G1 X139.803 Y91.883 E1689.03604
G1 X138.797 Y91.042 E1689.07965
G1 X137.807 Y90.277 E1689.12126
G1 X136.805 Y89.557 E1689.1623
G1 X135.748 Y88.856 E1689.20449
G1 X134.66 Y88.196 E1689.24681
G1 X133.591 Y87.59 E1689.28768
G1 X132.452 Y87.006 E1689.33025
G1 X131.297 Y86.466 E1689.37266
G1 X130.098 Y85.959 E1689.41596
G1 X129.035 Y85.556 E1689.45377
G1 X127.87 Y85.154 E1689.49476
G1 X126.613 Y84.784 E1689.53834
G1 X125.331 Y84.446 E1689.58244
G1 X124.094 Y84.184 E1689.62449
G1 X122.868 Y83.963 E1689.66593
G1 X121.589 Y83.781 E1689.70889
G1 X120.36 Y83.661 E1689.74997
G1 X119.111 Y83.572 E1689.79161
G1 X117.806 Y83.535 E1689.83503
G1 X116.553 Y83.552 E1689.87671
G1 X115.299 Y83.608 E1689.91846
G1 X114.055 Y83.712 E1689.95998
G1 X112.763 Y83.869 E1690.00327
G1 X111.56 Y84.062 E1690.0438
G1 X110.301 Y84.311 E1690.08648
G1 X109.082 Y84.597 E1690.12813
G1 X107.822 Y84.943 E1690.17158
G1 X106.659 Y85.313 E1690.21218
G1 X105.46 Y85.739 E1690.2545
G1 X104.313 Y86.202 E1690.29564
G1 X103.134 Y86.725 E1690.33854
G1 X102.024 Y87.264 E1690.37958
G1 X100.909 Y87.859 E1690.42161
G1 X99.838 Y88.487 E1690.46291
G1 X98.668 Y89.235 E1690.50909
G1 X97.738 Y89.875 E1690.54664
G1 X96.692 Y90.655 E1690.59004
G1 X95.698 Y91.456 E1690.6325
G1 X94.728 Y92.301 E1690.67529
G1 X93.807 Y93.161 E1690.7172
G1 X92.953 Y94.023 E1690.75756
G1 X92.084 Y94.972 E1690.80035
G1 X91.26 Y95.929 E1690.84236
G1 X90.475 Y96.924 E1690.88451
G1 X89.73 Y97.941 E1690.92644
G1 X89.038 Y98.968 E1690.96763
G1 X88.354 Y100.057 E1691.0104
G1 X87.739 Y101.126 E1691.05142
G1 X87.143 Y102.258 E1691.09397
G1 X86.603 Y103.402 E1691.13605
G1 X86.137 Y104.455 E1691.17435
G1 X85.633 Y105.747 E1691.22047
G1 X85.222 Y106.937 E1691.26235
G1 X84.856 Y108.116 E1691.30341
G1 X84.526 Y109.364 E1691.34634
G1 X84.241 Y110.594 E1691.38833
G1 X84.011 Y111.819 E1691.42979
G1 X83.826 Y113.078 E1691.47211
G1 X83.681 Y114.361 E1691.51506
G1 X83.592 Y115.577 E1691.55561
G1 X83.544 Y116.868 E1691.59858
G1 X83.544 Y118.12 E1691.64022
G1 X83.592 Y119.384 E1691.68229
G1 X83.68 Y120.615 E1691.72334
G1 X83.825 Y121.883 E1691.76579
G1 X84.01 Y123.161 E1691.80874
G1 X84.235 Y124.361 E1691.84935
G1 X84.517 Y125.593 E1691.89138
G1 X84.842 Y126.824 E1691.93373
G1 X85.208 Y128.019 E1691.9753
G1 X85.635 Y129.239 E1692.01829
G1 X86.077 Y130.385 E1692.05914
G1 X86.584 Y131.552 E1692.10146
G1 X87.134 Y132.718 E1692.14434
G1 X87.706 Y133.806 E1692.18522
G1 X88.33 Y134.892 E1692.22688
G1 X89.062 Y136.063 E1692.27281
G1 X89.718 Y137.033 E1692.31176
G1 X90.454 Y138.042 E1692.3533
G1 X91.245 Y139.044 E1692.39576
G1 X92.051 Y139.994 E1692.43719
G1 X92.921 Y140.932 E1692.47975
G1 X93.805 Y141.829 E1692.52163
G1 X94.719 Y142.686 E1692.56331
G1 X95.696 Y143.536 E1692.60638
G1 X96.662 Y144.312 E1692.64759
G1 X97.695 Y145.088 E1692.69056
G1 X98.642 Y145.745 E1692.7289
G1 X99.7 Y146.421 E1692.77066
G1 X100.862 Y147.105 E1692.8155
G1 X101.972 Y147.705 E1692.85747
G1 X103.308 Y148.352 E1692.90684
G1 X104.267 Y148.775 E1692.9417
G1 X105.425 Y149.238 E1692.98318
G1 X106.628 Y149.669 E1693.02569
G1 X107.818 Y150.051 E1693.06726
G1 X109.046 Y150.389 E1693.10962
G1 X110.262 Y150.675 E1693.15117
G1 X111.516 Y150.925 E1693.19369
G1 X112.744 Y151.122 E1693.23506
G1 X114.02 Y151.275 E1693.2778
G1 X115.262 Y151.384 E1693.31927
G1 X116.542 Y151.444 E1693.36189
G1 X117.5 Y151.453 E1693.39376
G1 F2700 E1688.39376
G0 F15000 X117.502 Y151.194
G0 X111.624 Y150.429
G0 X109.195 Y149.901
G0 X106.811 Y149.194
G0 X104.485 Y148.313
G0 X98.745 Y145.601
G0 X88.14 Y144.221
G0 X87.474 Y142.911
G1 F2700 E1693.39376
G1 F3000 X92.119 Y147.556 E1693.61224
G0 F15000 X91.819 Y147.901
G0 X94.353 Y149.866
G0 X94.619 Y149.49
G1 F3000 X85.509 Y140.38 E1694.04075
G0 F15000 X85.134 Y140.647
G0 X83.929 Y138.865
G0 X84.318 Y138.624
G1 F3000 X96.364 Y150.67 E1694.60736
G0 F15000 X96.112 Y151.056
G0 X97.582 Y151.95
G0 X97.808 Y151.548
G1 F3000 X83.445 Y137.185 E1695.28295
G0 F15000 X83.046 Y137.412
G0 X82.34 Y136.136
G0 X82.748 Y135.922
G1 F3000 X99.074 Y152.249 E1696.0509
G0 F15000 X98.86 Y152.657
G0 X100.033 Y153.256
G0 X100.232 Y152.841
G1 F3000 X82.162 Y134.77 E1696.90088
G0 F15000 X81.746 Y134.97
G0 X81.239 Y133.889
G0 X81.66 Y133.703
G1 F3000 X101.3 Y153.343 E1697.82468
G0 F15000 X101.115 Y153.765
G0 X102.124 Y154.206
G0 X102.308 Y153.786
G1 F3000 X81.216 Y132.694 E1698.81679
G0 F15000 X80.791 Y132.865
G0 X80.407 Y131.917
G0 X80.834 Y131.745
G1 F3000 X103.252 Y154.164 E1699.87128
G0 F15000 X104.153 Y154.499
G1 F3000 X80.503 Y130.849 E1700.98371
G0 F15000 X80.194 Y129.974
G1 F3000 X105.021 Y154.801 E1702.15149
G0 F15000 X105.853 Y155.068
G1 F3000 X79.913 Y129.128 E1703.37163
G0 F15000 X79.68 Y128.329
G1 F3000 X106.655 Y155.304 E1704.64045
G0 F15000 X107.443 Y155.526
G1 F3000 X95.76 Y143.843 E1705.18998
G0 F15000 X96.048 Y143.487
G0 X98.347 Y145.227
G0 X98.084 Y145.602
G1 F3000 X108.197 Y155.714 E1705.66565
G0 F15000 X108.936 Y155.888
G1 F3000 X99.706 Y146.657 E1706.09982
G0 F15000 X99.939 Y146.261
G0 X101.266 Y147.028
G0 X101.047 Y147.433
G1 F3000 X109.655 Y156.041 E1706.50471
G0 F15000 X110.357 Y156.177
G1 F3000 X102.234 Y148.055 E1706.88677
G0 F15000 X102.435 Y147.641
G0 X103.521 Y148.168
G0 X103.322 Y148.577
G1 F3000 X111.047 Y156.302 E1707.25013
G0 F15000 X111.714 Y156.403
G1 F3000 X104.325 Y149.014 E1707.59769
G0 F15000 X104.496 Y148.588
G0 X105.438 Y148.966
G0 X105.267 Y149.39
G1 F3000 X112.373 Y156.496 E1707.93193
G0 F15000 X113.015 Y156.573
G1 F3000 X106.154 Y149.711 E1708.25468
G0 F15000 X107.009 Y150.001
G1 F3000 X113.649 Y156.641 E1708.567
G0 F15000 X114.268 Y156.695
G1 F3000 X107.837 Y150.264 E1708.8695
G0 F15000 X108.618 Y150.479
G1 F3000 X114.881 Y156.742 E1709.16409
G0 F15000 X115.483 Y156.778
G1 F3000 X109.378 Y150.673 E1709.45125
G0 F15000 X110.118 Y150.848
G1 F3000 X116.075 Y156.804 E1709.73142
G0 F15000 X116.661 Y156.824
G1 F3000 X110.829 Y150.993 E1710.00572
G0 F15000 X111.533 Y151.131
G1 F3000 X117.233 Y156.831 E1710.27383
G0 F15000 X117.803 Y156.835
G1 F3000 X112.206 Y151.238 E1710.5371
G0 F15000 X112.872 Y151.339
G1 F3000 X118.353 Y156.819 E1710.79488
G0 F15000 X118.904 Y156.804
G1 F3000 X113.515 Y151.416 E1711.04834
G0 F15000 X114.153 Y151.488
G1 F3000 X119.446 Y156.781 E1711.29731
G0 F15000 X119.981 Y156.751
G1 F3000 X114.773 Y151.542 E1711.5423
G0 F15000 X115.386 Y151.59
G1 F3000 X120.515 Y156.719 E1711.78355
G0 F15000 X121.033 Y156.671
G1 F3000 X115.98 Y151.619 E1712.02121
G0 F15000 X116.572 Y151.645
G1 F3000 X121.55 Y156.623 E1712.25536
G0 F15000 X122.061 Y156.568
G1 F3000 X117.144 Y151.65 E1712.48666
G0 F15000 X117.715 Y151.656
G1 F3000 X122.561 Y156.503 E1712.71462
G0 F15000 X123.062 Y156.437
G1 F3000 X118.269 Y151.644 E1712.94007
G0 F15000 X118.82 Y151.63
G1 F3000 X123.55 Y156.36 E1713.16256
G0 F15000 X124.036 Y156.28
G1 F3000 X119.36 Y151.604 E1713.3825
G0 F15000 X119.889 Y151.568
G1 F3000 X124.521 Y156.199 E1713.60035
G0 F15000 X124.995 Y156.108
G1 F3000 X120.416 Y151.529 E1713.81573
G0 F15000 X120.931 Y151.478
G1 F3000 X125.469 Y156.016 E1714.02919
G0 F15000 X125.936 Y155.918
G1 F3000 X121.445 Y151.426 E1714.24045
G0 F15000 X121.946 Y151.362
G1 F3000 X126.399 Y155.815 E1714.44991
G0 F15000 X126.861 Y155.711
G1 F3000 X122.443 Y151.293 E1714.65772
G0 F15000 X122.938 Y151.222
G1 F3000 X127.308 Y155.592 E1714.86327
G0 F15000 X127.754 Y155.472
G1 F3000 X123.418 Y151.137 E1715.0672
G0 F15000 X123.899 Y151.051
G1 F3000 X128.199 Y155.352 E1715.26948
G0 F15000 X128.635 Y155.223
G1 F3000 X124.369 Y150.957 E1715.47014
G0 F15000 X124.831 Y150.853
G1 F3000 X129.068 Y155.09 E1715.66944
G0 F15000 X129.502 Y154.958
G1 F3000 X125.294 Y150.75 E1715.86737
G0 F15000 X125.749 Y150.639
G1 F3000 X129.926 Y154.816 E1716.06384
G0 F15000 X130.349 Y154.673
G1 F3000 X126.2 Y150.525 E1716.25897
G0 F15000 X126.65 Y150.409
G1 F3000 X130.771 Y154.53 E1716.45281
G0 F15000 X131.182 Y154.375
G1 F3000 X127.087 Y150.28 E1716.64543
G0 F15000 X127.524 Y150.151
G1 F3000 X131.593 Y154.22 E1716.83682
G0 F15000 X132.003 Y154.064
G1 F3000 X127.954 Y150.016 E1717.02725
G0 F15000 X128.377 Y149.873
G1 F3000 X132.402 Y153.898 E1717.21658
G0 F15000 X132.801 Y153.731
G1 F3000 X128.8 Y149.73 E1717.40477
G0 F15000 X129.216 Y149.581
G1 F3000 X133.2 Y153.565 E1717.59217
G0 F15000 X133.589 Y153.388
G1 F3000 X129.626 Y149.425 E1717.77857
G0 F15000 X130.036 Y149.27
G1 F3000 X133.978 Y153.212 E1717.96399
G0 F15000 X134.367 Y153.035
G1 F3000 X130.439 Y149.106 E1718.14878
G0 F15000 X130.837 Y148.939
G1 F3000 X134.745 Y152.847 E1718.3326
G0 F15000 X135.122 Y152.658
G1 F3000 X131.237 Y148.773 E1718.51534
G0 F15000 X131.625 Y148.596
G1 F3000 X135.509 Y152.48 E1718.69803
G0 F15000 X135.876 Y152.28
G1 F3000 X132.01 Y148.415 E1718.87985
G0 F15000 X132.394 Y148.234
G1 F3000 X136.242 Y152.081 E1719.06082
G0 F15000 X136.608 Y151.882
G1 F3000 X132.772 Y148.046 E1719.24126
G0 F15000 X133.147 Y147.855
G1 F3000 X136.969 Y151.677 E1719.42103
G0 F15000 X137.326 Y151.468
G1 F3000 X133.522 Y147.664 E1719.59996
G0 F15000 X133.889 Y147.465
G1 F3000 X137.682 Y151.259 E1719.7784
G0 F15000 X138.037 Y151.048
G1 F3000 X134.25 Y147.261 E1719.95652
G0 F15000 X134.611 Y147.056
G1 F3000 X138.382 Y150.827 E1720.1339
G0 F15000 X138.728 Y150.607
G1 F3000 X134.967 Y146.846 E1720.31081
G0 F15000 X135.319 Y146.633
G1 F3000 X139.072 Y150.386 E1720.48734
G0 F15000 X139.41 Y150.158
G1 F3000 X135.671 Y146.419 E1720.66321
G0 F15000 X136.018 Y146.2
G1 F3000 X139.747 Y149.929 E1720.83861
G0 F15000 X140.081 Y149.697
G1 F3000 X136.357 Y145.974 E1721.01375
G0 F15000 X136.697 Y145.748
G1 F3000 X140.409 Y149.46 E1721.18835
G0 F15000 X140.738 Y149.223
G1 F3000 X137.032 Y145.518 E1721.36265
G0 F15000 X137.362 Y145.281
G1 F3000 X141.066 Y148.985 E1721.53687
G0 F15000 X141.388 Y148.742
G1 F3000 X137.692 Y145.046 E1721.71072
G0 F15000 X138.017 Y144.806
G1 F3000 X141.706 Y148.495 E1721.88424
G0 F15000 X142.025 Y148.248
G1 F3000 X138.336 Y144.558 E1722.05778
G0 F15000 X138.654 Y144.311
G1 F3000 X142.341 Y147.998 E1722.23121
G0 F15000 X142.648 Y147.739
G1 F3000 X138.971 Y144.062 E1722.40416
G0 F15000 X139.28 Y143.805
G1 F3000 X142.954 Y147.48 E1722.577
G0 F15000 X143.261 Y147.22
G1 F3000 X139.588 Y143.548 E1722.74974
G0 F15000 X139.897 Y143.291
G1 F3000 X143.56 Y146.954 E1722.92204
G0 F15000 X143.859 Y146.687
G1 F3000 X140.194 Y143.022 E1723.09443
G0 F15000 X140.492 Y142.754
G1 F3000 X144.157 Y146.42 E1723.26684
G0 F15000 X144.449 Y146.146
G1 F3000 X140.789 Y142.486 E1723.439
G0 F15000 X141.078 Y142.209
G1 F3000 X144.738 Y145.87 E1723.61118
G0 F15000 X145.028 Y145.593
G1 F3000 X141.364 Y141.93 E1723.7835
G0 F15000 X141.65 Y141.65
G1 F3000 X145.313 Y145.313 E1723.95579
G0 F15000 X145.592 Y145.026
G1 F3000 X141.93 Y141.364 E1724.12804
G0 F15000 X142.206 Y141.075
G1 F3000 X145.87 Y144.738 E1724.30036
G0 F15000 X146.148 Y144.451
G1 F3000 X142.483 Y140.786 E1724.47275
G0 F15000 X142.755 Y140.492
G1 F3000 X146.418 Y144.156 E1724.64507
G0 F15000 X146.689 Y143.861
G1 F3000 X143.021 Y140.192 E1724.81763
G0 F15000 X143.287 Y139.893
G1 F3000 X146.959 Y143.565 E1724.99035
G0 F15000 X147.221 Y143.261
G1 F3000 X143.549 Y139.589 E1725.16307
G0 F15000 X143.804 Y139.279
G1 F3000 X147.481 Y142.956 E1725.33602
G0 F15000 X147.742 Y142.651
G1 F3000 X144.059 Y138.968 E1725.50926
G0 F15000 X144.312 Y138.655
G1 F3000 X147.997 Y142.34 E1725.68259
G0 F15000 X148.247 Y142.025
G1 F3000 X144.557 Y138.335 E1725.85616
G0 F15000 X144.803 Y138.015
G1 F3000 X148.498 Y141.71 E1726.02996
G0 F15000 X148.746 Y141.392
G1 F3000 X145.049 Y137.695 E1726.20385
G0 F15000 X145.282 Y137.363
G1 F3000 X148.988 Y141.069 E1726.37817
G0 F15000 X149.23 Y140.745
G1 F3000 X145.516 Y137.03 E1726.55289
G0 F15000 X145.749 Y136.698
G1 F3000 X149.472 Y140.421 E1726.72801
G0 F15000 X149.704 Y140.087
G1 F3000 X145.973 Y136.356 E1726.9035
G0 F15000 X146.196 Y136.013
G1 F3000 X149.933 Y139.75 E1727.07928
G0 F15000 X150.163 Y139.415
G1 F3000 X146.418 Y135.67 E1727.25543
G0 F15000 X146.636 Y135.322
G1 F3000 X150.388 Y139.074 E1727.43192
G0 F15000 X150.609 Y138.729
G1 F3000 X146.846 Y134.967 E1727.60889
G0 F15000 X147.057 Y134.612
G1 F3000 X150.83 Y138.385 E1727.78636
G0 F15000 X151.046 Y138.036
G1 F3000 X147.261 Y134.251 E1727.9644
G0 F15000 X147.463 Y133.886
G1 F3000 X151.258 Y137.681 E1728.1429
G0 F15000 X151.469 Y137.327
G1 F3000 X147.664 Y133.522 E1728.32188
G0 F15000 X147.858 Y133.15
G1 F3000 X151.676 Y136.968 E1728.50147
G0 F15000 X151.879 Y136.605
G1 F3000 X148.048 Y132.774 E1728.68166
G0 F15000 X148.236 Y132.397
G1 F3000 X152.081 Y136.242 E1728.86252
G0 F15000 X152.282 Y135.877
G1 F3000 X148.419 Y132.014 E1729.04422
G0 F15000 X148.595 Y131.624
G1 F3000 X152.472 Y135.501 E1729.22659
G0 F15000 X152.662 Y135.125
G1 F3000 X148.771 Y131.235 E1729.40958
G0 F15000 X148.941 Y130.839
G1 F3000 X152.852 Y134.75 E1729.59355
G0 F15000 X153.029 Y134.362
G1 F3000 X149.107 Y130.439 E1729.77805
G0 F15000 X149.273 Y130.04
G1 F3000 X153.207 Y133.974 E1729.96309
G0 F15000 X153.385 Y133.586
G1 F3000 X149.428 Y129.629 E1730.14922
G0 F15000 X149.581 Y129.216
G1 F3000 X153.569 Y133.204 E1730.3368
G0 F15000 X153.734 Y132.804
G1 F3000 X149.733 Y128.802 E1730.52502
G0 F15000 X149.875 Y128.379
G1 F3000 X153.9 Y132.404 E1730.71434
G0 F15000 X154.062 Y132
G1 F3000 X150.013 Y127.952 E1730.90477
G0 F15000 X150.153 Y127.525
G1 F3000 X154.219 Y131.591 E1731.09602
G0 F15000 X154.376 Y131.182
G1 F3000 X150.279 Y127.085 E1731.28873
G0 F15000 X150.404 Y126.645
G1 F3000 X154.525 Y130.766 E1731.48257
G0 F15000 X154.671 Y130.347
G1 F3000 X150.525 Y126.201 E1731.67759
G0 F15000 X150.639 Y125.749
G1 F3000 X154.815 Y129.925 E1731.87401
G0 F15000 X154.952 Y129.496
G1 F3000 X150.752 Y125.296 E1732.07157
G0 F15000 X150.857 Y124.835
G1 F3000 X155.089 Y129.067 E1732.27063
G0 F15000 X155.225 Y128.638
G1 F3000 X150.954 Y124.367 E1732.47152
G0 F15000 X151.051 Y123.899
G1 F3000 X155.35 Y128.197 E1732.67371
G0 F15000 X155.472 Y127.754
G1 F3000 X151.136 Y123.418 E1732.87766
G0 F15000 X151.218 Y122.934
G1 F3000 X155.595 Y127.31 E1733.08352
G0 F15000 X155.704 Y126.854
G1 F3000 X151.295 Y122.445 E1733.29091
G0 F15000 X151.36 Y121.944
G1 F3000 X155.815 Y126.399 E1733.50046
G0 F15000 X155.924 Y125.943
G1 F3000 X151.425 Y121.443 E1733.7121
G0 F15000 X151.479 Y120.932
G1 F3000 X156.018 Y125.471 E1733.9256
G0 F15000 X156.111 Y124.999
G1 F3000 X151.528 Y120.415 E1734.14119
G0 F15000 X151.57 Y119.892
G1 F3000 X156.2 Y124.522 E1734.35897
G0 F15000 X156.282 Y124.038
G1 F3000 X151.601 Y119.357 E1734.57915
G0 F15000 X151.631 Y118.822
G1 F3000 X156.363 Y123.553 E1734.80171
G0 F15000 X156.432 Y123.056
G1 F3000 X151.644 Y118.269 E1735.0269
G0 F15000 X151.655 Y117.714
G1 F3000 X156.501 Y122.56 E1735.25484
G0 F15000 X156.565 Y122.059
G1 F3000 X151.652 Y117.146 E1735.48593
G0 F15000 X151.641 Y116.569
G1 F3000 X156.618 Y121.546 E1735.72004
G0 F15000 X156.672 Y121.034
G1 F3000 X151.621 Y115.983 E1735.95762
G0 F15000 X151.587 Y115.384
G1 F3000 X156.716 Y120.512 E1736.19885
G0 F15000 X156.754 Y119.984
G1 F3000 X151.549 Y114.78 E1736.44365
G0 F15000 X151.489 Y114.154
G1 F3000 X156.79 Y119.454 E1736.69297
G0 F15000 X156.808 Y118.907
G1 F3000 X151.422 Y113.521 E1736.94631
G0 F15000 X151.337 Y112.871
G1 F3000 X156.826 Y118.36 E1737.2045
G0 F15000 X156.831 Y117.799
G1 F3000 X151.242 Y112.209 E1737.46741
G0 F15000 X151.128 Y111.53
G1 F3000 X156.829 Y117.231 E1737.73557
G0 F15000 X156.824 Y116.661
G1 F3000 X150.996 Y110.833 E1738.0097
G0 F15000 X150.849 Y110.119
G1 F3000 X156.805 Y116.076 E1738.28987
G0 F15000 X156.785 Y115.49
G1 F3000 X150.672 Y109.377 E1738.57741
G0 F15000 X150.482 Y108.622
G1 F3000 X156.745 Y114.884 E1738.87198
G0 F15000 X156.704 Y114.278
G1 F3000 X150.255 Y107.829 E1739.17532
G0 F15000 X150.006 Y107.014
G1 F3000 X156.643 Y113.651 E1739.48751
G0 F15000 X156.582 Y113.025
G1 F3000 X149.721 Y106.163 E1739.81025
G0 F15000 X149.396 Y105.273
G1 F3000 X156.5 Y112.377 E1740.1444
G0 F15000 X156.411 Y111.721
G1 F3000 X149.014 Y104.325 E1740.49231
G0 F15000 X148.588 Y104.499
G0 X148.154 Y103.507
G0 X148.572 Y103.317
G1 F3000 X156.301 Y111.046 E1740.85586
G0 F15000 X156.181 Y110.36
G1 F3000 X148.05 Y102.23 E1741.23829
G0 F15000 X147.64 Y102.435
G0 X147.023 Y101.26
G0 X147.426 Y101.04
G1 F3000 X156.045 Y109.659 E1741.6437
G0 F15000 X155.9 Y108.948
G1 F3000 X146.653 Y99.701 E1742.07865
G0 F15000 X146.258 Y99.936
G0 X145.226 Y98.348
G0 X145.602 Y98.084
G1 F3000 X155.72 Y108.202 E1742.55457
G0 F15000 X155.526 Y107.443
G1 F3000 X143.847 Y95.764 E1743.10392
G1 F2700 E1738.10392
G0 F15000 X143.491 Y96.055
G0 X143.212 Y95.588
G0 X147.71 Y91.751
G0 X147.507 Y92.07
G1 F2700 E1743.10392
G1 F3000 X142.929 Y87.492 E1743.31925
G0 F15000 X143.225 Y87.14
G0 X140.614 Y85.102
G0 X140.342 Y85.47
G1 F3000 X149.507 Y94.636 E1743.75037
G0 F15000 X149.888 Y94.374
G0 X151.068 Y96.125
G0 X150.68 Y96.374
G1 F3000 X138.625 Y84.32 E1744.31738
G0 F15000 X138.871 Y83.933
G0 X137.413 Y83.047
G0 X137.181 Y83.441
G1 F3000 X151.561 Y97.82 E1744.99374
G0 F15000 X151.957 Y97.586
G0 X152.667 Y98.868
G0 X152.263 Y99.089
G1 F3000 X135.93 Y82.756 E1745.762
G0 F15000 X136.15 Y82.347
G0 X134.965 Y81.744
G0 X134.761 Y82.152
G1 F3000 X152.847 Y100.238 E1746.61271
G0 F15000 X153.259 Y100.03
G0 X153.763 Y101.108
G0 X153.345 Y101.302
G1 F3000 X133.7 Y81.657 E1747.53675
G0 F15000 X133.892 Y81.24
G0 X132.871 Y80.794
G0 X132.694 Y81.217
G1 F3000 X153.777 Y102.299 E1748.5284
G0 F15000 X154.201 Y102.12
G0 X154.591 Y103.084
G0 X154.161 Y103.25
G1 F3000 X131.742 Y80.83 E1749.58295
G0 F15000 X130.829 Y80.483
G1 F3000 X154.505 Y104.159 E1750.6966
G0 F15000 X154.803 Y105.023
G1 F3000 X129.973 Y80.192 E1751.86455
G0 F15000 X129.14 Y79.925
G1 F3000 X155.067 Y105.852 E1753.08407
G0 F15000 X155.312 Y106.664
G1 F3000 X128.325 Y79.676 E1754.35348
G0 F15000 X127.554 Y79.471
G1 F3000 X139.21 Y91.127 E1754.90174
G0 F15000 X138.914 Y91.48
G0 X136.636 Y89.758
G0 X136.892 Y89.375
G1 F3000 X126.795 Y79.277 E1755.3767
G0 F15000 X126.057 Y79.105
G1 F3000 X135.306 Y88.354 E1755.81174
G0 F15000 X135.068 Y88.746
G0 X133.722 Y87.963
G0 X133.949 Y87.562
G1 F3000 X125.338 Y78.951 E1756.21678
G0 F15000 X124.635 Y78.814
G1 F3000 X132.76 Y86.939 E1756.59895
G0 F15000 X132.55 Y87.349
G0 X131.484 Y86.84
G0 X131.679 Y86.424
G1 F3000 X123.952 Y78.697 E1756.96241
G0 F15000 X123.279 Y78.59
G1 F3000 X130.675 Y85.986 E1757.31029
G0 F15000 X130.496 Y86.41
G0 X129.564 Y86.037
G0 X129.729 Y85.605
G1 F3000 X122.624 Y78.501 E1757.64447
G0 F15000 X121.976 Y78.418
G1 F3000 X128.832 Y85.274 E1757.96695
G0 F15000 X127.969 Y84.977
G1 F3000 X121.349 Y78.357 E1758.27834
G0 F15000 X120.722 Y78.296
G1 F3000 X127.164 Y84.738 E1758.58135
G0 F15000 X126.374 Y84.513
G1 F3000 X120.111 Y78.25 E1758.87594
G0 F15000 X119.511 Y78.216
G1 F3000 X125.606 Y84.311 E1759.16263
G0 F15000 X124.874 Y84.144
G1 F3000 X118.92 Y78.19 E1759.44269
G0 F15000 X118.339 Y78.176
G1 F3000 X124.156 Y83.992 E1759.71628
G0 F15000 X123.465 Y83.867
G1 F3000 X117.759 Y78.161 E1759.98467
G0 F15000 X117.198 Y78.166
G1 F3000 X122.781 Y83.748 E1760.24726
G0 F15000 X122.121 Y83.654
G1 F3000 X116.639 Y78.172 E1760.50511
G0 F15000 X116.091 Y78.19
G1 F3000 X121.469 Y83.568 E1760.75808
G0 F15000 X120.841 Y83.506
G1 F3000 X115.547 Y78.212 E1761.00709
G0 F15000 X115.008 Y78.239
G1 F3000 X120.219 Y83.449 E1761.25218
G0 F15000 X119.611 Y83.407
G1 F3000 X114.483 Y78.279 E1761.49338
G0 F15000 X113.957 Y78.318
G1 F3000 X119.008 Y83.37 E1761.73099
G0 F15000 X118.426 Y83.353
G1 F3000 X113.444 Y78.371 E1761.96533
G0 F15000 X112.933 Y78.426
G1 F3000 X117.843 Y83.336 E1762.19628
G0 F15000 X117.283 Y83.342
G1 F3000 X112.426 Y78.485 E1762.42474
G0 F15000 X111.931 Y78.555
G1 F3000 X116.724 Y83.349 E1762.65021
G0 F15000 X116.178 Y83.368
G1 F3000 X111.436 Y78.626 E1762.87326
G0 F15000 X110.951 Y78.707
G1 F3000 X115.637 Y83.393 E1763.09367
G0 F15000 X115.102 Y83.424
G1 F3000 X110.473 Y78.795 E1763.31141
G0 F15000 X109.996 Y78.883
G1 F3000 X114.58 Y83.468 E1763.52705
G0 F15000 X114.058 Y83.511
G1 F3000 X109.526 Y78.979 E1763.74022
G0 F15000 X109.058 Y79.077
G1 F3000 X113.553 Y83.572 E1763.95165
G0 F15000 X113.048 Y83.632
G1 F3000 X108.594 Y79.178 E1764.16115
G0 F15000 X108.141 Y79.291
G1 F3000 X112.55 Y83.7 E1764.36854
G0 F15000 X112.063 Y83.779
G1 F3000 X107.689 Y79.405 E1764.57428
G0 F15000 X107.238 Y79.52
G1 F3000 X111.576 Y83.857 E1764.7783
G0 F15000 X111.101 Y83.948
G1 F3000 X106.799 Y79.646 E1764.98065
G0 F15000 X106.359 Y79.772
G1 F3000 X110.629 Y84.042 E1765.1815
G0 F15000 X110.159 Y84.138
G1 F3000 X105.923 Y79.902 E1765.38075
G0 F15000 X105.495 Y80.039
G1 F3000 X109.701 Y84.245 E1765.57859
G0 F15000 X109.243 Y84.353
G1 F3000 X105.065 Y80.175 E1765.77511
G0 F15000 X104.643 Y80.318
G1 F3000 X108.793 Y84.468 E1765.97031
G0 F15000 X108.349 Y84.59
G1 F3000 X104.228 Y80.469 E1766.16415
G0 F15000 X103.812 Y80.619
G1 F3000 X107.905 Y84.712 E1766.35667
G0 F15000 X107.471 Y84.844
G1 F3000 X103.401 Y80.774 E1766.54811
G0 F15000 X102.994 Y80.933
G1 F3000 X107.043 Y84.981 E1766.73854
G0 F15000 X106.613 Y85.117
G1 F3000 X102.588 Y81.092 E1766.92787
G0 F15000 X102.188 Y81.258
G1 F3000 X106.195 Y85.265 E1767.11634
G0 F15000 X105.778 Y85.414
G1 F3000 X101.795 Y81.43 E1767.30371
G0 F15000 X101.402 Y81.603
G1 F3000 X105.362 Y85.563 E1767.48998
G0 F15000 X104.959 Y85.726
G1 F3000 X101.014 Y81.78 E1767.67556
G0 F15000 X100.633 Y81.965
G1 F3000 X104.556 Y85.889 E1767.86011
G0 F15000 X104.155 Y86.053
G1 F3000 X100.251 Y82.149 E1768.04375
G0 F15000 X99.87 Y82.334
G1 F3000 X103.764 Y86.227 E1768.22688
G0 F15000 X103.371 Y86.401
G1 F3000 X99.498 Y82.527 E1768.40908
G0 F15000 X99.124 Y82.719
G1 F3000 X102.982 Y86.577 E1768.59055
G0 F15000 X102.6 Y86.761
G1 F3000 X98.753 Y82.914 E1768.7715
G0 F15000 X98.39 Y83.117
G1 F3000 X102.219 Y86.946 E1768.95161
G0 F15000 X101.842 Y87.134
G1 F3000 X98.028 Y83.321 E1769.13098
G0 F15000 X97.666 Y83.524
G1 F3000 X101.473 Y87.331 E1769.31005
G0 F15000 X101.104 Y87.528
G1 F3000 X97.312 Y83.736 E1769.48841
G0 F15000 X96.961 Y83.95
G1 F3000 X100.738 Y87.727 E1769.66607
G0 F15000 X100.381 Y87.936
G1 F3000 X96.61 Y84.165 E1769.84345
G0 F15000 X96.266 Y84.386
G1 F3000 X100.024 Y88.145 E1770.02024
G0 F15000 X99.67 Y88.357
G1 F3000 X95.923 Y84.61 E1770.19649
G0 F15000 X95.58 Y84.832
G1 F3000 X99.325 Y88.577 E1770.37264
G0 F15000 X98.98 Y88.798
G1 F3000 X95.244 Y85.061 E1770.54839
G0 F15000 X94.912 Y85.295
G1 F3000 X98.635 Y89.018 E1770.72351
G0 F15000 X98.298 Y89.247
G1 F3000 X94.58 Y85.53 E1770.89837
G0 F15000 X94.25 Y85.764
G1 F3000 X97.963 Y89.477 E1771.07302
G0 F15000 X97.627 Y89.708
G1 F3000 X93.927 Y86.008 E1771.24706
G0 F15000 X93.605 Y86.251
G1 F3000 X97.303 Y89.949 E1771.421
G0 F15000 X96.979 Y90.191
G1 F3000 X93.282 Y86.494 E1771.59489
G0 F15000 X92.97 Y86.748
G1 F3000 X96.655 Y90.433 E1771.76822
G0 F15000 X96.339 Y90.682
G1 F3000 X92.659 Y87.002 E1771.94132
G0 F15000 X92.347 Y87.256
G1 F3000 X96.026 Y90.935 E1772.11437
G0 F15000 X95.713 Y91.187
G1 F3000 X92.039 Y87.514 E1772.28716
G0 F15000 X91.735 Y87.775
G1 F3000 X95.405 Y91.445 E1772.45979
G0 F15000 X95.103 Y91.709
G1 F3000 X91.431 Y88.037 E1772.6325
G0 F15000 X91.131 Y88.303
G1 F3000 X94.8 Y91.972 E1772.80508
G0 F15000 X94.501 Y92.239
G1 F3000 X90.839 Y88.576 E1772.97736
G0 F15000 X90.546 Y88.849
G1 F3000 X94.209 Y92.511 E1773.14963
G0 F15000 X93.916 Y92.784
G1 F3000 X90.254 Y89.123 E1773.32185
G0 F15000 X89.969 Y89.403
G1 F3000 X93.626 Y93.06 E1773.49387
G0 F15000 X93.344 Y93.344
G1 F3000 X89.684 Y89.684 E1773.66602
G0 F15000 X89.4 Y89.965
G1 F3000 X93.063 Y93.629 E1773.83834
G0 F15000 X92.782 Y93.914
G1 F3000 X89.122 Y90.254 E1774.0105
G0 F15000 X88.847 Y90.544
G1 F3000 X92.512 Y94.209 E1774.18289
G0 F15000 X92.241 Y94.504
G1 F3000 X88.573 Y90.836 E1774.35542
G0 F15000 X88.305 Y91.133
G1 F3000 X91.971 Y94.799 E1774.52786
G0 F15000 X91.708 Y95.102
G1 F3000 X88.04 Y91.435 E1774.70037
G0 F15000 X87.776 Y91.736
G1 F3000 X91.447 Y95.406 E1774.87302
G0 F15000 X91.185 Y95.71
G1 F3000 X87.512 Y92.037 E1775.04578
G0 F15000 X87.256 Y92.347
G1 F3000 X90.932 Y96.023 E1775.21869
G0 F15000 X90.682 Y96.339
G1 F3000 X86.999 Y92.656 E1775.39193
G0 F15000 X86.743 Y92.965
G1 F3000 X90.433 Y96.655 E1775.56549
G0 F15000 X90.189 Y96.977
G1 F3000 X86.498 Y93.286 E1775.73911
G0 F15000 X86.252 Y93.606
G1 F3000 X89.95 Y97.304 E1775.91305
G0 F15000 X89.711 Y97.63
G1 F3000 X86.007 Y93.926 E1776.08727
G0 F15000 X85.766 Y94.252
G1 F3000 X89.476 Y97.961 E1776.26176
G0 F15000 X89.248 Y98.299
G1 F3000 X85.53 Y94.58 E1776.43666
G0 F15000 X85.293 Y94.91
G1 F3000 X89.021 Y98.637 E1776.61199
G0 F15000 X88.796 Y98.978
G1 F3000 X85.06 Y95.242 E1776.78772
G0 F15000 X84.833 Y95.581
G1 F3000 X88.578 Y99.326 E1776.96388
G0 F15000 X88.359 Y99.673
G1 F3000 X84.606 Y95.92 E1777.14041
G0 F15000 X84.38 Y96.26
G1 F3000 X88.144 Y100.023 E1777.31743
G0 F15000 X87.937 Y100.382
G1 F3000 X84.164 Y96.609 E1777.4949
G0 F15000 X83.948 Y96.959
G1 F3000 X87.731 Y100.742 E1777.67284
G0 F15000 X87.526 Y101.103
G1 F3000 X83.732 Y97.308 E1777.85132
G0 F15000 X83.525 Y97.667
G1 F3000 X87.331 Y101.473 E1778.03035
G0 F15000 X87.135 Y101.843
G1 F3000 X83.319 Y98.027 E1778.20984
G0 F15000 X83.113 Y98.387
G1 F3000 X86.942 Y102.215 E1778.38992
G0 F15000 X86.761 Y102.6
G1 F3000 X82.915 Y98.754 E1778.57082
G0 F15000 X82.719 Y99.124
G1 F3000 X86.58 Y102.984 E1778.75241
G0 F15000 X86.399 Y103.37
G1 F3000 X82.524 Y99.495 E1778.93468
G0 F15000 X82.335 Y99.871
G1 F3000 X86.225 Y103.762 E1779.11768
G0 F15000 X86.052 Y104.154
G1 F3000 X82.149 Y100.251 E1779.30126
G0 F15000 X81.963 Y100.63
G1 F3000 X85.884 Y104.552 E1779.48572
G0 F15000 X85.726 Y104.959
G1 F3000 X81.78 Y101.013 E1779.67132
G0 F15000 X81.605 Y101.404
G1 F3000 X85.567 Y105.366 E1779.85768
G0 F15000 X85.412 Y105.777
G1 F3000 X81.43 Y101.794 E1780.04501
G0 F15000 X81.259 Y102.19
G1 F3000 X85.266 Y106.197 E1780.23349
G0 F15000 X85.121 Y106.617
G1 F3000 X81.096 Y102.592 E1780.42281
G0 F15000 X80.933 Y102.995
G1 F3000 X84.98 Y107.042 E1780.61317
G0 F15000 X84.846 Y107.474
G1 F3000 X80.774 Y103.401 E1780.80473
G0 F15000 X80.622 Y103.815
G1 F3000 X84.712 Y107.905 E1780.99711
G0 F15000 X84.588 Y108.347
G1 F3000 X80.47 Y104.229 E1781.1908
G0 F15000 X80.322 Y104.646
G1 F3000 X84.47 Y108.795 E1781.38594
G0 F15000 X84.351 Y109.242
G1 F3000 X80.182 Y105.072 E1781.58206
G0 F15000 X80.041 Y105.497
G1 F3000 X84.243 Y109.699 E1781.77971
G0 F15000 X84.137 Y110.158
G1 F3000 X79.904 Y105.925 E1781.97881
G0 F15000 X79.773 Y106.36
G1 F3000 X84.033 Y110.62 E1782.17919
G0 F15000 X83.943 Y111.096
G1 F3000 X79.642 Y106.795 E1782.3815
G0 F15000 X79.518 Y107.237
G1 F3000 X83.854 Y111.572 E1782.58543
G0 F15000 X83.774 Y112.058
G1 F3000 X79.404 Y107.688 E1782.79098
G0 F15000 X79.289 Y108.139
G1 F3000 X83.702 Y112.552 E1782.99855
G0 F15000 X83.63 Y113.045
G1 F3000 X79.183 Y108.598 E1783.20772
G0 F15000 X79.081 Y109.062
G1 F3000 X83.572 Y113.553 E1783.41897
G0 F15000 X83.514 Y114.061
G1 F3000 X78.979 Y109.526 E1783.63228
G0 F15000 X78.887 Y110
G1 F3000 X83.465 Y114.578 E1783.84762
G0 F15000 X83.427 Y115.105
G1 F3000 X78.796 Y110.475 E1784.06542
G0 F15000 X78.708 Y110.952
G1 F3000 X83.391 Y115.635 E1784.28569
G0 F15000 X83.37 Y116.18
G1 F3000 X78.634 Y111.444 E1784.50846
G0 F15000 X78.56 Y111.935
G1 F3000 X83.35 Y116.725 E1784.73377
G0 F15000 X83.345 Y117.286
G1 F3000 X78.49 Y112.431 E1784.96213
G0 F15000 X78.428 Y112.935
G1 F3000 X83.345 Y117.851 E1785.19339
G0 F15000 X83.357 Y118.429
G1 F3000 X78.366 Y113.438 E1785.42815
G0 F15000 X78.32 Y113.958
G1 F3000 X83.378 Y119.017 E1785.66609
G0 F15000 X83.408 Y119.612
G1 F3000 X78.275 Y114.479 E1785.90753
G0 F15000 X78.235 Y115.005
G1 F3000 X83.452 Y120.222 E1786.15292
G0 F15000 X83.505 Y120.84
G1 F3000 X78.211 Y115.546 E1786.40193
G0 F15000 X78.187 Y116.088
G1 F3000 X83.578 Y121.479 E1786.65551
G0 F15000 X83.658 Y122.124
G1 F3000 X78.175 Y116.642 E1786.91339
G0 F15000 X78.165 Y117.197
G1 F3000 X83.754 Y122.786 E1787.17628
G0 F15000 X83.864 Y123.462
G1 F3000 X78.165 Y117.763 E1787.44434
G0 F15000 X78.175 Y118.339
G1 F3000 X83.994 Y124.157 E1787.71803
G0 F15000 X84.148 Y124.877
G1 F3000 X78.187 Y118.916 E1787.99841
G0 F15000 X78.214 Y119.509
G1 F3000 X84.316 Y125.611 E1788.28543
G0 F15000 X84.518 Y126.379
G1 F3000 X78.246 Y120.106 E1788.58047
G0 F15000 X78.299 Y120.725
G1 F3000 X84.738 Y127.164 E1788.88334
G0 F15000 X84.986 Y127.979
G1 F3000 X78.351 Y121.343 E1789.19546
G0 F15000 X78.422 Y121.979
G1 F3000 X85.284 Y128.842 E1789.51825
G0 F15000 X85.612 Y129.736
G1 F3000 X78.495 Y122.619 E1789.85301
G0 F15000 X78.591 Y123.281
G1 F3000 X85.983 Y130.673 E1790.20071
G0 F15000 X86.406 Y130.491
G0 X86.837 Y131.481
G0 X86.423 Y131.678
G1 F3000 X78.694 Y123.949 E1790.56425
G0 F15000 X78.82 Y124.641
G1 F3000 X86.929 Y132.749 E1790.94565
G0 F15000 X87.347 Y132.551
G0 X87.95 Y133.707
G0 X87.55 Y133.936
G1 F3000 X78.951 Y125.338 E1791.3501
G0 F15000 X79.11 Y126.062
G1 F3000 X88.352 Y135.304 E1791.78482
G0 F15000 X88.743 Y135.062
G0 X89.777 Y136.658
G0 X89.396 Y136.914
G1 F3000 X79.275 Y126.793 E1792.26088
G0 F15000 X79.467 Y127.55
G1 F3000 X91.118 Y139.201 E1792.8089
G1 F2700 E1787.8089
G0 F15000 X91.469 Y138.904
G0 X93.333 Y140.568
G0 X94.102 Y139.818
G0 X97.333 Y141.91
G0 X117.5 Y147.895
;TYPE:WALL-INNER
G1 F2700 E1792.8089
G1 F3000 X118.656 Y147.876 E1792.84736
G1 X119.829 Y147.805 E1792.88644
G1 X121.03 Y147.691 E1792.92657
G1 X122.145 Y147.538 E1792.964
G1 X123.191 Y147.362 E1792.99928
G1 X124.419 Y147.099 E1793.04105
G1 X125.561 Y146.809 E1793.08024
G1 X126.678 Y146.479 E1793.11898
G1 X127.764 Y146.111 E1793.15711
G1 X128.856 Y145.695 E1793.19598
G1 X129.718 Y145.331 E1793.2271
G1 X129.728 Y145.337 E1793.22749
G1 X130.993 Y144.738 E1793.27404
G1 X132.017 Y144.208 E1793.31239
G1 X133.036 Y143.628 E1793.35139
G1 X134.017 Y143.016 E1793.38985
G1 X134.982 Y142.364 E1793.42858
G1 X135.932 Y141.67 E1793.46771
G1 X136.846 Y140.948 E1793.50645
G1 X137.72 Y140.196 E1793.5448
G1 X138.575 Y139.403 E1793.58359
G1 X139.408 Y138.571 E1793.62275
G1 X140.199 Y137.72 E1793.66139
G1 X140.952 Y136.838 E1793.69996
G1 X141.683 Y135.919 E1793.73902
G1 X142.361 Y134.994 E1793.77716
G1 X143.02 Y134.018 E1793.81633
G1 X143.631 Y133.029 E1793.855
G1 X144.208 Y132.013 E1793.89386
G1 X144.746 Y130.981 E1793.93257
G1 X145.338 Y129.724 E1793.97878
G1 X145.331 Y129.713 E1793.97921
G1 X145.695 Y128.855 E1794.01021
G1 X146.111 Y127.768 E1794.04892
G1 X146.483 Y126.663 E1794.0877
G1 X146.813 Y125.545 E1794.12647
G1 X147.099 Y124.418 E1794.16515
G1 X147.342 Y123.293 E1794.20343
G1 X147.543 Y122.131 E1794.24265
G1 X147.695 Y121.026 E1794.27975
G1 X147.809 Y119.83 E1794.31971
G1 X147.876 Y118.656 E1794.35882
G1 X147.899 Y117.492 E1794.39754
G1 X147.876 Y116.328 E1794.43626
G1 X147.809 Y115.166 E1794.47497
G1 X147.695 Y113.971 E1794.5149
G1 X147.539 Y112.853 E1794.55245
G1 X147.342 Y111.702 E1794.59129
G1 X147.099 Y110.578 E1794.62953
G1 X146.809 Y109.44 E1794.66859
G1 X146.479 Y108.321 E1794.7074
G1 X146.107 Y107.216 E1794.74618
G1 X145.695 Y106.141 E1794.78447
G1 X145.331 Y105.283 E1794.81546
G1 X145.338 Y105.272 E1794.8159
G1 X144.742 Y104.003 E1794.86253
G1 X144.205 Y102.972 E1794.90119
G1 X143.628 Y101.96 E1794.93994
G1 X143.012 Y100.971 E1794.97869
G1 X142.36 Y100.001 E1795.01756
G1 X141.683 Y99.077 E1795.05566
G1 X140.948 Y98.154 E1795.09491
G1 X140.199 Y97.276 E1795.13329
G1 X139.407 Y96.425 E1795.17196
G1 X138.575 Y95.589 E1795.21119
G1 X137.72 Y94.8 E1795.24988
G1 X136.842 Y94.043 E1795.28844
G1 X135.928 Y93.322 E1795.32716
G1 X134.983 Y92.628 E1795.36616
G1 X134.018 Y91.98 E1795.40482
G1 X133.028 Y91.364 E1795.4436
G1 X132.017 Y90.788 E1795.4823
G1 X130.984 Y90.252 E1795.52101
G1 X129.693 Y89.662 E1795.56822
G1 X129.688 Y89.644 E1795.56884
G1 X128.858 Y89.302 E1795.5987
G1 X127.768 Y88.885 E1795.63751
G1 X126.679 Y88.517 E1795.67574
G1 X125.561 Y88.187 E1795.71451
G1 X124.419 Y87.897 E1795.7537
G1 X123.294 Y87.658 E1795.79196
G1 X122.143 Y87.457 E1795.83082
G1 X121.029 Y87.304 E1795.86822
G1 X119.833 Y87.187 E1795.90819
G1 X118.656 Y87.12 E1795.9474
G1 X117.499 Y87.097 E1795.98589
G1 X116.34 Y87.12 E1796.02444
G1 X115.167 Y87.187 E1796.06352
G1 X113.971 Y87.304 E1796.10349
G1 X112.853 Y87.457 E1796.14102
G1 X111.707 Y87.658 E1796.17972
G1 X110.581 Y87.897 E1796.218
G1 X109.439 Y88.187 E1796.25719
G1 X108.321 Y88.517 E1796.29596
G1 X107.232 Y88.885 E1796.3342
G1 X106.141 Y89.301 E1796.37303
G1 X105.283 Y89.665 E1796.40403
G1 X105.272 Y89.658 E1796.40446
G1 X104.003 Y90.258 E1796.45115
G1 X102.983 Y90.788 E1796.48938
G1 X101.959 Y91.368 E1796.52852
G1 X100.979 Y91.98 E1796.56695
G1 X100.016 Y92.628 E1796.60556
G1 X99.147 Y93.259 E1796.64128
G1 X98.159 Y94.043 E1796.68323
G1 X97.276 Y94.804 E1796.722
G1 X96.425 Y95.589 E1796.76051
G1 X95.593 Y96.425 E1796.79974
G1 X94.801 Y97.276 E1796.8384
G1 X94.047 Y98.158 E1796.87699
G1 X93.322 Y99.069 E1796.91572
G1 X92.632 Y100.013 E1796.95461
G1 X91.98 Y100.979 E1796.99337
G1 X91.364 Y101.967 E1797.0321
G1 X90.788 Y102.982 E1797.07091
G1 X90.254 Y104.015 E1797.10959
G1 X89.658 Y105.272 E1797.15586
G1 X89.665 Y105.283 E1797.15629
G1 X89.301 Y106.141 E1797.18729
G1 X88.885 Y107.228 E1797.226
G1 X88.513 Y108.333 E1797.26478
G1 X88.183 Y109.451 E1797.30355
G1 X87.897 Y110.577 E1797.34219
G1 X87.634 Y111.805 E1797.38396
G1 X87.458 Y112.863 E1797.41964
G1 X87.305 Y113.97 E1797.45681
G1 X87.191 Y115.167 E1797.4968
G1 X87.12 Y116.34 E1797.53588
G1 X87.101 Y117.503 E1797.57457
G1 X87.12 Y118.656 E1797.61292
G1 X87.191 Y119.829 E1797.65201
G1 X87.305 Y121.026 E1797.692
G1 X87.458 Y122.133 E1797.72917
G1 X87.634 Y123.191 E1797.76484
G1 X87.897 Y124.419 E1797.80661
G1 X88.183 Y125.544 E1797.84522
G1 X88.517 Y126.667 E1797.88419
G1 X88.885 Y127.769 E1797.92283
G1 X89.301 Y128.854 E1797.96148
G1 X89.668 Y129.711 E1797.99249
G1 X89.659 Y129.725 E1797.99304
G1 X90.254 Y130.981 E1798.03927
G1 X90.788 Y132.014 E1798.07794
G1 X91.364 Y133.029 E1798.11676
G1 X91.98 Y134.017 E1798.15548
G1 X92.632 Y134.984 E1798.19428
G1 X93.258 Y135.848 E1798.22976
G1 X94.043 Y136.834 E1798.27168
G1 X94.8 Y137.72 E1798.31044
G1 X95.592 Y138.571 E1798.34911
G1 X96.425 Y139.403 E1798.38826
G1 X97.276 Y140.192 E1798.42686
G1 X98.159 Y140.953 E1798.46563
G1 X99.147 Y141.737 E1798.50758
G1 X100.016 Y142.364 E1798.54322
G1 X100.98 Y143.016 E1798.58193
G1 X101.959 Y143.628 E1798.62033
G1 X102.983 Y144.208 E1798.65947
G1 X104.003 Y144.738 E1798.69771
G1 X105.272 Y145.338 E1798.74439
G1 X105.283 Y145.331 E1798.74483
G1 X106.141 Y145.695 E1798.77583
G1 X107.232 Y146.111 E1798.81466
G1 X108.321 Y146.479 E1798.85289
G1 X109.439 Y146.809 E1798.89166
G1 X110.581 Y147.099 E1798.93085
G1 X111.805 Y147.362 E1798.97249
G1 X112.851 Y147.538 E1799.00777
G1 X113.97 Y147.691 E1799.04534
G1 X115.167 Y147.805 E1799.08533
G1 X116.344 Y147.876 E1799.12455
G1 X117.5 Y147.895 E1799.163
G0 F15000 X117.5 Y148.295
;TYPE:WALL-OUTER
G1 F3000 X118.672 Y148.276 E1799.20199
G1 X119.86 Y148.204 E1799.24157
G1 X121.076 Y148.089 E1799.2822
G1 X122.205 Y147.934 E1799.3201
G1 X123.266 Y147.755 E1799.35589
G1 X124.51 Y147.489 E1799.3982
G1 X125.667 Y147.195 E1799.4379
G1 X126.799 Y146.861 E1799.47716
G1 X127.9 Y146.487 E1799.51583
G1 X129.005 Y146.066 E1799.55516
G1 X129.874 Y145.699 E1799.58654
G1 X129.884 Y145.706 E1799.58694
G1 X131.171 Y145.096 E1799.63431
G1 X132.208 Y144.56 E1799.67314
G1 X133.241 Y143.972 E1799.71267
G1 X134.235 Y143.352 E1799.75164
G1 X135.212 Y142.692 E1799.79085
G1 X136.174 Y141.988 E1799.8305
G1 X137.1 Y141.257 E1799.86974
G1 X137.986 Y140.494 E1799.90863
G1 X138.853 Y139.691 E1799.94794
G1 X139.696 Y138.849 E1799.98756
G1 X140.498 Y137.986 E1800.02675
G1 X141.261 Y137.092 E1800.06584
G1 X142.001 Y136.162 E1800.10537
G1 X142.688 Y135.224 E1800.14404
G1 X143.356 Y134.235 E1800.18373
G1 X143.975 Y133.233 E1800.22291
G1 X144.56 Y132.204 E1800.26228
G1 X145.104 Y131.159 E1800.30146
G1 X145.707 Y129.88 E1800.34849
G1 X145.699 Y129.869 E1800.34894
G1 X146.066 Y129.005 E1800.38017
G1 X146.487 Y127.904 E1800.41937
G1 X146.865 Y126.783 E1800.45872
G1 X147.199 Y125.651 E1800.49797
G1 X147.489 Y124.51 E1800.53713
G1 X147.735 Y123.369 E1800.57595
G1 X147.938 Y122.193 E1800.61564
G1 X148.093 Y121.072 E1800.65328
G1 X148.208 Y119.86 E1800.69378
G1 X148.276 Y118.672 E1800.73335
G1 X148.299 Y117.492 E1800.77261
G1 X148.276 Y116.312 E1800.81186
G1 X148.208 Y115.136 E1800.85104
G1 X148.093 Y113.924 E1800.89153
G1 X147.934 Y112.791 E1800.92959
G1 X147.735 Y111.626 E1800.9689
G1 X147.489 Y110.486 E1801.00769
G1 X147.195 Y109.334 E1801.04723
G1 X146.861 Y108.201 E1801.08652
G1 X146.483 Y107.08 E1801.12586
G1 X146.066 Y105.991 E1801.16465
G1 X145.699 Y105.127 E1801.19587
G1 X145.707 Y105.116 E1801.19632
G1 X145.1 Y103.825 E1801.24377
G1 X144.556 Y102.78 E1801.28296
G1 X143.972 Y101.755 E1801.32219
G1 X143.348 Y100.753 E1801.36145
G1 X142.688 Y99.771 E1801.40081
G1 X142.001 Y98.834 E1801.43945
G1 X141.257 Y97.9 E1801.47917
G1 X140.498 Y97.01 E1801.51807
G1 X139.695 Y96.147 E1801.55728
G1 X138.853 Y95.301 E1801.59698
G1 X137.986 Y94.502 E1801.63619
G1 X137.096 Y93.735 E1801.67527
G1 X136.17 Y93.004 E1801.71451
G1 X135.213 Y92.3 E1801.75402
G1 X134.235 Y91.644 E1801.79319
G1 X133.233 Y91.02 E1801.83245
G1 X132.208 Y90.436 E1801.87169
G1 X131.16 Y89.892 E1801.91096
G1 X129.86 Y89.298 E1801.9585
G1 X129.855 Y89.28 E1801.95912
G1 X129.006 Y88.93 E1801.98966
G1 X127.904 Y88.509 E1802.0289
G1 X126.799 Y88.135 E1802.0677
G1 X125.667 Y87.801 E1802.10696
G1 X124.51 Y87.507 E1802.14666
G1 X123.37 Y87.265 E1802.18542
G1 X122.205 Y87.062 E1802.22475
G1 X121.076 Y86.907 E1802.26266
G1 X119.864 Y86.788 E1802.30316
G1 X118.672 Y86.72 E1802.34287
G1 X117.499 Y86.697 E1802.38189
G1 X116.324 Y86.72 E1802.42098
G1 X115.136 Y86.788 E1802.46056
G1 X113.924 Y86.907 E1802.50106
G1 X112.791 Y87.062 E1802.5391
G1 X111.631 Y87.265 E1802.57827
G1 X110.49 Y87.507 E1802.61706
G1 X109.333 Y87.801 E1802.65677
G1 X108.201 Y88.135 E1802.69602
G1 X107.096 Y88.509 E1802.73482
G1 X105.991 Y88.93 E1802.77415
G1 X105.127 Y89.297 E1802.80537
G1 X105.116 Y89.289 E1802.80583
G1 X103.825 Y89.9 E1802.85333
G1 X102.792 Y90.436 E1802.89204
G1 X101.755 Y91.024 E1802.93169
G1 X100.761 Y91.644 E1802.97065
G1 X99.787 Y92.3 E1803.00971
G1 X98.905 Y92.94 E1803.04595
G1 X97.904 Y93.735 E1803.08847
G1 X97.01 Y94.506 E1803.12774
G1 X96.147 Y95.301 E1803.16676
G1 X95.305 Y96.147 E1803.20646
G1 X94.502 Y97.01 E1803.24567
G1 X93.739 Y97.904 E1803.28476
G1 X93.004 Y98.826 E1803.32398
G1 X92.304 Y99.783 E1803.36341
G1 X91.644 Y100.761 E1803.40266
G1 X91.02 Y101.763 E1803.44192
G1 X90.436 Y102.792 E1803.48127
G1 X89.896 Y103.837 E1803.52039
G1 X89.289 Y105.116 E1803.56748
G1 X89.297 Y105.127 E1803.56793
G1 X88.93 Y105.991 E1803.59915
G1 X88.509 Y107.092 E1803.63836
G1 X88.131 Y108.213 E1803.67771
G1 X87.797 Y109.345 E1803.71696
G1 X87.507 Y110.486 E1803.75612
G1 X87.241 Y111.73 E1803.79843
G1 X87.062 Y112.803 E1803.83461
G1 X86.907 Y113.924 E1803.87225
G1 X86.792 Y115.136 E1803.91274
G1 X86.72 Y116.324 E1803.95233
G1 X86.701 Y117.503 E1803.99155
G1 X86.72 Y118.672 E1804.03043
G1 X86.792 Y119.86 E1804.07002
G1 X86.907 Y121.072 E1804.11051
G1 X87.062 Y122.193 E1804.14815
G1 X87.241 Y123.266 E1804.18433
G1 X87.507 Y124.51 E1804.22664
G1 X87.797 Y125.65 E1804.26577
G1 X88.135 Y126.787 E1804.30522
G1 X88.509 Y127.904 E1804.3444
G1 X88.93 Y129.004 E1804.38357
G1 X89.3 Y129.869 E1804.41486
G1 X89.291 Y129.883 E1804.41542
G1 X89.896 Y131.159 E1804.46239
G1 X90.436 Y132.204 E1804.50151
G1 X91.02 Y133.233 E1804.54086
G1 X91.644 Y134.235 E1804.58012
G1 X92.304 Y135.213 E1804.61936
G1 X92.94 Y136.09 E1804.6554
G1 X93.735 Y137.088 E1804.69783
G1 X94.502 Y137.986 E1804.73711
G1 X95.304 Y138.849 E1804.7763
G1 X96.147 Y139.691 E1804.81593
G1 X97.01 Y140.49 E1804.85504
G1 X97.904 Y141.261 E1804.89431
G1 X98.905 Y142.056 E1804.93682
G1 X99.787 Y142.692 E1804.97299
G1 X100.762 Y143.352 E1805.01215
G1 X101.755 Y143.972 E1805.05109
G1 X102.792 Y144.56 E1805.09074
G1 X103.825 Y145.096 E1805.12944
G1 X105.116 Y145.707 E1805.17695
G1 X105.127 Y145.699 E1805.1774
G1 X105.991 Y146.066 E1805.20862
G1 X107.096 Y146.487 E1805.24795
G1 X108.201 Y146.861 E1805.28675
G1 X109.333 Y147.195 E1805.32601
G1 X110.49 Y147.489 E1805.36571
G1 X111.73 Y147.755 E1805.40789
G1 X112.791 Y147.934 E1805.44368
G1 X113.924 Y148.089 E1805.48172
G1 X115.136 Y148.204 E1805.52221
G1 X116.328 Y148.276 E1805.56193
G1 X117.5 Y148.295 E1805.60091
G0 F15000 X117.5 Y147.531
;TYPE:SKIN
G1 F3000 X116.364 Y147.516 E1805.6387
G1 X115.188 Y147.444 E1805.67789
G1 X114.004 Y147.333 E1805.71744
G1 X112.767 Y147.158 E1805.75899
G1 X111.866 Y147.003 E1805.7894
G1 X110.67 Y146.749 E1805.83007
G1 X109.529 Y146.459 E1805.86922
G1 X108.425 Y146.133 E1805.90751
G1 X107.36 Y145.775 E1805.94488
G1 X106.267 Y145.358 E1805.98379
G1 X105.447 Y145.008 E1806.01344
G1 X105.423 Y145.01 E1806.01424
G1 X104.157 Y144.412 E1806.06081
G1 X103.156 Y143.892 E1806.09833
G1 X102.135 Y143.312 E1806.13739
G1 X101.102 Y142.664 E1806.17794
G1 X100.219 Y142.064 E1806.21345
G1 X99.365 Y141.448 E1806.24847
G1 X98.384 Y140.669 E1806.29014
G1 X97.51 Y139.918 E1806.32846
G1 X96.679 Y139.147 E1806.36617
G1 X95.844 Y138.313 E1806.40542
G1 X95.074 Y137.487 E1806.44298
G1 X94.319 Y136.596 E1806.48182
G1 X93.548 Y135.634 E1806.52283
G1 X92.924 Y134.769 E1806.5583
G1 X92.276 Y133.814 E1806.59669
G1 X91.668 Y132.837 E1806.63496
G1 X90.974 Y131.617 E1806.68164
G1 X90.982 Y131.604 E1806.68215
G1 X90.576 Y130.819 E1806.71154
G1 X89.983 Y129.571 E1806.7575
G1 X89.988 Y129.544 E1806.75841
G1 X89.63 Y128.712 E1806.78854
G1 X89.221 Y127.64 E1806.8267
G1 X88.859 Y126.563 E1806.86449
G1 X88.529 Y125.447 E1806.9032
G1 X88.247 Y124.326 E1806.94165
G1 X87.989 Y123.129 E1806.98237
G1 X87.814 Y122.117 E1807.01653
G1 X87.659 Y120.977 E1807.0548
G1 X87.548 Y119.804 E1807.09398
G1 X87.48 Y118.636 E1807.1329
G1 X87.461 Y117.507 E1807.17045
G1 X87.48 Y116.36 E1807.20861
G1 X87.548 Y115.188 E1807.24766
G1 X87.659 Y114.015 E1807.28684
G1 X87.814 Y112.879 E1807.32498
G1 X87.989 Y111.863 E1807.35927
G1 X88.247 Y110.666 E1807.39999
G1 X88.526 Y109.553 E1807.43816
G1 X88.855 Y108.437 E1807.47686
G1 X89.221 Y107.352 E1807.51494
G1 X89.634 Y106.279 E1807.55318
G1 X89.985 Y105.442 E1807.58337
G1 X89.981 Y105.425 E1807.58395
G1 X90.576 Y104.174 E1807.63002
G1 X90.982 Y103.393 E1807.6593
G1 X90.974 Y103.38 E1807.65981
G1 X91.668 Y102.155 E1807.70664
G1 X92.276 Y101.177 E1807.74494
G1 X92.928 Y100.212 E1807.78367
G1 X93.603 Y99.294 E1807.82157
G1 X94.323 Y98.392 E1807.85996
G1 X95.074 Y97.509 E1807.89851
G1 X95.849 Y96.675 E1807.93638
G1 X96.667 Y95.853 E1807.97495
G1 X97.51 Y95.078 E1808.01304
G1 X98.384 Y94.322 E1808.05147
G1 X99.357 Y93.548 E1808.09282
G1 X100.227 Y92.92 E1808.12851
G1 X101.177 Y92.276 E1808.16668
G1 X102.135 Y91.68 E1808.20421
G1 X103.156 Y91.1 E1808.24327
G1 X104.157 Y90.58 E1808.28078
G1 X105.423 Y89.983 E1808.32734
G1 X105.446 Y89.985 E1808.32811
G1 X106.267 Y89.638 E1808.35775
G1 X107.356 Y89.221 E1808.39654
G1 X108.425 Y88.859 E1808.43407
G1 X109.529 Y88.533 E1808.47236
G1 X110.67 Y88.247 E1808.51148
G1 X111.871 Y87.989 E1808.55234
G1 X112.871 Y87.814 E1808.58611
G1 X114.004 Y87.659 E1808.62414
G1 X115.188 Y87.544 E1808.66371
G1 X116.356 Y87.48 E1808.70261
G1 X117.496 Y87.457 E1808.74054
G1 X118.636 Y87.48 E1808.77846
G1 X119.812 Y87.544 E1808.81763
G1 X120.992 Y87.659 E1808.85707
G1 X122.125 Y87.814 E1808.8951
G1 X123.129 Y87.989 E1808.929
G1 X124.33 Y88.247 E1808.96985
G1 X125.471 Y88.533 E1809.00898
G1 X126.575 Y88.859 E1809.04726
G1 X127.639 Y89.221 E1809.08465
G1 X128.717 Y89.634 E1809.12304
G1 X129.534 Y89.972 E1809.15245
G1 X129.552 Y89.994 E1809.15339
G1 X130.832 Y90.576 E1809.20016
G1 X131.836 Y91.1 E1809.23783
G1 X132.837 Y91.668 E1809.27611
G1 X133.815 Y92.277 E1809.31443
G1 X134.769 Y92.916 E1809.35262
G1 X135.634 Y93.548 E1809.38825
G1 X136.604 Y94.315 E1809.42938
G1 X137.483 Y95.07 E1809.46792
G1 X138.321 Y95.841 E1809.50579
G1 X139.143 Y96.667 E1809.54455
G1 X139.922 Y97.509 E1809.5827
G1 X140.665 Y98.38 E1809.62078
G1 X141.393 Y99.29 E1809.65954
G1 X142.06 Y100.199 E1809.69704
G1 X142.704 Y101.161 E1809.73555
G1 X143.316 Y102.139 E1809.77392
G1 X143.884 Y103.136 E1809.81208
G1 X144.416 Y104.153 E1809.85026
G1 X145.009 Y105.413 E1809.89657
G1 X145.004 Y105.439 E1809.89745
G1 X145.358 Y106.268 E1809.92743
G1 X145.771 Y107.34 E1809.96564
G1 X146.133 Y108.424 E1810.00366
G1 X146.459 Y109.53 E1810.04201
G1 X146.749 Y110.666 E1810.081
G1 X146.983 Y111.763 E1810.11831
G1 X147.162 Y112.772 E1810.15239
G1 X147.337 Y114.004 E1810.19378
G1 X147.448 Y115.184 E1810.2332
G1 X147.516 Y116.332 E1810.27145
G1 X147.535 Y117.484 E1810.30977
G1 X147.516 Y118.636 E1810.34809
G1 X147.448 Y119.808 E1810.38714
G1 X147.337 Y120.976 E1810.42616
G1 X147.182 Y122.112 E1810.46429
G1 X146.983 Y123.229 E1810.50203
G1 X146.749 Y124.326 E1810.53934
G1 X146.463 Y125.447 E1810.57782
G1 X146.137 Y126.56 E1810.61639
G1 X145.775 Y127.64 E1810.65428
G1 X145.362 Y128.712 E1810.69249
G1 X145.004 Y129.553 E1810.72289
G1 X145.009 Y129.579 E1810.72377
G1 X144.424 Y130.815 E1810.76925
G1 X143.896 Y131.832 E1810.80736
G1 X143.323 Y132.837 E1810.84584
G1 X142.719 Y133.815 E1810.88407
G1 X142.068 Y134.781 E1810.92281
G1 X141.4 Y135.694 E1810.96044
G1 X140.673 Y136.608 E1810.99928
G1 X139.926 Y137.478 E1811.03742
G1 X139.151 Y138.313 E1811.07531
G1 X138.321 Y139.147 E1811.11445
G1 X137.482 Y139.922 E1811.15244
G1 X136.608 Y140.673 E1811.19077
G1 X135.718 Y141.38 E1811.22857
G1 X134.781 Y142.064 E1811.26715
G1 X133.819 Y142.712 E1811.30573
G1 X132.853 Y143.316 E1811.34363
G1 X131.844 Y143.888 E1811.3822
G1 X130.918 Y144.373 E1811.41697
G1 X129.585 Y145.005 E1811.46604
G1 X129.561 Y145.003 E1811.46684
G1 X128.725 Y145.358 E1811.49705
G1 X127.632 Y145.775 E1811.53596
G1 X126.575 Y146.133 E1811.57307
G1 X125.471 Y146.459 E1811.61136
G1 X124.326 Y146.749 E1811.65065
G1 X123.125 Y147.003 E1811.69147
G1 X122.224 Y147.166 E1811.72193
G1 X120.993 Y147.333 E1811.76325
G1 X119.804 Y147.444 E1811.80296
G1 X118.636 Y147.516 E1811.84189
G1 X117.5 Y147.531 E1811.87967
G0 F15000 X117.496 Y147.794
G0 X113.989 Y147.532
G0 X111.836 Y147.205
G0 X109.482 Y146.654
G0 X107.286 Y145.96
G0 X105.352 Y145.193
G0 X103.059 Y144.067
G0 X101.446 Y143.108
G0 X98.911 Y141.422
G0 X99.199 Y141.06
G1 F3000 X93.928 Y135.789 E1812.1276
G0 F15000 X93.568 Y136.075
G0 X92.135 Y134.065
G0 X92.515 Y133.81
G1 F3000 X101.184 Y142.479 E1812.53537
G0 F15000 X100.926 Y142.858
G0 X102.409 Y143.766
G0 X102.637 Y143.366
G1 F3000 X91.623 Y132.352 E1813.05343
G0 F15000 X91.224 Y132.578
G0 X90.549 Y131.331
G0 X90.957 Y131.121
G1 F3000 X103.877 Y144.04 E1813.66113
G0 F15000 X103.664 Y144.448
G0 X104.785 Y144.996
G0 X104.982 Y144.58
G1 F3000 X90.414 Y130.012 E1814.34636
G0 F15000 X89.999 Y130.207
G0 X89.553 Y129.187
G0 X89.974 Y129.007
G1 F3000 X105.99 Y145.023 E1815.0997
G0 F15000 X105.81 Y145.446
G0 X106.767 Y145.826
G0 X106.931 Y145.397
G1 F3000 X89.596 Y128.063 E1815.91507
G0 F15000 X89.276 Y127.177
G1 F3000 X107.816 Y145.717 E1816.78713
G0 F15000 X108.658 Y145.993
G1 F3000 X89.001 Y126.336 E1817.71174
G0 F15000 X88.763 Y125.533
G1 F3000 X109.461 Y146.23 E1818.68528
G0 F15000 X110.226 Y146.43
G1 F3000 X88.564 Y124.768 E1819.7042
G0 F15000 X88.387 Y124.025
G1 F3000 X110.97 Y146.608 E1820.76643
G0 F15000 X111.688 Y146.761
G1 F3000 X88.231 Y123.303 E1821.8698
G0 F15000 X88.101 Y122.608
G1 F3000 X112.381 Y146.888 E1823.01186
G0 F15000 X113.055 Y146.996
G1 F3000 X87.99 Y121.931 E1824.19084
G0 F15000 X87.902 Y121.277
G1 F3000 X113.714 Y147.09 E1825.40498
G0 F15000 X114.355 Y147.164
G1 F3000 X87.828 Y120.637 E1826.65273
G0 F15000 X87.768 Y120.012
G1 F3000 X114.98 Y147.224 E1827.9327
G0 F15000 X115.59 Y147.268
G1 F3000 X87.724 Y119.403 E1829.2434
G0 F15000 X87.69 Y118.802
G1 F3000 X116.192 Y147.304 E1830.58405
G0 F15000 X116.774 Y147.321
G1 F3000 X87.673 Y118.22 E1831.95287
G0 F15000 X87.664 Y117.645
G1 F3000 X117.348 Y147.329 E1833.34912
G0 F15000 X117.91 Y147.326
G1 F3000 X87.668 Y117.083 E1834.77163
G0 F15000 X87.677 Y116.527
G1 F3000 X118.468 Y147.318 E1836.21995
G0 F15000 X119.008 Y147.292
G1 F3000 X87.702 Y115.986 E1837.69248
G0 F15000 X87.732 Y115.451
G1 F3000 X119.541 Y147.26 E1839.18868
G0 F15000 X120.066 Y147.219
G1 F3000 X87.773 Y114.926 E1840.70765
G0 F15000 X87.822 Y114.409
G1 F3000 X120.583 Y147.17 E1842.24862
G0 F15000 X121.095 Y147.116
G1 F3000 X87.876 Y113.898 E1843.81112
G0 F15000 X87.945 Y113.401
G1 F3000 X121.593 Y147.049 E1845.39382
G0 F15000 X122.092 Y146.982
G1 F3000 X88.013 Y112.903 E1846.99679
G0 F15000 X88.096 Y112.42
G1 F3000 X122.575 Y146.899 E1848.61858
G0 F15000 X123.054 Y146.812
G1 F3000 X88.178 Y111.937 E1850.25901
G0 F15000 X88.277 Y111.47
G1 F3000 X123.521 Y146.714 E1851.91678
G0 F15000 X123.988 Y146.615
G1 F3000 X88.378 Y111.005 E1853.59177
G0 F15000 X88.483 Y110.545
G1 F3000 X124.449 Y146.51 E1855.28347
G0 F15000 X124.901 Y146.397
G1 F3000 X88.596 Y110.092 E1856.99115
G0 F15000 X88.71 Y109.64
G1 F3000 X125.352 Y146.283 E1858.7147
G0 F15000 X125.791 Y146.155
G1 F3000 X88.837 Y109.202 E1860.45288
G0 F15000 X88.967 Y108.766
G1 F3000 X126.228 Y146.027 E1862.20552
G0 F15000 X126.659 Y145.892
G1 F3000 X89.1 Y108.334 E1863.97216
G0 F15000 X89.243 Y107.911
G1 F3000 X127.082 Y145.75 E1865.75199
G0 F15000 X127.505 Y145.607
G1 F3000 X89.385 Y107.487 E1867.54504
G0 F15000 X89.541 Y107.077
G1 F3000 X127.916 Y145.452 E1869.35008
G0 F15000 X128.325 Y145.296
G1 F3000 X89.698 Y106.668 E1871.167
G0 F15000 X89.858 Y106.263
G1 F3000 X128.732 Y145.136 E1872.99549
G0 F15000 X129.129 Y144.968
G1 F3000 X90.025 Y105.864 E1874.83482
G0 F15000 X90.186 Y105.459
G1 F3000 X129.534 Y144.808 E1876.68566
G0 F15000 X129.918 Y144.626
G1 F3000 X90.368 Y105.076 E1878.54597
G0 F15000 X90.551 Y104.693
G1 F3000 X130.301 Y144.444 E1880.41571
G0 F15000 X130.685 Y144.262
G1 F3000 X90.733 Y104.31 E1882.29493
G0 F15000 X90.925 Y103.936
G1 F3000 X131.062 Y144.072 E1884.18283
G0 F15000 X131.432 Y143.877
G1 F3000 X91.118 Y103.563 E1886.07907
G0 F15000 X91.311 Y103.19
G1 F3000 X131.802 Y143.681 E1887.98364
G0 F15000 X132.163 Y143.477
G1 F3000 X91.515 Y102.829 E1889.8956
G0 F15000 X91.72 Y102.468
G1 F3000 X132.524 Y143.272 E1891.8149
G0 F15000 X132.88 Y143.063
G1 F3000 X91.93 Y102.112 E1893.74108
G0 F15000 X92.147 Y101.763
G1 F3000 X133.228 Y142.845 E1895.67343
G0 F15000 X133.576 Y142.627
G1 F3000 X92.364 Y101.415 E1897.61192
G0 F15000 X92.587 Y101.072
G1 F3000 X133.918 Y142.404 E1899.55602
G0 F15000 X134.256 Y142.176
G1 F3000 X92.816 Y100.735 E1901.50526
G0 F15000 X93.043 Y100.397
G1 F3000 X134.594 Y141.948 E1903.45969
G0 F15000 X134.924 Y141.712
G1 F3000 X93.28 Y100.068 E1905.4185
G0 F15000 X93.521 Y99.743
G1 F3000 X135.25 Y141.473 E1907.38132
G0 F15000 X135.578 Y141.235
G1 F3000 X93.76 Y99.417 E1909.34831
G0 F15000 X94.011 Y99.102
G1 F3000 X135.894 Y140.985 E1911.31836
G0 F15000 X136.209 Y140.735
G1 F3000 X94.262 Y98.788 E1913.29142
G0 F15000 X94.515 Y98.475
G1 F3000 X136.523 Y140.483 E1915.26735
G0 F15000 X136.827 Y140.221
G1 F3000 X94.774 Y98.168 E1917.24539
G0 F15000 X95.034 Y97.863
G1 F3000 X137.131 Y139.96 E1919.22551
G0 F15000 X137.433 Y139.695
G1 F3000 X95.298 Y97.561 E1921.20738
G0 F15000 X95.57 Y97.267
G1 F3000 X137.726 Y139.423 E1923.19027
G0 F15000 X138.02 Y139.152
G1 F3000 X95.843 Y96.974 E1925.17417
G0 F15000 X96.12 Y96.686
G1 F3000 X138.309 Y138.875 E1927.15861
G0 F15000 X138.592 Y138.592
G1 F3000 X96.402 Y96.402 E1929.1431
G0 F15000 X96.684 Y96.118
G1 F3000 X138.874 Y138.309 E1931.12761
G0 F15000 X139.152 Y138.02
G1 F3000 X96.974 Y95.843 E1933.11151
G0 F15000 X97.269 Y95.572
G1 F3000 X139.424 Y137.727 E1935.09436
G0 F15000 X139.696 Y137.433
G1 F3000 X97.564 Y95.301 E1937.07612
G0 F15000 X97.865 Y95.037
G1 F3000 X139.96 Y137.132 E1939.05614
G0 F15000 X140.222 Y136.828
G1 F3000 X98.168 Y94.774 E1941.03423
G0 F15000 X98.472 Y94.512
G1 F3000 X140.484 Y136.524 E1943.01034
G0 F15000 X140.735 Y136.21
G1 F3000 X98.785 Y94.259 E1944.98357
G0 F15000 X99.1 Y94.008
G1 F3000 X140.986 Y135.895 E1946.95378
G0 F15000 X141.236 Y135.579
G1 F3000 X99.414 Y93.757 E1948.92096
G0 F15000 X99.74 Y93.518
G1 F3000 X141.476 Y135.253 E1950.88407
G0 F15000 X141.715 Y134.927
G1 F3000 X100.069 Y93.281 E1952.84297
G0 F15000 X100.4 Y93.046
G1 F3000 X141.951 Y134.597 E1954.7974
G0 F15000 X142.179 Y134.259
G1 F3000 X100.737 Y92.817 E1956.7467
G0 F15000 X101.074 Y92.589
G1 F3000 X142.406 Y133.921 E1958.69083
G0 F15000 X142.63 Y133.579
G1 F3000 X101.415 Y92.364 E1960.62946
G0 F15000 X101.764 Y92.147
G1 F3000 X142.846 Y133.23 E1962.56186
G0 F15000 X143.062 Y132.88
G1 F3000 X102.113 Y91.93 E1964.488
G0 F15000 X102.469 Y91.721
G1 F3000 X143.272 Y132.524 E1966.40724
G0 F15000 X143.477 Y132.163
G1 F3000 X102.83 Y91.517 E1968.31913
G0 F15000 X103.191 Y91.312
G1 F3000 X143.683 Y131.803 E1970.22373
G0 F15000 X143.878 Y131.433
G1 F3000 X103.561 Y91.116 E1972.12011
G0 F15000 X103.933 Y90.922
G1 F3000 X144.072 Y131.061 E1974.00813
G0 F15000 X144.264 Y130.687
G1 F3000 X104.307 Y90.73 E1975.88758
G0 F15000 X104.691 Y90.549
G1 F3000 X144.446 Y130.304 E1977.75754
G0 F15000 X144.627 Y129.92
G1 F3000 X105.075 Y90.368 E1979.61794
G0 F15000 X105.46 Y90.187
G1 F3000 X144.809 Y129.536 E1981.4688
G0 F15000 X144.968 Y129.129
G1 F3000 X105.864 Y90.025 E1983.30813
G0 F15000 X106.263 Y89.858
G1 F3000 X145.137 Y128.732 E1985.13664
G0 F15000 X145.298 Y128.327
G1 F3000 X106.669 Y89.699 E1986.95361
G0 F15000 X107.078 Y89.542
G1 F3000 X145.455 Y127.918 E1988.75872
G0 F15000 X145.61 Y127.508
G1 F3000 X107.489 Y89.387 E1990.55182
G0 F15000 X107.912 Y89.244
G1 F3000 X145.751 Y127.083 E1992.33165
G0 F15000 X145.892 Y126.659
G1 F3000 X108.334 Y89.101 E1994.09826
G0 F15000 X108.766 Y88.967
G1 F3000 X146.026 Y126.227 E1995.85086
G0 F15000 X146.154 Y125.789
G1 F3000 X109.203 Y88.838 E1997.58892
G0 F15000 X109.642 Y88.711
G1 F3000 X146.281 Y125.351 E1999.31233
G0 F15000 X146.397 Y124.901
G1 F3000 X110.094 Y88.598 E2001.01991
G0 F15000 X110.546 Y88.485
G1 F3000 X146.511 Y124.449 E2002.71157
G0 F15000 X146.616 Y123.989
G1 F3000 X111.007 Y88.38 E2004.38651
G0 F15000 X111.473 Y88.279
G1 F3000 X146.716 Y123.523 E2006.04426
G0 F15000 X146.812 Y123.053
G1 F3000 X111.939 Y88.18 E2007.68458
G0 F15000 X112.421 Y88.096
G1 F3000 X146.897 Y122.573 E2009.30624
G0 F15000 X146.983 Y122.093
G1 F3000 X112.902 Y88.012 E2010.90931
G0 F15000 X113.4 Y87.944
G1 F3000 X147.051 Y121.595 E2012.49215
G0 F15000 X147.119 Y121.098
G1 F3000 X113.898 Y87.876 E2014.05479
G0 F15000 X114.408 Y87.821
G1 F3000 X147.174 Y120.586 E2015.59598
G0 F15000 X147.222 Y120.07
G1 F3000 X114.923 Y87.77 E2017.11525
G0 F15000 X115.449 Y87.73
G1 F3000 X147.263 Y119.545 E2018.6117
G0 F15000 X147.295 Y119.01
G1 F3000 X115.985 Y87.701 E2020.0844
G0 F15000 X116.527 Y87.677
G1 F3000 X147.319 Y118.469 E2021.53277
G0 F15000 X147.329 Y117.913
G1 F3000 X117.081 Y87.666 E2022.95552
G0 F15000 X117.642 Y87.661
G1 F3000 X147.333 Y117.351 E2024.35207
G0 F15000 X147.324 Y116.777
G1 F3000 X118.219 Y87.672 E2025.72108
G0 F15000 X118.802 Y87.69
G1 F3000 X147.308 Y116.195 E2027.06189
G0 F15000 X147.273 Y115.594
G1 F3000 X119.4 Y87.722 E2028.37292
G0 F15000 X120.008 Y87.764
G1 F3000 X147.23 Y114.985 E2029.65334
G0 F15000 X147.17 Y114.36
G1 F3000 X120.635 Y87.825 E2030.90147
G0 F15000 X121.276 Y87.9
G1 F3000 X147.095 Y113.72 E2032.11594
G0 F15000 X147.001 Y113.06
G1 F3000 X121.931 Y87.99 E2033.29515
G0 F15000 X122.608 Y88.101
G1 F3000 X146.89 Y112.383 E2034.4373
G0 F15000 X146.764 Y111.691
G1 F3000 X123.304 Y88.231 E2035.54079
G0 F15000 X124.024 Y88.386
G1 F3000 X146.61 Y110.972 E2036.60316
G0 F15000 X146.431 Y110.227
G1 F3000 X124.767 Y88.563 E2037.62217
G0 F15000 X125.528 Y88.759
G1 F3000 X146.23 Y109.461 E2038.59593
G0 F15000 X145.994 Y108.658
G1 F3000 X126.331 Y88.996 E2039.5208
G0 F15000 X127.175 Y89.274
G1 F3000 X145.721 Y107.82 E2040.39314
G0 F15000 X145.401 Y106.934
G1 F3000 X128.065 Y89.598 E2041.20857
G0 F15000 X128.229 Y89.169
G0 X129.898 Y89.867
G0 X129.001 Y89.969
G1 F3000 X145.023 Y105.99 E2041.96218
G0 F15000 X145.446 Y105.811
G0 X145.005 Y104.799
G0 X144.591 Y104.993
G1 F3000 X130.028 Y90.43 E2042.64718
G0 F15000 X129.948 Y89.89
G0 X131.324 Y90.542
G0 X131.112 Y90.948
G1 F3000 X144.053 Y103.889 E2043.25588
G0 F15000 X144.459 Y103.678
G0 X143.773 Y102.417
G0 X143.373 Y102.644
G1 F3000 X132.353 Y91.624 E2043.77423
G0 F15000 X132.581 Y91.226
G0 X134.065 Y92.133
G0 X133.809 Y92.514
G1 F3000 X142.476 Y101.181 E2044.1819
G0 F15000 X142.86 Y100.924
G0 X141.442 Y98.935
G0 X141.082 Y99.221
G1 F3000 X135.776 Y93.915 E2044.43147
G1 F2700 E2039.43147
;MESH:NONMESH
G0 F300 X135.776 Y93.915 Z1.2
G0 F15000 X136.062 Y93.555
G0 X138.464 Y95.705
G0 X140.079 Y97.383
G0 X141.555 Y99.174
G0 X142.877 Y101.058
G0 X144.064 Y103.048
G0 X145.186 Y105.364
G0 X145.956 Y107.27
G0 X146.654 Y109.483
G0 X147.185 Y111.733
G0 X147.536 Y113.99
G0 X147.715 Y116.335
G0 X147.715 Y118.65
G0 X147.536 Y121.007
G0 X147.185 Y123.262
G0 X146.658 Y125.502
G0 X145.96 Y127.714
G0 X145.193 Y129.644
G0 X144.068 Y131.936
G0 X142.885 Y133.93
G0 X141.555 Y135.822
G0 X140.079 Y137.613
G0 X138.464 Y139.287
G0 X136.743 Y140.824
G0 X134.889 Y142.233
G0 X132.954 Y143.49
G0 X130.921 Y144.594
G0 X128.795 Y145.546
G0 X126.63 Y146.327
G0 X125.355 Y146.676
G0 X119.835 Y147.98
G0 X119.135 Y157.162
G0 X117.5 Y157.743
;TIME_ELAPSED:2004.201204
;LAYER:5
;TYPE:WALL-OUTER
;MESH:Base.stl
G1 F2700 E2044.43147
G1 F2381 X116.411 Y157.732 E2044.47711
G1 X115.075 Y157.673 E2044.53316
G1 F2390.4 X113.731 Y157.57 E2044.58942
G1 X112.403 Y157.422 E2044.6452
G1 F2381 X111.069 Y157.23 E2044.70168
G1 F2376.2 X109.749 Y156.993 E2044.75799
G1 F2381 X108.425 Y156.71 E2044.81473
G1 F2390.4 X107.109 Y156.382 E2044.87135
G1 X105.801 Y156.008 E2044.92813
G1 F2385.7 X104.517 Y155.594 E2044.98456
G1 F2381 X103.241 Y155.137 E2045.04136
G1 X101.985 Y154.636 E2045.09803
G1 F2385.7 X100.757 Y154.097 E2045.15412
G1 F2390.4 X99.528 Y153.509 E2045.21099
G1 X98.336 Y152.892 E2045.26701
G1 F2385.7 X97.151 Y152.221 E2045.32397
G1 F2390.4 X95.993 Y151.517 E2045.38054
G1 F2385.7 X94.873 Y150.782 E2045.43657
G1 X93.768 Y150.003 E2045.49311
G1 F2390.4 X92.681 Y149.179 E2045.55005
G1 X91.637 Y148.337 E2045.60603
G1 F2385.7 X90.607 Y147.442 E2045.6631
G1 X89.617 Y146.524 E2045.71957
G1 F2381 X88.656 Y145.571 E2045.77629
G1 X87.732 Y144.585 E2045.83292
G1 F2385.7 X86.838 Y143.572 E2045.88943
G1 X85.98 Y142.527 E2045.94598
G1 X85.156 Y141.453 E2046.0026
G1 X84.369 Y140.352 E2046.0592
G1 F2381 X83.626 Y139.235 E2046.11542
G1 F2385.7 X82.91 Y138.075 E2046.17244
G1 F2390.4 X82.238 Y136.902 E2046.22886
G1 X81.606 Y135.709 E2046.28522
G1 F2385.7 X81.018 Y134.501 E2046.34141
G1 X80.464 Y133.257 E2046.39837
G1 F2390.4 X79.956 Y132.005 E2046.45476
G1 X79.49 Y130.731 E2046.51139
G1 X79.118 Y129.618 E2046.56037
G1 F2385.7 X78.656 Y128.045 E2046.62894
G1 F2381 X78.35 Y126.841 E2046.681
G1 F2390.4 X78.058 Y125.522 E2046.73739
G1 X77.812 Y124.19 E2046.79393
G1 F2400 X77.609 Y122.854 E2046.85012
G1 F2395.2 X77.45 Y121.51 E2046.90649
G1 F2390.4 X77.343 Y120.234 E2046.95994
G1 X77.274 Y118.877 E2047.01666
G1 X77.251 Y117.472 E2047.07531
G1 F2395.2 X77.274 Y116.145 E2047.1306
G1 F2400 X77.342 Y114.757 E2047.18838
G1 F2395.2 X77.461 Y113.369 E2047.24641
G1 X77.616 Y112.078 E2047.30058
G1 F2400 X77.822 Y110.741 E2047.35682
G1 F2395.2 X78.069 Y109.414 E2047.41305
G1 F2390.4 X78.365 Y108.087 E2047.4698
G1 X78.701 Y106.784 E2047.52597
G1 X79.087 Y105.486 E2047.5825
G1 F2395.2 X79.512 Y104.202 E2047.63884
G1 F2390.4 X79.977 Y102.935 E2047.69518
G1 X80.489 Y101.682 E2047.75168
G1 X81.046 Y100.439 E2047.80853
G1 F2395.2 X81.681 Y99.142 E2047.86869
G1 F2390.4 X82.164 Y98.231 E2047.91173
G1 F2385.7 X82.943 Y96.864 E2047.97754
G1 F2390.4 X83.654 Y95.716 E2048.0339
G1 F2381 X84.405 Y94.591 E2048.09059
G1 F2390.4 X85.195 Y93.493 E2048.14705
G1 X86.027 Y92.412 E2048.20399
G1 F2395.2 X86.881 Y91.377 E2048.25989
G1 F2390.4 X87.772 Y90.365 E2048.31617
G1 F2381 X88.702 Y89.379 E2048.37297
G1 F2385.7 X89.664 Y88.428 E2048.42955
G1 X90.653 Y87.511 E2048.48596
G1 F2390.4 X91.686 Y86.619 E2048.54293
G1 X92.728 Y85.777 E2048.59885
G1 F2385.7 X93.809 Y84.962 E2048.65547
G1 F2390.4 X94.927 Y84.178 E2048.71247
G1 X96.047 Y83.443 E2048.76839
G1 X97.204 Y82.743 E2048.82483
G1 F2381 X98.393 Y82.075 E2048.88199
G1 X99.585 Y81.455 E2048.9383
G1 X100.813 Y80.871 E2048.99528
G1 F2376.2 X102.046 Y80.335 E2049.05174
G1 X103.302 Y79.837 E2049.10847
G1 F2371.5 X104.573 Y79.381 E2049.16529
G1 F2376.2 X105.862 Y78.97 E2049.2221
G1 F2381 X107.174 Y78.597 E2049.27926
G1 X108.489 Y78.271 E2049.33604
G1 F2371.5 X109.8 Y77.993 E2049.39242
G1 X111.129 Y77.758 E2049.4492
G1 F2381 X112.469 Y77.566 E2049.50593
G1 F2390.4 X113.812 Y77.418 E2049.56233
G1 X115.172 Y77.319 E2049.61925
G1 F2381 X116.523 Y77.26 E2049.67592
G1 X117.866 Y77.252 E2049.73221
G1 F2390.4 X119.218 Y77.287 E2049.78866
G1 F2385.7 X120.496 Y77.36 E2049.8422
G1 F2390.4 X122.061 Y77.513 E2049.90784
G1 X123.264 Y77.665 E2049.95845
G1 F2381 X124.588 Y77.879 E2050.01466
G1 F2390.4 X125.916 Y78.142 E2050.07116
G1 F2381 X127.247 Y78.449 E2050.12841
G1 F2376.2 X128.538 Y78.794 E2050.18452
G1 F2381 X129.844 Y79.191 E2050.24173
G1 F2385.7 X131.127 Y79.628 E2050.29841
G1 X132.379 Y80.101 E2050.35439
G1 F2381 X133.627 Y80.622 E2050.41107
G1 X134.855 Y81.186 E2050.4677
G1 X136.075 Y81.794 E2050.52482
G1 X137.265 Y82.438 E2050.58153
G1 X138.422 Y83.114 E2050.63768
G1 X139.566 Y83.837 E2050.6944
G1 X140.684 Y84.6 E2050.75112
G1 F2385.7 X141.778 Y85.399 E2050.80778
G1 X142.85 Y86.237 E2050.86469
G1 X143.877 Y87.1 E2050.9208
G1 F2381 X144.885 Y88.003 E2050.97751
G1 X145.86 Y88.937 E2051.0341
G1 X146.802 Y89.906 E2051.09073
G1 F2385.7 X147.713 Y90.908 E2051.14737
G1 F2390.4 X148.591 Y91.937 E2051.20383
G1 F2385.7 X149.43 Y92.994 E2051.26028
G1 F2390.4 X150.234 Y94.084 E2051.31681
G1 X151.004 Y95.196 E2051.37327
G1 F2385.7 X151.732 Y96.333 E2051.42974
G1 F2390.4 X152.424 Y97.498 E2051.4863
G1 X153.08 Y98.69 E2051.54309
G1 X153.689 Y99.887 E2051.59915
G1 X154.261 Y101.115 E2051.6557
G1 X154.794 Y102.367 E2051.7125
G1 X155.279 Y103.615 E2051.76838
G1 X155.725 Y104.894 E2051.82492
G1 F2395.2 X156.126 Y106.196 E2051.88168
G1 F2390.4 X156.487 Y107.504 E2051.93832
G1 F2381 X156.824 Y108.91 E2051.99891
G1 X157.068 Y110.13 E2052.05105
G1 F2390.4 X157.292 Y111.468 E2052.10768
G1 X157.461 Y112.665 E2052.15814
G1 X157.61 Y114.149 E2052.22039
G1 X157.694 Y115.432 E2052.27406
G1 F2400 X157.741 Y116.795 E2052.33076
G1 X157.742 Y118.164 E2052.38768
G1 X157.694 Y119.543 E2052.44504
G1 X157.604 Y120.894 E2052.50134
G1 X157.467 Y122.252 E2052.55808
G1 F2390.4 X157.283 Y123.607 E2052.61516
G1 X157.051 Y124.962 E2052.67254
G1 X156.81 Y126.149 E2052.7231
G1 X156.47 Y127.561 E2052.78373
G1 F2400 X156.108 Y128.873 E2052.84031
G1 X155.673 Y130.253 E2052.90047
G1 F2404.8 X155.259 Y131.43 E2052.95224
G1 F2400 X154.768 Y132.695 E2053.00865
G1 F2385.7 X154.357 Y133.668 E2053.05283
G1 X153.663 Y135.163 E2053.12176
G1 F2390.4 X153.052 Y136.365 E2053.17805
G1 X152.345 Y137.636 E2053.23876
G1 F2400 X151.696 Y138.721 E2053.29132
G1 F2390.4 X150.972 Y139.85 E2053.3473
G1 F2381 X150.257 Y140.885 E2053.40002
G1 X149.395 Y142.043 E2053.46052
G1 F2390.4 X148.548 Y143.105 E2053.51722
G1 F2395.2 X147.67 Y144.136 E2053.57364
G1 F2390.4 X146.764 Y145.131 E2053.62981
G1 F2385.7 X145.818 Y146.098 E2053.68639
G1 F2381 X144.839 Y147.033 E2053.74312
G1 X143.833 Y147.935 E2053.79974
G1 F2385.7 X142.853 Y148.758 E2053.85327
G1 F2381 X141.728 Y149.636 E2053.91307
G1 F2390.4 X140.551 Y150.489 E2053.97375
G1 X139.512 Y151.192 E2054.02611
G1 F2381 X138.444 Y151.867 E2054.07906
G1 F2385.7 X137.207 Y152.59 E2054.13899
G1 F2381 X136.015 Y153.234 E2054.19576
G1 X134.795 Y153.839 E2054.25283
G1 X133.566 Y154.399 E2054.30943
G1 X132.326 Y154.916 E2054.36573
G1 X131.059 Y155.394 E2054.42248
G1 X129.779 Y155.827 E2054.47911
G1 F2385.7 X128.498 Y156.213 E2054.53507
G1 F2381 X127.067 Y156.593 E2054.59712
G1 F2376.2 X125.85 Y156.869 E2054.64952
G1 F2381 X124.527 Y157.127 E2054.70601
G1 X123.193 Y157.339 E2054.76261
G1 X122.016 Y157.496 E2054.81237
G1 F2371.5 X120.505 Y157.636 E2054.87622
G1 F2381 X119.078 Y157.716 E2054.93612
G1 X117.742 Y157.745 E2054.99212
G1 F2385.7 X117.5 Y157.743 E2055.00224
G0 F15000 X117.5 Y157.241
G1 F2409.6 X118.502 Y157.233 E2055.04373
G1 X119.863 Y157.176 E2055.10014
G1 X121.204 Y157.073 E2055.15583
G1 F2400 X122.54 Y156.925 E2055.21172
G1 F2409.6 X123.887 Y156.73 E2055.26808
G1 F2414.5 X125.209 Y156.489 E2055.32361
G1 F2404.8 X126.533 Y156.205 E2055.3798
G1 F2400 X127.841 Y155.874 E2055.43589
G1 F2409.6 X129.128 Y155.507 E2055.49131
G1 X130.425 Y155.085 E2055.54779
G1 X131.693 Y154.626 E2055.60363
G1 F2404.8 X132.934 Y154.124 E2055.65917
G1 X134.172 Y153.58 E2055.71528
G1 F2409.6 X135.393 Y152.989 E2055.77145
G1 F2404.8 X136.58 Y152.365 E2055.82709
G1 F2409.6 X137.763 Y151.693 E2055.88343
G1 X138.911 Y150.985 E2055.93928
G1 X140.037 Y150.24 E2055.99519
G1 X141.126 Y149.459 E2056.05068
G1 X142.207 Y148.634 E2056.10699
G1 X143.242 Y147.785 E2056.16242
G1 X144.262 Y146.883 E2056.21881
G1 F2404.8 X145.247 Y145.958 E2056.27487
G1 F2400 X146.19 Y145.008 E2056.33052
G1 F2404.8 X147.115 Y144.01 E2056.38698
G1 F2409.6 X147.989 Y142.999 E2056.44232
G1 X148.846 Y141.937 E2056.49883
G1 F2400 X149.656 Y140.858 E2056.55493
G1 X150.433 Y139.756 E2056.61099
G1 F2404.8 X151.162 Y138.632 E2056.66657
G1 X151.865 Y137.469 E2056.72296
G1 F2400 X152.523 Y136.29 E2056.77909
G1 X153.142 Y135.091 E2056.83519
G1 F2409.6 X153.712 Y133.878 E2056.89069
G1 X154.254 Y132.631 E2056.94699
G1 X154.748 Y131.376 E2057.00284
G1 X155.195 Y130.111 E2057.0584
G1 F2400 X155.603 Y128.815 E2057.11489
G1 X155.965 Y127.515 E2057.17099
G1 X156.284 Y126.199 E2057.22729
G1 X156.557 Y124.879 E2057.28333
G1 F2390.4 X156.783 Y123.557 E2057.33931
G1 X156.968 Y122.211 E2057.39603
G1 F2400 X157.105 Y120.872 E2057.45198
G1 X157.194 Y119.533 E2057.50778
G1 X157.242 Y118.194 E2057.56348
G1 X157.242 Y116.82 E2057.62061
G1 F2395.2 X157.194 Y115.471 E2057.67684
G1 X157.106 Y114.123 E2057.73311
G1 X156.97 Y112.79 E2057.78893
G1 X156.784 Y111.446 E2057.84545
G1 F2400 X156.555 Y110.113 E2057.90169
G1 F2390.4 X156.286 Y108.805 E2057.95743
G1 X155.963 Y107.481 E2058.01431
G1 F2395.2 X155.601 Y106.181 E2058.07053
G1 F2404.8 X155.198 Y104.893 E2058.12653
G1 F2409.6 X154.748 Y103.62 E2058.18244
G1 F2404.8 X154.252 Y102.364 E2058.23847
G1 X153.717 Y101.125 E2058.29446
G1 F2409.6 X153.142 Y99.905 E2058.35031
G1 X152.526 Y98.713 E2058.40587
G1 X151.866 Y97.527 E2058.46208
G1 X151.166 Y96.37 E2058.51807
G1 F2404.8 X150.43 Y95.239 E2058.57406
G1 F2409.6 X149.66 Y94.141 E2058.62959
G1 X148.844 Y93.054 E2058.68588
G1 F2404.8 X148.003 Y92.014 E2058.74137
G1 X147.113 Y90.985 E2058.79782
G1 F2409.6 X146.195 Y89.994 E2058.85376
G1 F2400 X145.246 Y89.036 E2058.90982
G1 X144.267 Y88.117 E2058.96565
G1 F2409.6 X143.249 Y87.218 E2059.02189
G1 X142.214 Y86.367 E2059.07737
G1 X141.139 Y85.546 E2059.13338
G1 X140.037 Y84.757 E2059.18951
G1 F2404.8 X138.918 Y84.015 E2059.24522
G1 X137.771 Y83.308 E2059.30112
G1 F2409.6 X136.587 Y82.635 E2059.35752
G1 F2404.8 X135.4 Y82.011 E2059.41316
G1 X134.177 Y81.419 E2059.46953
G1 X132.941 Y80.872 E2059.52562
G1 F2409.6 X131.701 Y80.373 E2059.58097
G1 X130.433 Y79.914 E2059.63681
G1 X129.137 Y79.491 E2059.69326
G1 X127.849 Y79.123 E2059.74873
G1 F2404.8 X126.541 Y78.794 E2059.80469
G1 F2414.5 X125.213 Y78.505 E2059.86085
G1 F2419.4 X123.896 Y78.267 E2059.91605
G1 F2409.6 X122.548 Y78.073 E2059.97244
G1 X121.212 Y77.925 E2060.02811
G1 X119.872 Y77.82 E2060.08376
G1 X118.511 Y77.764 E2060.14017
G1 X117.17 Y77.751 E2060.1957
G1 X115.809 Y77.787 E2060.25208
G1 F2414.5 X114.421 Y77.868 E2060.30954
G1 F2419.4 X113.205 Y77.981 E2060.3599
G1 F2409.6 X111.791 Y78.164 E2060.41894
G1 F2404.8 X110.452 Y78.381 E2060.47523
G1 X109.124 Y78.643 E2060.53139
G1 F2400 X107.694 Y78.98 E2060.59247
G1 F2404.8 X106.515 Y79.299 E2060.64315
G1 F2409.6 X105.215 Y79.697 E2060.69945
G1 F2404.8 X103.939 Y80.136 E2060.75544
G1 X102.687 Y80.615 E2060.81106
G1 X101.443 Y81.138 E2060.86705
G1 F2409.6 X100.22 Y81.701 E2060.9228
G1 X99.003 Y82.317 E2060.97928
G1 X97.817 Y82.965 E2061.03524
G1 X96.665 Y83.646 E2061.09066
G1 F2414.5 X95.522 Y84.378 E2061.14675
G1 F2409.6 X94.406 Y85.147 E2061.20287
G1 X93.331 Y85.943 E2061.25826
G1 X92.266 Y86.785 E2061.31448
G1 X91.238 Y87.662 E2061.37043
G1 F2404.8 X90.24 Y88.571 E2061.42645
G1 F2400 X89.273 Y89.513 E2061.48257
G1 X88.347 Y90.479 E2061.5382
G1 F2404.8 X87.438 Y91.494 E2061.59474
G1 F2409.6 X86.58 Y92.52 E2061.65012
G1 X85.743 Y93.595 E2061.70654
G1 F2404.8 X84.95 Y94.685 E2061.76247
G1 F2400 X84.196 Y95.804 E2061.81857
G1 X83.476 Y96.947 E2061.87473
G1 X82.803 Y98.106 E2061.93045
G1 X82.16 Y99.301 E2061.98687
G1 X81.56 Y100.52 E2062.04335
G1 X81.005 Y101.745 E2062.09927
G1 X80.492 Y102.993 E2062.15536
G1 X80.026 Y104.245 E2062.21091
G1 X79.595 Y105.537 E2062.26753
G1 X79.208 Y106.832 E2062.32372
G1 F2390.4 X78.872 Y108.129 E2062.37965
G1 X78.561 Y109.507 E2062.43862
G1 F2395.2 X78.322 Y110.781 E2062.49261
G1 F2400 X78.117 Y112.105 E2062.54832
G1 X77.958 Y113.421 E2062.60343
G1 F2395.2 X77.842 Y114.791 E2062.6607
G1 X77.774 Y116.141 E2062.71701
G1 F2390.4 X77.753 Y117.508 E2062.77408
G1 X77.774 Y118.844 E2062.82985
G1 X77.839 Y120.143 E2062.88414
G1 F2395.2 X77.955 Y121.533 E2062.94225
G1 F2400 X78.116 Y122.882 E2062.99873
G1 F2404.8 X78.321 Y124.206 E2063.05432
G1 F2400 X78.57 Y125.53 E2063.11033
G1 X78.871 Y126.864 E2063.16719
G1 X79.206 Y128.155 E2063.22264
G1 F2390.4 X79.581 Y129.419 E2063.27767
G1 X80.023 Y130.739 E2063.33578
G1 F2400 X80.49 Y131.995 E2063.39149
G1 F2409.6 X81.001 Y133.243 E2063.44733
G1 F2400 X81.56 Y134.476 E2063.50362
G1 X82.156 Y135.686 E2063.55969
G1 F2409.6 X82.8 Y136.886 E2063.61609
G1 X83.472 Y138.042 E2063.67146
G1 F2400 X84.192 Y139.186 E2063.72766
G1 X84.945 Y140.304 E2063.7837
G1 X85.738 Y141.395 E2063.83977
G1 F2404.8 X86.567 Y142.461 E2063.8958
G1 F2409.6 X87.433 Y143.496 E2063.95168
G1 X88.342 Y144.511 E2064.00811
G1 F2400 X89.267 Y145.477 E2064.06371
G1 X90.233 Y146.419 E2064.11981
G1 X91.232 Y147.329 E2064.17599
G1 F2404.8 X92.258 Y148.202 E2064.23188
G1 F2409.6 X93.325 Y149.047 E2064.28824
G1 X94.4 Y149.844 E2064.34366
G1 X95.515 Y150.61 E2064.39967
G1 F2414.5 X96.657 Y151.345 E2064.4558
G1 F2409.6 X97.821 Y152.031 E2064.51175
G1 F2390.4 X98.574 Y152.449 E2064.5477
G1 X99.292 Y152.834 E2064.5817
G1 F2409.6 X100.212 Y153.29 E2064.62422
G1 F2414.5 X101.436 Y153.855 E2064.67993
G1 F2409.6 X102.675 Y154.378 E2064.73562
G1 X103.935 Y154.861 E2064.7915
G1 X105.219 Y155.3 E2064.84769
G1 F2414.5 X106.611 Y155.729 E2064.90789
G1 F2419.4 X107.688 Y156.017 E2064.95386
G1 F2409.6 X109.115 Y156.351 E2065.01455
G1 F2400 X110.443 Y156.613 E2065.07083
G1 X111.784 Y156.831 E2065.12731
G1 F2409.6 X113.205 Y157.016 E2065.18665
G1 F2414.5 X114.413 Y157.128 E2065.23679
G1 F2409.6 X115.801 Y157.209 E2065.29436
G1 X117.161 Y157.244 E2065.35069
G1 F2414.5 X117.5 Y157.241 E2065.3647
;MESH:NONMESH
G0 F300 X117.5 Y157.241 Z1.4
G0 F15000 X117.5 Y157.782
;TIME_ELAPSED:2017.271085
;LAYER:6
;TYPE:WALL-OUTER
;MESH:Base.stl
G1 F2843.6 X116.381 Y157.769 E2065.40397
G1 X115.047 Y157.709 E2065.45083
G1 X113.711 Y157.609 E2065.49784
G1 F2830.2 X112.585 Y157.485 E2065.53778
G1 X111.05 Y157.266 E2065.59244
G1 X109.732 Y157.028 E2065.63966
G1 X108.407 Y156.746 E2065.68742
G1 F2843.6 X107.089 Y156.417 E2065.73509
G1 X105.776 Y156.042 E2065.783
G1 F2836.9 X104.492 Y155.628 E2065.83045
G1 F2830.2 X103.218 Y155.17 E2065.87818
G1 X101.957 Y154.669 E2065.92602
G1 X100.727 Y154.128 E2065.9734
G1 X99.498 Y153.54 E2066.02143
G1 F2836.9 X98.308 Y152.919 E2066.06864
G1 F2830.2 X97.118 Y152.25 E2066.11677
G1 X95.964 Y151.546 E2066.16443
G1 X94.839 Y150.811 E2066.21181
G1 F2843.6 X93.735 Y150.027 E2066.25932
G1 X92.644 Y149.203 E2066.30729
G1 X91.603 Y148.36 E2066.3543
G1 F2836.9 X90.572 Y147.464 E2066.40234
G1 F2830.2 X89.581 Y146.544 E2066.45001
G1 F2823.5 X88.619 Y145.59 E2066.49789
G1 F2830.2 X87.695 Y144.603 E2066.54556
G1 X86.799 Y143.585 E2066.59337
G1 F2836.9 X85.939 Y142.538 E2066.64103
G1 F2830.2 X85.117 Y141.469 E2066.68857
G1 F2836.9 X84.328 Y140.362 E2066.73638
G1 F2830.2 X83.584 Y139.248 E2066.78361
G1 X82.868 Y138.086 E2066.83173
G1 F2843.6 X82.198 Y136.913 E2066.87913
G1 X81.565 Y135.715 E2066.92668
G1 X80.978 Y134.506 E2066.97384
G1 X80.424 Y133.26 E2067.02168
G1 X79.915 Y132.007 E2067.06914
G1 X79.448 Y130.733 E2067.11675
G1 X79.059 Y129.567 E2067.15988
G1 F2830.2 X78.614 Y128.044 E2067.21582
G1 X78.31 Y126.837 E2067.25971
G1 F2843.6 X78.016 Y125.517 E2067.30716
G1 F2836.9 X77.769 Y124.184 E2067.35484
G1 F2843.6 X77.569 Y122.85 E2067.40218
G1 X77.41 Y121.502 E2067.4498
G1 X77.298 Y120.164 E2067.49692
G1 X77.233 Y118.87 E2067.54238
G1 X77.211 Y117.457 E2067.59197
G1 X77.235 Y116.106 E2067.63938
G1 X77.3 Y114.781 E2067.68593
G1 X77.417 Y113.414 E2067.73407
G1 X77.578 Y112.059 E2067.78195
G1 X77.784 Y110.722 E2067.82942
G1 F2857.1 X78.034 Y109.394 E2067.87661
G1 F2850.4 X78.329 Y108.073 E2067.924
G1 F2843.6 X78.667 Y106.763 E2067.97147
G1 X79.049 Y105.463 E2068.01901
G1 X79.478 Y104.176 E2068.06662
G1 X79.944 Y102.908 E2068.11402
G1 X80.457 Y101.654 E2068.16156
G1 X81.015 Y100.409 E2068.20944
G1 F2857.1 X81.654 Y99.11 E2068.25999
G1 F2843.6 X82.137 Y98.197 E2068.29624
G1 F2823.5 X82.133 Y98.191 E2068.29649
G1 F2830.2 X82.915 Y96.835 E2068.35168
G1 F2843.6 X83.629 Y95.685 E2068.39918
G1 X84.38 Y94.558 E2068.4467
G1 X85.168 Y93.458 E2068.49418
G1 X86.003 Y92.378 E2068.54208
G1 X86.856 Y91.34 E2068.58922
G1 F2830.2 X87.755 Y90.325 E2068.63703
G1 X88.682 Y89.343 E2068.68464
G1 X89.645 Y88.391 E2068.73238
G1 X90.639 Y87.472 E2068.7801
G1 X91.67 Y86.58 E2068.82817
G1 X92.712 Y85.737 E2068.87542
G1 X93.795 Y84.921 E2068.92323
G1 F2836.9 X94.913 Y84.137 E2068.97126
G1 F2830.2 X96.035 Y83.401 E2069.01857
G1 X97.196 Y82.701 E2069.06636
G1 F2836.9 X98.373 Y82.04 E2069.11384
G1 F2843.6 X99.588 Y81.41 E2069.16187
G1 X100.809 Y80.829 E2069.20931
G1 F2836.9 X102.039 Y80.293 E2069.2565
G1 F2830.2 X103.301 Y79.796 E2069.30432
G1 F2823.5 X104.573 Y79.338 E2069.3521
G1 F2830.2 X105.862 Y78.927 E2069.3998
G1 F2843.6 X107.177 Y78.557 E2069.44773
G1 F2830.2 X108.492 Y78.228 E2069.49552
G1 F2816.9 X109.812 Y77.951 E2069.5433
G1 X111.135 Y77.715 E2069.5909
G1 F2823.5 X112.475 Y77.523 E2069.63874
G1 F2836.9 X113.821 Y77.378 E2069.68636
G1 F2843.6 X115.183 Y77.279 E2069.73427
G1 F2830.2 X116.535 Y77.221 E2069.78198
G1 X117.879 Y77.212 E2069.82937
G1 X119.233 Y77.248 E2069.87712
G1 F2816.9 X120.511 Y77.321 E2069.92246
G1 F2823.5 X122.077 Y77.474 E2069.97807
G1 F2843.6 X123.282 Y77.629 E2070.0207
G1 X124.608 Y77.845 E2070.06784
G1 F2830.2 X125.936 Y78.103 E2070.11554
G1 X127.266 Y78.413 E2070.16368
G1 F2836.9 X128.563 Y78.759 E2070.2109
G1 F2843.6 X129.868 Y79.156 E2070.25876
G1 X131.153 Y79.594 E2070.3064
G1 F2836.9 X132.406 Y80.068 E2070.35352
G1 X133.656 Y80.593 E2070.4012
G1 X134.885 Y81.154 E2070.44872
G1 X136.107 Y81.766 E2070.49679
G1 X137.297 Y82.411 E2070.5444
G1 X138.459 Y83.092 E2070.59177
G1 X139.597 Y83.812 E2070.63914
G1 F2830.2 X140.719 Y84.573 E2070.68693
G1 X141.809 Y85.371 E2070.73456
G1 F2843.6 X142.885 Y86.215 E2070.78255
G1 X143.914 Y87.078 E2070.82967
G1 F2830.2 X144.921 Y87.982 E2070.87738
G1 X145.896 Y88.92 E2070.92508
G1 F2843.6 X146.84 Y89.891 E2070.9726
G1 X147.751 Y90.89 E2071.02004
G1 F2830.2 X148.585 Y91.868 E2071.06536
G1 F2836.9 X149.531 Y93.066 E2071.11905
G1 F2843.6 X150.275 Y94.073 E2071.16298
G1 F2830.2 X151.045 Y95.183 E2071.21061
G1 F2823.5 X151.774 Y96.325 E2071.25849
G1 F2830.2 X152.466 Y97.486 E2071.30614
G1 F2843.6 X153.121 Y98.681 E2071.35395
G1 X153.732 Y99.882 E2071.40124
G1 F2836.9 X154.302 Y101.108 E2071.44879
G1 X154.839 Y102.365 E2071.49687
G1 X155.32 Y103.614 E2071.54394
G1 F2830.2 X155.766 Y104.895 E2071.59177
G1 X156.168 Y106.197 E2071.63981
G1 F2836.9 X156.53 Y107.505 E2071.68754
G1 F2830.2 X156.864 Y108.914 E2071.73859
G1 X157.108 Y110.136 E2071.78253
G1 X157.335 Y111.475 E2071.83041
G1 X157.501 Y112.674 E2071.87308
G1 F2836.9 X157.641 Y114.065 E2071.92225
G1 F2843.6 X157.733 Y115.43 E2071.97026
G1 F2857.1 X157.781 Y116.799 E2072.0181
G1 X157.782 Y118.217 E2072.06762
G1 X157.735 Y119.547 E2072.1141
G1 F2850.4 X157.643 Y120.9 E2072.16157
G1 F2843.6 X157.507 Y122.261 E2072.20956
G1 F2850.4 X157.321 Y123.617 E2072.25748
G1 F2857.1 X157.093 Y124.943 E2072.30447
G1 F2843.6 X156.845 Y126.17 E2072.34839
G1 X156.505 Y127.585 E2072.39946
G1 F2850.4 X156.142 Y128.896 E2072.44708
G1 F2843.6 X155.709 Y130.267 E2072.49753
G1 F2857.1 X155.291 Y131.456 E2072.54154
G1 F2850.4 X154.8 Y132.723 E2072.58911
G1 F2830.2 X154.391 Y133.692 E2072.62619
G1 F2816.9 X154.383 Y133.694 E2072.62648
G1 F2830.2 X153.695 Y135.192 E2072.6846
G1 F2850.4 X153.079 Y136.394 E2072.73188
G1 F2857.1 X152.335 Y137.735 E2072.78544
G1 F2843.6 X151.722 Y138.754 E2072.82716
G1 X150.997 Y139.88 E2072.87416
G1 F2836.9 X150.281 Y140.921 E2072.91859
G1 F2830.2 X149.418 Y142.081 E2072.96957
G1 F2836.9 X148.575 Y143.139 E2073.01715
G1 X147.687 Y144.178 E2073.06522
G1 X146.785 Y145.168 E2073.11233
G1 X145.837 Y146.135 E2073.15996
G1 F2843.6 X144.858 Y147.071 E2073.20748
G1 F2836.9 X143.852 Y147.974 E2073.25503
G1 F2830.2 X142.865 Y148.798 E2073.30036
G1 F2843.6 X141.743 Y149.673 E2073.35029
G1 X140.645 Y150.473 E2073.39796
G1 F2836.9 X139.527 Y151.229 E2073.44543
G1 F2830.2 X138.38 Y151.95 E2073.49319
G1 X137.29 Y152.592 E2073.53779
G1 F2823.5 X136.025 Y153.274 E2073.58858
G1 X134.799 Y153.883 E2073.63696
G1 F2816.9 X133.57 Y154.444 E2073.68481
G1 F2823.5 X132.328 Y154.958 E2073.73231
G1 F2830.2 X131.06 Y155.435 E2073.78007
G1 X129.772 Y155.872 E2073.82803
G1 X128.496 Y156.256 E2073.875
G1 F2823.5 X127.064 Y156.637 E2073.92737
G1 X125.843 Y156.912 E2073.9716
G1 F2830.2 X124.522 Y157.17 E2074.01905
G1 X123.187 Y157.382 E2074.06671
G1 F2816.9 X122.048 Y157.531 E2074.1074
G1 X120.602 Y157.664 E2074.15884
G1 X119.042 Y157.755 E2074.21419
G1 F2823.5 X117.71 Y157.784 E2074.26127
G1 F2836.9 X117.5 Y157.782 E2074.26866
G0 F15000 X117.5 Y157.359
G1 F2857.1 X118.506 Y157.35 E2074.30379
G1 F2870.8 X119.869 Y157.292 E2074.35121
G1 X121.213 Y157.19 E2074.39805
G1 F2857.1 X122.555 Y157.045 E2074.44519
G1 F2864 X123.903 Y156.848 E2074.49266
G1 X125.225 Y156.61 E2074.53946
G1 F2857.1 X126.561 Y156.322 E2074.58719
G1 X127.875 Y155.991 E2074.63451
G1 F2870.8 X129.166 Y155.621 E2074.68119
G1 X130.465 Y155.199 E2074.72866
G1 X131.736 Y154.737 E2074.77566
G1 F2864 X132.983 Y154.235 E2074.82249
G1 F2857.1 X134.229 Y153.684 E2074.87007
G1 X135.439 Y153.101 E2074.91698
G1 X136.646 Y152.466 E2074.96461
G1 X137.824 Y151.794 E2075.01197
G1 F2870.8 X138.978 Y151.082 E2075.0591
G1 X140.096 Y150.343 E2075.10568
G1 X141.206 Y149.55 E2075.1531
G1 X142.283 Y148.726 E2075.20023
G1 X143.321 Y147.874 E2075.2469
G1 F2864 X144.343 Y146.973 E2075.29437
G1 X145.328 Y146.045 E2075.34152
G1 X146.277 Y145.092 E2075.38838
G1 F2857.1 X147.194 Y144.099 E2075.43558
G1 F2864 X148.09 Y143.065 E2075.48325
G1 X148.94 Y142.012 E2075.5304
G1 F2857.1 X149.756 Y140.931 E2075.5777
G1 X150.532 Y139.82 E2075.62502
G1 X151.314 Y138.611 E2075.67531
G1 F2850.4 X151.968 Y137.529 E2075.71957
G1 F2864 X152.631 Y136.347 E2075.76678
G1 F2870.8 X153.255 Y135.134 E2075.81419
G1 X153.82 Y133.925 E2075.86058
G1 X154.365 Y132.676 E2075.90794
G1 F2857.1 X154.86 Y131.413 E2075.95532
G1 X155.302 Y130.16 E2076.00172
G1 F2850.4 X155.717 Y128.848 E2076.04989
G1 F2857.1 X156.097 Y127.485 E2076.0993
G1 X156.401 Y126.226 E2076.14454
G1 X156.674 Y124.903 E2076.19171
G1 X156.901 Y123.587 E2076.23835
G1 F2843.6 X157.086 Y122.224 E2076.28662
G1 X157.221 Y120.895 E2076.33349
G1 X157.314 Y119.547 E2076.3809
G1 F2850.4 X157.361 Y118.209 E2076.42777
G1 F2857.1 X157.362 Y116.82 E2076.47628
G1 X157.314 Y115.464 E2076.52366
G1 F2843.6 X157.222 Y114.113 E2076.57118
G1 F2836.9 X157.087 Y112.778 E2076.61837
G1 X156.901 Y111.427 E2076.66634
G1 F2843.6 X156.672 Y110.092 E2076.71387
G1 F2857.1 X156.402 Y108.778 E2076.76072
G1 X156.081 Y107.45 E2076.80843
G1 X155.715 Y106.147 E2076.8557
G1 X155.309 Y104.853 E2076.90306
G1 X154.858 Y103.578 E2076.95029
G1 X154.364 Y102.315 E2076.99765
G1 X153.825 Y101.072 E2077.04497
G1 X153.25 Y99.851 E2077.0921
G1 F2870.8 X152.634 Y98.656 E2077.13883
G1 F2857.1 X151.967 Y97.465 E2077.1865
G1 X151.272 Y96.315 E2077.23343
G1 X150.529 Y95.173 E2077.28101
G1 F2864 X149.711 Y94.005 E2077.33069
G1 F2870.8 X148.935 Y92.981 E2077.37534
G1 F2864 X148.088 Y91.928 E2077.42242
G1 X147.202 Y90.903 E2077.46963
G1 F2870.8 X146.281 Y89.91 E2077.5167
G1 X145.325 Y88.948 E2077.56384
G1 F2864 X144.348 Y88.027 E2077.61062
G1 X143.327 Y87.127 E2077.65804
G1 F2870.8 X142.289 Y86.274 E2077.70473
G1 X141.212 Y85.449 E2077.75189
G1 F2864 X140.102 Y84.657 E2077.79939
G1 F2870.8 X138.984 Y83.914 E2077.84605
G1 X137.83 Y83.205 E2077.89312
G1 F2864 X136.652 Y82.534 E2077.94036
G1 F2870.8 X135.446 Y81.899 E2077.98773
G1 X134.227 Y81.308 E2078.03482
G1 X132.988 Y80.764 E2078.08185
G1 F2864 X131.735 Y80.258 E2078.12893
G1 F2870.8 X130.471 Y79.8 E2078.17565
G1 F2877.7 X129.173 Y79.377 E2078.22299
G1 F2870.8 X127.882 Y79.007 E2078.26967
G1 X126.571 Y78.677 E2078.31666
G1 F2864 X125.24 Y78.391 E2078.36409
G1 F2870.8 X123.914 Y78.151 E2078.41092
G1 F2877.7 X122.562 Y77.953 E2078.4583
G1 F2870.8 X121.219 Y77.807 E2078.50525
G1 F2857.1 X119.877 Y77.702 E2078.55226
G1 F2870.8 X118.513 Y77.644 E2078.59972
G1 X117.166 Y77.634 E2078.64653
G1 F2864 X115.803 Y77.667 E2078.69404
G1 F2870.8 X114.411 Y77.751 E2078.74251
G1 F2877.7 X113.189 Y77.861 E2078.78505
G1 F2870.8 X111.773 Y78.044 E2078.83467
G1 F2857.1 X110.43 Y78.265 E2078.88221
G1 X109.096 Y78.526 E2078.92968
G1 F2864 X107.664 Y78.864 E2078.98094
G1 F2870.8 X106.482 Y79.182 E2079.02348
G1 F2877.7 X105.299 Y79.54 E2079.06634
G1 F2870.8 X103.903 Y80.022 E2079.11767
G1 F2857.1 X102.641 Y80.504 E2079.16485
G1 X101.395 Y81.027 E2079.21204
G1 F2870.8 X100.164 Y81.594 E2079.25914
G1 F2877.7 X98.946 Y82.21 E2079.30647
G1 F2870.8 X97.767 Y82.856 E2079.3532
G1 X96.605 Y83.543 E2079.40012
G1 F2864 X95.455 Y84.279 E2079.44768
G1 X94.337 Y85.047 E2079.49494
G1 F2857.1 X93.259 Y85.847 E2079.54182
G1 X92.19 Y86.696 E2079.5895
G1 F2864 X91.16 Y87.572 E2079.63661
G1 F2857.1 X90.166 Y88.477 E2079.68355
G1 X89.189 Y89.429 E2079.73119
G1 X88.252 Y90.406 E2079.77847
G1 X87.347 Y91.415 E2079.8258
G1 X86.479 Y92.453 E2079.87306
G1 X85.646 Y93.523 E2079.92041
G1 X84.85 Y94.617 E2079.96766
G1 X84.101 Y95.731 E2080.01454
G1 F2864 X83.375 Y96.884 E2080.06201
G1 X82.698 Y98.046 E2080.10887
G1 X82.052 Y99.249 E2080.15644
G1 F2857.1 X81.455 Y100.463 E2080.20368
G1 X80.896 Y101.697 E2080.251
G1 X80.381 Y102.948 E2080.29824
G1 X79.912 Y104.206 E2080.34513
G1 X79.48 Y105.501 E2080.3928
G1 F2843.6 X79.094 Y106.8 E2080.44035
G1 X78.756 Y108.099 E2080.48745
G1 F2850.4 X78.455 Y109.429 E2080.53519
G1 F2857.1 X78.205 Y110.761 E2080.58252
G1 F2843.6 X77.999 Y112.088 E2080.62964
G1 X77.843 Y113.396 E2080.67586
G1 X77.723 Y114.772 E2080.72433
G1 X77.658 Y116.121 E2080.77172
G1 X77.633 Y117.507 E2080.82036
G1 X77.654 Y118.843 E2080.86725
G1 F2850.4 X77.722 Y120.195 E2080.91464
G1 X77.838 Y121.546 E2080.9621
G1 F2857.1 X77.999 Y122.901 E2081.00976
G1 X78.204 Y124.228 E2081.05665
G1 X78.453 Y125.555 E2081.1038
G1 X78.755 Y126.891 E2081.15164
G1 X79.092 Y128.189 E2081.19847
G1 F2843.6 X79.477 Y129.488 E2081.24601
G1 F2857.1 X79.909 Y130.782 E2081.29365
G1 X80.379 Y132.038 E2081.34049
G1 X80.894 Y133.292 E2081.38783
G1 X81.452 Y134.527 E2081.43516
G1 F2864 X82.048 Y135.74 E2081.48224
G1 F2870.8 X82.695 Y136.944 E2081.52975
G1 F2857.1 X83.374 Y138.114 E2081.57699
G1 X84.09 Y139.252 E2081.62395
G1 X84.846 Y140.373 E2081.67117
G1 F2864 X85.642 Y141.468 E2081.71833
G1 F2870.8 X86.475 Y142.537 E2081.76544
G1 X87.343 Y143.575 E2081.81246
G1 F2864 X88.256 Y144.592 E2081.86008
G1 F2857.1 X89.184 Y145.562 E2081.90696
G1 X90.153 Y146.507 E2081.95423
G1 X91.155 Y147.419 E2082.00155
G1 F2870.8 X92.128 Y148.251 E2082.04604
G1 F2877.7 X93.246 Y149.139 E2082.09555
G1 F2884.6 X94.332 Y149.944 E2082.14231
G1 F2870.8 X95.449 Y150.713 E2082.18944
G1 F2864 X96.595 Y151.445 E2082.23682
G1 F2870.8 X97.761 Y152.136 E2082.28393
G1 X98.939 Y152.78 E2082.33059
G1 X100.157 Y153.398 E2082.37806
G1 X101.388 Y153.963 E2082.42514
G1 F2857.1 X102.63 Y154.489 E2082.47224
G1 F2864 X103.897 Y154.972 E2082.51949
G1 F2870.8 X105.292 Y155.453 E2082.57077
G1 F2884.6 X106.475 Y155.812 E2082.61354
G1 F2877.7 X107.657 Y156.133 E2082.656
G1 F2870.8 X109.088 Y156.468 E2082.70709
G1 F2864 X110.423 Y156.73 E2082.75448
G1 X111.773 Y156.952 E2082.80215
G1 F2870.8 X113.181 Y157.132 E2082.85149
G1 X114.405 Y157.244 E2082.89421
G1 X115.795 Y157.328 E2082.94261
G1 X117.166 Y157.362 E2082.99027
G1 F2857.1 X117.5 Y157.359 E2083.00194
;MESH:NONMESH
G0 F300 X117.5 Y157.359 Z1.6
G0 F15000 X117.5 Y157.793
;TIME_ELAPSED:2028.304153
;LAYER:7
;TYPE:WALL-OUTER
;MESH:Base.stl
G1 F2985.1 X116.353 Y157.779 E2083.04028
G1 X115.023 Y157.719 E2083.08478
G1 F2992.5 X113.694 Y157.616 E2083.12923
G1 X112.376 Y157.468 E2083.17345
G1 F2977.7 X111.036 Y157.276 E2083.21881
G1 F2970.3 X109.719 Y157.038 E2083.26377
G1 X108.388 Y156.752 E2083.3095
G1 F2985.1 X107.075 Y156.426 E2083.35473
G1 X105.761 Y156.048 E2083.40043
G1 X104.473 Y155.633 E2083.44566
G1 F2977.7 X103.203 Y155.176 E2083.49089
G1 X101.945 Y154.675 E2083.53627
G1 X100.711 Y154.133 E2083.58143
G1 X99.481 Y153.544 E2083.62713
G1 X98.292 Y152.924 E2083.67206
G1 F2985.1 X97.105 Y152.251 E2083.71767
G1 X95.946 Y151.547 E2083.763
G1 F2970.3 X94.816 Y150.806 E2083.80839
G1 X93.717 Y150.031 E2083.85357
G1 F2985.1 X92.63 Y149.207 E2083.89916
G1 X91.587 Y148.36 E2083.94408
G1 F3000 X90.556 Y147.464 E2083.98951
G1 F2992.5 X89.566 Y146.545 E2084.03455
G1 F2977.7 X88.603 Y145.589 E2084.08002
G1 X87.679 Y144.603 E2084.1253
G1 F2985.1 X86.791 Y143.591 E2084.1703
G1 X85.973 Y142.601 E2084.21323
G1 X85.099 Y141.462 E2084.26122
G1 X84.311 Y140.356 E2084.30661
G1 X83.571 Y139.242 E2084.35132
G1 X82.854 Y138.08 E2084.39696
G1 X82.181 Y136.905 E2084.44222
G1 F2977.7 X81.549 Y135.708 E2084.48758
G1 F2985.1 X80.963 Y134.501 E2084.53243
G1 X80.406 Y133.252 E2084.57814
G1 X79.9 Y131.999 E2084.62331
G1 F3000 X79.434 Y130.724 E2084.66846
G1 X79.067 Y129.629 E2084.70687
G1 F2985.1 X78.599 Y128.038 E2084.76231
G1 X78.334 Y126.988 E2084.7985
G1 F3000 X78.004 Y125.507 E2084.84897
G1 X77.758 Y124.178 E2084.89392
G1 X77.555 Y122.836 E2084.93907
G1 X77.399 Y121.49 E2084.98414
G1 F3007.5 X77.287 Y120.154 E2085.02861
G1 F3000 X77.22 Y118.788 E2085.0741
G1 X77.2 Y117.445 E2085.11878
G1 X77.224 Y116.094 E2085.16372
G1 X77.294 Y114.763 E2085.20805
G1 X77.428 Y113.244 E2085.25877
G1 X77.57 Y112.046 E2085.29889
G1 F3007.5 X77.777 Y110.708 E2085.34381
G1 F3015.1 X78.027 Y109.379 E2085.38856
G1 F3000 X78.323 Y108.058 E2085.43359
G1 X78.661 Y106.748 E2085.47859
G1 F2992.5 X79.043 Y105.447 E2085.5238
G1 F3000 X79.472 Y104.161 E2085.56889
G1 F3015.1 X79.942 Y102.891 E2085.6137
G1 F3000 X80.453 Y101.64 E2085.65865
G1 F2970.3 X80.875 Y100.672 E2085.69412
G1 F2955.7 X80.882 Y100.672 E2085.69436
G1 F2985.1 X81.649 Y99.094 E2085.75301
G1 F2992.5 X82.13 Y98.187 E2085.78724
G1 F2985.1 X82.911 Y96.818 E2085.83992
G1 F3000 X83.627 Y95.667 E2085.88501
G1 F2985.1 X84.38 Y94.541 E2085.93029
G1 X85.167 Y93.443 E2085.97544
G1 X86.004 Y92.359 E2086.02122
G1 X86.859 Y91.321 E2086.06617
G1 X87.755 Y90.309 E2086.11135
G1 X88.682 Y89.327 E2086.15649
G1 F2977.7 X89.646 Y88.372 E2086.20196
G1 X90.641 Y87.456 E2086.24728
G1 F2985.1 X91.675 Y86.564 E2086.29293
G1 X92.718 Y85.72 E2086.33778
G1 X93.8 Y84.905 E2086.38306
G1 X94.919 Y84.12 E2086.42875
G1 X96.04 Y83.388 E2086.4735
G1 F3000 X97.203 Y82.686 E2086.51868
G1 X98.38 Y82.022 E2086.56363
G1 F2992.5 X99.595 Y81.397 E2086.60919
G1 X100.817 Y80.816 E2086.6543
G1 X102.046 Y80.279 E2086.69902
G1 F2985.1 X103.309 Y79.781 E2086.7444
G1 F2977.7 X104.582 Y79.324 E2086.78973
G1 X105.871 Y78.914 E2086.83505
G1 F2985.1 X107.185 Y78.543 E2086.88069
G1 F2970.3 X108.502 Y78.217 E2086.92627
G1 X109.816 Y77.939 E2086.97139
G1 X111.145 Y77.704 E2087.01673
G1 F2977.7 X112.487 Y77.512 E2087.06215
G1 F2992.5 X113.832 Y77.367 E2087.10726
G1 X115.193 Y77.265 E2087.15277
G1 F2977.7 X116.55 Y77.21 E2087.19828
G1 X117.895 Y77.202 E2087.24335
G1 F2985.1 X119.243 Y77.237 E2087.28842
G1 X120.606 Y77.321 E2087.33407
G1 X121.944 Y77.448 E2087.37899
G1 X123.296 Y77.62 E2087.42455
G1 F2977.7 X124.622 Y77.835 E2087.46957
G1 X125.95 Y78.097 E2087.51492
G1 F2985.1 X127.28 Y78.407 E2087.56057
G1 X128.577 Y78.753 E2087.60544
G1 X129.883 Y79.15 E2087.65107
G1 X131.168 Y79.589 E2087.69646
G1 X132.422 Y80.063 E2087.74127
G1 F2977.7 X133.672 Y80.588 E2087.7867
G1 F2985.1 X134.902 Y81.153 E2087.83195
G1 X136.124 Y81.762 E2087.87759
G1 X137.31 Y82.406 E2087.9227
G1 X138.472 Y83.087 E2087.96772
G1 X139.615 Y83.811 E2088.01294
G1 X140.734 Y84.571 E2088.05816
G1 F2970.3 X141.827 Y85.371 E2088.10366
G1 F2985.1 X142.899 Y86.214 E2088.14925
G1 F2992.5 X143.93 Y87.079 E2088.19412
G1 F2985.1 X144.937 Y87.982 E2088.23933
G1 X145.912 Y88.921 E2088.28458
G1 X146.859 Y89.892 E2088.32992
G1 X147.767 Y90.894 E2088.37512
G1 F2992.5 X148.602 Y91.873 E2088.41802
G1 X149.547 Y93.072 E2088.46892
G1 X150.291 Y94.075 E2088.51056
G1 F2985.1 X151.059 Y95.189 E2088.55579
G1 X151.792 Y96.331 E2088.60115
G1 F3000 X152.48 Y97.493 E2088.64607
G1 F2992.5 X153.133 Y98.679 E2088.69121
G1 F2985.1 X153.746 Y99.89 E2088.73658
G1 X154.319 Y101.115 E2088.78178
G1 X154.853 Y102.373 E2088.82747
G1 F2992.5 X155.335 Y103.623 E2088.87214
G1 F3000 X155.781 Y104.904 E2088.91725
G1 X156.183 Y106.206 E2088.96257
G1 X156.538 Y107.503 E2089.0073
G1 X156.852 Y108.821 E2089.05236
G1 F2992.5 X157.122 Y110.146 E2089.09745
G1 F3000 X157.346 Y111.484 E2089.14257
G1 F2992.5 X157.512 Y112.684 E2089.18296
G1 F2985.1 X157.66 Y114.17 E2089.23288
G1 F3000 X157.746 Y115.432 E2089.27495
G1 F3015.1 X157.792 Y116.801 E2089.32028
G1 F3007.5 X157.792 Y118.229 E2089.36766
G1 F3000 X157.746 Y119.545 E2089.41146
G1 X157.652 Y120.944 E2089.45809
G1 X157.514 Y122.276 E2089.50263
G1 X157.326 Y123.665 E2089.54925
G1 X157.1 Y124.957 E2089.59288
G1 X156.852 Y126.185 E2089.63455
G1 X156.5 Y127.643 E2089.68443
G1 X156.148 Y128.916 E2089.72836
G1 X155.719 Y130.273 E2089.7757
G1 F3015.1 X155.297 Y131.473 E2089.81779
G1 F3000 X154.806 Y132.739 E2089.86296
G1 F2985.1 X154.396 Y133.71 E2089.89819
G1 F2970.3 X154.388 Y133.711 E2089.89846
G1 F2985.1 X153.697 Y135.209 E2089.9536
G1 F2992.5 X153.084 Y136.41 E2089.99856
G1 F3000 X152.376 Y137.682 E2090.04698
G1 X151.727 Y138.768 E2090.08906
G1 F2992.5 X150.998 Y139.898 E2090.1339
G1 F2985.1 X150.281 Y140.936 E2090.17607
G1 F2977.7 X149.418 Y142.098 E2090.22457
G1 F2985.1 X148.567 Y143.163 E2090.27014
G1 F2992.5 X147.695 Y144.184 E2090.31491
G1 F2985.1 X146.783 Y145.183 E2090.36012
G1 X145.837 Y146.151 E2090.40537
G1 X144.857 Y147.086 E2090.45064
G1 X143.845 Y147.99 E2090.496
G1 F2970.3 X142.863 Y148.816 E2090.53911
G1 F2977.7 X141.741 Y149.69 E2090.58677
G1 F2985.1 X140.638 Y150.491 E2090.63233
G1 X139.523 Y151.246 E2090.67734
G1 F2970.3 X138.449 Y151.926 E2090.72004
G1 X137.208 Y152.65 E2090.76831
G1 X136.018 Y153.291 E2090.81371
G1 F2977.7 X134.792 Y153.897 E2090.85954
G1 X133.562 Y154.458 E2090.90484
G1 F2970.3 X132.32 Y154.971 E2090.94998
G1 F2977.7 X131.051 Y155.449 E2090.99543
G1 F2970.3 X129.769 Y155.883 E2091.04089
G1 X128.472 Y156.273 E2091.08639
G1 F2985.1 X127.154 Y156.621 E2091.13195
G1 X125.833 Y156.926 E2091.17727
G1 X124.515 Y157.181 E2091.22215
G1 X123.177 Y157.393 E2091.26743
G1 F2977.7 X121.913 Y157.555 E2091.31013
G1 F2970.3 X120.615 Y157.675 E2091.35392
G1 F2977.7 X119.006 Y157.767 E2091.40792
G1 F2985.1 X117.678 Y157.795 E2091.45233
G1 X117.5 Y157.793 E2091.45828
G0 F15000 X117.5 Y157.392
G1 F3022.7 X118.506 Y157.382 E2091.49149
G1 F3030.3 X119.872 Y157.325 E2091.5365
G1 X121.216 Y157.223 E2091.58089
G1 F3022.7 X122.557 Y157.077 E2091.62541
G1 F3030.3 X123.905 Y156.88 E2091.67027
G1 X125.24 Y156.64 E2091.71494
G1 X126.57 Y156.354 E2091.75973
G1 X127.881 Y156.021 E2091.80427
G1 F3015.1 X129.171 Y155.651 E2091.84868
G1 X130.473 Y155.229 E2091.89398
G1 F3022.7 X131.736 Y154.771 E2091.93833
G1 F3015.1 X132.991 Y154.265 E2091.98311
G1 X134.236 Y153.718 E2092.02811
G1 X135.463 Y153.124 E2092.07322
G1 F3007.5 X136.653 Y152.501 E2092.11779
G1 F3015.1 X137.839 Y151.825 E2092.16297
G1 X138.985 Y151.118 E2092.20753
G1 X140.114 Y150.37 E2092.25235
G1 F3022.7 X141.224 Y149.578 E2092.29736
G1 F3015.1 X142.302 Y148.751 E2092.34232
G1 F3007.5 X143.339 Y147.898 E2092.38687
G1 F3015.1 X144.364 Y146.998 E2092.43201
G1 X145.352 Y146.069 E2092.47689
G1 X146.298 Y145.112 E2092.52143
G1 X147.226 Y144.112 E2092.56658
G1 X148.106 Y143.094 E2092.61111
G1 X148.956 Y142.041 E2092.65589
G1 X149.731 Y141.016 E2092.69842
G1 X150.552 Y139.847 E2092.74569
G1 X151.295 Y138.705 E2092.79078
G1 X151.998 Y137.543 E2092.83572
G1 X152.658 Y136.361 E2092.88053
G1 X153.278 Y135.155 E2092.9254
G1 F3030.3 X153.85 Y133.941 E2092.96959
G1 X154.396 Y132.688 E2093.0146
G1 F3015.1 X154.889 Y131.429 E2093.05934
G1 X155.329 Y130.182 E2093.1031
G1 F3000 X155.747 Y128.856 E2093.14935
G1 X156.112 Y127.55 E2093.19445
G1 F3015.1 X156.431 Y126.235 E2093.23923
G1 X156.704 Y124.909 E2093.28403
G1 F3000 X156.929 Y123.604 E2093.32808
G1 X157.118 Y122.233 E2093.37411
G1 X157.253 Y120.909 E2093.41837
G1 X157.346 Y119.562 E2093.46328
G1 X157.391 Y118.222 E2093.50787
G1 X157.395 Y116.821 E2093.55447
G1 X157.348 Y115.465 E2093.5996
G1 X157.255 Y114.11 E2093.64477
G1 X157.119 Y112.775 E2093.68941
G1 X156.933 Y111.421 E2093.73486
G1 F3015.1 X156.705 Y110.086 E2093.77968
G1 F3000 X156.431 Y108.771 E2093.82436
G1 F3015.1 X156.113 Y107.442 E2093.86958
G1 X155.748 Y106.138 E2093.9144
G1 X155.342 Y104.844 E2093.95928
G1 X154.888 Y103.565 E2094.00419
G1 F3007.5 X154.398 Y102.315 E2094.04874
G1 X153.855 Y101.061 E2094.09407
G1 F3015.1 X153.276 Y99.838 E2094.13885
G1 X152.661 Y98.641 E2094.18339
G1 F3022.7 X151.998 Y97.451 E2094.22836
G1 F3030.3 X151.302 Y96.297 E2094.27273
G1 F3015.1 X150.555 Y95.155 E2094.31789
G1 X149.783 Y94.054 E2094.36239
G1 F3022.7 X148.962 Y92.965 E2094.40741
G1 X148.119 Y91.915 E2094.45186
G1 X147.226 Y90.882 E2094.49694
G1 F3015.1 X146.302 Y89.888 E2094.54185
G1 X145.35 Y88.928 E2094.58659
G1 X144.373 Y88.007 E2094.63103
G1 F3022.7 X143.347 Y87.103 E2094.67617
G1 F3030.3 X142.31 Y86.251 E2094.72036
G1 F3022.7 X141.233 Y85.426 E2094.76515
G1 F3015.1 X140.12 Y84.63 E2094.81043
G1 X139.002 Y83.89 E2094.8548
G1 X137.849 Y83.179 E2094.89963
G1 F3022.7 X136.659 Y82.499 E2094.94487
G1 X135.468 Y81.876 E2094.98924
G1 F3015.1 X134.239 Y81.281 E2095.03443
G1 X133.001 Y80.734 E2095.07922
G1 X131.755 Y80.232 E2095.12368
G1 F3022.7 X130.48 Y79.769 E2095.16845
G1 X129.182 Y79.347 E2095.21351
G1 X127.891 Y78.977 E2095.25784
G1 X126.577 Y78.647 E2095.30257
G1 X125.246 Y78.358 E2095.34753
G1 F3015.1 X123.915 Y78.12 E2095.39227
G1 X122.565 Y77.923 E2095.43742
G1 F3030.3 X121.222 Y77.775 E2095.48191
G1 X119.88 Y77.67 E2095.52624
G1 F3022.7 X118.512 Y77.613 E2095.57143
G1 F3015.1 X117.17 Y77.601 E2095.61585
G1 F3022.7 X115.803 Y77.634 E2095.66099
G1 F3030.3 X114.408 Y77.718 E2095.707
G1 X113.186 Y77.831 E2095.74741
G1 X111.771 Y78.011 E2095.79438
G1 F3022.7 X110.427 Y78.231 E2095.83934
G1 X109.094 Y78.493 E2095.88418
G1 X107.658 Y78.834 E2095.9329
G1 F3015.1 X106.476 Y79.152 E2095.97341
G1 F3030.3 X105.291 Y79.51 E2096.01417
G1 F3022.7 X103.891 Y79.992 E2096.06305
G1 X102.63 Y80.471 E2096.10758
G1 F3030.3 X101.383 Y80.997 E2096.15214
G1 X100.152 Y81.568 E2096.19682
G1 F3015.1 X99.222 Y82.034 E2096.23125
G1 F3022.7 X97.753 Y82.826 E2096.28634
G1 F3030.3 X96.587 Y83.517 E2096.33097
G1 X95.437 Y84.253 E2096.37593
G1 F3022.7 X94.319 Y85.02 E2096.42068
G1 F3015.1 X93.233 Y85.828 E2096.46548
G1 X92.18 Y86.664 E2096.50997
G1 X91.139 Y87.548 E2096.55517
G1 X90.145 Y88.452 E2096.59964
G1 F3000 X89.168 Y89.405 E2096.64503
G1 F3015.1 X88.237 Y90.374 E2096.6895
G1 F3022.7 X87.324 Y91.391 E2096.73462
G1 F3015.1 X86.463 Y92.424 E2096.77912
G1 X85.623 Y93.501 E2096.82432
G1 X84.826 Y94.599 E2096.86922
G1 X84.067 Y95.72 E2096.91402
G1 X83.351 Y96.858 E2096.95852
G1 F3007.5 X82.671 Y98.032 E2097.00353
G1 F3000 X82.024 Y99.233 E2097.0489
G1 F3022.7 X81.427 Y100.448 E2097.09359
G1 F3015.1 X80.869 Y101.686 E2097.13853
G1 F3000 X80.352 Y102.935 E2097.18349
G1 F3015.1 X79.877 Y104.206 E2097.22839
G1 F3007.5 X79.45 Y105.489 E2097.27326
G1 F3000 X79.064 Y106.791 E2097.31842
G1 X78.726 Y108.089 E2097.36303
G1 X78.425 Y109.424 E2097.40855
G1 F3015.1 X78.172 Y110.755 E2097.45339
G1 F3007.5 X77.965 Y112.093 E2097.49831
G1 F3000 X77.809 Y113.441 E2097.54344
G1 X77.692 Y114.791 E2097.58851
G1 X77.625 Y116.109 E2097.6324
G1 X77.6 Y117.5 E2097.67868
G1 F3007.5 X77.621 Y118.839 E2097.72311
G1 F3015.1 X77.689 Y120.194 E2097.768
G1 X77.805 Y121.545 E2097.81288
G1 X77.966 Y122.904 E2097.85817
G1 X78.171 Y124.231 E2097.9026
G1 X78.421 Y125.561 E2097.94739
G1 X78.721 Y126.896 E2097.99267
G1 F3000 X79.06 Y128.201 E2098.03752
G1 X79.444 Y129.497 E2098.08247
G1 F3015.1 X79.875 Y130.779 E2098.12723
G1 F3022.7 X80.346 Y132.049 E2098.17195
G1 F3015.1 X80.864 Y133.304 E2098.21688
G1 X81.422 Y134.538 E2098.2617
G1 X82.021 Y135.756 E2098.30662
G1 X82.668 Y136.959 E2098.35182
G1 X83.348 Y138.128 E2098.39658
G1 X84.063 Y139.266 E2098.44105
G1 F3022.7 X84.819 Y140.391 E2098.4858
G1 X85.615 Y141.485 E2098.53046
G1 F3007.5 X86.45 Y142.555 E2098.57549
G1 F3015.1 X87.319 Y143.595 E2098.62034
G1 X88.231 Y144.613 E2098.66557
G1 F3007.5 X89.16 Y145.582 E2098.71011
G1 F3015.1 X90.129 Y146.53 E2098.75497
G1 F3030.3 X91.13 Y147.443 E2098.79958
G1 X92.171 Y148.327 E2098.84455
G1 F3022.7 X93.224 Y149.164 E2098.88895
G1 F3015.1 X94.314 Y149.968 E2098.93378
G1 X95.431 Y150.737 E2098.97866
G1 X96.581 Y151.472 E2099.02382
G1 X97.746 Y152.163 E2099.06865
G1 X98.924 Y152.81 E2099.11313
G1 X100.146 Y153.426 E2099.15842
G1 X101.372 Y153.993 E2099.20312
G1 X102.61 Y154.516 E2099.24759
G1 X103.885 Y155.002 E2099.29275
G1 X105.171 Y155.444 E2099.33775
G1 F3030.3 X106.57 Y155.873 E2099.38594
G1 X107.652 Y156.164 E2099.42283
G1 F3022.7 X109.083 Y156.498 E2099.47134
G1 F3015.1 X110.417 Y156.764 E2099.51635
G1 X111.76 Y156.981 E2099.56137
G1 F3030.3 X113.178 Y157.164 E2099.60845
G1 X114.301 Y157.269 E2099.64559
G1 F3022.7 X115.796 Y157.359 E2099.69503
G1 F3015.1 X117.166 Y157.395 E2099.74039
G1 X117.5 Y157.392 E2099.75144
;MESH:NONMESH
G0 F300 X117.5 Y157.392 Z1.8
G0 F15000 X117.5 Y157.793
;TIME_ELAPSED:2038.823898
;LAYER:8
;TYPE:WALL-OUTER
;MESH:Base.stl
G1 F2985.1 X116.325 Y157.779 E2099.79072
G1 X114.997 Y157.719 E2099.83516
G1 F3000 X114.254 Y157.669 E2099.85992
G1 X113.554 Y157.604 E2099.88331
G1 F2985.1 X112.365 Y157.468 E2099.92331
G1 F2977.7 X111.023 Y157.272 E2099.96876
G1 F2970.3 X109.707 Y157.034 E2100.01368
G1 F2977.7 X108.376 Y156.748 E2100.0593
G1 F2985.1 X107.063 Y156.422 E2100.10452
G1 X105.753 Y156.048 E2100.15006
G1 X104.464 Y155.63 E2100.19536
G1 F2977.7 X103.191 Y155.172 E2100.24069
G1 X101.933 Y154.667 E2100.28611
G1 F2985.1 X100.703 Y154.13 E2100.33098
G1 X99.473 Y153.537 E2100.37662
G1 F2992.5 X98.282 Y152.916 E2100.42141
G1 F2985.1 X97.087 Y152.243 E2100.46725
G1 X95.938 Y151.543 E2100.51222
G1 X94.804 Y150.799 E2100.55756
G1 F2977.7 X93.709 Y150.023 E2100.60253
G1 X92.619 Y149.199 E2100.64832
G1 X91.576 Y148.351 E2100.69336
G1 X90.546 Y147.456 E2100.73909
G1 X89.553 Y146.532 E2100.78454
G1 F2970.3 X88.595 Y145.581 E2100.82989
G1 F2977.7 X87.671 Y144.595 E2100.87517
G1 F2985.1 X86.783 Y143.584 E2100.92015
G1 X85.968 Y142.593 E2100.96304
G1 X85.095 Y141.454 E2101.01101
G1 X84.307 Y140.351 E2101.05632
G1 F2977.7 X83.563 Y139.234 E2101.10129
G1 F2985.1 X82.846 Y138.068 E2101.14704
G1 X82.177 Y136.894 E2101.19221
G1 X81.549 Y135.708 E2101.23707
G1 F2992.5 X80.954 Y134.477 E2101.28266
G1 X80.403 Y133.245 E2101.32766
G1 F2985.1 X79.896 Y131.987 E2101.373
G1 F2992.5 X79.43 Y130.715 E2101.41817
G1 F2985.1 X79.072 Y129.642 E2101.45598
G1 F2977.7 X78.596 Y128.026 E2101.51243
G1 X78.292 Y126.816 E2101.55423
G1 F2985.1 X78.001 Y125.494 E2101.59948
G1 X77.755 Y124.166 E2101.64463
G1 X77.555 Y122.823 E2101.69001
G1 X77.397 Y121.48 E2101.73522
G1 X77.277 Y119.962 E2101.78611
G1 X77.221 Y118.776 E2101.8258
G1 F2992.5 X77.201 Y117.435 E2101.87052
G1 F3000 X77.225 Y116.081 E2101.91556
G1 X77.288 Y114.798 E2101.95829
G1 X77.428 Y113.232 E2102.01058
G1 F2992.5 X77.569 Y112.047 E2102.05037
G1 X77.775 Y110.716 E2102.09528
G1 F3000 X78.027 Y109.373 E2102.14073
G1 X78.326 Y108.045 E2102.186
G1 X78.664 Y106.736 E2102.23097
G1 X79.047 Y105.435 E2102.27607
G1 X79.476 Y104.149 E2102.32116
G1 F3015.1 X79.945 Y102.879 E2102.36597
G1 X80.458 Y101.628 E2102.41071
G1 F3000 X81.013 Y100.388 E2102.4559
G1 F2985.1 X81.606 Y99.178 E2102.50094
G1 F2970.3 X82.134 Y98.179 E2102.5389
G1 F2977.7 X82.919 Y96.806 E2102.5919
G1 F2985.1 X83.632 Y95.656 E2102.63713
G1 X84.384 Y94.534 E2102.68227
G1 F2992.5 X85.175 Y93.434 E2102.72745
G1 F2985.1 X86.008 Y92.352 E2102.77309
G1 F2977.7 X86.871 Y91.306 E2102.81854
G1 F2985.1 X87.762 Y90.301 E2102.86343
G1 F2992.5 X88.69 Y89.319 E2102.90848
G1 F2985.1 X89.657 Y88.364 E2102.95391
G1 X90.647 Y87.448 E2102.99899
G1 F2992.5 X91.683 Y86.556 E2103.04458
G1 F2985.1 X92.726 Y85.712 E2103.08943
G1 F2977.7 X93.809 Y84.897 E2103.13485
G1 X94.926 Y84.113 E2103.18058
G1 X96.053 Y83.38 E2103.22563
G1 F2985.1 X97.211 Y82.679 E2103.27087
G1 X98.393 Y82.018 E2103.31614
G1 X99.603 Y81.39 E2103.36171
G1 X100.83 Y80.808 E2103.40711
G1 F2977.7 X102.198 Y80.213 E2103.45709
G1 F2970.3 X103.221 Y79.813 E2103.49399
G1 X104.594 Y79.32 E2103.543
G1 X105.884 Y78.91 E2103.58847
G1 F2977.7 X107.197 Y78.539 E2103.63419
G1 F2970.3 X108.515 Y78.214 E2103.67979
G1 F2963 X109.828 Y77.935 E2103.725
G1 F2955.7 X111.158 Y77.701 E2103.77059
G1 F2970.3 X112.499 Y77.508 E2103.8161
G1 F2985.1 X113.844 Y77.364 E2103.86131
G1 X115.209 Y77.265 E2103.90706
G1 F2977.7 X116.562 Y77.21 E2103.95244
G1 X117.907 Y77.202 E2103.99751
G1 F2985.1 X119.255 Y77.237 E2104.04258
G1 F2977.7 X120.621 Y77.321 E2104.08844
G1 F2985.1 X121.955 Y77.448 E2104.13323
G1 X123.308 Y77.623 E2104.17884
G1 X124.634 Y77.838 E2104.22374
G1 X125.963 Y78.1 E2104.26902
G1 X127.292 Y78.408 E2104.31462
G1 X128.59 Y78.757 E2104.35955
G1 X129.896 Y79.155 E2104.40518
G1 F2977.7 X131.172 Y79.589 E2104.45035
G1 F2970.3 X132.43 Y80.067 E2104.49556
G1 F2977.7 X133.68 Y80.591 E2104.54097
G1 F2985.1 X134.91 Y81.157 E2104.58623
G1 X136.132 Y81.765 E2104.63186
G1 X137.322 Y82.414 E2104.67717
G1 X138.484 Y83.095 E2104.72219
G1 F2977.7 X139.623 Y83.815 E2104.76734
G1 F2985.1 X140.746 Y84.579 E2104.81274
G1 X141.836 Y85.379 E2104.85794
G1 X142.911 Y86.223 E2104.90362
G1 X143.941 Y87.086 E2104.94854
G1 F2977.7 X144.948 Y87.99 E2104.99388
G1 F2970.3 X145.923 Y88.929 E2105.03936
G1 X146.867 Y89.899 E2105.08483
G1 F2985.1 X147.775 Y90.903 E2105.13007
G1 X148.61 Y91.881 E2105.17306
G1 X149.555 Y93.081 E2105.22412
G1 X150.299 Y94.087 E2105.26594
G1 X151.067 Y95.202 E2105.3112
G1 X151.795 Y96.339 E2105.35632
G1 F2992.5 X152.488 Y97.505 E2105.40155
G1 X153.141 Y98.692 E2105.44672
G1 F2985.1 X153.75 Y99.902 E2105.492
G1 X154.327 Y101.14 E2105.53766
G1 X154.853 Y102.372 E2105.58244
G1 F2992.5 X155.339 Y103.639 E2105.62768
G1 F2985.1 X155.784 Y104.916 E2105.67289
G1 F2992.5 X156.187 Y106.222 E2105.71846
G1 F3000 X156.541 Y107.516 E2105.76308
G1 F2985.1 X156.855 Y108.832 E2105.8083
G1 X157.122 Y110.158 E2105.85352
G1 X157.349 Y111.495 E2105.89885
G1 X157.525 Y112.796 E2105.94273
G1 F3000 X157.661 Y114.187 E2105.98922
G1 X157.752 Y115.535 E2106.03415
G1 F2992.5 X157.795 Y116.888 E2106.07929
G1 X157.792 Y118.241 E2106.1244
G1 F3000 X157.747 Y119.529 E2106.16727
G1 F3007.5 X157.654 Y120.885 E2106.21236
G1 F3000 X157.518 Y122.245 E2106.25782
G1 X157.322 Y123.678 E2106.30593
G1 X157.1 Y124.969 E2106.3495
G1 F2992.5 X156.851 Y126.201 E2106.39141
G1 F2985.1 X156.51 Y127.611 E2106.4399
G1 F2992.5 X156.144 Y128.927 E2106.48544
G1 F3000 X155.703 Y130.323 E2106.53413
G1 F3015.1 X155.271 Y131.546 E2106.57706
G1 F3000 X154.803 Y132.75 E2106.62002
G1 F2977.7 X154.332 Y133.857 E2106.66034
G1 F2985.1 X153.693 Y135.217 E2106.71056
G1 F3000 X153.077 Y136.422 E2106.75558
G1 F3015.1 X152.369 Y137.694 E2106.80375
G1 X151.719 Y138.78 E2106.84564
G1 F3000 X150.99 Y139.91 E2106.89036
G1 F2992.5 X150.214 Y141.032 E2106.93585
G1 F2985.1 X149.41 Y142.107 E2106.98072
G1 F2992.5 X148.559 Y143.174 E2107.02623
G1 F3000 X147.687 Y144.196 E2107.07091
G1 F2985.1 X146.771 Y145.195 E2107.11622
G1 X145.824 Y146.163 E2107.16148
G1 X144.846 Y147.098 E2107.20671
G1 X143.838 Y147.999 E2107.2519
G1 X142.852 Y148.825 E2107.2949
G1 X141.646 Y149.761 E2107.34593
G1 X140.623 Y150.498 E2107.38807
G1 X139.513 Y151.25 E2107.43289
G1 F2992.5 X138.366 Y151.971 E2107.47806
G1 F2985.1 X137.272 Y152.614 E2107.52048
G1 X136.002 Y153.296 E2107.56867
G1 X134.78 Y153.901 E2107.61424
G1 X133.55 Y154.462 E2107.65943
G1 F2970.3 X132.309 Y154.979 E2107.7046
G1 X131.039 Y155.453 E2107.75013
G1 X129.757 Y155.887 E2107.7956
G1 X128.46 Y156.277 E2107.8411
G1 F2985.1 X127.142 Y156.624 E2107.88665
G1 X125.821 Y156.926 E2107.93195
G1 X124.499 Y157.182 E2107.97696
G1 X123.161 Y157.397 E2108.02226
G1 F2970.3 X121.957 Y157.551 E2108.06303
G1 X120.632 Y157.675 E2108.10774
G1 X118.968 Y157.77 E2108.16373
G1 F2977.7 X117.646 Y157.795 E2108.20803
G1 F2985.1 X117.5 Y157.793 E2108.21292
G0 F15000 X117.5 Y157.393
G1 F3015.1 X118.562 Y157.383 E2108.24806
G1 X119.969 Y157.318 E2108.29468
G1 X121.272 Y157.219 E2108.33792
G1 X122.574 Y157.074 E2108.38128
G1 F3030.3 X123.925 Y156.876 E2108.42624
G1 X125.192 Y156.647 E2108.46863
G1 X126.582 Y156.35 E2108.51543
G1 X127.837 Y156.033 E2108.55806
G1 F3022.7 X129.187 Y155.647 E2108.60441
G1 F3015.1 X130.43 Y155.242 E2108.64767
G1 X131.751 Y154.767 E2108.69413
G1 X133.007 Y154.261 E2108.73894
G1 X134.249 Y153.71 E2108.78391
G1 X135.479 Y153.115 E2108.82912
G1 F3022.7 X136.676 Y152.488 E2108.87373
G1 F3030.3 X137.803 Y151.845 E2108.91645
G1 X139 Y151.109 E2108.96272
G1 X140.127 Y150.357 E2109.00733
G1 F3015.1 X141.24 Y149.566 E2109.05252
G1 X142.314 Y148.742 E2109.09732
G1 X143.362 Y147.882 E2109.14219
G1 X144.376 Y146.986 E2109.18697
G1 X145.353 Y146.065 E2109.2314
G1 F3007.5 X146.315 Y145.093 E2109.27677
G1 F3000 X147.23 Y144.108 E2109.32149
G1 F3015.1 X148.123 Y143.074 E2109.3667
G1 X148.968 Y142.025 E2109.41128
G1 X149.742 Y141.004 E2109.45368
G1 X150.56 Y139.834 E2109.50092
G1 F3007.5 X151.303 Y138.693 E2109.5461
G1 F3015.1 X152.006 Y137.531 E2109.59104
G1 X152.666 Y136.345 E2109.63596
G1 X153.289 Y135.137 E2109.68094
G1 F3000 X153.858 Y133.926 E2109.72544
G1 F2992.5 X154.403 Y132.672 E2109.77103
G1 F3000 X154.894 Y131.413 E2109.81598
G1 F3015.1 X155.344 Y130.143 E2109.86057
G1 F3000 X155.752 Y128.84 E2109.90598
G1 X156.117 Y127.534 E2109.95109
G1 X156.435 Y126.219 E2109.99608
G1 X156.708 Y124.894 E2110.04108
G1 F3007.5 X156.937 Y123.554 E2110.08618
G1 F3000 X157.115 Y122.245 E2110.13012
G1 X157.25 Y120.921 E2110.17438
G1 X157.345 Y119.573 E2110.21933
G1 X157.392 Y118.159 E2110.26639
G1 X157.393 Y116.804 E2110.31145
G1 X157.347 Y115.449 E2110.35655
G1 F3015.1 X157.254 Y114.094 E2110.40149
G1 X157.119 Y112.759 E2110.4459
G1 X156.93 Y111.404 E2110.49118
G1 F3007.5 X156.7 Y110.07 E2110.53609
G1 F3000 X156.428 Y108.755 E2110.58075
G1 F3007.5 X156.106 Y107.425 E2110.62615
G1 F3015.1 X155.743 Y106.123 E2110.67088
G1 X155.334 Y104.831 E2110.71573
G1 X154.884 Y103.554 E2110.76054
G1 F3022.7 X154.389 Y102.291 E2110.80532
G1 F3015.1 X153.847 Y101.048 E2110.85019
G1 X153.296 Y99.879 E2110.89296
G1 X152.654 Y98.629 E2110.93947
G1 X151.986 Y97.429 E2110.98492
G1 F3022.7 X151.29 Y96.284 E2111.02915
G1 F3015.1 X150.547 Y95.143 E2111.07421
G1 X149.763 Y94.022 E2111.11948
G1 F3022.7 X148.951 Y92.952 E2111.16382
G1 F3015.1 X148.148 Y91.951 E2111.20629
G1 X147.215 Y90.87 E2111.25355
G1 X146.302 Y89.885 E2111.29799
G1 F3007.5 X145.338 Y88.915 E2111.34337
G1 X144.361 Y87.995 E2111.38789
G1 F3022.7 X143.335 Y87.091 E2111.43303
G1 F3015.1 X142.294 Y86.241 E2111.4775
G1 X141.221 Y85.415 E2111.52232
G1 F3030.3 X140.107 Y84.622 E2111.56734
G1 F3022.7 X138.986 Y83.878 E2111.61176
G1 F3015.1 X137.832 Y83.17 E2111.65656
G1 F3022.7 X136.647 Y82.492 E2111.70163
G1 F3030.3 X135.508 Y81.896 E2111.74396
G1 X134.227 Y81.274 E2111.79085
G1 X132.984 Y80.726 E2111.83558
G1 F3015.1 X131.738 Y80.227 E2111.88
G1 X130.468 Y79.765 E2111.92472
G1 F3030.3 X129.165 Y79.343 E2111.96982
G1 F3022.7 X127.871 Y78.972 E2112.01426
G1 F3015.1 X126.561 Y78.643 E2112.05896
G1 F3022.7 X125.226 Y78.354 E2112.10405
G1 F3030.3 X123.899 Y78.117 E2112.14843
G1 X122.549 Y77.92 E2112.19335
G1 F3022.7 X121.206 Y77.774 E2112.23795
G1 F3015.1 X119.864 Y77.67 E2112.28249
G1 X118.496 Y77.613 E2112.32781
G1 X117.154 Y77.601 E2112.37222
G1 F3022.7 X115.787 Y77.634 E2112.41736
G1 F3030.3 X114.456 Y77.714 E2112.46126
G1 X113.17 Y77.831 E2112.50378
G1 F3022.7 X111.814 Y78.006 E2112.54892
G1 F3015.1 X110.412 Y78.235 E2112.59593
G1 X109.138 Y78.485 E2112.6389
G1 X107.642 Y78.838 E2112.68976
G1 X106.508 Y79.144 E2112.72863
G1 X105.154 Y79.557 E2112.77548
G1 F3022.7 X103.932 Y79.976 E2112.81813
G1 F3015.1 X102.616 Y80.477 E2112.86473
G1 F3007.5 X101.358 Y81.008 E2112.91003
G1 F3015.1 X100.14 Y81.571 E2112.95443
G1 X99.209 Y82.042 E2112.98896
G1 X97.74 Y82.834 E2113.04419
G1 F3022.7 X96.627 Y83.493 E2113.08689
G1 F3015.1 X95.425 Y84.26 E2113.13408
G1 X94.306 Y85.032 E2113.17907
G1 X93.278 Y85.792 E2113.22138
G1 X92.156 Y86.68 E2113.26873
G1 X91.127 Y87.556 E2113.31345
G1 X90.134 Y88.461 E2113.35792
G1 X89.156 Y89.417 E2113.40318
G1 X88.225 Y90.386 E2113.44765
G1 X87.315 Y91.403 E2113.49281
G1 F3000 X86.454 Y92.436 E2113.53754
G1 F3015.1 X85.612 Y93.513 E2113.58278
G1 X84.818 Y94.611 E2113.62762
G1 F3000 X84.066 Y95.724 E2113.6723
G1 X83.339 Y96.882 E2113.71777
G1 F3007.5 X82.663 Y98.043 E2113.76235
G1 F3000 X82.019 Y99.25 E2113.80785
G1 X81.42 Y100.463 E2113.85284
G1 F3015.1 X80.824 Y101.78 E2113.90068
G1 X80.344 Y102.952 E2113.9426
G1 X79.873 Y104.223 E2113.98745
G1 F3000 X79.431 Y105.55 E2114.03397
G1 X79.057 Y106.807 E2114.07759
G1 F3015.1 X78.722 Y108.106 E2114.12199
G1 F3000 X78.421 Y109.44 E2114.16747
G1 X78.172 Y110.765 E2114.21231
G1 F2992.5 X77.967 Y112.09 E2114.25702
G1 F3000 X77.806 Y113.456 E2114.30277
G1 X77.688 Y114.807 E2114.34787
G1 X77.626 Y116.095 E2114.39076
G1 X77.601 Y117.52 E2114.43816
G1 X77.624 Y118.86 E2114.48274
G1 F3007.5 X77.693 Y120.21 E2114.52759
G1 X77.808 Y121.561 E2114.57257
G1 F3000 X77.97 Y122.916 E2114.61796
G1 X78.174 Y124.247 E2114.66275
G1 F3007.5 X78.424 Y125.577 E2114.70764
G1 F3015.1 X78.725 Y126.912 E2114.75293
G1 F3007.5 X79.063 Y128.21 E2114.79743
G1 F3000 X79.451 Y129.51 E2114.84256
G1 X79.883 Y130.803 E2114.8879
G1 F3022.7 X80.33 Y132.005 E2114.93023
G1 F3015.1 X80.868 Y133.316 E2114.97713
G1 X81.403 Y134.498 E2115.02007
G1 X82.029 Y135.768 E2115.06692
G1 X82.677 Y136.971 E2115.11214
G1 X83.348 Y138.132 E2115.15652
G1 X84.071 Y139.282 E2115.20148
G1 X84.831 Y140.404 E2115.24632
G1 X85.591 Y141.449 E2115.28908
G1 X86.418 Y142.518 E2115.33381
G1 X87.327 Y143.607 E2115.38076
G1 X88.24 Y144.625 E2115.42601
G1 F3007.5 X89.172 Y145.595 E2115.47064
G1 X90.141 Y146.539 E2115.51552
G1 F3015.1 X91.097 Y147.412 E2115.55837
G1 X92.183 Y148.336 E2115.60555
G1 X93.236 Y149.172 E2115.65005
G1 X94.326 Y149.976 E2115.69487
G1 X95.443 Y150.748 E2115.73981
G1 X96.593 Y151.48 E2115.78492
G1 F3022.7 X97.751 Y152.167 E2115.82937
G1 F3030.3 X98.885 Y152.786 E2115.87191
G1 X100.158 Y153.433 E2115.91893
G1 X101.389 Y154 E2115.96356
G1 F3022.7 X102.627 Y154.52 E2116.00788
G1 F3015.1 X103.897 Y155.006 E2116.05288
G1 F3022.7 X105.295 Y155.487 E2116.10169
G1 F3030.3 X106.482 Y155.846 E2116.14252
G1 X107.664 Y156.167 E2116.18285
G1 X109.099 Y156.502 E2116.23137
G1 F3015.1 X110.433 Y156.764 E2116.27636
G1 X111.775 Y156.984 E2116.32137
G1 X113.267 Y157.174 E2116.37114
G1 X114.333 Y157.275 E2116.40658
G1 X115.864 Y157.363 E2116.45733
G1 X117.23 Y157.395 E2116.50255
G1 X117.5 Y157.393 E2116.51148
;MESH:NONMESH
G0 F300 X117.5 Y157.393 Z2
G0 F15000 X117.5 Y157.794
;TIME_ELAPSED:2049.219219
;LAYER:9
;TYPE:WALL-OUTER
;MESH:Base.stl
G1 F2985.1 X116.298 Y157.779 E2116.55167
G1 F3000 X114.328 Y157.675 E2116.61728
G1 X113.483 Y157.597 E2116.6455
G1 F2992.5 X112.352 Y157.464 E2116.68348
G1 F2977.7 X111.012 Y157.272 E2116.72884
G1 F2970.3 X109.695 Y157.034 E2116.77379
G1 F2977.7 X108.369 Y156.748 E2116.81925
G1 F2985.1 X107.051 Y156.418 E2116.86467
G1 X105.741 Y156.044 E2116.9102
G1 X104.452 Y155.625 E2116.95551
G1 F2970.3 X103.179 Y155.168 E2117.00095
G1 F2977.7 X101.921 Y154.663 E2117.04637
G1 F2985.1 X100.691 Y154.122 E2117.09129
G1 X99.461 Y153.533 E2117.13687
G1 X98.271 Y152.912 E2117.18174
G1 F2992.5 X97.084 Y152.24 E2117.22722
G1 F2985.1 X95.926 Y151.535 E2117.27254
G1 X94.796 Y150.791 E2117.31776
G1 X93.693 Y150.011 E2117.36292
G1 X92.611 Y149.191 E2117.4083
G1 X91.568 Y148.343 E2117.45323
G1 X90.537 Y147.448 E2117.49887
G1 X89.547 Y146.525 E2117.54411
G1 F2970.3 X88.587 Y145.569 E2117.58962
G1 F2977.7 X87.663 Y144.583 E2117.6349
G1 F2985.1 X86.775 Y143.572 E2117.67988
G1 X85.96 Y142.585 E2117.72267
G1 F2970.3 X85.088 Y141.446 E2117.77086
G1 F2977.7 X84.3 Y140.34 E2117.81636
G1 F2985.1 X83.559 Y139.222 E2117.8612
G1 F2992.5 X82.842 Y138.06 E2117.90672
G1 F2985.1 X82.17 Y136.886 E2117.95194
G1 X81.545 Y135.697 E2117.99684
G1 F2992.5 X80.951 Y134.469 E2118.04233
G1 F2985.1 X80.398 Y133.232 E2118.08762
G1 X79.892 Y131.978 E2118.13282
G1 F2992.5 X79.426 Y130.705 E2118.17802
G1 F2985.1 X79.005 Y129.419 E2118.22325
G1 X78.595 Y128.014 E2118.27217
G1 X78.292 Y126.804 E2118.31387
G1 X77.998 Y125.483 E2118.3591
G1 F2992.5 X77.753 Y124.153 E2118.4042
G1 F2985.1 X77.552 Y122.812 E2118.44952
G1 X77.396 Y121.467 E2118.49478
G1 X77.28 Y120.049 E2118.54234
G1 F2992.5 X77.22 Y118.764 E2118.58523
G1 F3000 X77.201 Y117.421 E2118.62991
G1 X77.224 Y116.069 E2118.67488
G1 F2992.5 X77.287 Y114.81 E2118.71691
G1 X77.431 Y113.219 E2118.77018
G1 F3000 X77.567 Y112.074 E2118.80853
G1 F3007.5 X77.773 Y110.732 E2118.85357
G1 X78.031 Y109.355 E2118.90005
G1 F3000 X78.326 Y108.04 E2118.94488
G1 F2992.5 X78.665 Y106.724 E2118.99019
G1 F2985.1 X79.051 Y105.424 E2119.03552
G1 F3000 X79.48 Y104.137 E2119.08064
G1 F3007.5 X79.949 Y102.867 E2119.12556
G1 X80.463 Y101.617 E2119.1704
G1 X81.049 Y100.312 E2119.21786
G1 F3000 X81.61 Y99.167 E2119.26027
G1 F2985.1 X82.142 Y98.167 E2119.29813
G1 X82.923 Y96.798 E2119.35081
G1 F3000 X83.639 Y95.647 E2119.3959
G1 X84.391 Y94.521 E2119.44093
G1 X85.183 Y93.422 E2119.48599
G1 X86.015 Y92.343 E2119.5313
G1 F2992.5 X86.879 Y91.297 E2119.57654
G1 F2985.1 X87.771 Y90.293 E2119.62143
G1 X88.702 Y89.307 E2119.66676
G1 X89.665 Y88.356 E2119.712
G1 X90.66 Y87.439 E2119.75723
G1 X91.691 Y86.548 E2119.80278
G1 X92.738 Y85.704 E2119.84773
G1 X93.82 Y84.889 E2119.89301
G1 X94.939 Y84.108 E2119.93863
G1 X96.061 Y83.376 E2119.98341
G1 X97.223 Y82.672 E2120.02882
G1 X98.405 Y82.01 E2120.07411
G1 X99.614 Y81.386 E2120.11958
G1 X100.837 Y80.804 E2120.16486
G1 F2977.7 X102.21 Y80.207 E2120.21503
G1 F2970.3 X103.233 Y79.807 E2120.25193
G1 X104.606 Y79.316 E2120.30091
G1 X105.896 Y78.906 E2120.34638
G1 F2977.7 X107.209 Y78.535 E2120.3921
G1 F2970.3 X108.526 Y78.21 E2120.43767
G1 X109.84 Y77.934 E2120.48277
G1 X111.169 Y77.7 E2120.52811
G1 X112.515 Y77.508 E2120.57378
G1 F2985.1 X113.86 Y77.364 E2120.61899
G1 X115.221 Y77.265 E2120.66461
G1 F2970.3 X116.574 Y77.21 E2120.7101
G1 X117.919 Y77.202 E2120.75528
G1 X119.267 Y77.238 E2120.80058
G1 X120.633 Y77.321 E2120.84655
G1 F2985.1 X121.967 Y77.448 E2120.89134
G1 X123.323 Y77.624 E2120.93705
G1 X124.657 Y77.843 E2120.98224
G1 F2970.3 X125.974 Y78.101 E2121.02732
G1 X127.303 Y78.411 E2121.07316
G1 F2985.1 X128.602 Y78.761 E2121.11813
G1 X129.907 Y79.159 E2121.16374
G1 F2977.7 X131.19 Y79.598 E2121.20918
G1 F2970.3 X132.442 Y80.071 E2121.25414
G1 X133.692 Y80.596 E2121.29968
G1 F2985.1 X134.922 Y81.161 E2121.34493
G1 X136.144 Y81.774 E2121.39062
G1 F2977.7 X137.333 Y82.418 E2121.43594
G1 F2985.1 X138.5 Y83.106 E2121.48122
G1 X139.635 Y83.823 E2121.52609
G1 X140.754 Y84.587 E2121.57139
G1 F2977.7 X141.847 Y85.387 E2121.61677
G1 X142.92 Y86.231 E2121.66252
G1 F2985.1 X143.949 Y87.094 E2121.70741
G1 F2977.7 X144.957 Y88.002 E2121.75287
G1 F2970.3 X145.93 Y88.938 E2121.79823
G1 X146.875 Y89.912 E2121.84381
G1 F2977.7 X147.783 Y90.911 E2121.88905
G1 F2985.1 X148.617 Y91.889 E2121.93202
G1 X149.563 Y93.092 E2121.98317
G1 X150.306 Y94.096 E2122.02492
G1 F2977.7 X151.074 Y95.209 E2122.07024
G1 F2985.1 X151.804 Y96.352 E2122.11557
G1 X152.495 Y97.513 E2122.16073
G1 X153.149 Y98.712 E2122.20638
G1 X153.855 Y100.107 E2122.25865
G1 X154.332 Y101.151 E2122.29701
G1 F2992.5 X154.857 Y102.385 E2122.34173
G1 F2985.1 X155.342 Y103.647 E2122.38692
G1 F2977.7 X155.788 Y104.929 E2122.4324
G1 F2985.1 X156.19 Y106.234 E2122.47805
G1 X156.545 Y107.528 E2122.5229
G1 F2977.7 X156.858 Y108.845 E2122.56826
G1 X157.126 Y110.17 E2122.61356
G1 F2985.1 X157.35 Y111.508 E2122.65891
G1 F2992.5 X157.525 Y112.813 E2122.70281
G1 F2985.1 X157.671 Y114.278 E2122.75202
G1 X157.752 Y115.547 E2122.79453
G1 F2992.5 X157.795 Y116.9 E2122.83966
G1 F2985.1 X157.791 Y118.253 E2122.88489
G1 X157.744 Y119.611 E2122.93031
G1 F3000 X157.648 Y120.973 E2122.97572
G1 X157.521 Y122.229 E2123.01771
G1 F2992.5 X157.321 Y123.69 E2123.06688
G1 F3000 X157.105 Y124.937 E2123.10897
G1 X156.848 Y126.213 E2123.15226
G1 F2992.5 X156.511 Y127.605 E2123.20002
G1 F3000 X156.144 Y128.929 E2123.24572
G1 F3007.5 X155.696 Y130.335 E2123.29467
G1 F3015.1 X155.289 Y131.499 E2123.33548
G1 F3000 X154.795 Y132.763 E2123.38062
G1 F2985.1 X154.384 Y133.734 E2123.41586
G1 F2970.3 X154.376 Y133.735 E2123.41613
G1 F2992.5 X153.686 Y135.229 E2123.47101
G1 F3000 X153.072 Y136.434 E2123.51599
G1 X152.365 Y137.705 E2123.56436
G1 F3007.5 X151.715 Y138.787 E2123.60624
G1 F2992.5 X150.978 Y139.93 E2123.65158
G1 X150.214 Y141.032 E2123.6963
G1 F2985.1 X149.402 Y142.119 E2123.74165
G1 F2992.5 X148.551 Y143.182 E2123.78705
G1 F2985.1 X147.679 Y144.204 E2123.83196
G1 F2977.7 X146.764 Y145.203 E2123.87735
G1 F2985.1 X145.808 Y146.179 E2123.92302
G1 X144.837 Y147.106 E2123.96789
G1 X143.826 Y148.006 E2124.01314
G1 F2977.7 X142.839 Y148.833 E2124.05629
G1 F2985.1 X141.717 Y149.706 E2124.10381
G1 F2992.5 X140.619 Y150.505 E2124.14909
G1 X139.501 Y151.258 E2124.19403
G1 F3000 X138.354 Y151.979 E2124.23909
G1 F2985.1 X137.26 Y152.619 E2124.28146
G1 F2977.7 X135.994 Y153.3 E2124.32963
G1 X134.768 Y153.908 E2124.37549
G1 F2970.3 X133.534 Y154.47 E2124.42104
G1 X132.296 Y154.983 E2124.46605
G1 F2977.7 X131.026 Y155.458 E2124.51149
G1 X129.741 Y155.892 E2124.55694
G1 X128.448 Y156.281 E2124.60219
G1 F2985.1 X127.126 Y156.628 E2124.64787
G1 X125.805 Y156.931 E2124.69318
G1 X124.487 Y157.185 E2124.73804
G1 X123.148 Y157.397 E2124.78336
G1 F2970.3 X122.06 Y157.539 E2124.82022
G1 X120.56 Y157.682 E2124.87083
G1 X118.932 Y157.771 E2124.9256
G1 F2985.1 X117.614 Y157.795 E2124.96967
G1 X117.5 Y157.794 E2124.97348
G0 F15000 X117.5 Y157.392
G1 F3015.1 X118.619 Y157.379 E2125.01051
G1 X119.969 Y157.318 E2125.05524
G1 F3022.7 X121.316 Y157.214 E2125.09983
G1 F3015.1 X122.591 Y157.07 E2125.1423
G1 X123.941 Y156.873 E2125.18745
G1 F3030.3 X125.263 Y156.635 E2125.23168
G1 X126.598 Y156.346 E2125.27665
G1 F3022.7 X127.913 Y156.013 E2125.32143
G1 X129.203 Y155.643 E2125.36573
G1 X130.502 Y155.217 E2125.41086
G1 F3015.1 X131.776 Y154.755 E2125.45571
G1 X133.023 Y154.253 E2125.5002
G1 X134.265 Y153.702 E2125.54516
G1 X135.491 Y153.107 E2125.59026
G1 F3022.7 X136.68 Y152.484 E2125.63457
G1 F3015.1 X137.867 Y151.805 E2125.67983
G1 X139.012 Y151.101 E2125.72431
G1 X140.139 Y150.35 E2125.76913
G1 X141.251 Y149.558 E2125.81431
G1 X142.326 Y148.73 E2125.85921
G1 F3007.5 X143.371 Y147.87 E2125.90411
G1 X144.38 Y146.982 E2125.94871
G1 X145.373 Y146.045 E2125.994
G1 F3000 X146.327 Y145.081 E2126.03911
G1 X147.239 Y144.096 E2126.08376
G1 F3015.1 X148.134 Y143.062 E2126.12902
G1 X148.984 Y142.005 E2126.1739
G1 F3007.5 X149.799 Y140.924 E2126.21882
G1 X150.568 Y139.823 E2126.26338
G1 F3000 X151.312 Y138.677 E2126.30882
G1 F3007.5 X152.014 Y137.519 E2126.35375
G1 X152.672 Y136.333 E2126.39875
G1 F3000 X153.436 Y134.844 E2126.45441
G1 X153.424 Y134.83 E2126.45502
G1 F3022.7 X153.866 Y133.902 E2126.48895
G1 F3030.3 X154.407 Y132.66 E2126.53356
G1 F3015.1 X154.902 Y131.397 E2126.57845
G1 X155.32 Y130.208 E2126.62016
G1 F3007.5 X155.756 Y128.828 E2126.66818
G1 F2992.5 X156.12 Y127.525 E2126.71329
G1 F3000 X156.439 Y126.203 E2126.75852
G1 F3007.5 X156.705 Y124.91 E2126.80232
G1 F3000 X156.924 Y123.628 E2126.84557
G1 X157.123 Y122.196 E2126.89366
G1 F3015.1 X157.259 Y120.848 E2126.9385
G1 F3007.5 X157.348 Y119.509 E2126.98302
G1 F2992.5 X157.39 Y118.245 E2127.02519
G1 X157.392 Y116.788 E2127.07377
G1 F3000 X157.347 Y115.433 E2127.11886
G1 X157.252 Y114.082 E2127.16391
G1 F3007.5 X157.115 Y112.744 E2127.20853
G1 F3015.1 X156.929 Y111.393 E2127.25366
G1 F3007.5 X156.697 Y110.053 E2127.29878
G1 F3000 X156.424 Y108.739 E2127.34342
G1 X156.102 Y107.413 E2127.3888
G1 F3007.5 X155.736 Y106.106 E2127.43383
G1 F3000 X155.327 Y104.815 E2127.47887
G1 X154.876 Y103.538 E2127.52392
G1 F3015.1 X154.385 Y102.287 E2127.56839
G1 F3022.7 X153.842 Y101.033 E2127.6135
G1 X153.264 Y99.811 E2127.65813
G1 F3015.1 X152.645 Y98.612 E2127.70278
G1 X151.982 Y97.423 E2127.74783
G1 X151.278 Y96.264 E2127.79271
G1 X150.547 Y95.139 E2127.83711
G1 X149.763 Y94.029 E2127.88208
G1 X148.943 Y92.937 E2127.92728
G1 X148.091 Y91.882 E2127.97215
G1 X147.211 Y90.869 E2128.01656
G1 X146.282 Y89.868 E2128.06176
G1 F3007.5 X145.326 Y88.907 E2128.10673
G1 F3015.1 X144.349 Y87.984 E2128.15121
G1 F3022.7 X143.323 Y87.083 E2128.19628
G1 X142.282 Y86.23 E2128.24071
G1 X141.197 Y85.398 E2128.28584
G1 X140.095 Y84.614 E2128.33049
G1 X138.974 Y83.87 E2128.3749
G1 F3015.1 X137.82 Y83.162 E2128.41971
G1 X136.635 Y82.487 E2128.46484
G1 F3030.3 X135.432 Y81.856 E2128.50957
G1 X134.222 Y81.273 E2128.5538
G1 F3015.1 X132.972 Y80.722 E2128.599
G1 X131.714 Y80.219 E2128.64384
G1 X130.452 Y79.761 E2128.68827
G1 F3030.3 X129.149 Y79.339 E2128.73337
G1 F3022.7 X127.855 Y78.968 E2128.77781
G1 F3015.1 X126.545 Y78.639 E2128.8225
G1 X125.21 Y78.353 E2128.86769
G1 X123.887 Y78.116 E2128.91217
G1 X122.537 Y77.919 E2128.95732
G1 F3022.7 X121.194 Y77.77 E2129.00192
G1 F3015.1 X119.847 Y77.669 E2129.04663
G1 X118.484 Y77.613 E2129.09177
G1 X117.138 Y77.601 E2129.13632
G1 X115.774 Y77.638 E2129.18147
G1 X114.279 Y77.729 E2129.23104
G1 F3022.7 X113.157 Y77.835 E2129.26824
G1 X111.738 Y78.018 E2129.31547
G1 F3015.1 X110.396 Y78.236 E2129.36047
G1 X109.061 Y78.501 E2129.40551
G1 F3007.5 X107.629 Y78.841 E2129.45434
G1 F3015.1 X106.553 Y79.128 E2129.49119
G1 F3022.7 X105.149 Y79.558 E2129.53967
G1 F3015.1 X103.859 Y80.003 E2129.58483
G1 F3000 X102.601 Y80.481 E2129.62959
G1 X101.342 Y81.016 E2129.67508
G1 F3015.1 X100.116 Y81.583 E2129.71979
G1 X98.914 Y82.191 E2129.76436
G1 X97.728 Y82.841 E2129.80912
G1 X96.562 Y83.533 E2129.85399
G1 X95.412 Y84.272 E2129.89923
G1 X94.307 Y85.032 E2129.94361
G1 X93.209 Y85.844 E2129.98881
G1 X92.155 Y86.684 E2130.03341
G1 X91.115 Y87.568 E2130.07858
G1 X90.122 Y88.473 E2130.12304
G1 F3007.5 X89.144 Y89.429 E2130.16842
G1 F3015.1 X88.216 Y90.398 E2130.21282
G1 X87.304 Y91.415 E2130.25803
G1 X86.443 Y92.448 E2130.30253
G1 X85.603 Y93.525 E2130.34773
G1 X84.807 Y94.623 E2130.39261
G1 X84.051 Y95.744 E2130.43736
G1 X83.331 Y96.894 E2130.48226
G1 F3000 X82.651 Y98.068 E2130.52739
G1 X82.011 Y99.261 E2130.57241
G1 X81.413 Y100.475 E2130.61742
G1 F3015.1 X80.854 Y101.714 E2130.66241
G1 X80.339 Y102.964 E2130.70715
G1 F3007.5 X79.869 Y104.234 E2130.75208
G1 F3000 X79.441 Y105.521 E2130.79719
G1 F2985.1 X79.055 Y106.819 E2130.84245
G1 X78.718 Y108.121 E2130.88741
G1 F3000 X78.421 Y109.436 E2130.93225
G1 F3007.5 X78.174 Y110.753 E2130.9767
G1 X77.968 Y112.077 E2131.02116
G1 F3015.1 X77.806 Y113.469 E2131.06754
G1 F3000 X77.688 Y114.818 E2131.11257
G1 X77.62 Y116.174 E2131.15773
G1 X77.601 Y117.536 E2131.20304
G1 F3007.5 X77.625 Y118.872 E2131.24737
G1 X77.693 Y120.226 E2131.29235
G1 X77.809 Y121.577 E2131.33733
G1 F3000 X77.973 Y122.932 E2131.38273
G1 F3015.1 X78.175 Y124.262 E2131.42725
G1 X78.428 Y125.59 E2131.47199
G1 X78.73 Y126.924 E2131.51725
G1 X79.068 Y128.226 E2131.56177
G1 X79.457 Y129.526 E2131.60668
G1 X79.883 Y130.807 E2131.65135
G1 F3022.7 X80.358 Y132.078 E2131.69614
G1 F3015.1 X80.876 Y133.329 E2131.74095
G1 X81.435 Y134.566 E2131.78587
G1 F3030.3 X82.034 Y135.78 E2131.83045
G1 F3022.7 X82.681 Y136.986 E2131.87563
G1 X83.356 Y138.144 E2131.91987
G1 X84.08 Y139.294 E2131.96473
G1 F3015.1 X84.839 Y140.416 E2132.00956
G1 X85.635 Y141.51 E2132.05434
G1 F3000 X86.47 Y142.579 E2132.09945
G1 F3015.1 X87.344 Y143.625 E2132.14456
G1 X88.244 Y144.625 E2132.18909
G1 X89.188 Y145.61 E2132.23424
G1 X90.153 Y146.551 E2132.27884
G1 F3022.7 X91.154 Y147.463 E2132.32354
G1 F3030.3 X92.187 Y148.34 E2132.36816
G1 F3022.7 X93.248 Y149.18 E2132.41283
G1 X94.346 Y149.992 E2132.45792
G1 F3030.3 X95.455 Y150.755 E2132.50224
G1 X96.605 Y151.488 E2132.54714
G1 X97.771 Y152.178 E2132.59176
G1 X98.949 Y152.822 E2132.63596
G1 X100.163 Y153.433 E2132.68071
G1 X101.401 Y154.004 E2132.72561
G1 F3022.7 X102.643 Y154.528 E2132.7701
G1 F3015.1 X103.913 Y155.011 E2132.81507
G1 X105.311 Y155.492 E2132.864
G1 F3022.7 X106.494 Y155.85 E2132.9048
G1 F3015.1 X107.804 Y156.2 E2132.94967
G1 X109.111 Y156.506 E2132.9941
G1 X110.445 Y156.768 E2133.03909
G1 X111.788 Y156.985 E2133.08411
G1 X113.226 Y157.169 E2133.13208
G1 X114.334 Y157.274 E2133.16892
G1 F3007.5 X115.932 Y157.367 E2133.22202
G1 F3015.1 X117.28 Y157.395 E2133.26664
G1 X117.5 Y157.392 E2133.27392
;MESH:NONMESH
G0 F300 X117.5 Y157.392 Z2.2
G0 F15000 X117.5 Y157.795
;TIME_ELAPSED:2059.749357
;LAYER:10
;TYPE:WALL-OUTER
;MESH:Base.stl
G1 F2985.1 X116.269 Y157.779 E2133.31508
G1 F2970.3 X115.023 Y157.722 E2133.35698
G1 F2977.7 X113.65 Y157.611 E2133.40314
G1 F2985.1 X112.344 Y157.464 E2133.44707
G1 X111.004 Y157.269 E2133.49233
G1 F2970.3 X109.683 Y157.03 E2133.53743
G1 F2977.7 X108.357 Y156.744 E2133.58288
G1 F2992.5 X107.043 Y156.415 E2133.62805
G1 F2985.1 X105.73 Y156.039 E2133.6737
G1 F2977.7 X104.444 Y155.621 E2133.71901
G1 F2970.3 X103.171 Y155.164 E2133.76445
G1 X101.909 Y154.659 E2133.81011
G1 F2985.1 X100.683 Y154.118 E2133.8549
G1 X99.449 Y153.528 E2133.90062
G1 F2977.7 X98.259 Y152.907 E2133.9456
G1 F2985.1 X97.073 Y152.235 E2133.99117
G1 X95.919 Y151.531 E2134.03635
G1 F2977.7 X94.788 Y150.787 E2134.08172
G1 X93.681 Y150.003 E2134.12717
G1 F2970.3 X92.603 Y149.186 E2134.17261
G1 X91.553 Y148.332 E2134.21808
G1 F2977.7 X90.537 Y147.447 E2134.26323
G1 X89.539 Y146.517 E2134.30894
G1 X88.579 Y145.561 E2134.35434
G1 F2970.3 X87.652 Y144.575 E2134.3998
G1 F2977.7 X86.767 Y143.564 E2134.44483
G1 F2985.1 X85.952 Y142.573 E2134.48772
G1 X85.08 Y141.435 E2134.53564
G1 X84.302 Y140.34 E2134.58054
G1 X83.547 Y139.205 E2134.62611
G1 X82.834 Y138.048 E2134.67153
G1 F2992.5 X82.165 Y136.874 E2134.71659
G1 F2985.1 X81.54 Y135.688 E2134.7614
G1 X80.944 Y134.457 E2134.80712
G1 X80.395 Y133.22 E2134.85235
G1 X79.889 Y131.966 E2134.89756
G1 X79.423 Y130.692 E2134.9429
G1 X79.001 Y129.407 E2134.98811
G1 F2977.7 X78.592 Y128.003 E2135.03711
G1 F2985.1 X78.288 Y126.792 E2135.07885
G1 X77.997 Y125.47 E2135.1241
G1 X77.751 Y124.138 E2135.16937
G1 X77.551 Y122.8 E2135.21459
G1 F3000 X77.395 Y121.454 E2135.25966
G1 F2985.1 X77.277 Y120.038 E2135.30716
G1 X77.22 Y118.752 E2135.35019
G1 F3000 X77.201 Y117.409 E2135.39486
G1 X77.224 Y116.058 E2135.4398
G1 F2992.5 X77.286 Y114.822 E2135.48106
G1 F3000 X77.431 Y113.207 E2135.535
G1 X77.575 Y112.01 E2135.57509
G1 X77.781 Y110.673 E2135.62009
G1 X78.032 Y109.344 E2135.66507
G1 F2992.5 X78.323 Y108.053 E2135.7092
G1 F3000 X78.673 Y106.7 E2135.75568
G1 X79.049 Y105.43 E2135.79973
G1 F3007.5 X79.482 Y104.132 E2135.84513
G1 X79.954 Y102.859 E2135.89017
G1 F3000 X80.468 Y101.605 E2135.93525
G1 X81.025 Y100.36 E2135.98061
G1 X81.617 Y99.154 E2136.0253
G1 F2985.1 X82.146 Y98.159 E2136.06297
G1 X82.93 Y96.785 E2136.11584
G1 F3000 X83.643 Y95.636 E2136.16082
G1 X84.399 Y94.513 E2136.20585
G1 X85.191 Y93.414 E2136.2509
G1 X86.024 Y92.331 E2136.29635
G1 F2992.5 X86.887 Y91.289 E2136.34146
G1 F2985.1 X87.779 Y90.282 E2136.38643
G1 X88.71 Y89.299 E2136.43168
G1 X89.673 Y88.348 E2136.47692
G1 F2992.5 X90.667 Y87.432 E2136.52199
G1 F3000 X91.699 Y86.544 E2136.56727
G1 F2985.1 X92.746 Y85.697 E2136.61229
G1 X93.828 Y84.884 E2136.65753
G1 X94.947 Y84.101 E2136.70318
G1 F2977.7 X96.073 Y83.368 E2136.7482
G1 F2985.1 X97.231 Y82.668 E2136.79343
G1 X98.413 Y82.006 E2136.83872
G1 X99.627 Y81.381 E2136.88436
G1 F2992.5 X100.849 Y80.8 E2136.92948
G1 F2985.1 X102.222 Y80.204 E2136.97951
G1 F2970.3 X103.245 Y79.803 E2137.01642
G1 X104.618 Y79.312 E2137.0654
G1 X105.908 Y78.902 E2137.11087
G1 F2977.7 X107.22 Y78.531 E2137.15656
G1 F2970.3 X108.535 Y78.209 E2137.20204
G1 X109.852 Y77.931 E2137.24726
G1 X111.181 Y77.696 E2137.2926
G1 X112.522 Y77.508 E2137.33808
G1 F2985.1 X113.872 Y77.364 E2137.38347
G1 X115.233 Y77.265 E2137.42908
G1 F2977.7 X116.586 Y77.21 E2137.47446
G1 F2985.1 X117.931 Y77.201 E2137.51941
G1 X119.279 Y77.237 E2137.56449
G1 X120.645 Y77.324 E2137.61024
G1 F2992.5 X121.98 Y77.452 E2137.65496
G1 F2985.1 X123.336 Y77.624 E2137.70065
G1 X124.669 Y77.843 E2137.7458
G1 F2977.7 X125.987 Y78.105 E2137.79083
G1 X127.316 Y78.415 E2137.83656
G1 X128.612 Y78.761 E2137.88151
G1 X129.919 Y79.163 E2137.92734
G1 F2985.1 X131.194 Y79.601 E2137.9724
G1 X132.455 Y80.078 E2138.01746
G1 X133.704 Y80.603 E2138.06275
G1 X134.935 Y81.168 E2138.10803
G1 X136.155 Y81.778 E2138.15362
G1 F2970.3 X137.347 Y82.427 E2138.19921
G1 F2977.7 X138.512 Y83.111 E2138.24448
G1 F2985.1 X139.646 Y83.831 E2138.28938
G1 X140.765 Y84.595 E2138.33468
G1 X141.856 Y85.395 E2138.3799
G1 X142.931 Y86.239 E2138.42558
G1 F2970.3 X143.957 Y87.102 E2138.47062
G1 X144.964 Y88.01 E2138.51617
G1 F2985.1 X145.94 Y88.949 E2138.56144
G1 X146.883 Y89.92 E2138.60668
G1 X147.792 Y90.923 E2138.65193
G1 F2992.5 X148.627 Y91.901 E2138.69481
G1 F2985.1 X149.565 Y93.088 E2138.74538
G1 X150.315 Y94.11 E2138.78775
G1 F3000 X151.08 Y95.221 E2138.83262
G1 F2985.1 X151.811 Y96.363 E2138.87794
G1 X152.5 Y97.525 E2138.9231
G1 X153.157 Y98.723 E2138.96877
G1 F2992.5 X153.762 Y99.921 E2139.01352
G1 F3015.1 X154.303 Y101.079 E2139.05582
G1 X154.861 Y102.397 E2139.10318
G1 F2985.1 X155.346 Y103.659 E2139.14838
G1 F2977.7 X155.792 Y104.941 E2139.19386
G1 F2970.3 X156.162 Y106.123 E2139.23547
G1 X156.582 Y107.658 E2139.28893
G1 F2985.1 X156.86 Y108.857 E2139.33007
G1 X157.13 Y110.182 E2139.37527
G1 X157.353 Y111.52 E2139.42061
G1 X157.529 Y112.824 E2139.46459
G1 X157.671 Y114.293 E2139.51393
G1 X157.751 Y115.559 E2139.55633
G1 X157.795 Y116.917 E2139.60175
G1 X157.791 Y118.269 E2139.64694
G1 X157.743 Y119.619 E2139.69209
G1 X157.648 Y120.98 E2139.7377
G1 F3000 X157.509 Y122.317 E2139.7824
G1 X157.318 Y123.703 E2139.82894
G1 X157.108 Y124.922 E2139.87008
G1 X156.844 Y126.226 E2139.91433
G1 X156.514 Y127.593 E2139.9611
G1 F3007.5 X156.149 Y128.913 E2140.00654
G1 F3015.1 X155.692 Y130.346 E2140.05632
G1 X155.283 Y131.506 E2140.09702
G1 F3000 X154.79 Y132.775 E2140.1423
G1 F2985.1 X154.38 Y133.746 E2140.17753
G1 F2970.3 X154.372 Y133.747 E2140.17781
G1 F2985.1 X153.681 Y135.241 E2140.23283
G1 F3000 X153.065 Y136.447 E2140.27787
G1 F3015.1 X152.373 Y137.69 E2140.32495
G1 X151.711 Y138.792 E2140.36749
G1 F2985.1 X150.994 Y139.909 E2140.41186
G1 X150.206 Y141.04 E2140.45794
G1 X149.394 Y142.127 E2140.50329
G1 F2992.5 X148.543 Y143.193 E2140.54877
G1 X147.667 Y144.214 E2140.59363
G1 X146.756 Y145.211 E2140.63866
G1 F2985.1 X145.801 Y146.187 E2140.6843
G1 X144.826 Y147.114 E2140.72927
G1 F3000 X143.814 Y148.015 E2140.77434
G1 F2985.1 X142.832 Y148.84 E2140.81721
G1 F3000 X141.622 Y149.775 E2140.86807
G1 F3007.5 X140.604 Y150.514 E2140.90981
G1 F3000 X139.488 Y151.267 E2140.95458
G1 F2985.1 X138.342 Y151.986 E2140.99981
G1 F2970.3 X137.252 Y152.626 E2141.04227
G1 X135.982 Y153.308 E2141.09069
G1 F2985.1 X134.756 Y153.913 E2141.13639
G1 X133.523 Y154.474 E2141.18167
G1 F2977.7 X132.284 Y154.987 E2141.22661
G1 X131.014 Y155.462 E2141.27204
G1 X129.734 Y155.895 E2141.31732
G1 F2985.1 X128.435 Y156.282 E2141.36263
G1 X127.115 Y156.632 E2141.40828
G1 X125.793 Y156.934 E2141.45361
G1 X124.476 Y157.189 E2141.49845
G1 X123.138 Y157.401 E2141.54373
G1 F2977.7 X121.912 Y157.552 E2141.58512
G1 F2985.1 X120.657 Y157.672 E2141.62726
G1 F2992.5 X120.213 Y157.704 E2141.64211
G1 F3000 X118.895 Y157.772 E2141.686
G1 F2992.5 X117.582 Y157.796 E2141.72979
G1 F2985.1 X117.5 Y157.795 E2141.73253
G0 F15000 X117.5 Y157.393
G1 F3015.1 X118.671 Y157.379 E2141.77129
G1 X120.017 Y157.318 E2141.81588
G1 X121.112 Y157.231 E2141.85223
G1 X122.602 Y157.07 E2141.90182
G1 F3022.7 X123.957 Y156.873 E2141.94702
G1 F3030.3 X125.187 Y156.651 E2141.98818
G1 X126.602 Y156.346 E2142.03584
G1 F3015.1 X127.922 Y156.009 E2142.08093
G1 X129.223 Y155.635 E2142.12573
G1 X130.518 Y155.213 E2142.1708
G1 X131.788 Y154.751 E2142.21552
G1 X133.035 Y154.249 E2142.26001
G1 X134.285 Y153.694 E2142.30527
G1 X135.503 Y153.103 E2142.35008
G1 X136.697 Y152.476 E2142.39471
G1 X137.88 Y151.797 E2142.43985
G1 X139.024 Y151.093 E2142.4843
G1 F3030.3 X140.162 Y150.337 E2142.52929
G1 X141.256 Y149.553 E2142.5736
G1 F3015.1 X142.338 Y148.722 E2142.61875
G1 X143.306 Y147.93 E2142.66014
G1 X144.445 Y146.922 E2142.71048
G1 F3000 X145.385 Y146.033 E2142.75351
G1 F3007.5 X146.338 Y145.073 E2142.79839
G1 F3015.1 X147.25 Y144.083 E2142.84294
G1 X148.143 Y143.051 E2142.8881
G1 F3000 X148.992 Y141.993 E2142.93322
G1 X149.8 Y140.92 E2142.97789
G1 X150.584 Y139.799 E2143.02339
G1 X151.32 Y138.665 E2143.06836
G1 F3015.1 X152.014 Y137.518 E2143.11272
G1 X152.831 Y136.037 E2143.1687
G1 F3000 X153.298 Y135.116 E2143.20304
G1 F3030.3 X153.874 Y133.888 E2143.24771
G1 F3015.1 X154.412 Y132.643 E2143.29259
G1 F3000 X154.906 Y131.381 E2143.33767
G1 F3015.1 X155.316 Y130.218 E2143.37848
G1 X155.759 Y128.825 E2143.42685
G1 F3000 X156.117 Y127.537 E2143.47131
G1 X156.443 Y126.187 E2143.5175
G1 X156.713 Y124.86 E2143.56255
G1 X156.941 Y123.526 E2143.60756
G1 X157.112 Y122.269 E2143.64975
G1 X157.259 Y120.832 E2143.69779
G1 F3007.5 X157.348 Y119.493 E2143.74232
G1 F3000 X157.392 Y118.127 E2143.78777
G1 X157.392 Y116.772 E2143.83284
G1 X157.344 Y115.417 E2143.87794
G1 X157.251 Y114.066 E2143.92298
G1 F3015.1 X157.115 Y112.727 E2143.96752
G1 F3007.5 X156.926 Y111.376 E2144.01278
G1 F3000 X156.696 Y110.038 E2144.05793
G1 F3015.1 X156.423 Y108.727 E2144.10225
G1 X156.101 Y107.397 E2144.14753
G1 F3000 X155.733 Y106.093 E2144.1926
G1 X155.323 Y104.799 E2144.23775
G1 F3015.1 X154.871 Y103.522 E2144.28258
G1 X154.381 Y102.275 E2144.32692
G1 F2985.1 X153.96 Y101.312 E2144.36205
G1 F2963 X153.965 Y101.305 E2144.36234
G1 F2985.1 X153.256 Y99.795 E2144.4181
G1 F3022.7 X152.641 Y98.601 E2144.46244
G1 F3030.3 X151.974 Y97.411 E2144.50735
G1 F3022.7 X151.27 Y96.249 E2144.5522
G1 F3030.3 X150.538 Y95.124 E2144.5964
G1 F3022.7 X149.755 Y94.016 E2144.64118
G1 F3015.1 X148.935 Y92.925 E2144.68635
G1 F3022.7 X148.083 Y91.871 E2144.73109
G1 F3030.3 X147.202 Y90.858 E2144.7753
G1 F3022.7 X146.27 Y89.856 E2144.82047
G1 F3015.1 X145.317 Y88.896 E2144.86524
G1 X144.336 Y87.975 E2144.90977
G1 X143.311 Y87.074 E2144.95493
G1 X142.27 Y86.222 E2144.99945
G1 X141.185 Y85.39 E2145.0447
G1 F3022.7 X140.083 Y84.606 E2145.08934
G1 X138.962 Y83.862 E2145.13375
G1 F3015.1 X137.808 Y83.154 E2145.17856
G1 X136.618 Y82.479 E2145.22384
G1 X135.42 Y81.852 E2145.26858
G1 F3030.3 X134.21 Y81.266 E2145.31285
G1 X132.96 Y80.718 E2145.35779
G1 X131.702 Y80.212 E2145.40244
G1 X130.435 Y79.757 E2145.44677
G1 F3015.1 X129.138 Y79.335 E2145.49191
G1 X127.847 Y78.965 E2145.53635
G1 X126.528 Y78.635 E2145.58135
G1 X125.194 Y78.349 E2145.6265
G1 X123.871 Y78.112 E2145.67098
G1 F3022.7 X122.521 Y77.916 E2145.71601
G1 F3030.3 X121.178 Y77.771 E2145.76049
G1 X119.836 Y77.666 E2145.80481
G1 X118.468 Y77.61 E2145.84989
G1 F3015.1 X117.121 Y77.601 E2145.89447
G1 X115.758 Y77.638 E2145.9396
G1 F3030.3 X114.408 Y77.718 E2145.98413
G1 X113.069 Y77.846 E2146.02842
G1 F3015.1 X111.581 Y78.042 E2146.07809
G1 F3007.5 X110.376 Y78.239 E2146.11859
G1 F3015.1 X109.049 Y78.505 E2146.16338
G1 X107.739 Y78.81 E2146.2079
G1 F3030.3 X106.537 Y79.132 E2146.24887
G1 F3015.1 X105.137 Y79.561 E2146.29733
G1 F3007.5 X103.847 Y80.007 E2146.34261
G1 F3000 X102.588 Y80.489 E2146.38745
G1 F3015.1 X101.331 Y81.021 E2146.43262
G1 F3022.7 X100.1 Y81.592 E2146.47742
G1 X98.902 Y82.199 E2146.52175
G1 F3015.1 X97.716 Y82.849 E2146.56651
G1 X96.538 Y83.549 E2146.61186
G1 X95.4 Y84.28 E2146.65662
G1 X94.283 Y85.048 E2146.70148
G1 X93.205 Y85.848 E2146.7459
G1 F3007.5 X92.136 Y86.7 E2146.79126
G1 F3015.1 X91.103 Y87.576 E2146.83608
G1 X90.113 Y88.481 E2146.88047
G1 F3007.5 X89.136 Y89.437 E2146.92582
G1 F3000 X88.204 Y90.41 E2146.97063
G1 F3007.5 X87.303 Y91.419 E2147.01551
G1 X86.427 Y92.468 E2147.06085
G1 F3015.1 X85.595 Y93.538 E2147.10571
G1 X84.799 Y94.635 E2147.15056
G1 X84.042 Y95.756 E2147.19533
G1 X83.323 Y96.906 E2147.24021
G1 F3000 X82.65 Y98.072 E2147.28499
G1 X82.004 Y99.273 E2147.33035
G1 X81.404 Y100.491 E2147.37551
G1 X80.85 Y101.726 E2147.42053
G1 X80.335 Y102.98 E2147.46561
G1 F3007.5 X79.861 Y104.25 E2147.51059
G1 X79.435 Y105.532 E2147.55541
G1 F3000 X79.059 Y106.808 E2147.59965
G1 X78.718 Y108.117 E2147.64464
G1 F2992.5 X78.425 Y109.426 E2147.68937
G1 F3000 X78.164 Y110.798 E2147.73582
G1 X77.971 Y112.064 E2147.77841
G1 F3007.5 X77.803 Y113.484 E2147.82585
G1 F3000 X77.687 Y114.835 E2147.87095
G1 F2992.5 X77.62 Y116.19 E2147.91619
G1 F3000 X77.601 Y117.552 E2147.96149
G1 F3007.5 X77.625 Y118.888 E2148.00583
G1 F3000 X77.692 Y120.238 E2148.05078
G1 F3015.1 X77.81 Y121.589 E2148.09566
G1 X77.974 Y122.948 E2148.14096
G1 X78.179 Y124.275 E2148.1854
G1 X78.432 Y125.605 E2148.2302
G1 X78.733 Y126.94 E2148.27549
G1 X79.071 Y128.238 E2148.31988
G1 X79.461 Y129.538 E2148.3648
G1 X79.891 Y130.823 E2148.40964
G1 X80.365 Y132.09 E2148.45441
G1 X80.89 Y133.363 E2148.49998
G1 F3007.5 X81.442 Y134.579 E2148.54428
G1 F3015.1 X82.042 Y135.792 E2148.58907
G1 F3030.3 X82.689 Y136.998 E2148.63413
G1 X83.364 Y138.16 E2148.67838
G1 F3022.7 X84.088 Y139.306 E2148.72313
G1 X84.851 Y140.433 E2148.76806
G1 X85.643 Y141.521 E2148.81248
G1 F3015.1 X86.479 Y142.591 E2148.85742
G1 X87.347 Y143.628 E2148.90217
G1 X88.252 Y144.637 E2148.94703
G1 X89.2 Y145.622 E2148.99227
G1 X90.161 Y146.559 E2149.03669
G1 X91.166 Y147.472 E2149.08162
G1 X92.207 Y148.356 E2149.12682
G1 X93.26 Y149.189 E2149.17125
G1 X94.358 Y150 E2149.21643
G1 F3022.7 X95.475 Y150.768 E2149.26117
G1 F3015.1 X96.609 Y151.492 E2149.3057
G1 X97.775 Y152.18 E2149.3505
G1 X98.972 Y152.835 E2149.39566
G1 X100.175 Y153.438 E2149.44019
G1 F3022.7 X101.412 Y154.012 E2149.48521
G1 F3015.1 X102.667 Y154.536 E2149.53022
G1 X103.921 Y155.014 E2149.57463
G1 X105.203 Y155.453 E2149.61947
G1 X106.497 Y155.85 E2149.66427
G1 F3030.3 X107.692 Y156.175 E2149.70504
G1 X109.127 Y156.506 E2149.75354
G1 F3015.1 X110.461 Y156.771 E2149.79855
G1 X111.804 Y156.988 E2149.84357
G1 F3030.3 X113.119 Y157.157 E2149.88722
G1 F3015.1 X114.666 Y157.295 E2149.93862
G1 F3000 X116.013 Y157.368 E2149.98349
G1 X117.344 Y157.395 E2150.02777
G1 F3015.1 X117.5 Y157.393 E2150.03293
;MESH:NONMESH
G0 F300 X117.5 Y157.393 Z2.4
G0 F15000 X117.5 Y157.795
;TIME_ELAPSED:2070.272726
;LAYER:11
;TYPE:WALL-OUTER
;MESH:Base.stl
G1 F3000 X116.242 Y157.776 E2150.07478
G1 X114.401 Y157.68 E2150.13609
G1 F2985.1 X113.634 Y157.612 E2150.16183
G1 X112.333 Y157.464 E2150.2056
G1 X110.991 Y157.268 E2150.25093
G1 F2970.3 X109.671 Y157.03 E2150.29599
G1 F2977.7 X108.345 Y156.741 E2150.34147
G1 F2985.1 X107.031 Y156.414 E2150.38673
G1 X105.718 Y156.035 E2150.43241
G1 F2977.7 X104.432 Y155.617 E2150.47772
G1 X103.158 Y155.156 E2150.52312
G1 X101.901 Y154.655 E2150.56847
G1 F2985.1 X100.672 Y154.114 E2150.61335
G1 X99.441 Y153.521 E2150.65903
G1 X98.251 Y152.9 E2150.70389
G1 X97.064 Y152.228 E2150.74949
G1 X95.906 Y151.523 E2150.7948
G1 X94.776 Y150.779 E2150.84003
G1 F2977.7 X93.669 Y149.995 E2150.88548
G1 X92.595 Y149.179 E2150.93068
G1 F2985.1 X91.548 Y148.327 E2150.9758
G1 F2970.3 X90.47 Y147.391 E2151.02376
G1 F2963 X89.615 Y146.592 E2151.06317
G1 F2970.3 X88.571 Y145.553 E2151.11265
G1 F2977.7 X87.648 Y144.571 E2151.15781
G1 F2985.1 X86.759 Y143.555 E2151.20294
G1 X85.944 Y142.565 E2151.2458
G1 F2977.7 X85.076 Y141.43 E2151.29368
G1 F2970.3 X84.292 Y140.327 E2151.33914
G1 X83.539 Y139.194 E2151.38484
G1 F2985.1 X82.83 Y138.039 E2151.43014
G1 X82.158 Y136.866 E2151.47533
G1 F2977.7 X81.533 Y135.676 E2151.52037
G1 F2992.5 X80.939 Y134.446 E2151.56591
G1 F3000 X80.39 Y133.209 E2151.61093
G1 F2992.5 X79.884 Y131.954 E2151.65605
G1 F2985.1 X79.419 Y130.68 E2151.70138
G1 X78.997 Y129.395 E2151.74659
G1 X78.588 Y127.991 E2151.79547
G1 F2977.7 X78.285 Y126.78 E2151.8373
G1 X77.994 Y125.459 E2151.88263
G1 F2985.1 X77.751 Y124.129 E2151.92782
G1 F2977.7 X77.549 Y122.788 E2151.97327
G1 F2985.1 X77.396 Y121.442 E2152.01855
G1 X77.277 Y120.026 E2152.06605
G1 X77.22 Y118.74 E2152.10907
G1 F2992.5 X77.2 Y117.397 E2152.15386
G1 F3000 X77.228 Y116.045 E2152.19884
G1 F2985.1 X77.289 Y114.766 E2152.24164
G1 X77.432 Y113.195 E2152.29437
G1 F2992.5 X77.575 Y111.999 E2152.33453
G1 F3000 X77.769 Y110.76 E2152.37624
G1 X78.036 Y109.331 E2152.42459
G1 X78.334 Y108.009 E2152.46967
G1 X78.66 Y106.753 E2152.51283
G1 X79.046 Y105.442 E2152.55828
G1 F3015.1 X79.478 Y104.144 E2152.60355
G1 X79.952 Y102.861 E2152.64882
G1 F3000 X80.359 Y101.856 E2152.68488
G1 F2985.1 X81.025 Y100.36 E2152.73962
G1 F3000 X81.621 Y99.146 E2152.7846
G1 X82.259 Y97.952 E2152.82963
G1 X82.942 Y96.765 E2152.87517
G1 X83.651 Y95.627 E2152.91977
G1 X84.407 Y94.5 E2152.96491
G1 X85.195 Y93.403 E2153.00983
G1 F2992.5 X86.031 Y92.324 E2153.05534
G1 X86.887 Y91.289 E2153.10013
G1 F2985.1 X87.787 Y90.274 E2153.14547
G1 X88.718 Y89.291 E2153.19073
G1 X89.681 Y88.34 E2153.23597
G1 X90.676 Y87.424 E2153.28117
G1 F2992.5 X91.703 Y86.54 E2153.32636
G1 F2985.1 X92.761 Y85.685 E2153.37183
G1 X93.84 Y84.876 E2153.41691
G1 X94.958 Y84.093 E2153.46253
G1 F2977.7 X96.085 Y83.36 E2153.50758
G1 X97.243 Y82.66 E2153.55292
G1 X98.425 Y81.999 E2153.5983
G1 X99.639 Y81.374 E2153.64406
G1 F2970.3 X100.86 Y80.794 E2153.68947
G1 F2977.7 X102.091 Y80.262 E2153.73441
G1 F2970.3 X103.253 Y79.798 E2153.77644
G1 X104.629 Y79.308 E2153.82551
G1 F2985.1 X105.919 Y78.901 E2153.87072
G1 F2992.5 X107.234 Y78.53 E2153.91628
G1 F2985.1 X108.546 Y78.205 E2153.96146
G1 F2970.3 X109.963 Y77.907 E2154.0101
G1 X111.166 Y77.7 E2154.05111
G1 X112.539 Y77.505 E2154.09769
G1 F2977.7 X113.884 Y77.36 E2154.14302
G1 F2985.1 X115.244 Y77.261 E2154.18861
G1 F2970.3 X116.598 Y77.21 E2154.23412
G1 F2977.7 X117.942 Y77.202 E2154.27916
G1 F2985.1 X119.292 Y77.24 E2154.3243
G1 X120.658 Y77.325 E2154.37005
G1 F2977.7 X121.995 Y77.453 E2154.41506
G1 F2985.1 X123.348 Y77.627 E2154.46066
G1 F2992.5 X124.681 Y77.845 E2154.50569
G1 X126 Y78.109 E2154.55055
G1 F2985.1 X127.328 Y78.416 E2154.59611
G1 F2977.7 X128.625 Y78.766 E2154.64112
G1 F2985.1 X129.932 Y79.167 E2154.68682
G1 X131.212 Y79.605 E2154.73204
G1 X132.466 Y80.082 E2154.77689
G1 X133.716 Y80.608 E2154.82222
G1 X134.945 Y81.173 E2154.86744
G1 X136.168 Y81.786 E2154.91317
G1 F2977.7 X137.357 Y82.43 E2154.95848
G1 F2985.1 X138.52 Y83.118 E2155.00364
G1 X139.655 Y83.839 E2155.04859
G1 X140.774 Y84.604 E2155.0939
G1 F2970.3 X141.867 Y85.403 E2155.13938
G1 F2977.7 X142.939 Y86.247 E2155.1851
G1 F2985.1 X143.966 Y87.111 E2155.22996
G1 F2977.7 X144.972 Y88.018 E2155.27535
G1 F2985.1 X145.948 Y88.957 E2155.32062
G1 X146.899 Y89.935 E2155.36622
G1 X147.799 Y90.931 E2155.41109
G1 F2977.7 X148.634 Y91.91 E2155.45421
G1 F2970.3 X149.577 Y93.104 E2155.50532
G1 F2977.7 X150.327 Y94.127 E2155.54783
G1 F2985.1 X151.087 Y95.233 E2155.59268
G1 X151.815 Y96.371 E2155.63784
G1 X152.507 Y97.537 E2155.68316
G1 X153.161 Y98.735 E2155.72879
G1 X153.766 Y99.933 E2155.77365
G1 X154.339 Y101.167 E2155.81913
G1 X154.865 Y102.409 E2155.86421
G1 F2992.5 X155.351 Y103.671 E2155.9093
G1 F2985.1 X155.795 Y104.952 E2155.95462
G1 X156.198 Y106.258 E2156.00031
G1 X156.553 Y107.551 E2156.04513
G1 X156.863 Y108.869 E2156.09039
G1 X157.13 Y110.198 E2156.1357
G1 F2992.5 X157.354 Y111.532 E2156.1808
G1 F2985.1 X157.528 Y112.837 E2156.22481
G1 F2977.7 X157.675 Y114.305 E2156.27425
G1 F2985.1 X157.741 Y115.37 E2156.30991
G1 F3000 X157.795 Y116.928 E2156.36176
G1 F2985.1 X157.791 Y118.281 E2156.40699
G1 F3000 X157.741 Y119.634 E2156.45202
G1 X157.644 Y120.997 E2156.49747
G1 X157.509 Y122.329 E2156.542
G1 F2992.5 X157.317 Y123.718 E2156.58875
G1 X157.091 Y125.009 E2156.63245
G1 F2985.1 X156.843 Y126.24 E2156.67443
G1 X156.499 Y127.651 E2156.72298
G1 F3000 X156.137 Y128.952 E2156.76789
G1 F3007.5 X155.687 Y130.362 E2156.81699
G1 X155.289 Y131.492 E2156.85674
G1 X154.795 Y132.768 E2156.90214
G1 F2992.5 X154.374 Y133.759 E2156.93804
G1 F2977.7 X154.367 Y133.758 E2156.93828
G1 F2985.1 X153.677 Y135.253 E2156.99331
G1 F3000 X153.06 Y136.459 E2157.03837
G1 F3007.5 X152.405 Y137.64 E2157.08318
G1 F3015.1 X151.671 Y138.853 E2157.1301
G1 F3000 X150.986 Y139.918 E2157.17221
G1 F2992.5 X150.199 Y141.053 E2157.21826
G1 X149.387 Y142.139 E2157.26348
G1 X148.535 Y143.205 E2157.30898
G1 X147.659 Y144.225 E2157.35381
G1 X146.748 Y145.22 E2157.39879
G1 F3000 X145.79 Y146.196 E2157.44428
G1 X144.818 Y147.122 E2157.48893
G1 F2992.5 X143.806 Y148.023 E2157.53411
G1 F2985.1 X142.82 Y148.849 E2157.57711
G1 F2992.5 X141.614 Y149.782 E2157.62795
G1 F3000 X140.591 Y150.523 E2157.66996
G1 F2985.1 X139.481 Y151.274 E2157.71476
G1 X138.33 Y151.994 E2157.76014
G1 F2970.3 X137.24 Y152.633 E2157.80258
G1 F2985.1 X135.97 Y153.313 E2157.85074
G1 F2992.5 X134.745 Y153.92 E2157.89632
G1 F2985.1 X133.51 Y154.478 E2157.94162
G1 F2977.7 X132.101 Y155.062 E2157.99273
G1 F2970.3 X132.094 Y155.055 E2157.99306
G1 X131.103 Y155.433 E2158.02869
G1 F2977.7 X129.722 Y155.899 E2158.07753
G1 F2985.1 X128.419 Y156.286 E2158.12297
G1 X127.103 Y156.636 E2158.16849
G1 X125.781 Y156.935 E2158.21379
G1 X124.464 Y157.19 E2158.25863
G1 X123.122 Y157.401 E2158.30404
G1 X121.916 Y157.552 E2158.34467
G1 X120.692 Y157.668 E2158.38577
G1 F3000 X120.172 Y157.708 E2158.40311
G1 X118.86 Y157.776 E2158.44681
G1 F2992.5 X117.551 Y157.796 E2158.49046
G1 F3000 X117.5 Y157.795 E2158.49216
G0 F15000 X117.5 Y157.394
G1 F3015.1 X118.727 Y157.379 E2158.53277
G1 X120.066 Y157.315 E2158.57713
G1 F3022.7 X121.236 Y157.222 E2158.61587
G1 F3030.3 X122.63 Y157.065 E2158.66207
G1 X124.001 Y156.864 E2158.70769
G1 F3022.7 X125.292 Y156.628 E2158.75101
G1 F3015.1 X126.63 Y156.338 E2158.79632
G1 F3022.7 X127.937 Y156.005 E2158.84085
G1 F3015.1 X129.235 Y155.631 E2158.88555
G1 X130.534 Y155.209 E2158.93075
G1 F2992.5 X132.002 Y154.666 E2158.98294
G1 X133.051 Y154.241 E2159.02068
G1 F3015.1 X134.301 Y153.686 E2159.06594
G1 X135.515 Y153.099 E2159.11056
G1 X136.706 Y152.469 E2159.15515
G1 F3000 X137.895 Y151.79 E2159.20069
G1 F3007.5 X139.037 Y151.086 E2159.2452
G1 F3015.1 X140.175 Y150.326 E2159.29049
G1 X141.276 Y149.538 E2159.3353
G1 X142.406 Y148.666 E2159.38253
G1 X143.395 Y147.85 E2159.42497
G1 X144.404 Y146.962 E2159.46945
G1 X145.396 Y146.025 E2159.51461
G1 X146.35 Y145.06 E2159.55951
G1 X147.263 Y144.071 E2159.60406
G1 X148.155 Y143.039 E2159.6492
G1 F3007.5 X149.004 Y141.981 E2159.6942
G1 F3015.1 X149.811 Y140.908 E2159.73864
G1 X150.592 Y139.786 E2159.78388
G1 X151.315 Y138.672 E2159.82783
G1 X152.031 Y137.491 E2159.87353
G1 F3000 X152.839 Y136.024 E2159.92924
G1 X153.31 Y135.094 E2159.96391
G1 F3015.1 X153.879 Y133.876 E2160.0084
G1 F3022.7 X154.419 Y132.634 E2160.05311
G1 F3007.5 X154.903 Y131.385 E2160.09755
G1 F3015.1 X155.356 Y130.098 E2160.1427
G1 X155.755 Y128.838 E2160.18644
G1 X156.129 Y127.49 E2160.23274
G1 F3000 X156.445 Y126.171 E2160.27785
G1 F2992.5 X156.716 Y124.845 E2160.32297
G1 F3000 X156.942 Y123.522 E2160.36761
G1 X157.126 Y122.167 E2160.4131
G1 F3015.1 X157.259 Y120.82 E2160.45789
G1 X157.35 Y119.478 E2160.5024
G1 X157.392 Y118.114 E2160.54757
G1 F3000 X157.392 Y116.756 E2160.59273
G1 X157.343 Y115.401 E2160.63783
G1 X157.251 Y114.05 E2160.68287
G1 F3007.5 X157.111 Y112.711 E2160.72753
G1 F3015.1 X156.925 Y111.361 E2160.77263
G1 X156.692 Y110.026 E2160.81748
G1 X156.419 Y108.711 E2160.86193
G1 X156.097 Y107.381 E2160.90721
G1 F3007.5 X155.728 Y106.077 E2160.95218
G1 F3000 X155.318 Y104.784 E2160.99729
G1 F3015.1 X154.867 Y103.51 E2161.04202
G1 X154.369 Y102.251 E2161.08682
G1 F3022.7 X153.83 Y101.005 E2161.13164
G1 F3030.3 X153.255 Y99.795 E2161.17575
G1 F3015.1 X152.625 Y98.58 E2161.22104
G1 X151.966 Y97.395 E2161.26591
G1 F3022.7 X151.262 Y96.237 E2161.31065
G1 F3030.3 X150.526 Y95.111 E2161.35495
G1 F3022.7 X149.739 Y93.993 E2161.40008
G1 X148.927 Y92.913 E2161.44468
G1 F3015.1 X148.071 Y91.861 E2161.48957
G1 X147.186 Y90.838 E2161.53433
G1 F3022.7 X146.27 Y89.853 E2161.57873
G1 X145.313 Y88.892 E2161.6235
G1 F3015.1 X144.316 Y87.958 E2161.66872
G1 F3022.7 X143.299 Y87.063 E2161.71344
G1 F3030.3 X142.25 Y86.206 E2161.75804
G1 F3022.7 X141.185 Y85.39 E2161.80233
G1 X140.067 Y84.598 E2161.84756
G1 F3030.3 X138.95 Y83.855 E2161.89173
G1 X137.796 Y83.147 E2161.93631
G1 F3022.7 X136.606 Y82.471 E2161.98149
G1 F3015.1 X135.404 Y81.844 E2162.02635
G1 F3022.7 X134.194 Y81.261 E2162.07069
G1 X132.944 Y80.71 E2162.11579
G1 X131.686 Y80.207 E2162.16051
G1 X130.42 Y79.749 E2162.20495
G1 F3015.1 X129.121 Y79.33 E2162.25012
G1 X127.831 Y78.96 E2162.29453
G1 X126.517 Y78.631 E2162.33936
G1 F3022.7 X125.182 Y78.346 E2162.38442
G1 F3030.3 X123.859 Y78.109 E2162.42868
G1 X122.504 Y77.915 E2162.47375
G1 F3015.1 X121.162 Y77.77 E2162.51842
G1 F3022.7 X119.82 Y77.666 E2162.56286
G1 F3030.3 X118.452 Y77.61 E2162.60794
G1 F3022.7 X117.105 Y77.601 E2162.6524
G1 F3015.1 X115.742 Y77.638 E2162.69753
G1 F3022.7 X114.392 Y77.718 E2162.74217
G1 F3015.1 X113.053 Y77.846 E2162.78669
G1 F3000 X111.569 Y78.045 E2162.83649
G1 X110.36 Y78.242 E2162.87723
G1 X109.033 Y78.508 E2162.92224
G1 F3015.1 X107.727 Y78.814 E2162.96663
G1 F3030.3 X106.521 Y79.137 E2163.00774
G1 X105.121 Y79.566 E2163.05596
G1 F3015.1 X103.831 Y80.012 E2163.10113
G1 X102.576 Y80.494 E2163.14562
G1 X101.318 Y81.028 E2163.19085
G1 F3007.5 X100.088 Y81.599 E2163.23584
G1 X98.89 Y82.206 E2163.28039
G1 X97.704 Y82.857 E2163.32528
G1 X96.526 Y83.556 E2163.37072
G1 X95.388 Y84.288 E2163.41562
G1 F3015.1 X94.283 Y85.048 E2163.46
G1 X93.181 Y85.864 E2163.50538
G1 X92.124 Y86.708 E2163.55014
G1 X91.102 Y87.58 E2163.5946
G1 F3007.5 X90.093 Y88.5 E2163.6399
G1 F3000 X89.124 Y89.449 E2163.68501
G1 X88.196 Y90.418 E2163.72964
G1 F3007.5 X87.291 Y91.431 E2163.77471
G1 X86.418 Y92.48 E2163.81998
G1 F3000 X85.586 Y93.549 E2163.86504
G1 X84.79 Y94.647 E2163.91015
G1 F3007.5 X84.034 Y95.768 E2163.955
G1 F3015.1 X83.315 Y96.918 E2163.99989
G1 F3000 X82.638 Y98.092 E2164.04496
G1 X81.996 Y99.289 E2164.09014
G1 X81.4 Y100.504 E2164.13515
G1 F3022.7 X80.845 Y101.739 E2164.17985
G1 F3030.3 X80.327 Y102.992 E2164.22449
G1 F3015.1 X79.862 Y104.249 E2164.26885
G1 X79.438 Y105.523 E2164.31328
G1 F3000 X79.048 Y106.847 E2164.35919
G1 F3007.5 X78.722 Y108.104 E2164.40227
G1 F3000 X78.413 Y109.484 E2164.44931
G1 X78.179 Y110.729 E2164.49144
G1 X77.958 Y112.145 E2164.53911
G1 X77.802 Y113.501 E2164.58451
G1 X77.687 Y114.851 E2164.62957
G1 X77.621 Y116.202 E2164.67456
G1 F3015.1 X77.601 Y117.564 E2164.71964
G1 X77.625 Y118.904 E2164.76399
G1 X77.693 Y120.254 E2164.80872
G1 X77.813 Y121.606 E2164.85364
G1 F3000 X77.977 Y122.964 E2164.89914
G1 X78.183 Y124.291 E2164.9438
G1 F3007.5 X78.436 Y125.622 E2164.98875
G1 F3000 X78.737 Y126.949 E2165.03401
G1 F3007.5 X79.075 Y128.254 E2165.07873
G1 F3015.1 X79.465 Y129.553 E2165.12362
G1 X79.895 Y130.835 E2165.16837
G1 F3022.7 X80.37 Y132.106 E2165.21316
G1 X80.892 Y133.368 E2165.25824
G1 F3030.3 X81.447 Y134.594 E2165.30255
G1 F3022.7 X82.049 Y135.809 E2165.34731
G1 F3015.1 X82.697 Y137.011 E2165.3925
G1 X83.372 Y138.172 E2165.43695
G1 F3022.7 X84.096 Y139.318 E2165.4817
G1 F3015.1 X84.907 Y140.509 E2165.52938
G1 X85.659 Y141.541 E2165.57164
G1 X86.487 Y142.603 E2165.6162
G1 X87.356 Y143.64 E2165.66098
G1 X88.264 Y144.649 E2165.7059
G1 X89.2 Y145.626 E2165.75068
G1 F3007.5 X90.18 Y146.576 E2165.79596
G1 F3000 X91.174 Y147.479 E2165.84063
G1 F3015.1 X92.207 Y148.356 E2165.88547
G1 F3022.7 X93.272 Y149.2 E2165.93033
G1 F3015.1 X94.37 Y150.008 E2165.97544
G1 X95.487 Y150.776 E2166.0203
G1 F3030.3 X96.621 Y151.499 E2166.06459
G1 X97.791 Y152.187 E2166.10928
G1 X98.989 Y152.842 E2166.15424
G1 X100.187 Y153.445 E2166.1984
G1 X101.429 Y154.017 E2166.24342
G1 F3015.1 X102.679 Y154.54 E2166.28827
G1 X103.933 Y155.018 E2166.33268
G1 X105.215 Y155.457 E2166.37752
G1 X106.521 Y155.858 E2166.42274
G1 F3030.3 X107.833 Y156.208 E2166.46745
G1 F3022.7 X109.139 Y156.51 E2166.5117
G1 F3015.1 X110.477 Y156.775 E2166.55684
G1 X111.816 Y156.989 E2166.60171
G1 X113.038 Y157.149 E2166.6425
G1 X114.169 Y157.259 E2166.6801
G1 X114.745 Y157.302 E2166.69922
G1 X116.078 Y157.371 E2166.74339
G1 X117.404 Y157.395 E2166.78728
G1 X117.5 Y157.394 E2166.79046
;MESH:NONMESH
G0 F300 X117.5 Y157.394 Z2.6
G0 F15000 X117.5 Y157.796
;TIME_ELAPSED:2080.804484
;LAYER:12
;TYPE:WALL-OUTER
;MESH:Base.stl
G1 F3015.1 X116.146 Y157.774 E2166.83527
G1 F3000 X115.075 Y157.727 E2166.87093
G1 F2985.1 X113.79 Y157.627 E2166.91401
G1 X112.317 Y157.461 E2166.96356
G1 X110.979 Y157.265 E2167.00876
G1 F2977.7 X109.659 Y157.026 E2167.05371
G1 F2970.3 X108.333 Y156.74 E2167.09928
G1 F2977.7 X107.019 Y156.41 E2167.14468
G1 F2985.1 X105.71 Y156.032 E2167.19022
G1 X104.421 Y155.615 E2167.23551
G1 X103.146 Y155.153 E2167.28084
G1 F2977.7 X101.89 Y154.65 E2167.32618
G1 X100.56 Y154.061 E2167.37492
G1 F2970.3 X99.718 Y153.67 E2167.40611
G1 F2948.4 X99.717 Y153.662 E2167.40638
G1 F2963 X98.24 Y152.896 E2167.46241
G1 F2977.7 X97.054 Y152.224 E2167.50809
G1 F2985.1 X95.898 Y151.516 E2167.5534
G1 F3000 X94.768 Y150.772 E2167.5984
G1 X93.661 Y149.988 E2167.64352
G1 F2985.1 X92.583 Y149.171 E2167.68873
G1 X91.532 Y148.315 E2167.73404
G1 F2977.7 X90.462 Y147.384 E2167.78157
G1 F2970.3 X89.606 Y146.585 E2167.8209
G1 X88.563 Y145.545 E2167.87038
G1 X87.64 Y144.563 E2167.91565
G1 X86.747 Y143.544 E2167.96117
G1 F2977.7 X85.936 Y142.557 E2168.00398
G1 F2985.1 X85.068 Y141.418 E2168.05184
G1 F2977.7 X84.285 Y140.316 E2168.09714
G1 X83.535 Y139.186 E2168.14259
G1 F2985.1 X82.826 Y138.032 E2168.18786
G1 F2977.7 X82.154 Y136.854 E2168.23331
G1 F2970.3 X81.529 Y135.664 E2168.27846
G1 X80.936 Y134.437 E2168.32424
G1 F2977.7 X80.387 Y133.2 E2168.36959
G1 F2992.5 X79.88 Y131.943 E2168.41479
G1 X79.415 Y130.669 E2168.46001
G1 F2985.1 X78.993 Y129.383 E2168.50525
G1 F2970.3 X78.584 Y127.979 E2168.55437
G1 F2977.7 X78.284 Y126.772 E2168.59605
G1 F2992.5 X77.993 Y125.451 E2168.64115
G1 F2985.1 X77.747 Y124.118 E2168.68646
G1 X77.547 Y122.775 E2168.73185
G1 X77.392 Y121.431 E2168.77707
G1 X77.277 Y120.014 E2168.82459
G1 X77.22 Y118.728 E2168.86762
G1 F2992.5 X77.2 Y117.385 E2168.91241
G1 F3000 X77.228 Y116.034 E2168.95735
G1 X77.292 Y114.754 E2168.99998
G1 F2985.1 X77.433 Y113.184 E2169.05267
G1 X77.579 Y111.986 E2169.09301
G1 F3000 X77.786 Y110.649 E2169.13801
G1 X78.04 Y109.319 E2169.18304
G1 X78.315 Y108.081 E2169.22522
G1 F3007.5 X78.679 Y106.68 E2169.27325
G1 F3000 X79.063 Y105.384 E2169.3182
G1 X79.532 Y103.994 E2169.367
G1 F3007.5 X79.962 Y102.834 E2169.40804
G1 F2992.5 X80.364 Y101.844 E2169.44367
G1 F2985.1 X81.023 Y100.36 E2169.49794
G1 F3000 X81.629 Y99.133 E2169.54346
G1 F3007.5 X82.266 Y97.94 E2169.58833
G1 F3000 X82.946 Y96.758 E2169.63368
G1 X83.659 Y95.616 E2169.67846
G1 F2992.5 X84.412 Y94.493 E2169.72355
G1 F2985.1 X85.203 Y93.394 E2169.76881
G1 F3000 X86.035 Y92.319 E2169.81402
G1 X86.895 Y91.28 E2169.85888
G1 X87.795 Y90.266 E2169.90397
G1 F2985.1 X88.725 Y89.283 E2169.94921
G1 F2992.5 X89.697 Y88.327 E2169.99466
G1 X90.684 Y87.416 E2170.03945
G1 X91.71 Y86.532 E2170.08461
G1 F2985.1 X92.766 Y85.68 E2170.12996
G1 X93.849 Y84.869 E2170.17519
G1 F2970.3 X94.967 Y84.086 E2170.22104
G1 F2977.7 X96.092 Y83.356 E2170.26598
G1 F2985.1 X97.255 Y82.655 E2170.31137
G1 X98.437 Y81.994 E2170.35664
G1 F2992.5 X99.651 Y81.369 E2170.40217
G1 F2985.1 X100.872 Y80.789 E2170.44735
G1 X102.104 Y80.255 E2170.49223
G1 F2970.3 X103.265 Y79.795 E2170.53418
G1 X104.641 Y79.304 E2170.58326
G1 F2985.1 X105.932 Y78.897 E2170.62851
G1 X107.245 Y78.527 E2170.67411
G1 F2977.7 X108.558 Y78.202 E2170.71943
G1 F2970.3 X109.975 Y77.907 E2170.76806
G1 F2977.7 X111.177 Y77.699 E2170.80893
G1 F2985.1 X112.547 Y77.504 E2170.85519
G1 F2977.7 X113.896 Y77.361 E2170.90065
G1 X115.256 Y77.261 E2170.94634
G1 X116.61 Y77.209 E2170.99175
G1 F2985.1 X117.954 Y77.202 E2171.03667
G1 X119.304 Y77.241 E2171.08182
G1 X120.67 Y77.325 E2171.12756
G1 X122.007 Y77.452 E2171.17246
G1 X123.359 Y77.628 E2171.21803
G1 X124.693 Y77.847 E2171.26322
G1 X126.012 Y78.109 E2171.30817
G1 F2977.7 X127.228 Y78.388 E2171.34998
G1 X128.637 Y78.769 E2171.39889
G1 F2985.1 X129.944 Y79.171 E2171.44459
G1 F2977.7 X131.225 Y79.61 E2171.48997
G1 F2970.3 X132.478 Y80.087 E2171.53501
G1 X133.727 Y80.612 E2171.58052
G1 F2985.1 X134.966 Y81.184 E2171.62614
G1 F3000 X136.168 Y81.785 E2171.67084
G1 F2985.1 X137.366 Y82.438 E2171.71644
G1 X138.524 Y83.119 E2171.76135
G1 X139.675 Y83.851 E2171.80694
G1 X140.785 Y84.607 E2171.85184
G1 X141.876 Y85.41 E2171.89712
G1 X142.951 Y86.255 E2171.94282
G1 F2970.3 X143.977 Y87.118 E2171.98786
G1 X144.983 Y88.026 E2172.03338
G1 X145.955 Y88.965 E2172.07878
G1 F2985.1 X146.907 Y89.948 E2172.12453
G1 X147.814 Y90.946 E2172.1696
G1 X148.687 Y91.978 E2172.21479
G1 F2977.7 X149.59 Y93.121 E2172.2636
G1 F2970.3 X150.338 Y94.139 E2172.30604
G1 F2985.1 X151.095 Y95.241 E2172.35073
G1 X151.823 Y96.383 E2172.39599
G1 F3000 X152.513 Y97.55 E2172.44109
G1 F2992.5 X153.169 Y98.744 E2172.48651
G1 F2985.1 X153.774 Y99.945 E2172.53146
G1 F2977.7 X154.342 Y101.172 E2172.57677
G1 F2970.3 X154.872 Y102.421 E2172.62235
G1 F2985.1 X155.355 Y103.683 E2172.66752
G1 X155.8 Y104.965 E2172.71288
G1 F2970.3 X156.169 Y106.146 E2172.75444
G1 X156.584 Y107.675 E2172.80766
G1 X156.866 Y108.881 E2172.84927
G1 F2977.7 X157.134 Y110.209 E2172.89467
G1 F2992.5 X157.354 Y111.548 E2172.93991
G1 F3000 X157.529 Y112.849 E2172.98357
G1 F2977.7 X157.674 Y114.317 E2173.03301
G1 X157.752 Y115.587 E2173.07564
G1 F2992.5 X157.795 Y116.94 E2173.12078
G1 X157.792 Y118.293 E2173.16589
G1 F3000 X157.74 Y119.646 E2173.21093
G1 X157.644 Y121.009 E2173.25637
G1 F2992.5 X157.508 Y122.344 E2173.30112
G1 F3000 X157.295 Y123.826 E2173.35091
G1 F3015.1 X157.087 Y125.022 E2173.39109
G1 F3000 X156.843 Y126.233 E2173.43218
G1 F2992.5 X156.495 Y127.663 E2173.48125
G1 F3000 X156.153 Y128.894 E2173.52374
G1 F3015.1 X155.741 Y130.196 E2173.56894
G1 X155.273 Y131.536 E2173.61591
G1 X154.792 Y132.767 E2173.65965
G1 F2985.1 X154.327 Y133.853 E2173.69914
G1 F2970.3 X154.331 Y133.863 E2173.6995
G1 F2992.5 X153.677 Y135.251 E2173.75066
G1 F3007.5 X153.052 Y136.471 E2173.79614
G1 X152.392 Y137.659 E2173.84122
G1 F3000 X151.677 Y138.847 E2173.88734
G1 F2992.5 X150.978 Y139.929 E2173.93029
G1 F2985.1 X150.191 Y141.064 E2173.97646
G1 F2992.5 X149.379 Y142.147 E2174.02159
G1 F3000 X148.527 Y143.214 E2174.06701
G1 F2992.5 X147.603 Y144.292 E2174.11435
G1 F2985.1 X146.736 Y145.231 E2174.15707
G1 F2992.5 X145.781 Y146.203 E2174.20251
G1 F2985.1 X144.81 Y147.134 E2174.24747
G1 F2992.5 X143.795 Y148.031 E2174.29264
G1 F3000 X142.812 Y148.853 E2174.33526
G1 X141.601 Y149.79 E2174.38618
G1 X140.583 Y150.529 E2174.42802
G1 F2985.1 X139.469 Y151.282 E2174.47297
G1 F2992.5 X138.318 Y152 E2174.5182
G1 F2985.1 X137.228 Y152.639 E2174.56044
G1 X135.958 Y153.32 E2174.60861
G1 X134.733 Y153.926 E2174.65429
G1 F2992.5 X133.499 Y154.483 E2174.69943
G1 F2985.1 X132.073 Y155.073 E2174.75102
G1 F2970.3 X131.091 Y155.437 E2174.7862
G1 X129.705 Y155.903 E2174.83532
G1 F2977.7 X128.407 Y156.29 E2174.88071
G1 F2985.1 X127.091 Y156.64 E2174.92622
G1 X125.769 Y156.939 E2174.97153
G1 X124.448 Y157.193 E2175.0165
G1 F2977.7 X123.11 Y157.404 E2175.06189
G1 F2985.1 X121.92 Y157.553 E2175.10197
G1 X120.734 Y157.667 E2175.1418
G1 X120.149 Y157.708 E2175.1614
G1 F3000 X118.802 Y157.777 E2175.20626
G1 F2992.5 X117.519 Y157.796 E2175.24905
G1 F3000 X117.5 Y157.796 E2175.24968
G0 F15000 X117.5 Y157.396
G1 F3000 X117.519 Y157.396 E2175.25031
G1 X118.784 Y157.376 E2175.29239
G1 F3007.5 X120.114 Y157.311 E2175.33657
G1 F3015.1 X121.469 Y157.199 E2175.38156
G1 F3022.7 X122.558 Y157.077 E2175.41774
G1 F3015.1 X124.118 Y156.842 E2175.46995
G1 X125.218 Y156.647 E2175.50692
G1 F3030.3 X126.635 Y156.338 E2175.55467
G1 F3015.1 X127.954 Y156.001 E2175.59972
G1 X129.247 Y155.627 E2175.64427
G1 X130.546 Y155.202 E2175.6895
G1 X131.808 Y154.743 E2175.73394
G1 F3022.7 X133.063 Y154.236 E2175.77862
G1 X134.316 Y153.682 E2175.82385
G1 F3015.1 X135.528 Y153.091 E2175.86847
G1 X136.733 Y152.456 E2175.91355
G1 F3022.7 X137.899 Y151.788 E2175.95791
G1 F3030.3 X139.049 Y151.077 E2176.00243
G1 F3015.1 X140.187 Y150.318 E2176.0477
G1 X141.28 Y149.534 E2176.09221
G1 X142.353 Y148.71 E2176.13698
G1 F3030.3 X143.406 Y147.841 E2176.18194
G1 F3015.1 X144.417 Y146.95 E2176.22653
G1 F3000 X145.405 Y146.013 E2176.27182
G1 X146.358 Y145.049 E2176.31691
G1 X147.272 Y144.06 E2176.3617
G1 X148.163 Y143.027 E2176.40707
G1 F3007.5 X149.012 Y141.969 E2176.45208
G1 X149.82 Y140.896 E2176.49664
G1 F3000 X150.601 Y139.775 E2176.54208
G1 F2992.5 X151.308 Y138.683 E2176.58546
G1 F3000 X152.035 Y137.479 E2176.63224
G1 F3022.7 X152.825 Y136.056 E2176.68596
G1 X153.313 Y135.088 E2176.72175
G1 F3000 X153.89 Y133.861 E2176.76685
G1 X154.412 Y132.645 E2176.81086
G1 F3015.1 X154.899 Y131.403 E2176.85501
G1 X155.36 Y130.082 E2176.90131
G1 X155.771 Y128.78 E2176.9465
G1 F3000 X156.109 Y127.561 E2176.98857
G1 F2992.5 X156.448 Y126.161 E2177.0366
G1 F3000 X156.719 Y124.828 E2177.08184
G1 F3030.3 X156.945 Y123.498 E2177.12626
G1 F3015.1 X157.127 Y122.151 E2177.17125
G1 X157.262 Y120.804 E2177.21605
G1 F3022.7 X157.35 Y119.461 E2177.26048
G1 F3015.1 X157.395 Y118.099 E2177.30557
G1 X157.391 Y116.739 E2177.35058
G1 X157.343 Y115.389 E2177.39529
G1 F3007.5 X157.247 Y114.034 E2177.44035
G1 X157.11 Y112.7 E2177.48485
G1 F3015.1 X156.921 Y111.348 E2177.53002
G1 X156.692 Y110.022 E2177.57456
G1 F3000 X156.412 Y108.686 E2177.61996
G1 F3007.5 X156.093 Y107.369 E2177.66491
G1 F3000 X155.725 Y106.061 E2177.71011
G1 X155.314 Y104.771 E2177.75514
G1 F3015.1 X154.859 Y103.493 E2177.80003
G1 X154.362 Y102.234 E2177.84483
G1 F3007.5 X153.823 Y100.992 E2177.88974
G1 F3015.1 X153.244 Y99.771 E2177.93447
G1 X152.621 Y98.565 E2177.97939
G1 F3030.3 X151.957 Y97.383 E2178.02403
G1 X151.262 Y96.233 E2178.06827
G1 X150.514 Y95.091 E2178.11322
G1 F3015.1 X149.731 Y93.981 E2178.15818
G1 X148.915 Y92.9 E2178.203
G1 F3022.7 X148.062 Y91.85 E2178.24766
G1 F3030.3 X147.182 Y90.834 E2178.29192
G1 F3022.7 X146.249 Y89.836 E2178.33702
G1 F3015.1 X145.301 Y88.883 E2178.3815
G1 X144.309 Y87.947 E2178.42664
G1 X143.287 Y87.054 E2178.47155
G1 X142.238 Y86.194 E2178.51644
G1 F3030.3 X141.173 Y85.379 E2178.5606
G1 F3015.1 X140.055 Y84.589 E2178.6059
G1 X138.938 Y83.847 E2178.65028
G1 F3030.3 X137.78 Y83.138 E2178.69499
G1 X136.594 Y82.464 E2178.73991
G1 X135.392 Y81.836 E2178.78456
G1 X134.182 Y81.253 E2178.82879
G1 F3022.7 X132.932 Y80.705 E2178.87384
G1 F3015.1 X131.682 Y80.207 E2178.91837
G1 X130.408 Y79.745 E2178.96322
G1 F3022.7 X129.109 Y79.327 E2179.00827
G1 F3015.1 X127.819 Y78.956 E2179.05269
G1 X126.501 Y78.626 E2179.09765
G1 X125.166 Y78.342 E2179.14282
G1 X123.843 Y78.108 E2179.18729
G1 X122.493 Y77.911 E2179.23244
G1 F3022.7 X121.15 Y77.766 E2179.27703
G1 X119.803 Y77.666 E2179.32161
G1 X118.44 Y77.61 E2179.36665
G1 X117.093 Y77.602 E2179.41111
G1 X115.73 Y77.638 E2179.45612
G1 F3015.1 X114.379 Y77.721 E2179.50092
G1 X113.037 Y77.85 E2179.54553
G1 X111.694 Y78.023 E2179.59034
G1 X110.351 Y78.243 E2179.63538
G1 F3007.5 X109.016 Y78.512 E2179.68056
G1 X107.698 Y78.822 E2179.72548
G1 F3015.1 X106.392 Y79.176 E2179.77026
G1 X105.109 Y79.57 E2179.81468
G1 X103.814 Y80.019 E2179.86004
G1 F3007.5 X102.56 Y80.501 E2179.90461
G1 F3015.1 X101.302 Y81.033 E2179.94981
G1 F3022.7 X100.076 Y81.604 E2179.99446
G1 X98.878 Y82.211 E2180.03879
G1 X97.688 Y82.866 E2180.08363
G1 F3015.1 X96.514 Y83.565 E2180.12885
G1 F3000 X95.375 Y84.295 E2180.17385
G1 X94.27 Y85.059 E2180.21853
G1 X93.173 Y85.871 E2180.26392
G1 F3015.1 X92.112 Y86.716 E2180.30881
G1 X91.09 Y87.588 E2180.35327
G1 X90.081 Y88.513 E2180.39857
G1 X89.113 Y89.457 E2180.44331
G1 X88.179 Y90.438 E2180.48814
G1 F3007.5 X87.283 Y91.439 E2180.53271
G1 F3015.1 X86.407 Y92.492 E2180.57804
G1 F3007.5 X85.578 Y93.561 E2180.62292
G1 F3000 X84.79 Y94.65 E2180.66763
G1 X84.026 Y95.784 E2180.71311
G1 X83.306 Y96.934 E2180.75824
G1 X82.631 Y98.104 E2180.80316
G1 F3007.5 X81.996 Y99.29 E2180.8478
G1 F3000 X81.391 Y100.516 E2180.89327
G1 F3015.1 X80.839 Y101.755 E2180.93816
G1 X80.332 Y102.98 E2180.98203
G1 X79.853 Y104.279 E2181.02785
G1 F3000 X79.445 Y105.504 E2181.07079
G1 X79.071 Y106.75 E2181.11406
G1 F3007.5 X78.706 Y108.162 E2181.16245
G1 F3000 X78.409 Y109.496 E2181.2079
G1 F3007.5 X78.16 Y110.827 E2181.25283
G1 F3000 X77.958 Y112.158 E2181.2976
G1 X77.801 Y113.517 E2181.34311
G1 X77.691 Y114.782 E2181.38534
G1 X77.621 Y116.218 E2181.43316
G1 F3015.1 X77.601 Y117.573 E2181.478
G1 X77.625 Y118.916 E2181.52246
G1 F3007.5 X77.696 Y120.271 E2181.56747
G1 X77.813 Y121.617 E2181.6123
G1 F3015.1 X77.978 Y122.976 E2181.6576
G1 X78.183 Y124.303 E2181.70204
G1 X78.437 Y125.633 E2181.74685
G1 X78.741 Y126.969 E2181.79219
G1 X79.079 Y128.266 E2181.83655
G1 X79.469 Y129.565 E2181.88143
G1 X79.9 Y130.847 E2181.92619
G1 F3030.3 X80.377 Y132.129 E2181.97123
G1 F3022.7 X80.9 Y133.381 E2182.01602
G1 F3015.1 X81.502 Y134.699 E2182.06398
G1 X82.062 Y135.828 E2182.10568
G1 X82.705 Y137.023 E2182.15059
G1 F3022.7 X83.381 Y138.184 E2182.19494
G1 F3030.3 X84.104 Y139.33 E2182.23956
G1 F3015.1 X84.915 Y140.521 E2182.28724
G1 X85.667 Y141.553 E2182.3295
G1 X86.495 Y142.615 E2182.37406
G1 X87.363 Y143.648 E2182.41872
G1 X88.272 Y144.658 E2182.46369
G1 X89.212 Y145.634 E2182.50853
G1 X90.189 Y146.587 E2182.5537
G1 X91.186 Y147.492 E2182.59826
G1 X92.219 Y148.368 E2182.64308
G1 F3022.7 X93.285 Y149.208 E2182.68788
G1 F3030.3 X94.314 Y149.971 E2182.73006
G1 X95.492 Y150.779 E2182.7771
G1 X96.633 Y151.507 E2182.82167
G1 F3022.7 X97.803 Y152.196 E2182.86649
G1 F3015.1 X99.001 Y152.847 E2182.91161
G1 F3007.5 X100.201 Y153.455 E2182.95624
G1 F3000 X101.445 Y154.021 E2183.0017
G1 F3015.1 X102.69 Y154.547 E2183.04642
G1 F3022.7 X103.949 Y155.026 E2183.09089
G1 F3030.3 X105.228 Y155.464 E2183.13541
G1 X106.538 Y155.862 E2183.18049
G1 F3015.1 X107.832 Y156.208 E2183.22482
G1 X109.167 Y156.515 E2183.27015
G1 X110.485 Y156.775 E2183.31461
G1 X111.832 Y156.992 E2183.35976
G1 F3022.7 X113.063 Y157.149 E2183.40073
G1 F3007.5 X114.1 Y157.252 E2183.4353
G1 F2992.5 X114.94 Y157.316 E2183.46339
G1 F3000 X116.15 Y157.375 E2183.50368
G1 F3015.1 X117.5 Y157.396 E2183.54836
G1 F2700 E2178.54836
;MESH:NONMESH
G0 F300 X117.5 Y157.396 Z2.8
G0 F15000 X120.939 Y157.649
;TIME_ELAPSED:2091.608344
;LAYER:13
;note -- min layer time used
;TYPE:WALL-OUTER
;MESH:Base.stl
G1 F2700 E2183.54836
G1 F2956.9 X120.939 Y157.247 E2183.5617
G1 F2964.3 X121.526 Y157.194 E2183.58121
G1 F2979.3 X122.574 Y157.076 E2183.61593
G1 X124.13 Y156.841 E2183.66775
G1 F2971.8 X125.235 Y156.643 E2183.70481
G1 F2979.3 X126.651 Y156.334 E2183.75253
G1 F2964.3 X127.97 Y155.997 E2183.79758
G1 X129.263 Y155.623 E2183.84213
G1 X130.562 Y155.197 E2183.88737
G1 F2956.9 X131.821 Y154.736 E2183.93185
G1 F2934.8 X133.185 Y154.184 E2183.98104
G1 F2949.5 X134.329 Y153.674 E2184.02269
G1 F2964.3 X135.544 Y153.084 E2184.06739
G1 F2956.9 X136.745 Y152.449 E2184.11247
G1 F2949.5 X137.992 Y151.73 E2184.16034
G1 F2964.3 X138.991 Y151.117 E2184.19913
G1 F2971.8 X140.191 Y150.318 E2184.24672
G1 F2964.3 X141.292 Y149.526 E2184.29161
G1 F2971.8 X142.377 Y148.693 E2184.33676
G1 F2964.3 X143.412 Y147.838 E2184.38119
G1 F2949.5 X144.425 Y146.942 E2184.42617
G1 X145.418 Y146.002 E2184.47165
G1 X146.362 Y145.045 E2184.51636
G1 F2934.8 X147.289 Y144.041 E2184.56203
G1 X148.175 Y143.015 E2184.60735
G1 F2949.5 X149.024 Y141.957 E2184.65247
G1 F2956.9 X149.828 Y140.884 E2184.69695
G1 F2949.5 X150.609 Y139.763 E2184.74239
G1 X151.34 Y138.633 E2184.78715
G1 X152.044 Y137.464 E2184.83254
G1 X152.698 Y136.29 E2184.87724
G1 X153.306 Y135.101 E2184.92165
G1 F2964.3 X153.896 Y133.849 E2184.96746
G1 F2971.8 X154.483 Y132.474 E2185.01681
G1 X154.885 Y131.445 E2185.05328
G1 F2979.3 X155.367 Y130.07 E2185.10126
G1 X155.775 Y128.768 E2185.14618
G1 F2964.3 X156.136 Y127.461 E2185.19106
G1 F2949.5 X156.445 Y126.173 E2185.23511
G1 F2956.9 X156.723 Y124.816 E2185.28107
G1 F2964.3 X156.944 Y123.489 E2185.32559
G1 X157.13 Y122.135 E2185.37082
G1 X157.263 Y120.788 E2185.41561
G1 X157.351 Y119.445 E2185.46015
G1 X157.395 Y118.079 E2185.50538
G1 X157.391 Y116.727 E2185.55012
G1 X157.342 Y115.373 E2185.59496
G1 F2956.9 X157.247 Y114.022 E2185.6399
G1 F2949.5 X157.107 Y112.683 E2185.68467
G1 F2964.3 X156.917 Y111.328 E2185.72995
G1 X156.687 Y109.994 E2185.77475
G1 F2971.8 X156.411 Y108.671 E2185.81937
G1 F2964.3 X156.089 Y107.353 E2185.86427
G1 F2949.5 X155.721 Y106.049 E2185.90933
G1 X155.314 Y104.768 E2185.95404
G1 F2964.3 X154.855 Y103.481 E2185.99926
G1 X154.361 Y102.231 E2186.04374
G1 F2956.9 X153.815 Y100.98 E2186.08902
G1 F2964.3 X153.236 Y99.755 E2186.13386
G1 F2971.8 X152.617 Y98.56 E2186.17829
G1 F2964.3 X151.949 Y97.371 E2186.22342
G1 X151.246 Y96.212 E2186.26828
G1 X150.51 Y95.087 E2186.31277
G1 X149.723 Y93.969 E2186.35802
G1 F2971.8 X148.906 Y92.888 E2186.40275
G1 F2964.3 X148.051 Y91.838 E2186.44756
G1 X147.162 Y90.814 E2186.49244
G1 X146.246 Y89.832 E2186.53688
G1 F2971.8 X145.293 Y88.872 E2186.58153
G1 X144.296 Y87.935 E2186.6267
G1 F2964.3 X143.203 Y86.985 E2186.67462
G1 X142.29 Y86.235 E2186.71372
G1 F2979.3 X141.155 Y85.366 E2186.76079
G1 X140.043 Y84.578 E2186.80567
G1 F2964.3 X138.914 Y83.833 E2186.85044
G1 X137.768 Y83.131 E2186.89491
G1 F2971.8 X136.578 Y82.455 E2186.94009
G1 F2934.8 X135.099 Y81.701 E2186.99558
G1 F2927.5 X134.161 Y81.246 E2187.03052
G1 F2964.3 X132.916 Y80.698 E2187.07553
G1 X131.67 Y80.199 E2187.11995
G1 F2971.8 X130.395 Y79.741 E2187.16467
G1 F2979.3 X129.093 Y79.319 E2187.20974
G1 F2971.8 X127.803 Y78.952 E2187.25401
G1 F2964.3 X126.489 Y78.623 E2187.29884
G1 X125.149 Y78.341 E2187.34416
G1 X123.827 Y78.104 E2187.38861
G1 F2971.8 X122.476 Y77.911 E2187.43366
G1 F2964.3 X121.134 Y77.766 E2187.47833
G1 X119.787 Y77.665 E2187.52303
G1 X118.424 Y77.61 E2187.56817
G1 F2971.8 X117.077 Y77.602 E2187.61264
G1 F2979.3 X115.714 Y77.638 E2187.65753
G1 X114.363 Y77.722 E2187.70211
G1 F2971.8 X113.021 Y77.85 E2187.74661
G1 F2964.3 X111.682 Y78.026 E2187.7913
G1 X110.336 Y78.247 E2187.83644
G1 X109.005 Y78.513 E2187.88136
G1 X107.682 Y78.826 E2187.92635
G1 X106.376 Y79.18 E2187.97113
G1 X105.093 Y79.577 E2188.01558
G1 X103.807 Y80.02 E2188.06059
G1 F2949.5 X102.548 Y80.505 E2188.10546
G1 X101.29 Y81.04 E2188.15093
G1 F2964.3 X100.06 Y81.612 E2188.19582
G1 F2949.5 X98.807 Y82.246 E2188.24253
G1 F2942.1 X97.667 Y82.877 E2188.28598
G1 F2956.9 X96.51 Y83.565 E2188.33064
G1 F2964.3 X95.36 Y84.304 E2188.37587
G1 X94.258 Y85.068 E2188.42025
G1 X93.161 Y85.88 E2188.46542
G1 X92.099 Y86.728 E2188.51039
G1 F2956.9 X91.078 Y87.6 E2188.55494
G1 X90.073 Y88.521 E2188.60017
G1 F2949.5 X89.104 Y89.469 E2188.64525
G1 X88.167 Y90.45 E2188.69037
G1 X87.274 Y91.451 E2188.73499
G1 X86.398 Y92.504 E2188.78055
G1 X85.574 Y93.565 E2188.82523
G1 X84.774 Y94.671 E2188.87063
G1 X84.018 Y95.796 E2188.91571
G1 X83.302 Y96.946 E2188.96077
G1 F2942.1 X82.621 Y98.121 E2189.00605
G1 F2949.5 X81.988 Y99.305 E2189.05071
G1 X81.399 Y100.505 E2189.09517
G1 F2964.3 X80.832 Y101.767 E2189.14095
G1 F2971.8 X80.319 Y103.02 E2189.18565
G1 F2949.5 X79.849 Y104.291 E2189.23072
G1 F2956.9 X79.426 Y105.565 E2189.27525
G1 F2964.3 X79.041 Y106.875 E2189.32044
G1 F2956.9 X78.702 Y108.186 E2189.36537
G1 F2949.5 X78.405 Y109.512 E2189.41056
G1 X78.159 Y110.844 E2189.45561
G1 X77.955 Y112.173 E2189.50033
G1 F2964.3 X77.799 Y113.529 E2189.54551
G1 X77.684 Y114.879 E2189.59034
G1 F2956.9 X77.621 Y116.234 E2189.63535
G1 F2964.3 X77.601 Y117.585 E2189.68006
G1 X77.626 Y118.932 E2189.72465
G1 X77.697 Y120.287 E2189.76955
G1 X77.817 Y121.634 E2189.81431
G1 X77.982 Y122.992 E2189.85958
G1 X78.187 Y124.319 E2189.90401
G1 X78.44 Y125.649 E2189.94882
G1 X78.745 Y126.981 E2189.99404
G1 X79.083 Y128.282 E2190.03852
G1 X79.473 Y129.581 E2190.08341
G1 X79.907 Y130.864 E2190.12823
G1 X80.381 Y132.134 E2190.17309
G1 X80.9 Y133.384 E2190.21788
G1 F2971.8 X81.459 Y134.618 E2190.2626
G1 X82.066 Y135.841 E2190.30767
G1 X82.705 Y137.026 E2190.35212
G1 F2979.3 X83.389 Y138.196 E2190.39674
G1 X84.112 Y139.342 E2190.44136
G1 F2964.3 X84.923 Y140.532 E2190.48902
G1 X85.675 Y141.565 E2190.5313
G1 X86.507 Y142.624 E2190.57587
G1 X87.376 Y143.66 E2190.62062
G1 X88.284 Y144.67 E2190.66557
G1 X89.221 Y145.645 E2190.71032
G1 X90.201 Y146.596 E2190.75551
G1 F2956.9 X91.198 Y147.5 E2190.80016
G1 F2964.3 X92.231 Y148.376 E2190.84498
G1 F2971.8 X93.297 Y149.216 E2190.88979
G1 F2979.3 X94.326 Y149.979 E2190.93197
G1 X95.504 Y150.788 E2190.97902
G1 X96.653 Y151.519 E2191.02386
G1 F2971.8 X97.899 Y152.248 E2191.07152
G1 X99.009 Y152.854 E2191.11326
G1 F2964.3 X100.214 Y153.459 E2191.15789
G1 X101.457 Y154.029 E2191.20314
G1 X102.707 Y154.552 E2191.24798
G1 X103.961 Y155.03 E2191.29239
G1 F2979.3 X105.244 Y155.468 E2191.33703
G1 F2971.8 X106.55 Y155.863 E2191.38208
G1 F2964.3 X107.848 Y156.212 E2191.42656
G1 X109.179 Y156.518 E2191.47175
G1 X110.501 Y156.779 E2191.51635
G1 X111.845 Y156.993 E2191.56139
G1 X113.058 Y157.149 E2191.60186
G1 F2949.5 X114.059 Y157.247 E2191.63531
G1 F2934.8 X114.059 Y157.648 E2191.64872
G1 X113.598 Y157.607 E2191.66419
G1 X112.309 Y157.46 E2191.70755
G1 F2927.5 X110.968 Y157.265 E2191.75296
G1 F2920.3 X109.646 Y157.023 E2191.79811
G1 F2934.8 X108.321 Y156.736 E2191.84343
G1 X107.011 Y156.406 E2191.88858
G1 X105.698 Y156.028 E2191.93425
G1 X104.409 Y155.61 E2191.97955
G1 F2927.5 X103.134 Y155.148 E2192.02499
G1 F2920.3 X101.878 Y154.646 E2192.07043
G1 F2927.5 X100.55 Y154.057 E2192.11911
G1 F2920.3 X99.574 Y153.592 E2192.15543
G1 X98.227 Y152.888 E2192.20649
G1 F2934.8 X97.041 Y152.215 E2192.25207
G1 X95.887 Y151.511 E2192.29725
G1 X94.756 Y150.764 E2192.34256
G1 X93.654 Y149.984 E2192.38769
G1 X92.575 Y149.163 E2192.43301
G1 F2927.5 X91.525 Y148.308 E2192.47839
G1 F2920.3 X90.455 Y147.376 E2192.52605
G1 X89.518 Y146.497 E2192.56921
G1 F2934.8 X88.558 Y145.537 E2192.61459
G1 F2920.3 X87.633 Y144.555 E2192.65991
G1 X86.742 Y143.532 E2192.70548
G1 F2927.5 X85.929 Y142.545 E2192.74833
G1 X85.005 Y141.331 E2192.79946
G1 F2934.8 X84.275 Y140.3 E2192.84168
G1 X83.527 Y139.173 E2192.8869
G1 X82.819 Y138.02 E2192.93212
G1 X82.146 Y136.842 E2192.97747
G1 X81.524 Y135.655 E2193.02227
G1 X80.928 Y134.426 E2193.06793
G1 X80.382 Y133.188 E2193.11315
G1 X79.873 Y131.93 E2193.15852
G1 F2927.5 X79.412 Y130.661 E2193.20376
G1 F2934.8 X78.989 Y129.371 E2193.24914
G1 F2920.3 X78.581 Y127.967 E2193.29825
G1 X78.28 Y126.759 E2193.34007
G1 F2934.8 X77.99 Y125.439 E2193.38525
G1 X77.747 Y124.106 E2193.43054
G1 X77.548 Y122.764 E2193.47589
G1 F2927.5 X77.392 Y121.419 E2193.52126
G1 X77.277 Y120.002 E2193.5689
G1 F2942.1 X77.22 Y118.716 E2193.61182
G1 F2949.5 X77.201 Y117.373 E2193.6565
G1 X77.229 Y116.022 E2193.70144
G1 X77.292 Y114.742 E2193.74406
G1 X77.436 Y113.171 E2193.79653
G1 X77.579 Y111.975 E2193.8366
G1 F2942.1 X77.79 Y110.636 E2193.88179
G1 F2949.5 X78.04 Y109.307 E2193.92677
G1 X78.339 Y107.986 E2193.97182
G1 F2942.1 X78.684 Y106.669 E2194.01722
G1 X79.067 Y105.376 E2194.06218
G1 F2949.5 X79.496 Y104.093 E2194.10717
G1 X79.966 Y102.827 E2194.15209
G1 X80.367 Y101.836 E2194.18765
G1 F2942.1 X81.036 Y100.336 E2194.24241
G1 F2949.5 X81.622 Y99.143 E2194.28662
G1 X82.266 Y97.937 E2194.33209
G1 F2942.1 X82.952 Y96.75 E2194.3778
G1 X83.678 Y95.584 E2194.4236
G1 F2949.5 X84.419 Y94.481 E2194.4678
G1 X85.211 Y93.382 E2194.51285
G1 X86.047 Y92.303 E2194.55825
G1 X86.903 Y91.269 E2194.6029
G1 F2942.1 X87.802 Y90.258 E2194.64801
G1 F2934.8 X88.734 Y89.275 E2194.69329
G1 X89.708 Y88.316 E2194.73898
G1 F2942.1 X90.695 Y87.408 E2194.7837
G1 X91.719 Y86.524 E2194.8288
G1 F2934.8 X92.777 Y85.673 E2194.87419
G1 X93.86 Y84.861 E2194.91943
G1 X94.978 Y84.08 E2194.96502
G1 F2942.1 X96.104 Y83.348 E2195.0098
G1 F2934.8 X97.263 Y82.648 E2195.05506
G1 X98.651 Y81.874 E2195.10818
G1 F2942.1 X99.658 Y81.365 E2195.1458
G1 X100.885 Y80.784 E2195.19107
G1 F2934.8 X102.255 Y80.191 E2195.24097
G1 F2920.3 X103.276 Y79.79 E2195.27782
G1 X104.653 Y79.3 E2195.32692
G1 F2934.8 X105.944 Y78.893 E2195.37217
G1 X107.257 Y78.523 E2195.41776
G1 F2927.5 X108.565 Y78.201 E2195.4629
G1 F2934.8 X110.088 Y77.889 E2195.51487
G1 X111.189 Y77.696 E2195.55223
G1 F2927.5 X112.562 Y77.504 E2195.59869
G1 F2934.8 X113.908 Y77.36 E2195.64394
G1 X115.268 Y77.261 E2195.68952
G1 X116.622 Y77.209 E2195.73481
G1 X117.966 Y77.202 E2195.77974
G1 X119.32 Y77.241 E2195.82501
G1 X120.681 Y77.325 E2195.87059
G1 X122.019 Y77.456 E2195.91553
G1 F2942.1 X123.372 Y77.631 E2195.96102
G1 F2934.8 X124.705 Y77.85 E2196.00618
G1 X126.024 Y78.113 E2196.05113
G1 X127.243 Y78.392 E2196.09294
G1 X128.652 Y78.773 E2196.14172
G1 X129.955 Y79.175 E2196.1873
G1 X131.236 Y79.613 E2196.23256
G1 X132.49 Y80.09 E2196.2774
G1 F2927.5 X133.74 Y80.616 E2196.32285
G1 F2905.9 X134.977 Y81.191 E2196.3689
G1 F2898.7 X136.179 Y81.791 E2196.41436
G1 F2920.3 X137.374 Y82.442 E2196.46008
G1 F2934.8 X138.544 Y83.131 E2196.50546
G1 F2927.5 X139.678 Y83.851 E2196.55048
G1 F2934.8 X140.793 Y84.615 E2196.59566
G1 X141.888 Y85.419 E2196.64107
G1 X142.959 Y86.263 E2196.68665
G1 F2927.5 X143.985 Y87.127 E2196.73159
G1 X144.992 Y88.033 E2196.77699
G1 F2934.8 X145.963 Y88.973 E2196.82216
G1 F2927.5 X146.915 Y89.956 E2196.86801
G1 X147.822 Y90.955 E2196.91323
G1 F2920.3 X148.697 Y91.989 E2196.95873
G1 X149.598 Y93.132 E2197.00762
G1 F2927.5 X150.346 Y94.151 E2197.04998
G1 X151.102 Y95.253 E2197.09476
G1 X151.835 Y96.401 E2197.14041
G1 F2934.8 X152.519 Y97.561 E2197.18542
G1 X153.173 Y98.755 E2197.23093
G1 X153.777 Y99.953 E2197.27577
G1 F2927.5 X154.346 Y101.183 E2197.32119
G1 X154.876 Y102.432 E2197.36665
G1 F2934.8 X155.358 Y103.694 E2197.41181
G1 X155.804 Y104.977 E2197.45721
G1 F2920.3 X156.173 Y106.157 E2197.49874
G1 X156.588 Y107.686 E2197.55197
G1 F2934.8 X156.868 Y108.896 E2197.59348
G1 F2942.1 X157.134 Y110.221 E2197.63854
G1 F2934.8 X157.357 Y111.56 E2197.68392
G1 X157.532 Y112.86 E2197.72776
G1 F2927.5 X157.667 Y114.249 E2197.77453
G1 F2934.8 X157.752 Y115.6 E2197.81977
G1 F2942.1 X157.795 Y116.952 E2197.86488
G1 F2934.8 X157.791 Y118.305 E2197.9101
G1 F2942.1 X157.74 Y119.658 E2197.95525
G1 F2949.5 X157.644 Y121.02 E2198.00066
G1 X157.505 Y122.356 E2198.04534
G1 X157.293 Y123.842 E2198.09526
G1 X157.087 Y125.033 E2198.13546
G1 X156.845 Y126.218 E2198.17569
G1 X156.491 Y127.675 E2198.22556
G1 X156.129 Y128.975 E2198.27044
G1 F2956.9 X155.679 Y130.386 E2198.31958
G1 F2964.3 X155.27 Y131.547 E2198.36032
G1 F2956.9 X154.775 Y132.811 E2198.40535
G1 F2934.8 X154.365 Y133.789 E2198.4408
G1 X153.683 Y135.24 E2198.49439
G1 F2949.5 X153.061 Y136.456 E2198.53982
G1 X152.398 Y137.653 E2198.58533
G1 X151.639 Y138.908 E2198.63411
G1 F2934.8 X150.974 Y139.94 E2198.67515
G1 X150.183 Y141.073 E2198.72134
G1 F2956.9 X149.371 Y142.16 E2198.76635
G1 F2949.5 X148.519 Y143.226 E2198.81174
G1 F2934.8 X147.597 Y144.301 E2198.85908
G1 X146.728 Y145.24 E2198.90185
G1 X145.773 Y146.215 E2198.94747
G1 X144.798 Y147.142 E2198.99244
G1 X143.787 Y148.042 E2199.03768
G1 F2942.1 X142.801 Y148.862 E2199.08044
G1 F2949.5 X141.59 Y149.799 E2199.13137
G1 X140.571 Y150.538 E2199.17324
G1 X139.457 Y151.29 E2199.21794
G1 F2934.8 X138.31 Y152.007 E2199.26315
G1 F2927.5 X137.215 Y152.646 E2199.30564
G1 F2920.3 X135.946 Y153.328 E2199.35403
G1 F2934.8 X134.72 Y153.93 E2199.39969
G1 X133.309 Y154.57 E2199.45148
G1 F2920.3 X132.244 Y155 E2199.49006
G1 X131.079 Y155.441 E2199.53191
G1 F2927.5 X129.694 Y155.907 E2199.58087
G1 F2934.8 X128.396 Y156.294 E2199.62615
G1 X127.078 Y156.64 E2199.6717
G1 X125.758 Y156.943 E2199.71697
G1 X124.435 Y157.194 E2199.76198
G1 X123.098 Y157.405 E2199.80722
G1 F2942.1 X121.924 Y157.553 E2199.84668
G1 F2949.5 X120.939 Y157.649 E2199.8796
G1 F2700 E2194.8796
;MESH:NONMESH
G0 F300 X120.939 Y157.649 Z3
G0 F15000 X120.077 Y157.651
G0 X114.912 Y158.58
G0 X113.553 Y158.475
G0 X113.627 Y157.611
;TIME_ELAPSED:2102.530629
;LAYER:14
;note -- min layer time used
;TYPE:WALL-OUTER
;MESH:Base.stl
G1 F2700 E2199.8796
G1 F2936.3 X112.297 Y157.457 E2199.92424
G1 X110.963 Y157.261 E2199.9692
G1 F2929 X109.627 Y157.019 E2200.01458
G1 X108.313 Y156.733 E2200.05953
G1 X107 Y156.402 E2200.10479
G1 X105.686 Y156.024 E2200.1505
G1 X104.397 Y155.606 E2200.19579
G1 X103.131 Y155.148 E2200.24079
G1 X101.876 Y154.643 E2200.28601
G1 F2936.3 X100.638 Y154.099 E2200.3311
G1 F2929 X99.41 Y153.509 E2200.37664
G1 X98.215 Y152.88 E2200.42178
G1 X97.034 Y152.212 E2200.46714
G1 X95.879 Y151.504 E2200.51242
G1 X94.748 Y150.759 E2200.55769
G1 F2921.7 X93.642 Y149.976 E2200.6031
G1 F2929 X92.567 Y149.155 E2200.64831
G1 X91.516 Y148.299 E2200.69362
G1 F2914.5 X90.446 Y147.368 E2200.74127
G1 X89.507 Y146.485 E2200.78457
G1 F2929 X88.551 Y145.53 E2200.82974
G1 X87.627 Y144.547 E2200.87483
G1 X86.731 Y143.52 E2200.92039
G1 X85.876 Y142.474 E2200.96555
G1 X84.999 Y141.319 E2201.01402
G1 X84.272 Y140.297 E2201.05595
G1 X83.523 Y139.166 E2201.10129
G1 X82.815 Y138.012 E2201.14654
G1 X82.142 Y136.834 E2201.19189
G1 X81.518 Y135.644 E2201.23681
G1 F2921.7 X80.924 Y134.414 E2201.28258
G1 F2914.5 X80.375 Y133.176 E2201.32807
G1 X79.869 Y131.918 E2201.37362
G1 F2921.7 X79.408 Y130.649 E2201.41887
G1 F2929 X78.989 Y129.367 E2201.46395
G1 X78.61 Y128.062 E2201.50937
G1 X78.277 Y126.748 E2201.55468
G1 F2921.7 X77.986 Y125.427 E2201.60001
G1 F2929 X77.743 Y124.094 E2201.6453
G1 F2921.7 X77.544 Y122.753 E2201.69073
G1 F2929 X77.392 Y121.406 E2201.73604
G1 X77.277 Y119.99 E2201.78353
G1 F2936.3 X77.22 Y118.704 E2201.82645
G1 F2943.7 X77.201 Y117.361 E2201.87113
G1 F2936.3 X77.228 Y116.01 E2201.91618
G1 F2929 X77.285 Y114.826 E2201.9558
G1 X77.436 Y113.16 E2202.01172
G1 X77.583 Y111.962 E2202.05207
G1 F2936.3 X77.79 Y110.626 E2202.09714
G1 F2929 X78.044 Y109.296 E2202.1424
G1 X78.343 Y107.974 E2202.18771
G1 F2936.3 X78.689 Y106.656 E2202.23315
G1 F2929 X79.072 Y105.356 E2202.27845
G1 X79.504 Y104.067 E2202.32389
G1 F2943.7 X79.974 Y102.813 E2202.36843
G1 F2936.3 X80.372 Y101.824 E2202.40398
G1 X81.04 Y100.328 E2202.45861
G1 F2943.7 X81.64 Y99.107 E2202.50385
G1 X82.326 Y97.832 E2202.55201
G1 F2936.3 X82.944 Y96.763 E2202.59318
G1 X83.667 Y95.602 E2202.63879
G1 F2943.7 X84.427 Y94.472 E2202.68408
G1 X85.167 Y93.443 E2202.72623
G1 F2929 X86.047 Y92.304 E2202.77435
G1 F2943.7 X86.91 Y91.261 E2202.81937
G1 F2936.3 X87.811 Y90.249 E2202.86455
G1 F2929 X88.741 Y89.267 E2202.90976
G1 F2936.3 X89.717 Y88.307 E2202.95541
G1 F2929 X90.704 Y87.397 E2203.00028
G1 X91.731 Y86.516 E2203.04551
G1 F2936.3 X92.785 Y85.668 E2203.09062
G1 F2929 X93.876 Y84.849 E2203.13622
G1 X94.978 Y84.08 E2203.18114
G1 X96.112 Y83.34 E2203.2264
G1 F2936.3 X97.275 Y82.642 E2203.27163
G1 F2921.7 X98.653 Y81.869 E2203.32457
G1 F2900.2 X98.659 Y81.873 E2203.32481
G1 F2907.3 X99.575 Y81.403 E2203.35948
G1 F2921.7 X100.892 Y80.78 E2203.40831
G1 F2929 X102.324 Y80.162 E2203.46044
G1 X103.288 Y79.786 E2203.49503
G1 F2914.5 X104.67 Y79.296 E2203.54428
G1 F2929 X105.956 Y78.889 E2203.58937
G1 X107.269 Y78.519 E2203.63497
G1 F2921.7 X108.582 Y78.197 E2203.68027
G1 F2914.5 X110 Y77.903 E2203.72892
G1 X111.101 Y77.708 E2203.76648
G1 X112.574 Y77.5 E2203.81645
G1 F2929 X113.919 Y77.36 E2203.86165
G1 X115.28 Y77.261 E2203.90727
G1 F2921.7 X116.634 Y77.209 E2203.95267
G1 F2929 X117.978 Y77.202 E2203.9976
G1 X119.331 Y77.241 E2204.04284
G1 X120.693 Y77.329 E2204.08847
G1 X122.031 Y77.456 E2204.13339
G1 X123.383 Y77.632 E2204.17897
G1 X124.716 Y77.85 E2204.22411
G1 X126.035 Y78.117 E2204.2691
G1 X127.252 Y78.396 E2204.31083
G1 X128.664 Y78.777 E2204.35972
G1 X129.967 Y79.179 E2204.4053
G1 X131.247 Y79.617 E2204.45052
G1 X132.502 Y80.097 E2204.49544
G1 X133.752 Y80.624 E2204.54078
G1 F2900.2 X134.988 Y81.195 E2204.58674
G1 X136.188 Y81.799 E2204.6321
G1 F2914.5 X137.382 Y82.447 E2204.67773
G1 F2921.7 X138.543 Y83.13 E2204.72287
G1 F2929 X139.695 Y83.867 E2204.76858
G1 X140.805 Y84.623 E2204.81348
G1 X141.896 Y85.426 E2204.85876
G1 X142.97 Y86.27 E2204.90442
G1 F2921.7 X143.992 Y87.134 E2204.94926
G1 X145.001 Y88.046 E2204.99484
G1 X145.975 Y88.985 E2205.04017
G1 F2929 X146.923 Y89.963 E2205.0857
G1 X147.83 Y90.967 E2205.13093
G1 X148.699 Y91.993 E2205.17587
G1 X149.538 Y93.055 E2205.22111
G1 X150.346 Y94.155 E2205.26673
G1 X151.107 Y95.265 E2205.31172
G1 X151.839 Y96.409 E2205.35712
G1 F2921.7 X152.523 Y97.569 E2205.40224
G1 X153.18 Y98.768 E2205.44806
G1 F2914.5 X153.785 Y99.966 E2205.49314
G1 X154.354 Y101.195 E2205.53864
G1 X154.88 Y102.446 E2205.58423
G1 X155.365 Y103.706 E2205.62958
G1 X155.808 Y104.991 E2205.67524
G1 F2929 X156.175 Y106.17 E2205.71652
G1 X156.594 Y107.71 E2205.76986
G1 F2914.5 X156.871 Y108.905 E2205.81107
G1 F2929 X157.138 Y110.233 E2205.85635
G1 F2936.3 X157.358 Y111.572 E2205.90159
G1 F2943.7 X157.537 Y112.925 E2205.94699
G1 F2929 X157.668 Y114.258 E2205.99176
G1 F2921.7 X157.754 Y115.611 E2206.03719
G1 F2929 X157.795 Y116.968 E2206.08257
G1 X157.791 Y118.321 E2206.1278
G1 X157.74 Y119.67 E2206.17292
G1 X157.643 Y121.032 E2206.21856
G1 X157.504 Y122.368 E2206.26346
G1 X157.309 Y123.753 E2206.31021
G1 F2943.7 X157.083 Y125.044 E2206.35381
G1 X156.832 Y126.274 E2206.39556
G1 F2936.3 X156.49 Y127.686 E2206.444
G1 F2943.7 X156.121 Y129 E2206.4894
G1 F2951 X155.675 Y130.398 E2206.53808
G1 F2958.4 X155.266 Y131.558 E2206.57879
G1 F2951 X154.771 Y132.823 E2206.62385
G1 F2921.7 X154.36 Y133.801 E2206.6594
G1 F2929 X153.657 Y135.289 E2206.71441
G1 F2951 X153.04 Y136.495 E2206.75936
G1 F2943.7 X152.384 Y137.676 E2206.80429
G1 F2936.3 X151.688 Y138.835 E2206.84937
G1 X150.961 Y139.959 E2206.894
G1 X150.176 Y141.084 E2206.93974
G1 F2943.7 X149.363 Y142.167 E2206.98478
G1 X148.519 Y143.225 E2207.0298
G1 F2936.3 X147.635 Y144.252 E2207.07498
G1 X146.721 Y145.248 E2207.12005
G1 F2943.7 X145.765 Y146.219 E2207.16537
G1 F2929 X144.786 Y147.154 E2207.21062
G1 X143.775 Y148.053 E2207.25585
G1 F2936.3 X142.733 Y148.918 E2207.301
G1 F2943.7 X141.582 Y149.806 E2207.34935
G1 X140.559 Y150.546 E2207.39135
G1 F2929 X139.436 Y151.302 E2207.4366
G1 X138.298 Y152.014 E2207.48147
G1 X137.204 Y152.648 E2207.52374
G1 X135.93 Y153.335 E2207.57212
G1 X134.709 Y153.937 E2207.61762
G1 X133.343 Y154.554 E2207.66772
G1 X132.232 Y155.005 E2207.7078
G1 X131.067 Y155.445 E2207.74943
G1 F2921.7 X129.682 Y155.911 E2207.7984
G1 F2929 X128.384 Y156.298 E2207.84367
G1 X127.063 Y156.644 E2207.88932
G1 X125.745 Y156.943 E2207.9345
G1 X124.424 Y157.197 E2207.97946
G1 F2921.7 X123.086 Y157.408 E2208.02485
G1 F2929 X121.927 Y157.553 E2208.06389
G1 F2943.7 X121.368 Y157.61 E2208.08258
G1 X121.368 Y157.209 E2208.09592
G1 F2958.4 X122.489 Y157.089 E2208.13323
G1 X124.146 Y156.838 E2208.18869
G1 X125.247 Y156.639 E2208.22572
G1 F2965.9 X126.791 Y156.299 E2208.27791
G1 F2958.4 X127.986 Y155.993 E2208.31873
G1 X129.292 Y155.615 E2208.36373
G1 X130.566 Y155.197 E2208.4081
G1 X131.837 Y154.731 E2208.4529
G1 F2943.7 X133.096 Y154.222 E2208.49807
G1 X134.345 Y153.666 E2208.54354
G1 F2951 X135.556 Y153.076 E2208.58823
G1 F2958.4 X136.761 Y152.44 E2208.63332
G1 F2951 X138.005 Y151.722 E2208.68098
G1 F2943.7 X139.004 Y151.106 E2208.72001
G1 F2958.4 X140.203 Y150.306 E2208.76771
G1 F2951 X141.313 Y149.51 E2208.81303
G1 F2958.4 X142.381 Y148.69 E2208.85759
G1 X143.424 Y147.826 E2208.90241
G1 F2943.7 X144.437 Y146.93 E2208.94739
G1 X145.43 Y145.989 E2208.99289
G1 X146.374 Y145.032 E2209.0376
G1 X147.3 Y144.028 E2209.08303
G1 F2936.3 X148.184 Y143.003 E2209.12816
G1 F2943.7 X149.024 Y141.953 E2209.17289
G1 X149.836 Y140.872 E2209.21785
G1 X150.619 Y139.749 E2209.26339
G1 F2936.3 X151.348 Y138.623 E2209.30811
G1 X152.038 Y137.476 E2209.35274
G1 F2943.7 X152.689 Y136.307 E2209.39725
G1 F2951 X153.326 Y135.059 E2209.44373
G1 X153.901 Y133.833 E2209.48866
G1 F2958.4 X154.49 Y132.459 E2209.53813
G1 F2965.9 X154.89 Y131.432 E2209.57452
G1 F2973.4 X155.371 Y130.054 E2209.62258
G1 F2965.9 X155.778 Y128.752 E2209.66761
G1 F2958.4 X156.14 Y127.445 E2209.71249
G1 F2951 X156.455 Y126.127 E2209.75745
G1 X156.723 Y124.8 E2209.80236
G1 F2958.4 X156.949 Y123.474 E2209.84688
G1 X157.13 Y122.119 E2209.89212
G1 F2951 X157.263 Y120.772 E2209.93702
G1 F2958.4 X157.351 Y119.433 E2209.98143
G1 X157.395 Y118.067 E2210.02666
G1 X157.391 Y116.711 E2210.07154
G1 F2943.7 X157.34 Y115.356 E2210.11664
G1 F2951 X157.246 Y114.006 E2210.16153
G1 F2958.4 X157.105 Y112.667 E2210.20609
G1 F2965.9 X156.916 Y111.312 E2210.25125
G1 F2958.4 X156.684 Y109.981 E2210.29597
G1 X156.407 Y108.655 E2210.3408
G1 X156.085 Y107.337 E2210.3857
G1 X155.756 Y106.154 E2210.42633
G1 X155.306 Y104.751 E2210.47509
G1 F2951 X154.848 Y103.465 E2210.52038
G1 F2943.7 X154.354 Y102.218 E2210.56499
G1 X153.811 Y100.965 E2210.61041
G1 X153.228 Y99.742 E2210.65548
G1 F2958.4 X152.609 Y98.548 E2210.69999
G1 X151.941 Y97.359 E2210.74512
G1 X151.242 Y96.208 E2210.78968
G1 F2965.9 X150.494 Y95.067 E2210.83472
G1 F2973.4 X149.714 Y93.958 E2210.87937
G1 X148.898 Y92.877 E2210.92396
G1 X148.05 Y91.835 E2210.9682
G1 F2965.9 X147.154 Y90.805 E2211.01327
G1 F2973.4 X146.306 Y89.889 E2211.05437
G1 F2965.9 X145.201 Y88.787 E2211.10588
G1 X144.284 Y87.927 E2211.14738
G1 X143.191 Y86.974 E2211.19525
G1 F2973.4 X142.278 Y86.223 E2211.23418
G1 X141.148 Y85.362 E2211.28096
G1 X140.031 Y84.57 E2211.32605
G1 X138.901 Y83.826 E2211.37059
G1 X137.756 Y83.123 E2211.41484
G1 F2965.9 X136.566 Y82.451 E2211.45995
G1 F2929 X135.087 Y81.693 E2211.5155
G1 X134.145 Y81.238 E2211.55047
G1 F2958.4 X132.912 Y80.698 E2211.59502
G1 F2973.4 X131.75 Y80.228 E2211.63629
G1 X130.379 Y79.737 E2211.68424
G1 X129.081 Y79.316 E2211.72917
G1 X127.786 Y78.948 E2211.7735
G1 F2958.4 X126.472 Y78.622 E2211.81831
G1 X125.138 Y78.337 E2211.86345
G1 X123.811 Y78.103 E2211.90804
G1 X122.461 Y77.908 E2211.95318
G1 F2965.9 X121.121 Y77.766 E2211.99766
G1 F2958.4 X119.771 Y77.665 E2212.04247
G1 X118.408 Y77.61 E2212.08761
G1 F2965.9 X117.061 Y77.602 E2212.13208
G1 F2958.4 X115.698 Y77.641 E2212.1772
G1 F2965.9 X114.352 Y77.722 E2212.22171
G1 F2958.4 X113.008 Y77.853 E2212.2664
G1 X111.666 Y78.027 E2212.31119
G1 X110.323 Y78.25 E2212.35624
G1 F2943.7 X108.989 Y78.516 E2212.40148
G1 F2951 X107.67 Y78.83 E2212.44647
G1 F2958.4 X106.364 Y79.184 E2212.49125
G1 X105.081 Y79.581 E2212.53569
G1 F2951 X103.794 Y80.027 E2212.58088
G1 F2958.4 X102.533 Y80.51 E2212.62557
G1 X101.271 Y81.047 E2212.67096
G1 F2943.7 X100.047 Y81.619 E2212.71589
G1 F2921.7 X98.806 Y82.247 E2212.7625
G1 F2929 X97.652 Y82.885 E2212.80658
G1 F2958.4 X96.498 Y83.572 E2212.85102
G1 F2951 X95.348 Y84.312 E2212.89639
G1 X94.246 Y85.076 E2212.94088
G1 X93.149 Y85.892 E2212.98624
G1 X92.1 Y86.728 E2213.03074
G1 F2943.7 X91.061 Y87.616 E2213.0762
G1 X90.061 Y88.532 E2213.12131
G1 X89.092 Y89.481 E2213.16642
G1 X88.159 Y90.462 E2213.21145
G1 X87.263 Y91.463 E2213.25613
G1 X86.39 Y92.516 E2213.30162
G1 X85.566 Y93.577 E2213.3463
G1 X84.766 Y94.683 E2213.39171
G1 X84.01 Y95.808 E2213.43679
G1 X83.301 Y96.945 E2213.48135
G1 X82.615 Y98.132 E2213.52695
G1 X81.995 Y99.289 E2213.57061
G1 X81.401 Y100.497 E2213.61538
G1 F2958.4 X80.828 Y101.779 E2213.66185
G1 F2973.4 X80.319 Y103.025 E2213.70617
G1 F2951 X79.844 Y104.306 E2213.7515
G1 F2943.7 X79.421 Y105.581 E2213.79618
G1 X79.037 Y106.891 E2213.84159
G1 F2958.4 X78.698 Y108.206 E2213.88653
G1 F2943.7 X78.405 Y109.528 E2213.93156
G1 X78.156 Y110.859 E2213.9766
G1 F2951 X77.955 Y112.186 E2214.02113
G1 F2958.4 X77.798 Y113.545 E2214.0664
G1 F2943.7 X77.686 Y114.853 E2214.11007
G1 X77.621 Y116.246 E2214.15645
G1 F2958.4 X77.601 Y117.601 E2214.20129
G1 X77.626 Y118.944 E2214.24575
G1 F2965.9 X77.698 Y120.299 E2214.29054
G1 F2958.4 X77.818 Y121.65 E2214.33543
G1 X77.982 Y123.004 E2214.38056
G1 X78.187 Y124.331 E2214.425
G1 X78.444 Y125.666 E2214.46999
G1 X78.746 Y126.985 E2214.51477
G1 X79.088 Y128.294 E2214.55954
G1 F2965.9 X79.478 Y129.593 E2214.60432
G1 F2958.4 X79.911 Y130.876 E2214.64913
G1 X80.386 Y132.146 E2214.694
G1 X80.912 Y133.409 E2214.73928
G1 X81.467 Y134.63 E2214.78366
G1 F2965.9 X82.074 Y135.856 E2214.82882
G1 X82.713 Y137.039 E2214.87321
G1 F2973.4 X83.397 Y138.208 E2214.91781
G1 X84.12 Y139.354 E2214.96242
G1 X84.88 Y140.475 E2215.00702
G1 X85.68 Y141.569 E2215.05164
G1 X86.524 Y142.643 E2215.09662
G1 X87.384 Y143.671 E2215.14075
G1 X88.292 Y144.681 E2215.18548
G1 F2965.9 X89.233 Y145.654 E2215.23016
G1 F2958.4 X90.213 Y146.607 E2215.2754
G1 X91.206 Y147.507 E2215.31975
G1 F2965.9 X92.244 Y148.384 E2215.36461
G1 X93.317 Y149.232 E2215.40975
G1 F2973.4 X94.406 Y150.036 E2215.45432
G1 X95.6 Y150.848 E2215.50187
G1 F2965.9 X96.669 Y151.528 E2215.54369
G1 F2958.4 X97.827 Y152.208 E2215.58813
G1 F2965.9 X99.025 Y152.862 E2215.63319
G1 F2973.4 X100.227 Y153.465 E2215.67747
G1 X101.369 Y153.992 E2215.71888
G1 F2965.9 X102.707 Y154.552 E2215.76676
G1 F2958.4 X103.973 Y155.034 E2215.8116
G1 F2973.4 X105.256 Y155.472 E2215.85624
G1 X106.562 Y155.866 E2215.90115
G1 X107.86 Y156.215 E2215.94541
G1 X109.195 Y156.522 E2215.99052
G1 F2965.9 X110.518 Y156.779 E2216.03501
G1 F2973.4 X111.86 Y156.996 E2216.07977
G1 X113.042 Y157.149 E2216.11901
G1 F2943.7 X113.627 Y157.207 E2216.13857
G1 F2929 X113.627 Y157.611 E2216.15207
;MESH:NONMESH
G0 F300 X113.627 Y157.611 Z3.2
G0 F15000 X113.356 Y157.581
;TIME_ELAPSED:2113.060725
;LAYER:15
;note -- min layer time used
;TYPE:WALL-OUTER
;MESH:Base.stl
G1 F2928.8 X112.285 Y157.456 E2216.18793
G1 F2914.2 X110.951 Y157.261 E2216.233
G1 F2907 X109.614 Y157.018 E2216.27854
G1 F2899.8 X108.301 Y156.732 E2216.32368
G1 X106.987 Y156.401 E2216.3692
G1 F2907 X105.674 Y156.024 E2216.41497
G1 F2914.2 X104.388 Y155.602 E2216.46021
G1 X103.119 Y155.144 E2216.50531
G1 X101.865 Y154.64 E2216.55049
G1 X100.632 Y154.094 E2216.59556
G1 X99.401 Y153.501 E2216.64123
G1 F2899.8 X98.402 Y152.988 E2216.67896
G1 X96.949 Y152.16 E2216.73514
G1 F2928.8 X95.866 Y151.496 E2216.77739
G1 F2914.2 X94.744 Y150.755 E2216.82234
G1 F2899.8 X93.714 Y150.031 E2216.86463
G1 X92.555 Y149.147 E2216.9136
G1 X91.505 Y148.292 E2216.95908
G1 F2907 X90.496 Y147.408 E2217.00403
G1 F2914.2 X89.498 Y146.477 E2217.04966
G1 X88.543 Y145.525 E2217.09473
G1 X87.616 Y144.531 E2217.14016
G1 X86.723 Y143.512 E2217.18545
G1 X85.868 Y142.466 E2217.23061
G1 X84.992 Y141.312 E2217.27904
G1 X84.264 Y140.284 E2217.32115
G1 X83.515 Y139.154 E2217.36646
G1 X82.807 Y138 E2217.41172
G1 X82.138 Y136.822 E2217.457
G1 X81.513 Y135.633 E2217.5019
G1 X80.919 Y134.402 E2217.54759
G1 X80.371 Y133.164 E2217.59284
G1 F2907 X79.866 Y131.911 E2217.63811
G1 X79.404 Y130.637 E2217.68353
G1 F2914.2 X78.985 Y129.355 E2217.72861
G1 X78.607 Y128.05 E2217.77402
G1 X78.276 Y126.736 E2217.81932
G1 X77.986 Y125.415 E2217.86453
G1 X77.743 Y124.081 E2217.90985
G1 F2907 X77.544 Y122.745 E2217.95511
G1 F2914.2 X77.391 Y121.394 E2218.00056
G1 X77.273 Y119.979 E2218.04802
G1 X77.221 Y118.696 E2218.09094
G1 X77.201 Y117.349 E2218.13597
G1 F2921.5 X77.229 Y115.998 E2218.18103
G1 F2914.2 X77.286 Y114.814 E2218.22065
G1 F2899.8 X77.437 Y113.148 E2218.27685
G1 F2914.2 X77.583 Y111.951 E2218.31716
G1 F2928.8 X77.793 Y110.616 E2218.36211
G1 X78.045 Y109.284 E2218.40719
G1 F2921.5 X78.346 Y107.966 E2218.45227
G1 F2928.8 X78.689 Y106.645 E2218.49766
G1 X79.075 Y105.348 E2218.54267
G1 X79.509 Y104.055 E2218.58804
G1 X79.978 Y102.801 E2218.63257
G1 F2921.5 X80.373 Y101.819 E2218.66786
G1 F2907 X80.381 Y101.818 E2218.66813
G1 F2914.2 X81.048 Y100.316 E2218.72306
G1 F2921.5 X81.649 Y99.092 E2218.76853
G1 F2928.8 X82.334 Y97.82 E2218.81658
G1 F2943.5 X82.935 Y96.777 E2218.85642
G1 F2936.1 X83.678 Y95.587 E2218.90296
G1 F2928.8 X84.439 Y94.454 E2218.94836
G1 F2914.2 X85.168 Y93.436 E2218.99021
G1 X86.056 Y92.29 E2219.03867
G1 F2928.8 X86.919 Y91.253 E2219.08354
G1 X87.818 Y90.241 E2219.12857
G1 F2943.5 X88.752 Y89.258 E2219.17344
G1 F2936.1 X89.724 Y88.299 E2219.21874
G1 F2921.5 X90.719 Y87.38 E2219.2639
G1 F2914.2 X91.738 Y86.508 E2219.30874
G1 X92.793 Y85.66 E2219.35398
G1 X93.888 Y84.84 E2219.39971
G1 X94.99 Y84.072 E2219.44461
G1 X96.125 Y83.336 E2219.48982
G1 X97.283 Y82.636 E2219.53505
G1 X98.465 Y81.978 E2219.58027
G1 X99.674 Y81.354 E2219.62575
G1 X100.905 Y80.773 E2219.67125
G1 F2899.8 X102.323 Y80.159 E2219.72316
G1 F2914.2 X103.4 Y79.748 E2219.76169
G1 X104.569 Y79.328 E2219.80321
G1 X105.962 Y78.886 E2219.85207
G1 F2928.8 X107.281 Y78.518 E2219.89761
G1 F2914.2 X108.693 Y78.17 E2219.94622
G1 F2899.8 X109.924 Y77.918 E2219.98843
G1 F2907 X111.213 Y77.692 E2220.03228
G1 F2914.2 X112.586 Y77.5 E2220.07863
G1 X113.931 Y77.356 E2220.12384
G1 X115.293 Y77.261 E2220.16948
G1 X116.646 Y77.209 E2220.21474
G1 X117.99 Y77.202 E2220.25966
G1 X119.343 Y77.241 E2220.30491
G1 X120.705 Y77.328 E2220.35053
G1 X122.042 Y77.456 E2220.39542
G1 X123.396 Y77.635 E2220.44108
G1 X124.733 Y77.854 E2220.48636
G1 X126.047 Y78.117 E2220.53116
G1 F2899.8 X127.263 Y78.4 E2220.5731
G1 F2914.2 X128.676 Y78.781 E2220.62202
G1 X129.979 Y79.183 E2220.6676
G1 X131.26 Y79.621 E2220.71285
G1 F2928.8 X132.515 Y80.101 E2220.75754
G1 X133.76 Y80.627 E2220.80249
G1 F2914.2 X135.002 Y81.2 E2220.84821
G1 X136.2 Y81.802 E2220.89303
G1 X137.395 Y82.454 E2220.93853
G1 X138.556 Y83.138 E2220.98358
G1 F2907 X139.706 Y83.871 E2221.02927
G1 F2899.8 X140.816 Y84.631 E2221.07446
G1 F2907 X141.908 Y85.435 E2221.1199
G1 F2914.2 X142.979 Y86.279 E2221.16548
G1 F2907 X144.004 Y87.143 E2221.21041
G1 X145.009 Y88.053 E2221.25584
G1 F2914.2 X145.984 Y88.993 E2221.30111
G1 X146.931 Y89.972 E2221.34664
G1 F2907 X147.842 Y90.979 E2221.39214
G1 X148.706 Y92.001 E2221.43699
G1 F2914.2 X149.546 Y93.067 E2221.48235
G1 X150.358 Y94.171 E2221.52816
G1 F2907 X151.114 Y95.273 E2221.57294
G1 X151.842 Y96.415 E2221.61833
G1 F2914.2 X152.531 Y97.581 E2221.6636
G1 X153.185 Y98.779 E2221.70922
G1 X153.79 Y99.977 E2221.75408
G1 F2899.8 X154.358 Y101.207 E2221.79959
G1 X154.884 Y102.457 E2221.84515
G1 F2907 X155.369 Y103.718 E2221.89043
G1 F2899.8 X155.811 Y104.999 E2221.93595
G1 F2921.5 X156.212 Y106.306 E2221.98153
G1 F2914.2 X156.595 Y107.714 E2222.03031
G1 F2899.8 X156.874 Y108.916 E2222.07176
G1 X157.141 Y110.245 E2222.11729
G1 F2907 X157.361 Y111.583 E2222.16273
G1 X157.539 Y112.936 E2222.20846
G1 F2899.8 X157.667 Y114.274 E2222.25361
G1 F2907 X157.755 Y115.627 E2222.29905
G1 F2914.2 X157.795 Y116.976 E2222.34416
G1 X157.791 Y118.333 E2222.38952
G1 X157.739 Y119.686 E2222.43478
G1 X157.64 Y121.047 E2222.48039
G1 F2928.8 X157.501 Y122.38 E2222.52497
G1 X157.289 Y123.866 E2222.57489
G1 F2914.2 X157.083 Y125.056 E2222.61526
G1 X156.832 Y126.285 E2222.65719
G1 X156.486 Y127.698 E2222.70582
G1 F2928.8 X156.116 Y129.012 E2222.75122
G1 X155.671 Y130.41 E2222.80002
G1 X155.26 Y131.572 E2222.84101
G1 F2914.2 X154.872 Y132.576 E2222.87699
G1 F2921.5 X154.23 Y134.075 E2222.93137
G1 F2936.1 X153.697 Y135.21 E2222.97297
G1 X153.037 Y136.502 E2223.0211
G1 X152.411 Y137.624 E2223.06373
G1 F2928.8 X151.679 Y138.847 E2223.11113
G1 X150.967 Y139.946 E2223.15469
G1 F2943.5 X150.183 Y141.07 E2223.20004
G1 F2936.1 X149.356 Y142.179 E2223.24594
G1 F2928.8 X148.501 Y143.244 E2223.29136
G1 X147.628 Y144.261 E2223.33594
G1 F2936.1 X146.724 Y145.244 E2223.38025
G1 F2943.5 X145.762 Y146.224 E2223.42569
G1 F2928.8 X144.77 Y147.167 E2223.47122
G1 X143.759 Y148.067 E2223.51624
G1 F2921.5 X142.729 Y148.924 E2223.56091
G1 X141.57 Y149.815 E2223.60966
G1 F2928.8 X140.453 Y150.622 E2223.65549
G1 F2921.5 X139.43 Y151.309 E2223.69658
G1 X138.287 Y152.02 E2223.74146
G1 F2914.2 X137.192 Y152.659 E2223.78384
G1 F2907 X135.922 Y153.34 E2223.83213
G1 F2914.2 X134.696 Y153.942 E2223.87778
G1 X133.286 Y154.583 E2223.92956
G1 F2907 X133.281 Y154.578 E2223.92979
G1 F2914.2 X132.221 Y155.009 E2223.96804
G1 X131.055 Y155.449 E2224.0097
G1 F2907 X129.67 Y155.915 E2224.05867
G1 F2914.2 X128.372 Y156.302 E2224.10394
G1 X127.051 Y156.648 E2224.14959
G1 X125.734 Y156.946 E2224.19473
G1 F2907 X124.404 Y157.201 E2224.2401
G1 F2914.2 X123.07 Y157.409 E2224.28523
G1 X121.645 Y157.581 E2224.33321
G1 X121.645 Y157.18 E2224.34662
G1 F2928.8 X122.695 Y157.058 E2224.38177
G1 X124.163 Y156.834 E2224.43117
G1 F2936.1 X125.263 Y156.636 E2224.46825
G1 F2943.5 X126.807 Y156.295 E2224.52058
G1 X128.002 Y155.989 E2224.5614
G1 X129.304 Y155.611 E2224.60627
G1 X130.583 Y155.19 E2224.65083
G1 X131.852 Y154.727 E2224.69553
G1 F2928.8 X133.161 Y154.197 E2224.7425
G1 X134.349 Y153.666 E2224.78578
G1 F2943.5 X135.568 Y153.072 E2224.83066
G1 F2928.8 X136.483 Y152.587 E2224.8651
G1 F2943.5 X137.947 Y151.761 E2224.92073
G1 X139.098 Y151.046 E2224.96557
G1 F2928.8 X140.219 Y150.298 E2225.0104
G1 X141.317 Y149.506 E2225.05542
G1 X142.398 Y148.675 E2225.10077
G1 X143.435 Y147.818 E2225.14552
G1 X144.457 Y146.914 E2225.1909
G1 F2936.1 X145.441 Y145.981 E2225.23589
G1 F2943.5 X146.422 Y144.985 E2225.28215
G1 F2928.8 X147.312 Y144.015 E2225.32594
G1 X148.187 Y142.999 E2225.37054
G1 X149.04 Y141.934 E2225.41592
G1 X149.845 Y140.858 E2225.46061
G1 X150.628 Y139.735 E2225.50615
G1 X151.34 Y138.635 E2225.54973
G1 X152.06 Y137.435 E2225.59627
G1 F2936.1 X152.686 Y136.313 E2225.6389
G1 X153.334 Y135.047 E2225.68608
G1 X153.867 Y133.912 E2225.72769
G1 F2943.5 X154.435 Y132.582 E2225.77555
G1 X154.931 Y131.309 E2225.82076
G1 F2950.9 X155.375 Y130.042 E2225.86508
G1 F2958.3 X155.782 Y128.735 E2225.91015
G1 F2943.5 X156.144 Y127.429 E2225.955
G1 F2928.8 X156.44 Y126.197 E2225.99715
G1 X156.728 Y124.784 E2226.04511
G1 F2943.5 X156.948 Y123.461 E2226.08949
G1 F2958.3 X157.133 Y122.103 E2226.13462
G1 F2943.5 X157.263 Y120.755 E2226.17944
G1 X157.352 Y119.417 E2226.22382
G1 X157.395 Y118.051 E2226.26904
G1 X157.391 Y116.695 E2226.31392
G1 X157.339 Y115.34 E2226.3588
G1 F2936.1 X157.243 Y113.99 E2226.4037
G1 F2943.5 X157.103 Y112.655 E2226.44812
G1 X156.913 Y111.3 E2226.4934
G1 F2936.1 X156.681 Y109.965 E2226.53836
G1 F2928.8 X156.404 Y108.65 E2226.58305
G1 F2936.1 X156.081 Y107.325 E2226.6283
G1 F2958.3 X155.751 Y106.139 E2226.66884
G1 F2950.9 X155.302 Y104.739 E2226.71737
G1 F2943.5 X154.844 Y103.453 E2226.76255
G1 X154.349 Y102.203 E2226.80704
G1 X153.803 Y100.952 E2226.85221
G1 X153.223 Y99.727 E2226.89706
G1 X152.6 Y98.532 E2226.94166
G1 X151.93 Y97.336 E2226.98703
G1 X151.234 Y96.196 E2227.03123
G1 X150.486 Y95.051 E2227.0765
G1 F2958.3 X149.702 Y93.945 E2227.12113
G1 X148.886 Y92.864 E2227.16573
G1 F2950.9 X148.038 Y91.822 E2227.21008
G1 F2943.5 X147.142 Y90.793 E2227.25523
G1 X146.226 Y89.809 E2227.29972
G1 F2958.3 X145.269 Y88.848 E2227.34438
G1 X144.272 Y87.915 E2227.38934
G1 F2943.5 X143.179 Y86.965 E2227.43727
G1 X142.202 Y86.166 E2227.47904
G1 F2950.9 X141.124 Y85.346 E2227.52375
G1 F2943.5 X140.027 Y84.569 E2227.56824
G1 X138.89 Y83.818 E2227.61333
G1 F2958.3 X137.744 Y83.115 E2227.6576
G1 F2943.5 X136.271 Y82.289 E2227.71349
G1 X135.352 Y81.816 E2227.74769
G1 F2958.3 X134.226 Y81.274 E2227.78884
G1 F2965.8 X132.76 Y80.631 E2227.84142
G1 F2958.3 X131.737 Y80.224 E2227.87767
G1 X130.363 Y79.729 E2227.92576
G1 X129.065 Y79.311 E2227.97066
G1 X127.77 Y78.945 E2228.01497
G1 F2943.5 X126.456 Y78.618 E2228.05979
G1 X125.122 Y78.333 E2228.10493
G1 X123.799 Y78.1 E2228.14939
G1 X122.444 Y77.907 E2228.19468
G1 X121.106 Y77.762 E2228.23922
G1 F2950.9 X119.759 Y77.662 E2228.28381
G1 F2943.5 X118.392 Y77.609 E2228.32908
G1 X117.045 Y77.602 E2228.37366
G1 F2950.9 X115.682 Y77.642 E2228.41867
G1 F2958.3 X114.336 Y77.722 E2228.46307
G1 F2950.9 X112.992 Y77.854 E2228.50765
G1 F2943.5 X111.65 Y78.03 E2228.55244
G1 X110.307 Y78.252 E2228.59749
G1 F2936.1 X108.976 Y78.519 E2228.64253
G1 F2943.5 X107.655 Y78.831 E2228.68745
G1 F2958.3 X106.347 Y79.188 E2228.73209
G1 F2943.5 X105.065 Y79.586 E2228.77652
G1 X103.779 Y80.032 E2228.82156
G1 F2928.8 X102.441 Y80.548 E2228.86926
G1 F2914.2 X101.255 Y81.054 E2228.91236
G1 F2928.8 X100.035 Y81.623 E2228.95713
G1 X98.837 Y82.234 E2229.00186
G1 X97.639 Y82.893 E2229.04734
G1 X96.408 Y83.632 E2229.09509
G1 F2936.1 X95.417 Y84.264 E2229.13409
G1 F2943.5 X94.234 Y85.084 E2229.18172
G1 F2936.1 X93.137 Y85.9 E2229.22708
G1 F2928.8 X92.087 Y86.74 E2229.27181
G1 X91.05 Y87.623 E2229.31711
G1 X90.057 Y88.533 E2229.36191
G1 F2943.5 X89.081 Y89.49 E2229.40714
G1 X88.147 Y90.471 E2229.45197
G1 F2936.1 X87.254 Y91.475 E2229.49655
G1 F2928.8 X86.378 Y92.528 E2229.5421
G1 F2921.5 X85.557 Y93.589 E2229.58684
G1 F2928.8 X84.762 Y94.688 E2229.63195
G1 X84.012 Y95.805 E2229.6767
G1 F2936.1 X83.306 Y96.932 E2229.72082
G1 F2943.5 X82.608 Y98.145 E2229.76714
G1 F2936.1 X82.006 Y99.274 E2229.80958
G1 F2921.5 X81.41 Y100.486 E2229.85462
G1 F2943.5 X80.828 Y101.783 E2229.90166
G1 F2958.3 X80.308 Y103.048 E2229.9467
G1 F2936.1 X79.84 Y104.319 E2229.99164
G1 X79.415 Y105.593 E2230.03619
G1 F2943.5 X79.032 Y106.904 E2230.08139
G1 X78.695 Y108.218 E2230.12628
G1 F2936.1 X78.401 Y109.54 E2230.17122
G1 F2943.5 X78.153 Y110.871 E2230.21602
G1 X77.951 Y112.202 E2230.26057
G1 F2936.1 X77.797 Y113.557 E2230.30582
G1 F2921.5 X77.683 Y114.907 E2230.35099
G1 F2928.8 X77.621 Y116.262 E2230.39611
G1 F2943.5 X77.601 Y117.617 E2230.44095
G1 X77.629 Y118.96 E2230.48541
G1 X77.697 Y120.314 E2230.53027
G1 X77.818 Y121.662 E2230.57506
G1 X77.986 Y123.021 E2230.62038
G1 X78.192 Y124.347 E2230.66479
G1 X78.448 Y125.678 E2230.70965
G1 X78.75 Y127 E2230.75452
G1 X79.092 Y128.31 E2230.79933
G1 F2950.9 X79.482 Y129.606 E2230.84401
G1 F2943.5 X79.919 Y130.9 E2230.8892
G1 X80.393 Y132.162 E2230.93382
G1 X80.912 Y133.412 E2230.97861
G1 F2958.3 X81.472 Y134.646 E2231.02323
G1 X82.074 Y135.857 E2231.06776
G1 F2950.9 X82.721 Y137.051 E2231.11259
G1 X83.404 Y138.22 E2231.15728
G1 X84.128 Y139.366 E2231.20203
G1 X84.896 Y140.496 E2231.24713
G1 F2958.3 X85.688 Y141.581 E2231.29136
G1 X86.532 Y142.655 E2231.33634
G1 F2950.9 X87.396 Y143.684 E2231.3807
G1 F2943.5 X88.304 Y144.69 E2231.42554
G1 X89.241 Y145.666 E2231.47032
G1 F2950.9 X90.222 Y146.615 E2231.51538
G1 F2958.3 X91.219 Y147.519 E2231.55969
G1 X92.264 Y148.4 E2231.6047
G1 F2950.9 X93.317 Y149.232 E2231.649
G1 F2943.5 X94.35 Y149.996 E2231.69152
G1 X95.612 Y150.856 E2231.74206
G1 F2958.3 X96.601 Y151.487 E2231.78069
G1 X97.923 Y152.263 E2231.83116
G1 F2943.5 X99.041 Y152.868 E2231.87323
G1 X100.243 Y153.47 E2231.91772
G1 F2958.3 X101.473 Y154.036 E2231.9623
G1 X102.627 Y154.523 E2232.00355
G1 F2950.9 X103.989 Y155.038 E2232.05161
G1 X105.391 Y155.519 E2232.10054
G1 F2943.5 X106.579 Y155.872 E2232.14156
G1 F2936.1 X107.876 Y156.217 E2232.18608
G1 F2943.5 X109.207 Y156.526 E2232.2313
G1 X110.53 Y156.784 E2232.27591
G1 X111.877 Y156.997 E2232.32104
G1 X113.354 Y157.179 E2232.37029
G1 X113.356 Y157.581 E2232.38359
;MESH:NONMESH
G0 F300 X113.356 Y157.581 Z3.4
G0 F15000 X113.156 Y157.56
;TIME_ELAPSED:2123.488204
;LAYER:16
;note -- min layer time used
;TYPE:WALL-OUTER
;MESH:Base.stl
G1 F2909.4 X112.273 Y157.456 E2232.41331
G1 X110.94 Y157.258 E2232.45836
G1 X109.602 Y157.014 E2232.50382
G1 F2895 X108.289 Y156.728 E2232.54896
G1 X106.971 Y156.397 E2232.59461
G1 F2909.4 X105.667 Y156.02 E2232.63999
G1 X104.376 Y155.598 E2232.68539
G1 F2916.6 X102.879 Y155.051 E2232.73853
G1 X101.854 Y154.635 E2232.77541
G1 F2909.4 X100.62 Y154.09 E2232.82051
G1 X99.39 Y153.497 E2232.86615
G1 F2895 X98.398 Y152.978 E2232.90376
G1 F2909.4 X96.937 Y152.152 E2232.95986
G1 F2916.6 X95.859 Y151.492 E2233.00201
G1 F2909.4 X94.732 Y150.747 E2233.04716
G1 F2902.2 X93.705 Y150.022 E2233.08929
G1 F2895 X92.548 Y149.143 E2233.1381
G1 X91.497 Y148.283 E2233.18372
G1 F2909.4 X90.488 Y147.4 E2233.22854
G1 X89.49 Y146.469 E2233.27416
G1 X88.531 Y145.51 E2233.31949
G1 X87.607 Y144.523 E2233.36469
G1 X86.716 Y143.504 E2233.40993
G1 F2916.6 X85.859 Y142.454 E2233.45512
G1 F2923.9 X84.984 Y141.299 E2233.50332
G1 F2916.6 X84.256 Y140.272 E2233.54529
G1 F2923.9 X83.51 Y139.142 E2233.59033
G1 F2909.4 X82.847 Y138.071 E2233.63243
G1 F2895 X82.019 Y136.614 E2233.68873
G1 F2909.4 X81.509 Y135.624 E2233.72595
G1 F2916.6 X80.915 Y134.393 E2233.77153
G1 F2909.4 X80.367 Y133.156 E2233.81675
G1 X79.861 Y131.898 E2233.86208
G1 X79.4 Y130.625 E2233.90733
G1 X78.981 Y129.343 E2233.95242
G1 X78.603 Y128.038 E2233.99783
G1 X78.272 Y126.724 E2234.04313
G1 X77.982 Y125.403 E2234.08833
G1 F2895 X77.739 Y124.069 E2234.13388
G1 X77.541 Y122.733 E2234.17925
G1 X77.389 Y121.382 E2234.22492
G1 F2887.8 X77.274 Y119.966 E2234.27277
G1 F2895 X77.217 Y118.681 E2234.31598
G1 F2909.4 X77.201 Y117.337 E2234.3609
G1 X77.229 Y115.987 E2234.40604
G1 F2916.6 X77.304 Y114.621 E2234.45165
G1 F2923.9 X77.424 Y113.284 E2234.4963
G1 X77.587 Y111.938 E2234.5414
G1 F2909.4 X77.794 Y110.602 E2234.58659
G1 X78.048 Y109.272 E2234.63185
G1 X78.347 Y107.954 E2234.67702
G1 X78.693 Y106.633 E2234.72267
G1 F2916.6 X79.079 Y105.336 E2234.76779
G1 X79.513 Y104.039 E2234.81339
G1 F2923.9 X79.982 Y102.79 E2234.85777
G1 X80.435 Y101.671 E2234.89792
G1 X81.052 Y100.304 E2234.9478
G1 X81.653 Y99.083 E2234.99307
G1 F2909.4 X82.339 Y97.809 E2235.04143
G1 F2923.9 X82.934 Y96.781 E2235.08094
G1 X83.683 Y95.576 E2235.12813
G1 X84.415 Y94.489 E2235.17172
G1 F2909.4 X85.176 Y93.427 E2235.21539
G1 X86.05 Y92.3 E2235.26306
G1 F2916.6 X86.927 Y91.241 E2235.30891
G1 F2923.9 X87.825 Y90.23 E2235.35388
G1 X88.761 Y89.25 E2235.39896
G1 X89.732 Y88.291 E2235.44435
G1 F2916.6 X90.724 Y87.38 E2235.48926
G1 F2909.4 X91.746 Y86.501 E2235.53431
G1 F2923.9 X92.805 Y85.652 E2235.57946
G1 F2909.4 X93.896 Y84.833 E2235.62506
G1 X94.998 Y84.064 E2235.66998
G1 X96.136 Y83.328 E2235.71528
G1 X97.295 Y82.632 E2235.76047
G1 X98.477 Y81.97 E2235.80575
G1 X99.691 Y81.346 E2235.85138
G1 X101.081 Y80.689 E2235.90277
G1 X101.09 Y80.696 E2235.90315
G1 F2916.6 X102.149 Y80.238 E2235.94162
G1 F2923.9 X103.413 Y79.744 E2235.98676
G1 F2909.4 X104.581 Y79.324 E2236.02825
G1 X105.979 Y78.881 E2236.07727
G1 F2916.6 X107.292 Y78.514 E2236.12273
G1 F2909.4 X108.705 Y78.169 E2236.17135
G1 X109.936 Y77.917 E2236.21335
G1 X111.225 Y77.692 E2236.25709
G1 F2902.2 X112.598 Y77.496 E2236.30356
G1 F2909.4 X113.943 Y77.356 E2236.34876
G1 X115.305 Y77.26 E2236.3944
G1 X116.658 Y77.209 E2236.43966
G1 X118.002 Y77.202 E2236.48459
G1 X119.355 Y77.241 E2236.52983
G1 X120.716 Y77.329 E2236.57542
G1 F2916.6 X122.055 Y77.459 E2236.62028
G1 X123.407 Y77.635 E2236.66574
G1 F2909.4 X124.746 Y77.858 E2236.71111
G1 X126.059 Y78.12 E2236.75587
G1 F2902.2 X127.276 Y78.404 E2236.79774
G1 F2895 X128.709 Y78.79 E2236.8476
G1 X129.991 Y79.187 E2236.89268
G1 X131.272 Y79.625 E2236.93816
G1 F2909.4 X132.526 Y80.105 E2236.98304
G1 X133.771 Y80.631 E2237.02822
G1 X135.013 Y81.204 E2237.07394
G1 X136.212 Y81.809 E2237.11883
G1 X137.405 Y82.458 E2237.16423
G1 X138.565 Y83.146 E2237.20931
G1 X139.718 Y83.879 E2237.25498
G1 X140.825 Y84.639 E2237.29986
G1 X141.916 Y85.439 E2237.34509
G1 F2895 X142.99 Y86.287 E2237.39105
G1 X144.012 Y87.15 E2237.43599
G1 F2909.4 X145.017 Y88.061 E2237.48133
G1 X145.991 Y89.001 E2237.52658
G1 X146.94 Y89.984 E2237.57225
G1 X147.849 Y90.986 E2237.61747
G1 X148.715 Y92.014 E2237.6624
G1 X149.554 Y93.075 E2237.70762
G1 X150.363 Y94.178 E2237.75334
G1 X151.122 Y95.285 E2237.7982
G1 X151.847 Y96.427 E2237.84342
G1 X152.536 Y97.593 E2237.88869
G1 X153.192 Y98.791 E2237.93435
G1 X153.794 Y99.989 E2237.97916
G1 X154.362 Y101.219 E2238.02445
G1 X154.888 Y102.469 E2238.06978
G1 X155.374 Y103.731 E2238.11499
G1 F2902.2 X155.815 Y105.011 E2238.16035
G1 F2909.4 X156.214 Y106.317 E2238.206
G1 X156.596 Y107.726 E2238.2548
G1 F2902.2 X156.875 Y108.933 E2238.29631
G1 X157.141 Y110.257 E2238.34156
G1 F2909.4 X157.362 Y111.596 E2238.38693
G1 F2916.6 X157.54 Y112.948 E2238.4324
G1 F2909.4 X157.668 Y114.286 E2238.47732
G1 X157.755 Y115.639 E2238.52264
G1 X157.795 Y116.992 E2238.56789
G1 X157.791 Y118.345 E2238.61312
G1 F2902.2 X157.739 Y119.698 E2238.65849
G1 F2909.4 X157.64 Y121.059 E2238.7041
G1 F2916.6 X157.5 Y122.392 E2238.74879
G1 X157.305 Y123.777 E2238.79543
G1 F2923.9 X157.079 Y125.068 E2238.83902
G1 X156.828 Y126.297 E2238.88074
G1 F2916.6 X156.482 Y127.71 E2238.92925
G1 F2923.9 X156.112 Y129.024 E2238.97465
G1 X155.666 Y130.424 E2239.02352
G1 X155.256 Y131.584 E2239.06444
G1 F2916.6 X154.871 Y132.58 E2239.10004
G1 F2909.4 X154.226 Y134.086 E2239.15481
G1 F2916.6 X153.645 Y135.312 E2239.20004
G1 X153.028 Y136.515 E2239.24512
G1 X152.372 Y137.696 E2239.29017
G1 F2909.4 X151.671 Y138.859 E2239.33556
G1 F2916.6 X150.935 Y139.993 E2239.38064
G1 F2931.3 X150.187 Y141.066 E2239.42403
G1 X149.348 Y142.191 E2239.47059
G1 F2923.9 X148.518 Y143.223 E2239.51464
G1 F2931.3 X147.627 Y144.263 E2239.56008
G1 X146.701 Y145.269 E2239.60544
G1 X145.75 Y146.236 E2239.65044
G1 F2923.9 X144.763 Y147.175 E2239.69575
G1 F2916.6 X143.759 Y148.066 E2239.74051
G1 F2909.4 X142.717 Y148.933 E2239.78582
G1 F2923.9 X141.587 Y149.801 E2239.83321
G1 F2931.3 X140.54 Y150.562 E2239.87615
G1 F2923.9 X139.417 Y151.315 E2239.92112
G1 F2931.3 X138.276 Y152.027 E2239.96574
G1 F2923.9 X137.105 Y152.703 E2240.01071
G1 X135.903 Y153.348 E2240.05608
G1 X134.685 Y153.95 E2240.10127
G1 F2909.4 X133.274 Y154.586 E2240.15301
G1 X132.209 Y155.016 E2240.1914
G1 X130.947 Y155.486 E2240.23641
G1 X129.658 Y155.919 E2240.28187
G1 X128.36 Y156.306 E2240.32714
G1 X127.039 Y156.652 E2240.37279
G1 F2895 X125.722 Y156.95 E2240.41815
G1 F2909.4 X124.392 Y157.202 E2240.4634
G1 X123.059 Y157.409 E2240.50849
G1 F2923.9 X121.843 Y157.559 E2240.54924
G1 F2938.6 X121.843 Y157.158 E2240.56251
G1 F2953.5 X122.522 Y157.08 E2240.58501
G1 X124.178 Y156.833 E2240.64015
G1 F2938.6 X125.28 Y156.632 E2240.67722
G1 X126.695 Y156.323 E2240.72515
G1 X128.018 Y155.985 E2240.77034
G1 X129.32 Y155.607 E2240.8152
G1 X130.707 Y155.146 E2240.86357
G1 F2923.9 X131.877 Y154.716 E2240.90503
G1 X133.136 Y154.206 E2240.95021
G1 X134.458 Y153.615 E2240.99838
G1 F2916.6 X135.292 Y153.201 E2241.02942
G1 F2909.4 X135.3 Y153.206 E2241.02974
G1 F2923.9 X136.786 Y152.424 E2241.08559
G1 F2938.6 X137.969 Y151.749 E2241.13066
G1 X139.113 Y151.037 E2241.17526
G1 X140.231 Y150.29 E2241.21975
G1 X141.341 Y149.49 E2241.26503
G1 F2931.3 X142.403 Y148.671 E2241.30953
G1 F2923.9 X143.456 Y147.798 E2241.35502
G1 F2931.3 X144.472 Y146.902 E2241.39997
G1 F2938.6 X145.445 Y145.977 E2241.4444
G1 X146.408 Y144.999 E2241.48982
G1 F2923.9 X147.314 Y144.014 E2241.53433
G1 X148.194 Y142.991 E2241.57921
G1 X149.033 Y141.946 E2241.62378
G1 X149.837 Y140.87 E2241.66846
G1 X150.636 Y139.722 E2241.71498
G1 X151.365 Y138.593 E2241.75968
G1 F2916.6 X152.026 Y137.495 E2241.80241
G1 F2923.9 X152.723 Y136.237 E2241.85025
G1 F2931.3 X153.338 Y135.031 E2241.89516
G1 X153.916 Y133.801 E2241.94025
G1 F2923.9 X154.513 Y132.394 E2241.99108
G1 X154.934 Y131.304 E2242.02995
G1 F2946 X155.383 Y130.014 E2242.07504
G1 X155.786 Y128.719 E2242.11981
G1 F2938.6 X156.148 Y127.413 E2242.16466
G1 X156.463 Y126.099 E2242.20938
G1 X156.731 Y124.768 E2242.25431
G1 X156.953 Y123.445 E2242.2987
G1 X157.134 Y122.091 E2242.34391
G1 X157.266 Y120.74 E2242.38883
G1 X157.351 Y119.401 E2242.43323
G1 X157.395 Y118.035 E2242.47846
G1 X157.391 Y116.679 E2242.52334
G1 X157.339 Y115.324 E2242.56821
G1 X157.242 Y113.974 E2242.61301
G1 F2946 X157.102 Y112.639 E2242.65732
G1 F2953.5 X156.912 Y111.284 E2242.70237
G1 F2946 X156.676 Y109.949 E2242.74712
G1 F2938.6 X156.399 Y108.635 E2242.79156
G1 X156.077 Y107.309 E2242.83672
G1 F2953.5 X155.707 Y106.006 E2242.88132
G1 F2938.6 X155.298 Y104.723 E2242.92589
G1 X154.839 Y103.437 E2242.97108
G1 X154.337 Y102.178 E2243.01593
G1 X153.798 Y100.937 E2243.06071
G1 F2953.5 X153.215 Y99.711 E2243.10541
G1 X152.596 Y98.52 E2243.14961
G1 X151.925 Y97.33 E2243.19459
G1 F2946 X151.218 Y96.172 E2243.23938
G1 X150.478 Y95.04 E2243.28402
G1 F2953.5 X149.702 Y93.941 E2243.32832
G1 X148.878 Y92.852 E2243.37329
G1 X148.022 Y91.802 E2243.41789
G1 X147.134 Y90.782 E2243.46242
G1 X146.213 Y89.796 E2243.50685
G1 X145.249 Y88.831 E2243.55176
G1 X144.272 Y87.915 E2243.59586
G1 F2938.6 X143.247 Y87.021 E2243.64087
G1 X142.19 Y86.158 E2243.68603
G1 X141.112 Y85.338 E2243.73086
G1 X140.015 Y84.561 E2243.77534
G1 X138.966 Y83.866 E2243.81699
G1 F2953.5 X137.732 Y83.107 E2243.86469
G1 F2938.6 X136.258 Y82.282 E2243.92059
G1 X135.34 Y81.808 E2243.95478
G1 F2953.5 X134.118 Y81.225 E2243.99936
G1 F2946 X132.748 Y80.626 E2244.04872
G1 F2938.6 X131.625 Y80.183 E2244.08867
G1 X130.339 Y79.724 E2244.13386
G1 X129.061 Y79.311 E2244.17831
G1 X127.746 Y78.94 E2244.22353
G1 X126.444 Y78.615 E2244.26794
G1 X125.113 Y78.333 E2244.31296
G1 X123.779 Y78.096 E2244.3578
G1 F2953.5 X122.428 Y77.904 E2244.40273
G1 F2946 X121.089 Y77.762 E2244.44718
G1 F2938.6 X119.743 Y77.661 E2244.49185
G1 X118.38 Y77.609 E2244.53699
G1 X117.033 Y77.602 E2244.58157
G1 F2946 X115.666 Y77.642 E2244.62671
G1 X114.319 Y77.726 E2244.67127
G1 F2938.6 X112.977 Y77.854 E2244.71588
G1 X111.633 Y78.034 E2244.76076
G1 X110.291 Y78.256 E2244.80577
G1 X108.96 Y78.524 E2244.8507
G1 X107.642 Y78.835 E2244.89552
G1 X106.343 Y79.192 E2244.9401
G1 X105.049 Y79.59 E2244.9849
G1 X103.77 Y80.036 E2245.02973
G1 F2953.5 X102.505 Y80.523 E2245.07436
G1 F2931.3 X101.2 Y81.077 E2245.1214
G1 F2909.4 X100.023 Y81.63 E2245.16487
G1 F2923.9 X98.822 Y82.238 E2245.20964
G1 F2938.6 X97.627 Y82.901 E2245.25487
G1 F2923.9 X96.396 Y83.64 E2245.30262
G1 X95.405 Y84.272 E2245.34172
G1 F2931.3 X94.222 Y85.091 E2245.38945
G1 F2923.9 X93.125 Y85.908 E2245.43494
G1 X92.075 Y86.748 E2245.47967
G1 X91.038 Y87.636 E2245.52508
G1 X90.037 Y88.552 E2245.57021
G1 F2931.3 X89.08 Y89.494 E2245.61476
G1 F2938.6 X88.185 Y90.426 E2245.65752
G1 X87.174 Y91.567 E2245.70797
G1 F2923.9 X86.374 Y92.535 E2245.74974
G1 F2916.6 X85.549 Y93.601 E2245.79468
G1 X84.766 Y94.683 E2245.83922
G1 F2923.9 X83.994 Y95.832 E2245.88526
G1 F2931.3 X83.283 Y96.974 E2245.92989
G1 F2938.6 X82.603 Y98.156 E2245.97502
G1 F2923.9 X82.009 Y99.267 E2246.01692
G1 X81.413 Y100.475 E2246.06172
G1 X80.817 Y101.794 E2246.10986
G1 F2931.3 X80.303 Y103.061 E2246.15522
G1 F2938.6 X79.833 Y104.335 E2246.20016
G1 X79.411 Y105.609 E2246.24458
G1 X79.028 Y106.92 E2246.28978
G1 X78.691 Y108.234 E2246.33467
G1 X78.397 Y109.553 E2246.37939
G1 F2931.3 X78.151 Y110.888 E2246.42443
G1 X77.951 Y112.214 E2246.46892
G1 F2938.6 X77.794 Y113.573 E2246.51419
G1 F2946 X77.682 Y114.923 E2246.55891
G1 F2938.6 X77.621 Y116.279 E2246.60383
G1 X77.601 Y117.633 E2246.64864
G1 X77.629 Y118.976 E2246.6931
G1 F2931.3 X77.701 Y120.331 E2246.73812
G1 X77.821 Y121.678 E2246.78298
G1 X77.986 Y123.036 E2246.82837
G1 X78.195 Y124.363 E2246.87294
G1 F2938.6 X78.449 Y125.693 E2246.91775
G1 F2946 X78.75 Y127.012 E2246.96241
G1 X79.096 Y128.323 E2247.00717
G1 F2938.6 X79.489 Y129.622 E2247.05208
G1 X79.924 Y130.915 E2247.09723
G1 F2946 X80.398 Y132.174 E2247.14164
G1 F2953.5 X80.921 Y133.436 E2247.18662
G1 X81.48 Y134.659 E2247.2309
G1 X82.082 Y135.872 E2247.27548
G1 X82.725 Y137.063 E2247.32005
G1 F2938.6 X83.416 Y138.241 E2247.36525
G1 F2946 X84.136 Y139.378 E2247.40967
G1 F2953.5 X84.904 Y140.508 E2247.45466
G1 X85.7 Y141.593 E2247.49897
G1 F2960.9 X86.444 Y142.553 E2247.53886
G1 F2953.5 X87.404 Y143.692 E2247.58791
G1 F2946 X88.312 Y144.701 E2247.63272
G1 F2953.5 X89.253 Y145.678 E2247.67739
G1 X90.234 Y146.627 E2247.72233
G1 X91.231 Y147.528 E2247.76658
G1 F2946 X92.275 Y148.412 E2247.81174
G1 F2938.6 X93.329 Y149.241 E2247.85611
G1 X94.43 Y150.052 E2247.90137
G1 X95.624 Y150.864 E2247.94915
G1 F2953.5 X96.69 Y151.54 E2247.99072
G1 X97.851 Y152.223 E2248.03507
G1 X99.053 Y152.875 E2248.0801
G1 F2946 X100.255 Y153.478 E2248.12449
G1 F2953.5 X101.397 Y154.004 E2248.16589
G1 F2923.9 X103.024 Y154.678 E2248.22446
G1 F2887.8 X103.033 Y154.671 E2248.22485
G1 F2916.6 X103.899 Y155.009 E2248.25584
G1 F2946 X105.408 Y155.52 E2248.30843
G1 F2938.6 X106.587 Y155.875 E2248.34918
G1 X107.889 Y156.221 E2248.39377
G1 X109.223 Y156.527 E2248.43906
G1 X110.545 Y156.787 E2248.48365
G1 X111.889 Y157.001 E2248.52869
G1 F2923.9 X113.156 Y157.158 E2248.57115
G1 F2916.6 X113.156 Y157.56 E2248.58455
G1 F2700 E2243.58455
;MESH:NONMESH
G0 F300 X113.156 Y157.56 Z3.6
G0 F15000 X114.022 Y157.558
G0 X120.979 Y157.543
G0 X121.987 Y157.543
;TIME_ELAPSED:2134.381099
;LAYER:17
;note -- min layer time used
;TYPE:WALL-OUTER
;MESH:Base.stl
G1 F2700 E2248.58455
G1 F2937.8 X121.987 Y157.141 E2248.59789
G1 F2945.2 X122.724 Y157.054 E2248.62245
G1 F2930.5 X124.195 Y156.83 E2248.67194
G1 F2945.2 X125.295 Y156.631 E2248.70893
G1 F2960.1 X126.711 Y156.318 E2248.75669
G1 F2945.2 X128.034 Y155.981 E2248.80187
G1 X129.336 Y155.603 E2248.84673
G1 X130.723 Y155.142 E2248.8951
G1 X131.893 Y154.711 E2248.93637
G1 F2937.8 X133.145 Y154.204 E2248.98118
G1 F2923.2 X134.496 Y153.595 E2249.03059
G1 F2915.9 X135.304 Y153.193 E2249.06076
G1 X135.312 Y153.198 E2249.06108
G1 F2930.5 X136.802 Y152.417 E2249.11703
G1 F2937.8 X137.975 Y151.745 E2249.16188
G1 F2930.5 X139.114 Y151.034 E2249.20654
G1 X140.243 Y150.282 E2249.25165
G1 F2945.2 X141.353 Y149.482 E2249.29694
G1 X142.414 Y148.662 E2249.34131
G1 F2930.5 X143.468 Y147.79 E2249.38681
G1 X144.481 Y146.889 E2249.4319
G1 F2937.8 X145.457 Y145.965 E2249.47649
G1 F2930.5 X146.404 Y145.004 E2249.52137
G1 X147.306 Y144.023 E2249.56569
G1 X148.212 Y142.966 E2249.61199
G1 X149.024 Y141.953 E2249.65517
G1 X149.872 Y140.824 E2249.70214
G1 F2937.8 X150.596 Y139.782 E2249.74423
G1 F2930.5 X151.373 Y138.581 E2249.79181
G1 X152.076 Y137.407 E2249.83732
G1 F2915.9 X152.753 Y136.184 E2249.88405
G1 X153.346 Y135.015 E2249.92786
G1 F2930.5 X153.921 Y133.789 E2249.9729
G1 F2915.9 X154.442 Y132.572 E2250.01715
G1 F2923.2 X154.939 Y131.288 E2250.06306
G1 F2945.2 X155.387 Y130.002 E2250.10813
G1 F2960.1 X155.79 Y128.707 E2250.15279
G1 F2952.6 X156.152 Y127.401 E2250.19753
G1 F2930.5 X156.464 Y126.082 E2250.24261
G1 X156.732 Y124.752 E2250.28773
G1 X156.954 Y123.425 E2250.33248
G1 X157.135 Y122.075 E2250.37778
G1 F2945.2 X157.267 Y120.724 E2250.42271
G1 F2960.1 X157.354 Y119.385 E2250.46689
G1 X157.395 Y118.018 E2250.51192
G1 X157.39 Y116.663 E2250.55654
G1 F2945.2 X157.339 Y115.308 E2250.60141
G1 X157.239 Y113.957 E2250.64624
G1 X157.098 Y112.623 E2250.69064
G1 X156.909 Y111.268 E2250.73591
G1 X156.676 Y109.934 E2250.78073
G1 X156.395 Y108.606 E2250.82565
G1 X156.041 Y107.184 E2250.87415
G1 X155.703 Y105.99 E2250.91521
G1 X155.294 Y104.711 E2250.95965
G1 F2937.8 X154.832 Y103.424 E2251.00502
G1 F2930.5 X154.333 Y102.163 E2251.05012
G1 X153.795 Y100.932 E2251.09481
G1 F2945.2 X153.208 Y99.699 E2251.14
G1 F2960.1 X152.584 Y98.497 E2251.18459
G1 F2952.6 X151.921 Y97.326 E2251.22902
G1 F2945.2 X151.21 Y96.16 E2251.27421
G1 X150.467 Y95.027 E2251.31905
G1 X149.686 Y93.921 E2251.36386
G1 F2952.6 X148.866 Y92.84 E2251.40865
G1 X148.018 Y91.798 E2251.453
G1 X147.122 Y90.769 E2251.49804
G1 F2960.1 X146.197 Y89.777 E2251.5427
G1 X145.248 Y88.828 E2251.58689
G1 X144.26 Y87.903 E2251.63145
G1 F2945.2 X143.235 Y87.01 E2251.67644
G1 F2952.6 X142.178 Y86.147 E2251.72149
G1 F2960.1 X141.1 Y85.33 E2251.76603
G1 F2952.6 X140.003 Y84.554 E2251.81038
G1 F2960.1 X138.874 Y83.807 E2251.85496
G1 X137.708 Y83.094 E2251.89996
G1 F2937.8 X136.245 Y82.273 E2251.95562
G1 F2930.5 X135.324 Y81.803 E2251.99001
G1 F2937.8 X134.102 Y81.22 E2252.03493
G1 F2945.2 X132.732 Y80.618 E2252.08445
G1 F2952.6 X131.609 Y80.179 E2252.12426
G1 F2960.1 X130.327 Y79.718 E2252.16912
G1 X129.049 Y79.307 E2252.21332
G1 X127.855 Y78.966 E2252.25421
G1 X126.428 Y78.611 E2252.30263
G1 F2945.2 X125.089 Y78.329 E2252.34791
G1 X123.771 Y78.096 E2252.39221
G1 X122.416 Y77.903 E2252.4375
G1 X121.073 Y77.761 E2252.48219
G1 X119.727 Y77.661 E2252.52686
G1 X118.364 Y77.609 E2252.572
G1 X117.017 Y77.602 E2252.61658
G1 X115.654 Y77.641 E2252.6617
G1 X114.303 Y77.729 E2252.70651
G1 F2937.8 X112.965 Y77.857 E2252.7511
G1 F2945.2 X111.61 Y78.035 E2252.79633
G1 X110.146 Y78.283 E2252.84547
G1 F2930.5 X108.944 Y78.527 E2252.88626
G1 X107.626 Y78.838 E2252.9313
G1 F2937.8 X106.318 Y79.199 E2252.97632
G1 F2930.5 X104.921 Y79.633 E2253.02498
G1 F2945.2 X103.746 Y80.044 E2253.06617
G1 X102.492 Y80.53 E2253.11068
G1 F2930.5 X101.233 Y81.063 E2253.15615
G1 F2923.2 X100.007 Y81.639 E2253.20132
G1 F2937.8 X98.802 Y82.25 E2253.24614
G1 F2945.2 X97.615 Y82.905 E2253.29101
G1 F2930.5 X96.461 Y83.596 E2253.33574
G1 X95.312 Y84.336 E2253.3812
G1 X94.21 Y85.099 E2253.42578
G1 X93.125 Y85.908 E2253.4708
G1 X92.055 Y86.764 E2253.51637
G1 F2923.2 X91.025 Y87.647 E2253.56161
G1 F2930.5 X90.026 Y88.561 E2253.60664
G1 F2945.2 X89.06 Y89.51 E2253.65146
G1 X88.126 Y90.494 E2253.69635
G1 F2930.5 X87.166 Y91.579 E2253.74454
G1 X86.382 Y92.523 E2253.78535
G1 F2923.2 X85.508 Y93.653 E2253.83299
G1 X84.741 Y94.719 E2253.87677
G1 F2930.5 X83.986 Y95.844 E2253.92184
G1 X83.27 Y96.994 E2253.96689
G1 F2945.2 X82.596 Y98.169 E2254.01172
G1 F2937.8 X81.816 Y99.647 E2254.06717
G1 F2930.5 X81.364 Y100.584 E2254.10177
G1 X80.813 Y101.81 E2254.14647
G1 X80.299 Y103.073 E2254.19183
G1 F2952.6 X79.866 Y104.234 E2254.23273
G1 F2960.1 X79.368 Y105.742 E2254.28502
G1 F2952.6 X79.024 Y106.937 E2254.32607
G1 F2945.2 X78.687 Y108.246 E2254.37081
G1 F2960.1 X78.375 Y109.661 E2254.41852
G1 X78.187 Y110.657 E2254.45189
G1 F2945.2 X77.947 Y112.23 E2254.50455
G1 X77.794 Y113.589 E2254.54981
G1 X77.682 Y114.939 E2254.59464
G1 X77.621 Y116.291 E2254.63943
G1 X77.601 Y117.649 E2254.68438
G1 X77.629 Y118.988 E2254.7287
G1 X77.701 Y120.343 E2254.7736
G1 X77.822 Y121.694 E2254.81849
G1 X77.99 Y123.049 E2254.86368
G1 X78.196 Y124.375 E2254.90809
G1 X78.456 Y125.707 E2254.953
G1 X78.754 Y127.028 E2254.99781
G1 X79.1 Y128.339 E2255.04269
G1 X79.493 Y129.634 E2255.08747
G1 X79.927 Y130.92 E2255.13239
G1 F2937.8 X80.405 Y132.187 E2255.17732
G1 F2945.2 X80.928 Y133.448 E2255.2225
G1 F2952.6 X81.483 Y134.67 E2255.2668
G1 X82.09 Y135.885 E2255.31163
G1 X82.733 Y137.075 E2255.35628
G1 F2945.2 X83.424 Y138.253 E2255.40148
G1 X84.144 Y139.39 E2255.44602
G1 F2952.6 X84.912 Y140.52 E2255.49112
G1 X85.708 Y141.602 E2255.53546
G1 X86.551 Y142.679 E2255.58061
G1 F2945.2 X87.416 Y143.705 E2255.62502
G1 F2952.6 X88.328 Y144.72 E2255.67007
G1 F2960.1 X89.265 Y145.687 E2255.7144
G1 X90.246 Y146.638 E2255.75939
G1 X91.243 Y147.539 E2255.80364
G1 X92.288 Y148.42 E2255.84865
G1 F2952.6 X93.341 Y149.252 E2255.89295
G1 X94.442 Y150.06 E2255.93803
G1 X95.636 Y150.872 E2255.9857
G1 F2960.1 X96.702 Y151.548 E2256.02726
G1 X97.863 Y152.231 E2256.07161
G1 F2952.6 X99.065 Y152.883 E2256.11675
G1 X100.279 Y153.49 E2256.16156
G1 F2945.2 X101.497 Y154.045 E2256.20585
G1 X102.747 Y154.568 E2256.2507
G1 X103.917 Y155.014 E2256.29213
G1 F2960.1 X105.42 Y155.527 E2256.34443
G1 X106.599 Y155.879 E2256.38494
G1 F2952.6 X107.905 Y156.224 E2256.42953
G1 F2945.2 X109.235 Y156.531 E2256.4747
G1 X110.561 Y156.791 E2256.51942
G1 X111.905 Y157.001 E2256.56444
G1 F2937.8 X113.008 Y157.141 E2256.60133
G1 F2930.5 X113.008 Y157.542 E2256.61467
G1 F2923.2 X112.261 Y157.452 E2256.63975
G1 F2915.9 X110.927 Y157.257 E2256.68482
G1 F2908.7 X109.591 Y157.014 E2256.73032
G1 F2901.5 X108.276 Y156.724 E2256.77556
G1 F2915.9 X106.96 Y156.394 E2256.82091
G1 F2930.5 X105.658 Y156.017 E2256.86599
G1 X104.364 Y155.594 E2256.91127
G1 F2915.9 X103.103 Y155.137 E2256.9561
G1 F2908.7 X101.837 Y154.627 E2257.00184
G1 F2901.5 X100.611 Y154.086 E2257.04686
G1 F2908.7 X99.381 Y153.493 E2257.09261
G1 X98.179 Y152.864 E2257.13807
G1 F2915.9 X97.013 Y152.2 E2257.18293
G1 F2923.2 X95.847 Y151.484 E2257.22855
G1 F2915.9 X94.728 Y150.743 E2257.27341
G1 F2908.7 X93.699 Y150.019 E2257.31557
G1 F2901.5 X92.54 Y149.136 E2257.36452
G1 F2908.7 X91.488 Y148.276 E2257.41005
G1 F2915.9 X90.478 Y147.393 E2257.45489
G1 X89.482 Y146.461 E2257.50049
G1 X88.523 Y145.502 E2257.54582
G1 X87.6 Y144.515 E2257.59099
G1 X86.709 Y143.496 E2257.63624
G1 F2908.7 X85.853 Y142.446 E2257.68164
G1 F2915.9 X84.979 Y141.291 E2257.73005
G1 X84.248 Y140.264 E2257.77219
G1 F2908.7 X83.503 Y139.134 E2257.81754
G1 X82.843 Y138.063 E2257.8597
G1 F2901.5 X82.015 Y136.606 E2257.91599
G1 X81.502 Y135.612 E2257.95357
G1 F2915.9 X80.908 Y134.382 E2257.99923
G1 F2901.5 X80.363 Y133.144 E2258.04467
G1 X79.858 Y131.886 E2258.09021
G1 X79.396 Y130.617 E2258.13557
G1 F2908.7 X78.981 Y129.339 E2258.1806
G1 F2915.9 X78.599 Y128.026 E2258.22631
G1 F2908.7 X78.269 Y126.716 E2258.27158
G1 X77.982 Y125.391 E2258.31701
G1 F2915.9 X77.739 Y124.057 E2258.36233
G1 F2908.7 X77.541 Y122.721 E2258.40759
G1 X77.388 Y121.37 E2258.45315
G1 X77.274 Y119.954 E2258.50075
G1 F2901.5 X77.217 Y118.673 E2258.54383
G1 F2915.9 X77.201 Y117.325 E2258.58889
G1 X77.23 Y115.975 E2258.63402
G1 X77.305 Y114.609 E2258.67975
G1 X77.424 Y113.272 E2258.72462
G1 F2923.2 X77.587 Y111.93 E2258.7697
G1 F2937.8 X77.796 Y110.589 E2258.81472
G1 X78.052 Y109.26 E2258.85963
G1 F2930.5 X78.351 Y107.942 E2258.90458
G1 X78.697 Y106.621 E2258.95
G1 F2923.2 X79.079 Y105.336 E2258.9947
G1 F2930.5 X79.551 Y103.938 E2259.04377
G1 F2937.8 X79.986 Y102.779 E2259.08484
G1 F2923.2 X80.439 Y101.664 E2259.12497
G1 F2915.9 X81.057 Y100.297 E2259.17512
G1 X81.661 Y99.071 E2259.2208
G1 F2930.5 X82.346 Y97.8 E2259.26883
G1 X82.978 Y96.706 E2259.31085
G1 X83.691 Y95.564 E2259.35563
G1 F2923.2 X84.447 Y94.441 E2259.40076
G1 F2915.9 X85.184 Y93.418 E2259.44291
G1 X86.042 Y92.308 E2259.48981
G1 X86.935 Y91.233 E2259.53652
G1 F2923.2 X87.823 Y90.234 E2259.58109
G1 F2937.8 X88.768 Y89.242 E2259.62654
G1 F2945.2 X89.742 Y88.283 E2259.67178
G1 F2930.5 X90.739 Y87.364 E2259.71688
G1 F2923.2 X91.758 Y86.492 E2259.76159
G1 F2930.5 X92.813 Y85.644 E2259.80661
G1 F2915.9 X93.908 Y84.824 E2259.85234
G1 X95.01 Y84.056 E2259.89724
G1 X96.144 Y83.32 E2259.94243
G1 X97.306 Y82.623 E2259.98772
G1 F2923.2 X98.488 Y81.966 E2260.03281
G1 X99.703 Y81.341 E2260.07837
G1 F2915.9 X101.109 Y80.677 E2260.13035
G1 F2923.2 X102.162 Y80.234 E2260.16844
G1 F2930.5 X103.421 Y79.74 E2260.21342
G1 F2915.9 X104.594 Y79.32 E2260.25507
G1 F2908.7 X105.987 Y78.879 E2260.30403
G1 F2915.9 X107.304 Y78.511 E2260.34974
G1 X108.717 Y78.165 E2260.39837
G1 X109.948 Y77.913 E2260.44037
G1 F2908.7 X111.137 Y77.704 E2260.48082
G1 F2901.5 X112.61 Y77.496 E2260.53079
G1 F2908.7 X113.955 Y77.357 E2260.5761
G1 X115.32 Y77.257 E2260.62197
G1 F2915.9 X116.67 Y77.209 E2260.66712
G1 X118.014 Y77.202 E2260.71205
G1 X119.367 Y77.241 E2260.75729
G1 F2908.7 X120.728 Y77.329 E2260.80299
G1 F2915.9 X122.114 Y77.464 E2260.84954
G1 F2923.2 X123.42 Y77.639 E2260.89348
G1 X124.748 Y77.858 E2260.93836
G1 F2915.9 X126.072 Y78.125 E2260.9835
G1 X127.286 Y78.403 E2261.02513
G1 F2923.2 X128.818 Y78.824 E2261.07811
G1 F2930.5 X130.002 Y79.19 E2261.11933
G1 F2923.2 X131.281 Y79.633 E2261.16446
G1 X132.539 Y80.11 E2261.20932
G1 F2915.9 X133.784 Y80.636 E2261.2545
G1 F2901.5 X135.021 Y81.209 E2261.30029
G1 X136.224 Y81.814 E2261.34553
G1 F2908.7 X137.41 Y82.462 E2261.39081
G1 X138.575 Y83.15 E2261.43615
G1 F2915.9 X139.726 Y83.886 E2261.48182
G1 X140.837 Y84.647 E2261.52683
G1 X141.928 Y85.451 E2261.57213
G1 X142.999 Y86.295 E2261.61771
G1 X144.024 Y87.158 E2261.6625
G1 X145.028 Y88.069 E2261.70782
G1 X146.004 Y89.012 E2261.75318
G1 X146.947 Y89.988 E2261.79855
G1 X147.858 Y90.999 E2261.84404
G1 X148.722 Y92.022 E2261.8888
G1 F2908.7 X149.562 Y93.088 E2261.93428
G1 F2901.5 X150.369 Y94.186 E2261.98005
G1 X151.13 Y95.297 E2262.02529
G1 X151.854 Y96.439 E2262.07071
G1 X152.543 Y97.601 E2262.11609
G1 F2915.9 X153.197 Y98.803 E2262.16183
G1 X153.801 Y100.002 E2262.20671
G1 F2901.5 X154.37 Y101.231 E2262.25221
G1 X154.895 Y102.48 E2262.29772
G1 X155.377 Y103.743 E2262.34313
G1 X155.819 Y105.023 E2262.38862
G1 F2915.9 X156.218 Y106.329 E2262.43427
G1 F2908.7 X156.599 Y107.738 E2262.48318
G1 F2901.5 X156.879 Y108.945 E2262.5248
G1 F2908.7 X157.145 Y110.273 E2262.57019
G1 F2915.9 X157.364 Y111.606 E2262.61534
G1 X157.54 Y112.96 E2262.66098
G1 F2901.5 X157.671 Y114.297 E2262.70611
G1 F2908.7 X157.755 Y115.651 E2262.75157
G1 F2915.9 X157.795 Y117.004 E2262.79681
G1 F2923.2 X157.788 Y118.356 E2262.8419
G1 F2930.5 X157.736 Y119.71 E2262.88696
G1 F2915.9 X157.639 Y121.072 E2262.93261
G1 F2908.7 X157.499 Y122.408 E2262.97762
G1 F2901.5 X157.304 Y123.793 E2263.0246
G1 F2908.7 X157.074 Y125.085 E2263.06858
G1 X156.827 Y126.311 E2263.11049
G1 F2915.9 X156.479 Y127.722 E2263.15907
G1 F2930.5 X156.108 Y129.036 E2263.20448
G1 X155.662 Y130.436 E2263.25335
G1 X155.252 Y131.595 E2263.29424
G1 F2915.9 X154.826 Y132.694 E2263.33364
G1 X154.221 Y134.098 E2263.38474
G1 X153.641 Y135.32 E2263.42995
G1 F2908.7 X153.126 Y136.328 E2263.46788
G1 F2901.5 X153.129 Y136.336 E2263.46817
G1 F2915.9 X152.364 Y137.708 E2263.52068
G1 X151.667 Y138.867 E2263.56589
G1 F2930.5 X150.983 Y139.921 E2263.60768
G1 X150.151 Y141.117 E2263.65613
G1 X149.34 Y142.198 E2263.70108
G1 X148.527 Y143.211 E2263.74428
G1 F2937.8 X147.638 Y144.249 E2263.78963
G1 F2930.5 X146.712 Y145.259 E2263.8352
G1 X145.744 Y146.242 E2263.88109
G1 X144.759 Y147.175 E2263.92621
G1 X143.752 Y148.074 E2263.97111
G1 F2923.2 X142.705 Y148.941 E2264.01644
G1 F2930.5 X141.6 Y149.793 E2264.06284
G1 X140.527 Y150.57 E2264.10691
G1 X139.405 Y151.322 E2264.15183
G1 X138.267 Y152.035 E2264.1965
G1 X137.089 Y152.715 E2264.24174
G1 F2915.9 X135.895 Y153.352 E2264.28697
G1 X134.673 Y153.954 E2264.33251
G1 F2923.2 X133.262 Y154.591 E2264.38413
G1 F2930.5 X132.193 Y155.021 E2264.42245
G1 F2915.9 X131.031 Y155.457 E2264.46394
G1 X129.638 Y155.925 E2264.51306
G1 F2930.5 X128.344 Y156.31 E2264.55796
G1 X127.026 Y156.653 E2264.60326
G1 X125.705 Y156.951 E2264.6483
G1 F2915.9 X124.38 Y157.205 E2264.69339
G1 X123.047 Y157.413 E2264.73849
G1 F2930.5 X121.987 Y157.543 E2264.77401
;MESH:NONMESH
G0 F300 X121.987 Y157.543 Z3.8
G0 F15000 X122.103 Y157.531
;TIME_ELAPSED:2144.943836
;LAYER:18
;note -- min layer time used
;TYPE:WALL-OUTER
;MESH:Base.stl
G1 F2924.7 X122.103 Y157.129 E2264.78735
G1 F2932.1 X122.741 Y157.05 E2264.80862
G1 F2917.4 X124.207 Y156.827 E2264.85794
G1 F2924.7 X125.311 Y156.627 E2264.89517
G1 F2939.5 X126.723 Y156.315 E2264.9429
G1 F2932.1 X128.042 Y155.978 E2264.98795
G1 X129.227 Y155.635 E2265.02878
G1 F2917.4 X130.736 Y155.134 E2265.08166
G1 X131.909 Y154.703 E2265.12323
G1 X133.117 Y154.214 E2265.16657
G1 F2902.9 X134.39 Y153.643 E2265.21321
G1 F2917.4 X135.327 Y153.188 E2265.24786
G1 X136.814 Y152.409 E2265.30369
G1 F2932.1 X137.987 Y151.737 E2265.34843
G1 X139.13 Y151.026 E2265.39297
G1 X140.255 Y150.274 E2265.43776
G1 F2924.7 X141.365 Y149.474 E2265.48315
G1 F2917.4 X142.427 Y148.65 E2265.52786
G1 X143.477 Y147.781 E2265.57319
G1 X144.493 Y146.882 E2265.61831
G1 X145.453 Y145.966 E2265.66245
G1 X146.426 Y144.981 E2265.7085
G1 X147.294 Y144.034 E2265.75122
G1 X148.224 Y142.954 E2265.79863
G1 F2932.1 X149.072 Y141.897 E2265.84347
G1 F2924.7 X149.881 Y140.807 E2265.88851
G1 F2917.4 X150.652 Y139.698 E2265.93343
G1 F2932.1 X151.388 Y138.561 E2265.97825
G1 X152.076 Y137.406 E2266.02274
G1 F2917.4 X152.74 Y136.21 E2266.06824
G1 X153.354 Y135.003 E2266.11328
G1 F2932.1 X153.929 Y133.773 E2266.15822
G1 X154.455 Y132.538 E2266.20264
G1 X154.942 Y131.276 E2266.24741
G1 F2924.7 X155.393 Y129.986 E2266.29275
G1 X155.794 Y128.691 E2266.33772
G1 F2932.1 X156.152 Y127.385 E2266.38254
G1 F2917.4 X156.467 Y126.067 E2266.42761
G1 X156.736 Y124.74 E2266.47264
G1 F2932.1 X156.957 Y123.413 E2266.51716
G1 X157.137 Y122.059 E2266.56237
G1 X157.266 Y120.711 E2266.60718
G1 F2939.5 X157.354 Y119.369 E2266.65158
G1 F2946.9 X157.394 Y118.002 E2266.69661
G1 F2939.5 X157.39 Y116.647 E2266.74134
G1 X157.338 Y115.296 E2266.78597
G1 F2932.1 X157.239 Y113.941 E2266.83093
G1 X157.098 Y112.607 E2266.87532
G1 X156.905 Y111.252 E2266.92062
G1 X156.672 Y109.921 E2266.96533
G1 X156.391 Y108.594 E2267.01022
G1 F2924.7 X156.037 Y107.168 E2267.05897
G1 F2932.1 X155.699 Y105.974 E2267.10004
G1 X155.286 Y104.694 E2267.14455
G1 X154.828 Y103.409 E2267.18969
G1 F2946.9 X154.389 Y102.288 E2267.22933
G1 X153.79 Y100.916 E2267.27863
G1 F2939.5 X153.2 Y99.686 E2267.32366
G1 F2932.1 X152.577 Y98.484 E2267.36847
G1 X151.914 Y97.313 E2267.413
G1 F2917.4 X151.203 Y96.148 E2267.45839
G1 X150.459 Y95.014 E2267.5035
G1 F2932.1 X149.678 Y93.909 E2267.54828
G1 F2939.5 X148.858 Y92.828 E2267.59307
G1 F2932.1 X148.01 Y91.79 E2267.63743
G1 X147.11 Y90.757 E2267.68277
G1 F2939.5 X146.185 Y89.768 E2267.72747
G1 F2946.9 X145.236 Y88.816 E2267.77174
G1 F2939.5 X144.248 Y87.894 E2267.81634
G1 F2932.1 X143.227 Y87.002 E2267.86121
G1 F2939.5 X142.166 Y86.138 E2267.90638
G1 X141.089 Y85.318 E2267.95107
G1 F2932.1 X139.983 Y84.537 E2267.99587
G1 X138.857 Y83.798 E2268.04045
G1 F2946.9 X137.696 Y83.087 E2268.08527
G1 F2932.1 X136.23 Y82.266 E2268.14088
G1 F2924.7 X135.312 Y81.796 E2268.17509
G1 F2939.5 X134.09 Y81.213 E2268.21979
G1 X132.72 Y80.614 E2268.26915
G1 F2932.1 X131.585 Y80.17 E2268.30948
G1 X130.312 Y79.713 E2268.35424
G1 X129.033 Y79.303 E2268.39869
G1 F2946.9 X127.839 Y78.962 E2268.43958
G1 X126.412 Y78.607 E2268.488
G1 F2932.1 X125.077 Y78.325 E2268.53315
G1 X123.755 Y78.092 E2268.57758
G1 F2924.7 X122.4 Y77.902 E2268.62297
G1 X121.062 Y77.758 E2268.66762
G1 F2932.1 X119.714 Y77.661 E2268.71234
G1 X118.348 Y77.609 E2268.75758
G1 X117.005 Y77.602 E2268.80203
G1 F2939.5 X115.638 Y77.642 E2268.84717
G1 F2932.1 X114.287 Y77.729 E2268.89198
G1 X112.949 Y77.858 E2268.93646
G1 X111.593 Y78.038 E2268.98173
G1 F2917.4 X110.134 Y78.287 E2269.03096
G1 X108.932 Y78.527 E2269.07173
G1 X107.617 Y78.842 E2269.1167
G1 X106.306 Y79.203 E2269.16193
G1 X104.909 Y79.637 E2269.21058
G1 F2932.1 X103.731 Y80.048 E2269.25187
G1 X102.467 Y80.538 E2269.29674
G1 F2917.4 X101.245 Y81.058 E2269.34091
G1 F2910.1 X99.995 Y81.643 E2269.38692
G1 F2917.4 X98.789 Y82.257 E2269.43194
G1 X97.611 Y82.909 E2269.47672
G1 X96.437 Y83.608 E2269.52216
G1 X95.299 Y84.343 E2269.56722
G1 F2910.1 X94.197 Y85.111 E2269.61201
G1 F2917.4 X93.101 Y85.927 E2269.65745
G1 X92.051 Y86.768 E2269.7022
G1 X91.013 Y87.656 E2269.74763
G1 X90.025 Y88.565 E2269.79228
G1 X89.061 Y89.512 E2269.83723
G1 F2924.7 X88.133 Y90.484 E2269.88182
G1 X87.218 Y91.519 E2269.92765
G1 X86.355 Y92.561 E2269.97254
G1 X85.53 Y93.621 E2270.0171
G1 F2917.4 X84.734 Y94.731 E2270.06253
G1 F2924.7 X83.978 Y95.857 E2270.10753
G1 F2932.1 X83.263 Y97.006 E2270.15231
G1 X82.587 Y98.185 E2270.19729
G1 F2917.4 X82.021 Y99.243 E2270.2372
G1 F2910.1 X81.808 Y99.659 E2270.25278
G1 F2902.9 X81.424 Y100.454 E2270.28229
G1 F2932.1 X80.808 Y101.823 E2270.33197
G1 F2946.9 X80.291 Y103.089 E2270.377
G1 F2932.1 X79.862 Y104.251 E2270.41799
G1 X79.403 Y105.637 E2270.46631
G1 X79.021 Y106.948 E2270.5115
G1 X78.683 Y108.262 E2270.5564
G1 X78.373 Y109.673 E2270.60421
G1 X78.168 Y110.779 E2270.64144
G1 X77.947 Y112.246 E2270.69053
G1 X77.79 Y113.601 E2270.73567
G1 X77.681 Y114.952 E2270.78053
G1 X77.618 Y116.306 E2270.82539
G1 X77.601 Y117.661 E2270.87023
G1 X77.629 Y119.004 E2270.91469
G1 X77.701 Y120.359 E2270.95959
G1 X77.822 Y121.706 E2271.00435
G1 X77.991 Y123.065 E2271.04967
G1 X78.199 Y124.391 E2271.09409
G1 X78.457 Y125.722 E2271.13896
G1 F2946.9 X78.759 Y127.04 E2271.18348
G1 X79.104 Y128.351 E2271.22812
G1 F2939.5 X79.497 Y129.65 E2271.27292
G1 F2932.1 X79.935 Y130.944 E2271.31813
G1 X80.41 Y132.202 E2271.36263
G1 F2939.5 X80.935 Y133.467 E2271.40784
G1 X81.491 Y134.683 E2271.45198
G1 X82.098 Y135.897 E2271.49679
G1 F2932.1 X82.741 Y137.087 E2271.54155
G1 X83.432 Y138.269 E2271.58686
G1 X84.152 Y139.403 E2271.63131
G1 F2946.9 X84.92 Y140.531 E2271.67625
G1 X85.716 Y141.614 E2271.7205
G1 F2932.1 X86.551 Y142.679 E2271.76529
G1 X87.424 Y143.716 E2271.81015
G1 F2946.9 X88.341 Y144.733 E2271.85524
G1 X89.273 Y145.698 E2271.89941
G1 X90.246 Y146.639 E2271.94399
G1 X91.251 Y147.547 E2271.98858
G1 X92.296 Y148.428 E2272.03359
G1 F2932.1 X93.353 Y149.261 E2272.07813
G1 X94.446 Y150.061 E2272.12295
G1 X95.572 Y150.832 E2272.16811
G1 F2946.9 X96.71 Y151.552 E2272.21246
G1 F2939.5 X97.879 Y152.236 E2272.25717
G1 F2932.1 X99.077 Y152.887 E2272.30229
G1 F2946.9 X100.279 Y153.489 E2272.34655
G1 X101.509 Y154.052 E2272.39109
G1 F2939.5 X102.764 Y154.572 E2272.43594
G1 F2932.1 X104.029 Y155.054 E2272.48074
G1 F2939.5 X105.324 Y155.492 E2272.52587
G1 F2946.9 X106.618 Y155.886 E2272.57041
G1 F2939.5 X107.917 Y156.229 E2272.61476
G1 F2932.1 X109.251 Y156.534 E2272.66004
G1 X110.578 Y156.791 E2272.70477
G1 F2939.5 X111.917 Y157.004 E2272.74953
G1 F2932.1 X112.892 Y157.129 E2272.78206
G1 F2917.4 X112.892 Y157.53 E2272.7954
G1 X112.253 Y157.453 E2272.81681
G1 F2902.9 X110.915 Y157.253 E2272.86203
G1 X109.579 Y157.011 E2272.90741
G1 F2895.7 X108.266 Y156.724 E2272.95245
G1 F2902.9 X106.948 Y156.39 E2272.9979
G1 X105.647 Y156.012 E2273.04318
G1 F2910.1 X104.356 Y155.59 E2273.08847
G1 F2902.9 X103.095 Y155.132 E2273.13332
G1 F2895.7 X101.83 Y154.623 E2273.17901
G1 F2902.9 X100.599 Y154.079 E2273.22399
G1 X99.37 Y153.486 E2273.26961
G1 X98.171 Y152.856 E2273.31488
G1 X97.001 Y152.191 E2273.35987
G1 X95.839 Y151.48 E2273.4054
G1 X94.712 Y150.734 E2273.45058
G1 F2888.5 X93.687 Y150.01 E2273.49274
G1 F2881.4 X92.528 Y149.128 E2273.54178
G1 F2895.7 X91.479 Y148.268 E2273.58724
G1 F2902.9 X90.462 Y147.38 E2273.63237
G1 X89.482 Y146.462 E2273.67725
G1 X88.515 Y145.494 E2273.72299
G1 X87.592 Y144.507 E2273.76816
G1 F2895.7 X86.7 Y143.484 E2273.81364
G1 X85.845 Y142.437 E2273.85894
G1 F2902.9 X84.972 Y141.283 E2273.9073
G1 X84.243 Y140.253 E2273.94948
G1 X83.495 Y139.122 E2273.99481
G1 X82.835 Y138.051 E2274.03686
G1 F2888.5 X82.013 Y136.602 E2274.09282
G1 X81.498 Y135.6 E2274.13067
G1 F2902.9 X80.904 Y134.371 E2274.1763
G1 X80.359 Y133.132 E2274.22154
G1 X79.854 Y131.879 E2274.2667
G1 F2888.5 X79.392 Y130.605 E2274.31222
G1 F2895.7 X78.977 Y129.327 E2274.35725
G1 F2902.9 X78.598 Y128.015 E2274.4029
G1 X78.268 Y126.7 E2274.44822
G1 X77.978 Y125.379 E2274.49343
G1 F2888.5 X77.735 Y124.046 E2274.53894
G1 X77.539 Y122.708 E2274.58437
G1 F2895.7 X77.385 Y121.359 E2274.62987
G1 F2888.5 X77.273 Y119.942 E2274.67762
G1 X77.217 Y118.661 E2274.72069
G1 F2902.9 X77.201 Y117.316 E2274.76565
G1 X77.229 Y115.963 E2274.81089
G1 X77.305 Y114.597 E2274.85662
G1 X77.424 Y113.26 E2274.90149
G1 X77.588 Y111.919 E2274.94665
G1 F2910.1 X77.798 Y110.577 E2274.99194
G1 F2902.9 X78.053 Y109.249 E2275.03714
G1 X78.354 Y107.927 E2275.08246
G1 F2910.1 X78.701 Y106.609 E2275.1279
G1 X79.083 Y105.324 E2275.1726
G1 F2917.4 X79.556 Y103.923 E2275.22178
G1 X79.991 Y102.763 E2275.26299
G1 X80.39 Y101.78 E2275.29827
G1 F2902.9 X81.061 Y100.285 E2275.35305
G1 X81.665 Y99.059 E2275.39873
G1 X82.35 Y97.789 E2275.44697
G1 F2910.1 X82.978 Y96.706 E2275.48871
G1 F2917.4 X83.699 Y95.556 E2275.53385
G1 X84.455 Y94.433 E2275.57888
G1 X85.191 Y93.407 E2275.62088
G1 X86.131 Y92.203 E2275.67168
G1 X86.907 Y91.269 E2275.71207
G1 X87.821 Y90.235 E2275.75797
G1 X88.759 Y89.25 E2275.80321
G1 X89.741 Y88.285 E2275.849
G1 X90.688 Y87.408 E2275.89193
G1 F2902.9 X91.766 Y86.484 E2275.93939
G1 F2917.4 X92.825 Y85.636 E2275.98451
G1 X93.916 Y84.82 E2276.02983
G1 F2910.1 X95.05 Y84.028 E2276.07595
G1 F2902.9 X96.084 Y83.356 E2276.11717
G1 X97.315 Y82.619 E2276.16513
G1 X98.496 Y81.959 E2276.21035
G1 X99.71 Y81.337 E2276.25595
G1 X101.121 Y80.673 E2276.30807
G1 X102.169 Y80.228 E2276.34613
G1 F2917.4 X103.586 Y79.679 E2276.39667
G1 X104.606 Y79.316 E2276.43268
G1 F2895.7 X105.999 Y78.875 E2276.48165
G1 X107.317 Y78.507 E2276.5275
G1 F2902.9 X108.729 Y78.161 E2276.5761
G1 X109.961 Y77.913 E2276.6181
G1 F2895.7 X111.149 Y77.701 E2276.65854
G1 F2888.5 X112.622 Y77.495 E2276.7085
G1 F2910.1 X113.967 Y77.356 E2276.75359
G1 F2902.9 X115.332 Y77.257 E2276.79934
G1 X116.682 Y77.209 E2276.84449
G1 X118.026 Y77.202 E2276.88942
G1 X119.38 Y77.244 E2276.9347
G1 X120.741 Y77.329 E2276.98028
G1 F2895.7 X122.126 Y77.465 E2277.02691
G1 F2902.9 X123.432 Y77.639 E2277.07095
G1 X124.76 Y77.858 E2277.11594
G1 X126.083 Y78.125 E2277.16106
G1 X127.299 Y78.408 E2277.20279
G1 X128.83 Y78.828 E2277.25586
G1 X130.014 Y79.191 E2277.29725
G1 F2895.7 X131.293 Y79.637 E2277.34264
G1 F2902.9 X132.55 Y80.114 E2277.38758
G1 X133.796 Y80.643 E2277.43283
G1 X135.034 Y81.216 E2277.47843
G1 X136.236 Y81.821 E2277.52341
G1 X137.422 Y82.47 E2277.5686
G1 X138.588 Y83.158 E2277.61386
G1 X139.738 Y83.891 E2277.65944
G1 X140.845 Y84.651 E2277.70433
G1 F2895.7 X141.86 Y85.395 E2277.7465
G1 X142.999 Y86.295 E2277.79514
G1 X144.036 Y87.17 E2277.84061
G1 X145.036 Y88.077 E2277.88585
G1 F2902.9 X146.015 Y89.024 E2277.93138
G1 X146.955 Y90 E2277.97667
G1 X147.866 Y91.006 E2278.02204
G1 X148.73 Y92.033 E2278.0669
G1 X149.57 Y93.096 E2278.11219
G1 X150.379 Y94.199 E2278.15791
G1 F2888.5 X151.137 Y95.305 E2278.20295
G1 X151.862 Y96.447 E2278.24839
G1 X152.551 Y97.613 E2278.29389
G1 X153.203 Y98.811 E2278.33971
G1 X153.805 Y100.014 E2278.3849
G1 F2902.9 X154.375 Y101.243 E2278.43018
G1 X154.901 Y102.492 E2278.47548
G1 X155.381 Y103.755 E2278.52065
G1 F2888.5 X155.823 Y105.036 E2278.56617
G1 F2895.7 X156.222 Y106.341 E2278.6119
G1 F2888.5 X156.605 Y107.758 E2278.66121
G1 X156.882 Y108.957 E2278.70254
G1 F2895.7 X157.145 Y110.286 E2278.74794
G1 F2902.9 X157.365 Y111.619 E2278.7931
G1 X157.544 Y112.973 E2278.83876
G1 F2895.7 X157.671 Y114.309 E2278.88373
G1 F2902.9 X157.755 Y115.663 E2278.92907
G1 F2910.1 X157.795 Y117.016 E2278.97421
G1 F2917.4 X157.788 Y118.368 E2279.01917
G1 F2910.1 X157.736 Y119.722 E2279.06435
G1 X157.636 Y121.084 E2279.10989
G1 X157.496 Y122.42 E2279.15468
G1 F2902.9 X157.301 Y123.807 E2279.2015
G1 X157.094 Y125.004 E2279.2421
G1 F2888.5 X156.799 Y126.42 E2279.29069
G1 F2902.9 X156.474 Y127.734 E2279.33594
G1 F2910.1 X156.104 Y129.052 E2279.38158
G1 F2902.9 X155.702 Y130.328 E2279.4263
G1 X155.205 Y131.714 E2279.47552
G1 X154.747 Y132.877 E2279.5173
G1 F2917.4 X154.214 Y134.111 E2279.56201
G1 X153.637 Y135.332 E2279.60693
G1 F2902.9 X153.122 Y136.348 E2279.645
G1 F2910.1 X152.355 Y137.721 E2279.69744
G1 F2917.4 X151.659 Y138.878 E2279.74235
G1 F2910.1 X150.919 Y140.017 E2279.78764
G1 X150.143 Y141.128 E2279.83282
G1 F2917.4 X149.395 Y142.128 E2279.87436
G1 F2924.7 X148.483 Y143.266 E2279.92274
G1 F2917.4 X147.592 Y144.3 E2279.96814
G1 F2910.1 X146.685 Y145.288 E2280.01286
G1 F2917.4 X145.733 Y146.252 E2280.05792
G1 F2910.1 X144.802 Y147.142 E2280.10087
G1 X143.749 Y148.074 E2280.14776
G1 F2917.4 X142.697 Y148.946 E2280.1932
G1 X141.626 Y149.778 E2280.23831
G1 X140.52 Y150.574 E2280.28363
G1 X139.394 Y151.33 E2280.32874
G1 X138.256 Y152.039 E2280.37334
G1 X137.081 Y152.719 E2280.41849
G1 F2910.1 X135.878 Y153.361 E2280.46396
G1 F2902.9 X134.66 Y153.961 E2280.50934
G1 F2895.7 X133.241 Y154.599 E2280.56148
G1 F2902.9 X132.174 Y155.028 E2280.59992
G1 F2910.1 X130.911 Y155.497 E2280.64484
G1 F2902.9 X129.626 Y155.928 E2280.69014
G1 X128.333 Y156.313 E2280.73524
G1 X127.01 Y156.656 E2280.78093
G1 F2910.1 X125.693 Y156.955 E2280.82596
G1 F2902.9 X124.365 Y157.209 E2280.87115
G1 X123.034 Y157.413 E2280.91616
G1 F2917.4 X122.103 Y157.531 E2280.94737
G1 F2700 E2275.94737
;MESH:NONMESH
G0 F300 X122.103 Y157.531 Z4
G0 F15000 X121.241 Y157.531
G0 X113.76 Y157.522
G0 X112.807 Y157.522
;TIME_ELAPSED:2155.660595
;LAYER:19
;note -- min layer time used
;TYPE:WALL-OUTER
;MESH:Base.stl
G1 F2700 E2280.94737
G1 F2911.5 X112.241 Y157.452 E2280.96644
G1 X110.904 Y157.253 E2281.01162
G1 X109.567 Y157.007 E2281.05706
G1 F2904.3 X108.252 Y156.72 E2281.10217
G1 F2897.1 X107.045 Y156.42 E2281.14395
G1 X105.642 Y156.012 E2281.19303
G1 F2911.5 X104.344 Y155.586 E2281.23869
G1 X103.083 Y155.129 E2281.28353
G1 F2904.3 X101.817 Y154.619 E2281.32926
G1 F2897.1 X100.587 Y154.074 E2281.37446
G1 F2904.3 X99.357 Y153.481 E2281.42021
G1 F2911.5 X98.159 Y152.852 E2281.46544
G1 X96.993 Y152.188 E2281.51029
G1 F2926.1 X95.83 Y151.472 E2281.55572
G1 F2911.5 X94.701 Y150.727 E2281.60093
G1 F2904.3 X93.599 Y149.943 E2281.64625
G1 F2897.1 X92.519 Y149.119 E2281.69189
G1 X91.473 Y148.264 E2281.73727
G1 F2904.3 X90.453 Y147.372 E2281.78267
G1 X89.467 Y146.449 E2281.82793
G1 F2911.5 X88.511 Y145.49 E2281.8732
G1 X87.583 Y144.495 E2281.91868
G1 X86.692 Y143.476 E2281.96392
G1 F2904.3 X85.84 Y142.429 E2282.00915
G1 F2897.1 X85.017 Y141.351 E2282.05471
G1 X84.236 Y140.245 E2282.1002
G1 F2911.5 X83.491 Y139.114 E2282.14547
G1 X82.783 Y137.96 E2282.19072
G1 X82.114 Y136.782 E2282.23601
G1 F2904.3 X81.493 Y135.592 E2282.28099
G1 X80.901 Y134.363 E2282.3267
G1 X80.354 Y133.12 E2282.37221
G1 X79.849 Y131.867 E2282.41747
G1 F2897.1 X79.388 Y130.593 E2282.46299
G1 F2904.3 X78.973 Y129.315 E2282.50801
G1 F2911.5 X78.595 Y128.002 E2282.55369
G1 X78.265 Y126.692 E2282.59884
G1 F2904.3 X77.978 Y125.367 E2282.64427
G1 X77.735 Y124.033 E2282.68971
G1 F2897.1 X77.537 Y122.693 E2282.73521
G1 X77.385 Y121.347 E2282.78072
G1 F2882.8 X77.271 Y119.931 E2282.82867
G1 F2897.1 X77.217 Y118.649 E2282.87178
G1 F2911.5 X77.201 Y117.301 E2282.91684
G1 X77.229 Y115.952 E2282.96194
G1 F2918.8 X77.308 Y114.585 E2283.0076
G1 F2911.5 X77.425 Y113.248 E2283.05246
G1 F2918.8 X77.591 Y111.907 E2283.09751
G1 F2926.1 X77.8 Y110.566 E2283.14265
G1 X78.056 Y109.24 E2283.18757
G1 X78.355 Y107.919 E2283.23262
G1 X78.705 Y106.596 E2283.27814
G1 X79.087 Y105.311 E2283.32272
G1 X79.516 Y104.027 E2283.36775
G1 X80.038 Y102.651 E2283.4167
G1 F2911.5 X80.448 Y101.639 E2283.4532
G1 X81.069 Y100.272 E2283.50339
G1 X81.67 Y99.048 E2283.54897
G1 X82.358 Y97.776 E2283.5973
G1 F2926.1 X82.986 Y96.694 E2283.63891
G1 F2911.5 X83.704 Y95.544 E2283.68423
G1 X84.459 Y94.421 E2283.72946
G1 F2926.1 X85.194 Y93.405 E2283.77117
G1 X86.139 Y92.192 E2283.82232
G1 X86.958 Y91.209 E2283.86487
G1 X87.849 Y90.203 E2283.90957
G1 X88.785 Y89.223 E2283.95464
G1 F2940.8 X89.73 Y88.295 E2283.99847
G1 F2926.1 X90.696 Y87.401 E2284.04225
G1 F2911.5 X91.774 Y86.476 E2284.08973
G1 F2926.1 X92.833 Y85.628 E2284.13485
G1 X93.927 Y84.812 E2284.18025
G1 F2918.8 X95.053 Y84.027 E2284.22602
G1 X96.096 Y83.352 E2284.26744
G1 X97.326 Y82.611 E2284.31532
G1 X98.508 Y81.954 E2284.36041
G1 F2911.5 X99.723 Y81.33 E2284.40607
G1 F2904.3 X101.084 Y80.689 E2284.45648
G1 F2911.5 X102.182 Y80.222 E2284.49636
G1 X103.445 Y79.729 E2284.54168
G1 X104.618 Y79.312 E2284.58329
G1 F2897.1 X106.011 Y78.871 E2284.63238
G1 F2904.3 X107.328 Y78.503 E2284.6782
G1 F2911.5 X108.741 Y78.161 E2284.7268
G1 X109.972 Y77.909 E2284.7688
G1 X111.161 Y77.699 E2284.80916
G1 F2904.3 X112.634 Y77.492 E2284.859
G1 F2911.5 X113.983 Y77.352 E2284.90434
G1 X115.344 Y77.256 E2284.94994
G1 F2918.8 X116.694 Y77.208 E2284.99498
G1 F2911.5 X118.042 Y77.202 E2285.04004
G1 X119.392 Y77.245 E2285.08519
G1 X120.753 Y77.333 E2285.13078
G1 X122.138 Y77.468 E2285.1773
G1 F2926.1 X123.444 Y77.643 E2285.22112
G1 X124.769 Y77.862 E2285.26579
G1 F2918.8 X126.099 Y78.128 E2285.31101
G1 F2911.5 X127.311 Y78.411 E2285.35262
G1 F2933.4 X128.842 Y78.83 E2285.40528
G1 F2926.1 X130.026 Y79.195 E2285.44649
G1 F2911.5 X131.304 Y79.64 E2285.49172
G1 F2918.8 X132.558 Y80.117 E2285.53646
G1 F2911.5 X133.808 Y80.647 E2285.58184
G1 X135.046 Y81.22 E2285.62744
G1 X136.248 Y81.826 E2285.67244
G1 F2897.1 X137.433 Y82.474 E2285.71781
G1 F2904.3 X138.596 Y83.166 E2285.76316
G1 F2911.5 X139.746 Y83.899 E2285.80874
G1 X140.857 Y84.659 E2285.85373
G1 F2897.1 X141.871 Y85.403 E2285.89598
G1 X143.07 Y86.354 E2285.94739
G1 F2911.5 X144.05 Y87.186 E2285.99036
G1 X145.048 Y88.085 E2286.03526
G1 X146.023 Y89.032 E2286.0807
G1 F2918.8 X146.964 Y90.008 E2286.1259
G1 F2911.5 X147.874 Y91.014 E2286.17124
G1 X148.738 Y92.041 E2286.21611
G1 X149.578 Y93.107 E2286.26147
G1 X150.385 Y94.206 E2286.30705
G1 F2897.1 X151.141 Y95.314 E2286.35211
G1 F2889.9 X151.874 Y96.465 E2286.39806
G1 F2897.1 X152.555 Y97.625 E2286.44325
G1 F2911.5 X153.204 Y98.814 E2286.48853
G1 X153.814 Y100.033 E2286.53409
G1 F2904.3 X154.378 Y101.255 E2286.57919
G1 X154.904 Y102.5 E2286.62448
G1 F2911.5 X155.386 Y103.771 E2286.66992
G1 F2897.1 X155.827 Y105.048 E2286.7153
G1 X156.226 Y106.353 E2286.76114
G1 X156.606 Y107.762 E2286.81017
G1 X156.883 Y108.968 E2286.85173
G1 F2904.3 X157.149 Y110.297 E2286.89715
G1 F2911.5 X157.368 Y111.63 E2286.94231
G1 X157.544 Y112.984 E2286.98795
G1 F2904.3 X157.671 Y114.321 E2287.03295
G1 F2911.5 X157.755 Y115.675 E2287.0783
G1 F2918.8 X157.795 Y117.028 E2287.12343
G1 X157.787 Y118.384 E2287.16864
G1 F2911.5 X157.736 Y119.734 E2287.2138
G1 F2918.8 X157.636 Y121.096 E2287.25934
G1 F2911.5 X157.495 Y122.432 E2287.30424
G1 X157.301 Y123.818 E2287.35102
G1 F2926.1 X157.112 Y124.92 E2287.38821
G1 F2911.5 X156.795 Y126.436 E2287.43998
G1 F2897.1 X156.473 Y127.746 E2287.4853
G1 F2904.3 X156.104 Y129.062 E2287.5311
G1 F2911.5 X155.655 Y130.457 E2287.58008
G1 F2926.1 X155.241 Y131.619 E2287.62111
G1 F2918.8 X154.743 Y132.889 E2287.6666
G1 F2911.5 X154.21 Y134.118 E2287.71138
G1 X153.628 Y135.344 E2287.75674
G1 X153.012 Y136.546 E2287.80189
G1 X152.343 Y137.74 E2287.84764
G1 X151.651 Y138.891 E2287.89253
G1 X150.915 Y140.025 E2287.93772
G1 X150.135 Y141.136 E2287.98309
G1 F2926.1 X149.323 Y142.219 E2288.02811
G1 X148.475 Y143.274 E2288.07313
G1 X147.584 Y144.308 E2288.11853
G1 F2918.8 X146.673 Y145.296 E2288.16334
G1 F2926.1 X145.768 Y146.22 E2288.20636
G1 X144.784 Y147.155 E2288.2515
G1 X143.753 Y148.075 E2288.29746
G1 X142.696 Y148.945 E2288.343
G1 X141.626 Y149.775 E2288.38804
G1 X140.516 Y150.577 E2288.43358
G1 X139.382 Y151.339 E2288.47902
G1 F2933.4 X138.244 Y152.047 E2288.52349
G1 X137.023 Y152.75 E2288.57023
G1 F2926.1 X135.867 Y153.368 E2288.61383
G1 X134.648 Y153.966 E2288.65899
G1 F2911.5 X133.238 Y154.602 E2288.7107
G1 X132.162 Y155.033 E2288.74944
G1 F2926.1 X130.899 Y155.502 E2288.79425
G1 X129.615 Y155.932 E2288.83929
G1 X128.321 Y156.314 E2288.88416
G1 F2918.8 X126.999 Y156.661 E2288.92974
G1 F2911.5 X125.681 Y156.959 E2288.97491
G1 X124.352 Y157.21 E2289.02011
G1 X123.023 Y157.417 E2289.06507
G1 F2926.1 X122.191 Y157.52 E2289.09296
G1 F2940.8 X122.191 Y157.118 E2289.10626
G1 F2955.6 X122.566 Y157.077 E2289.11868
G1 F2940.8 X124.222 Y156.826 E2289.17411
G1 F2933.4 X125.328 Y156.624 E2289.21141
G1 F2948.2 X126.739 Y156.314 E2289.2591
G1 F2940.8 X128.058 Y155.973 E2289.30419
G1 F2933.4 X129.364 Y155.592 E2289.34932
G1 X130.639 Y155.17 E2289.39388
G1 F2940.8 X131.913 Y154.703 E2289.43878
G1 F2926.1 X133.12 Y154.214 E2289.4821
G1 F2911.5 X134.414 Y153.635 E2289.52949
G1 F2926.1 X135.624 Y153.044 E2289.57427
G1 F2933.4 X136.826 Y152.404 E2289.61945
G1 F2940.8 X138.003 Y151.729 E2289.66436
G1 X139.146 Y151.017 E2289.70892
G1 F2933.4 X140.268 Y150.262 E2289.75379
G1 F2926.1 X141.368 Y149.47 E2289.79887
G1 X142.438 Y148.642 E2289.84387
G1 X143.472 Y147.788 E2289.88847
G1 F2918.8 X144.505 Y146.87 E2289.93455
G1 F2926.1 X145.478 Y145.945 E2289.97921
G1 F2933.4 X146.435 Y144.968 E2290.02458
G1 F2940.8 X147.343 Y143.979 E2290.06901
G1 F2933.4 X148.232 Y142.942 E2290.11433
G1 F2940.8 X149.079 Y141.885 E2290.15915
G1 X149.889 Y140.795 E2290.2041
G1 X150.66 Y139.686 E2290.24879
G1 X151.396 Y138.544 E2290.29376
G1 X152.084 Y137.39 E2290.33822
G1 F2933.4 X152.746 Y136.197 E2290.38348
G1 X153.359 Y134.986 E2290.42852
G1 F2940.8 X153.933 Y133.761 E2290.47329
G1 X154.46 Y132.526 E2290.51772
G1 F2948.2 X154.95 Y131.26 E2290.56253
G1 F2955.6 X155.399 Y129.969 E2290.60754
G1 F2948.2 X155.799 Y128.675 E2290.65225
G1 F2933.4 X156.157 Y127.369 E2290.69718
G1 F2926.1 X156.467 Y126.062 E2290.74186
G1 X156.716 Y124.861 E2290.78265
G1 F2940.8 X156.961 Y123.397 E2290.83177
G1 X157.138 Y122.042 E2290.877
G1 X157.27 Y120.696 E2290.92176
G1 F2948.2 X157.354 Y119.353 E2290.96618
G1 X157.394 Y117.986 E2291.01132
G1 X157.39 Y116.631 E2291.05605
G1 F2940.8 X157.335 Y115.279 E2291.10083
G1 X157.238 Y113.926 E2291.14572
G1 X157.094 Y112.59 E2291.19019
G1 X156.905 Y111.24 E2291.2353
G1 X156.668 Y109.905 E2291.28017
G1 F2933.4 X156.387 Y108.578 E2291.32518
G1 F2940.8 X156.065 Y107.265 E2291.36992
G1 X155.696 Y105.969 E2291.41451
G1 X155.282 Y104.679 E2291.45935
G1 X154.823 Y103.397 E2291.50441
G1 F2948.2 X154.381 Y102.275 E2291.54422
G1 X153.782 Y100.904 E2291.59361
G1 F2955.6 X153.199 Y99.682 E2291.63819
G1 F2940.8 X152.723 Y98.762 E2291.67247
G1 F2933.4 X151.905 Y97.298 E2291.72811
G1 F2940.8 X151.195 Y96.135 E2291.7732
G1 X150.451 Y95.002 E2291.81806
G1 F2948.2 X149.618 Y93.823 E2291.86571
G1 F2955.6 X148.85 Y92.819 E2291.90733
G1 F2940.8 X147.994 Y91.77 E2291.95214
G1 F2948.2 X147.102 Y90.746 E2291.99697
G1 F2955.6 X146.177 Y89.757 E2292.04156
G1 F2948.2 X145.228 Y88.808 E2292.08586
G1 F2955.6 X144.231 Y87.878 E2292.13076
G1 X143.207 Y86.986 E2292.17547
G1 F2940.8 X142.162 Y86.137 E2292.22003
G1 X141.077 Y85.31 E2292.26518
G1 X139.971 Y84.529 E2292.30999
G1 F2955.6 X138.845 Y83.79 E2292.35433
G1 F2940.8 X137.68 Y83.081 E2292.39947
G1 X136.51 Y82.419 E2292.44396
G1 X135.3 Y81.788 E2292.48912
G1 X134.074 Y81.204 E2292.53406
G1 X132.704 Y80.606 E2292.58353
G1 F2955.6 X131.573 Y80.163 E2292.62352
G1 F2948.2 X130.299 Y79.708 E2292.66818
G1 F2955.6 X128.901 Y79.26 E2292.71652
G1 F2963.1 X127.826 Y78.958 E2292.75319
G1 F2955.6 X126.4 Y78.603 E2292.80158
G1 F2940.8 X125.061 Y78.322 E2292.84686
G1 X123.738 Y78.092 E2292.8913
G1 X122.384 Y77.899 E2292.93656
G1 X121.045 Y77.758 E2292.98112
G1 X119.698 Y77.661 E2293.02581
G1 X118.332 Y77.609 E2293.07105
G1 X116.989 Y77.602 E2293.1155
G1 F2948.2 X115.622 Y77.642 E2293.16064
G1 F2940.8 X114.275 Y77.729 E2293.20531
G1 X112.932 Y77.861 E2293.24997
G1 X111.578 Y78.039 E2293.29517
G1 X110.25 Y78.263 E2293.33973
G1 F2926.1 X108.928 Y78.531 E2293.3846
G1 X107.606 Y78.845 E2293.42979
G1 X106.284 Y79.208 E2293.47539
G1 X105.009 Y79.605 E2293.5198
G1 X103.718 Y80.055 E2293.56528
G1 X102.456 Y80.542 E2293.61027
G1 F2918.8 X101.248 Y81.057 E2293.65405
G1 F2911.5 X99.983 Y81.65 E2293.70075
G1 F2926.1 X98.786 Y82.258 E2293.74541
G1 X97.591 Y82.921 E2293.79086
G1 F2933.4 X96.426 Y83.617 E2293.83588
G1 X95.287 Y84.352 E2293.88086
G1 F2926.1 X94.185 Y85.12 E2293.92553
G1 X93.088 Y85.935 E2293.97099
G1 X92.03 Y86.784 E2294.01611
G1 F2918.8 X91.001 Y87.667 E2294.06132
G1 F2926.1 X90.029 Y88.559 E2294.1052
G1 F2933.4 X89.039 Y89.534 E2294.1513
G1 F2926.1 X88.144 Y90.474 E2294.19446
G1 X87.207 Y91.531 E2294.24145
G1 F2940.8 X86.343 Y92.573 E2294.28624
G1 F2933.4 X85.522 Y93.633 E2294.33072
G1 F2926.1 X84.722 Y94.743 E2294.37623
G1 X83.969 Y95.873 E2294.4214
G1 X83.259 Y97.01 E2294.46598
G1 F2940.8 X82.587 Y98.185 E2294.51078
G1 F2926.1 X81.943 Y99.394 E2294.55634
G1 X81.352 Y100.612 E2294.60136
G1 X80.801 Y101.833 E2294.64592
G1 F2933.4 X80.288 Y103.105 E2294.69142
G1 F2940.8 X79.857 Y104.262 E2294.73228
G1 X79.399 Y105.649 E2294.78062
G1 X79.017 Y106.96 E2294.82581
G1 X78.679 Y108.274 E2294.87071
G1 F2948.2 X78.37 Y109.689 E2294.91852
G1 F2955.6 X78.165 Y110.791 E2294.95543
G1 X77.944 Y112.258 E2295.00428
G1 F2940.8 X77.79 Y113.617 E2295.04954
G1 X77.682 Y114.968 E2295.0944
G1 X77.617 Y116.318 E2295.13912
G1 X77.601 Y117.677 E2295.1841
G1 X77.629 Y119.028 E2295.22882
G1 F2933.4 X77.716 Y120.528 E2295.27867
G1 F2926.1 X77.825 Y121.722 E2295.31855
G1 F2933.4 X77.994 Y123.077 E2295.36385
G1 F2940.8 X78.204 Y124.407 E2295.40841
G1 F2948.2 X78.461 Y125.734 E2295.45303
G1 F2940.8 X78.766 Y127.065 E2295.49822
G1 F2948.2 X79.108 Y128.366 E2295.54263
G1 X79.501 Y129.662 E2295.58733
G1 F2940.8 X79.935 Y130.948 E2295.63225
G1 X80.414 Y132.214 E2295.67704
G1 F2948.2 X80.941 Y133.477 E2295.72222
G1 X81.499 Y134.699 E2295.76657
G1 X82.102 Y135.909 E2295.81119
G1 F2940.8 X82.749 Y137.099 E2295.85602
G1 F2948.2 X83.433 Y138.268 E2295.90073
G1 F2955.6 X84.16 Y139.415 E2295.94545
G1 F2948.2 X84.928 Y140.544 E2295.99052
G1 F2940.8 X85.724 Y141.626 E2296.03497
G1 X86.56 Y142.691 E2296.07978
G1 F2948.2 X87.436 Y143.728 E2296.12459
G1 F2955.6 X88.349 Y144.741 E2296.1695
G1 X89.281 Y145.706 E2296.21367
G1 F2948.2 X90.258 Y146.651 E2296.25854
G1 F2940.8 X91.263 Y147.556 E2296.3033
G1 X92.308 Y148.436 E2296.34851
G1 X93.365 Y149.269 E2296.39305
G1 X94.458 Y150.069 E2296.43787
G1 X95.584 Y150.84 E2296.48303
G1 F2955.6 X96.722 Y151.56 E2296.52738
G1 X97.899 Y152.251 E2296.57232
G1 F2940.8 X99.089 Y152.895 E2296.6171
G1 X100.291 Y153.494 E2296.66154
G1 X101.525 Y154.057 E2296.70643
G1 X102.783 Y154.583 E2296.75155
G1 F2948.2 X104.042 Y155.058 E2296.79597
G1 F2940.8 X105.336 Y155.497 E2296.84119
G1 X106.63 Y155.887 E2296.88592
G1 X107.933 Y156.233 E2296.93053
G1 X109.264 Y156.535 E2296.9757
G1 X110.589 Y156.795 E2297.02039
G1 X111.933 Y157.005 E2297.06541
G1 F2926.1 X112.804 Y157.12 E2297.09463
G1 F2918.8 X112.807 Y157.522 E2297.10803
G1 F2700 E2292.10803
;MESH:NONMESH
G0 F300 X112.807 Y157.522 Z4.2
G0 F15000 X113.671 Y157.52
G0 X121.33 Y157.514
G0 X122.259 Y157.514
;TIME_ELAPSED:2166.527440
;LAYER:20
;note -- min layer time used
;TYPE:WALL-OUTER
;MESH:Base.stl
G1 F2700 E2297.10803
G1 F2932 X122.259 Y157.112 E2297.12137
G1 X122.762 Y157.046 E2297.1382
G1 X124.11 Y156.846 E2297.18341
G1 X125.433 Y156.6 E2297.22806
G1 F2939.3 X126.755 Y156.311 E2297.27284
G1 X128.074 Y155.969 E2297.31793
G1 X129.38 Y155.587 E2297.36297
G1 X130.655 Y155.166 E2297.4074
G1 X131.925 Y154.699 E2297.45218
G1 F2924.6 X133.192 Y154.182 E2297.4977
G1 F2917.3 X134.43 Y153.627 E2297.54293
G1 F2924.6 X135.636 Y153.036 E2297.5876
G1 X136.831 Y152.402 E2297.6326
G1 X138.016 Y151.722 E2297.67804
G1 X139.158 Y151.009 E2297.72281
G1 X140.268 Y150.262 E2297.76732
G1 X141.365 Y149.47 E2297.81232
G1 F2932 X142.43 Y148.65 E2297.85691
G1 F2939.3 X143.427 Y147.83 E2297.89963
G1 F2932 X144.509 Y146.866 E2297.94771
G1 F2917.3 X145.438 Y145.984 E2297.99042
G1 F2910.1 X146.447 Y144.957 E2298.03855
G1 F2924.6 X147.363 Y143.959 E2298.0836
G1 F2939.3 X148.236 Y142.938 E2298.12806
G1 F2924.6 X149.088 Y141.873 E2298.17342
G1 X149.897 Y140.783 E2298.21857
G1 X150.669 Y139.67 E2298.26362
G1 F2932 X151.404 Y138.533 E2298.30854
G1 F2939.3 X152.099 Y137.371 E2298.35335
G1 X152.755 Y136.18 E2298.39835
G1 X153.366 Y134.974 E2298.44309
G1 F2932 X153.941 Y133.745 E2298.4881
G1 F2939.3 X154.471 Y132.502 E2298.53282
G1 X154.958 Y131.236 E2298.57771
G1 X155.404 Y129.958 E2298.62251
G1 X155.803 Y128.663 E2298.66735
G1 F2932 X156.161 Y127.357 E2298.71228
G1 X156.47 Y126.046 E2298.75697
G1 F2924.6 X156.741 Y124.708 E2298.80237
G1 F2932 X156.961 Y123.373 E2298.84726
G1 F2946.7 X157.141 Y122.031 E2298.89196
G1 X157.27 Y120.679 E2298.93679
G1 F2939.3 X157.355 Y119.341 E2298.98116
G1 X157.394 Y117.974 E2299.02642
G1 X157.387 Y116.615 E2299.07139
G1 X157.334 Y115.264 E2299.11614
G1 X157.234 Y113.913 E2299.16097
G1 X157.093 Y112.579 E2299.20536
G1 F2954.2 X156.901 Y111.224 E2299.25042
G1 X156.667 Y109.89 E2299.29502
G1 X156.386 Y108.563 E2299.33968
G1 F2939.3 X156.026 Y107.135 E2299.38842
G1 X155.687 Y105.945 E2299.42937
G1 X155.277 Y104.667 E2299.47379
G1 X154.816 Y103.38 E2299.51903
G1 F2924.6 X154.407 Y102.353 E2299.55579
G1 F2939.3 X153.778 Y100.89 E2299.6085
G1 F2946.7 X153.191 Y99.669 E2299.65322
G1 F2932 X152.715 Y98.747 E2299.68764
G1 F2939.3 X151.901 Y97.286 E2299.74299
G1 F2946.7 X151.186 Y96.12 E2299.78814
G1 F2939.3 X150.442 Y94.99 E2299.83292
G1 F2946.7 X149.666 Y93.893 E2299.87727
G1 F2939.3 X148.838 Y92.807 E2299.92247
G1 X147.982 Y91.758 E2299.96727
G1 X147.09 Y90.733 E2300.01224
G1 F2954.2 X146.241 Y89.825 E2300.05317
G1 X145.217 Y88.796 E2300.10097
G1 X144.219 Y87.866 E2300.14589
G1 F2946.7 X143.195 Y86.974 E2300.19072
G1 F2954.2 X142.141 Y86.118 E2300.23543
G1 X141.064 Y85.301 E2300.27994
G1 X139.967 Y84.526 E2300.32417
G1 X138.833 Y83.782 E2300.36883
G1 F2939.3 X137.667 Y83.074 E2300.41397
G1 F2954.2 X136.498 Y82.412 E2300.45821
G1 X135.296 Y81.787 E2300.50282
G1 F2939.3 X134.07 Y81.204 E2300.54774
G1 X132.816 Y80.657 E2300.59302
G1 X131.557 Y80.159 E2300.63783
G1 X130.283 Y79.704 E2300.6826
G1 F2946.7 X128.885 Y79.256 E2300.73106
G1 F2961.6 X127.81 Y78.954 E2300.76773
G1 F2954.2 X126.384 Y78.602 E2300.8161
G1 F2932 X125.045 Y78.32 E2300.86149
G1 X123.723 Y78.088 E2300.90602
G1 X122.372 Y77.898 E2300.95129
G1 F2924.6 X121.029 Y77.756 E2300.99621
G1 X119.683 Y77.657 E2301.04109
G1 F2939.3 X118.319 Y77.609 E2301.08626
G1 X116.973 Y77.602 E2301.13081
G1 X115.609 Y77.645 E2301.17597
G1 X114.259 Y77.729 E2301.22073
G1 X112.92 Y77.862 E2301.26526
G1 F2932 X111.565 Y78.042 E2301.31061
G1 F2924.6 X110.234 Y78.266 E2301.3555
G1 X108.912 Y78.532 E2301.40036
G1 F2932 X107.582 Y78.85 E2301.44573
G1 X106.278 Y79.211 E2301.49062
G1 F2939.3 X104.982 Y79.61 E2301.53549
G1 X103.713 Y80.055 E2301.57999
G1 F2924.6 X102.44 Y80.55 E2301.62542
G1 X101.205 Y81.075 E2301.67006
G1 F2917.3 X99.966 Y81.658 E2301.71571
G1 F2924.6 X98.773 Y82.265 E2301.76023
G1 X97.575 Y82.929 E2301.80579
G1 X96.413 Y83.624 E2301.85082
G1 X95.292 Y84.349 E2301.89523
G1 X94.169 Y85.128 E2301.94069
G1 X93.091 Y85.935 E2301.98547
G1 X92.038 Y86.776 E2302.0303
G1 F2917.3 X90.989 Y87.675 E2302.07636
G1 F2924.6 X90.001 Y88.585 E2302.12104
G1 F2939.3 X89.028 Y89.542 E2302.1662
G1 F2932 X88.103 Y90.518 E2302.21081
G1 F2924.6 X87.198 Y91.539 E2302.25619
G1 F2932 X86.342 Y92.577 E2302.30083
G1 F2924.6 X85.513 Y93.645 E2302.3458
G1 X84.714 Y94.755 E2302.39129
G1 F2939.3 X83.962 Y95.885 E2302.43621
G1 X83.247 Y97.034 E2302.48099
G1 F2932 X82.71 Y97.964 E2302.51662
G1 F2924.6 X82.415 Y98.494 E2302.53679
G1 F2932 X81.939 Y99.407 E2302.57096
G1 F2939.3 X81.345 Y100.624 E2302.61577
G1 F2924.6 X80.745 Y101.967 E2302.6647
G1 X80.283 Y103.117 E2302.70592
G1 F2932 X79.852 Y104.278 E2302.747
G1 X79.395 Y105.665 E2302.79545
G1 F2939.3 X79.012 Y106.976 E2302.84065
G1 X78.704 Y108.162 E2302.8812
G1 F2954.2 X78.367 Y109.701 E2302.93308
G1 X78.161 Y110.808 E2302.97016
G1 F2939.3 X77.943 Y112.275 E2303.01924
G1 X77.79 Y113.629 E2303.06433
G1 F2946.7 X77.679 Y114.983 E2303.10918
G1 F2954.2 X77.618 Y116.335 E2303.15374
G1 F2946.7 X77.601 Y117.689 E2303.19844
G1 F2939.3 X77.629 Y119.044 E2303.24329
G1 X77.717 Y120.54 E2303.29289
G1 F2946.7 X77.815 Y121.665 E2303.33016
G1 F2954.2 X77.994 Y123.082 E2303.37719
G1 F2939.3 X78.204 Y124.419 E2303.42198
G1 X78.464 Y125.751 E2303.4669
G1 X78.766 Y127.069 E2303.51164
G1 F2946.7 X79.112 Y128.379 E2303.55637
G1 F2954.2 X79.506 Y129.678 E2303.60107
G1 F2946.7 X79.94 Y130.96 E2303.64575
G1 F2939.3 X80.422 Y132.227 E2303.69061
G1 X80.944 Y133.488 E2303.73577
G1 F2946.7 X81.503 Y134.711 E2303.78016
G1 X82.11 Y135.921 E2303.82485
G1 X82.761 Y137.123 E2303.86998
G1 X83.493 Y138.361 E2303.91745
G1 F2954.2 X84.116 Y139.354 E2303.95605
G1 X84.928 Y140.544 E2304.00349
G1 X85.732 Y141.638 E2304.04819
G1 X86.568 Y142.703 E2304.09277
G1 F2946.7 X87.444 Y143.74 E2304.13759
G1 F2954.2 X88.361 Y144.753 E2304.18258
G1 X89.293 Y145.718 E2304.22675
G1 X90.266 Y146.659 E2304.27132
G1 F2946.7 X91.275 Y147.568 E2304.31615
G1 X92.32 Y148.448 E2304.36125
G1 X93.373 Y149.276 E2304.40547
G1 F2939.3 X94.47 Y150.077 E2304.45042
G1 X95.596 Y150.848 E2304.49559
G1 F2946.7 X96.734 Y151.565 E2304.53999
G1 F2939.3 X97.911 Y152.256 E2304.58515
G1 X99.101 Y152.903 E2304.62998
G1 F2946.7 X100.303 Y153.502 E2304.67431
G1 F2939.3 X101.537 Y154.065 E2304.7192
G1 X102.787 Y154.584 E2304.76399
G1 X104.054 Y155.062 E2304.80881
G1 X105.352 Y155.501 E2304.85415
G1 X106.642 Y155.891 E2304.89875
G1 X107.949 Y156.237 E2304.9435
G1 X109.276 Y156.539 E2304.98853
G1 X110.606 Y156.796 E2305.03336
G1 X111.945 Y157.008 E2305.07823
G1 X112.737 Y157.112 E2305.10466
G1 F2924.6 X112.739 Y157.513 E2305.118
G1 X112.229 Y157.449 E2305.1351
G1 F2917.3 X110.892 Y157.249 E2305.18017
G1 F2902.9 X109.555 Y157.006 E2305.22571
G1 X108.244 Y156.717 E2305.27069
G1 X107.036 Y156.417 E2305.3124
G1 X105.63 Y156.008 E2305.36147
G1 F2910.1 X104.332 Y155.582 E2305.40713
G1 F2902.9 X103.071 Y155.124 E2305.45209
G1 X101.806 Y154.615 E2305.49778
G1 F2910.1 X100.575 Y154.07 E2305.54278
G1 X99.349 Y153.477 E2305.58831
G1 X98.152 Y152.848 E2305.63351
G1 F2902.9 X96.981 Y152.179 E2305.6787
G1 X95.819 Y151.467 E2305.72436
G1 F2895.7 X94.689 Y150.719 E2305.76989
G1 X93.587 Y149.935 E2305.81532
G1 F2910.1 X92.455 Y149.068 E2305.86298
G1 X91.464 Y148.256 E2305.90581
G1 X90.445 Y147.364 E2305.95107
G1 X89.454 Y146.437 E2305.99643
G1 X88.427 Y145.403 E2306.04515
G1 X87.575 Y144.487 E2306.08696
G1 X86.684 Y143.469 E2306.13218
G1 X85.832 Y142.418 E2306.17741
G1 F2917.3 X85.012 Y141.339 E2306.2226
G1 F2910.1 X84.228 Y140.237 E2306.2678
G1 X83.484 Y139.107 E2306.31303
G1 X82.779 Y137.948 E2306.35837
G1 F2902.9 X82.111 Y136.774 E2306.40364
G1 F2895.7 X81.385 Y135.382 E2306.45638
G1 X80.937 Y134.45 E2306.49111
G1 X80.351 Y133.112 E2306.54018
G1 X79.846 Y131.854 E2306.58572
G1 X79.384 Y130.581 E2306.63121
G1 F2910.1 X78.969 Y129.303 E2306.67613
G1 X78.591 Y127.99 E2306.7218
G1 F2902.9 X78.261 Y126.68 E2306.76707
G1 X77.974 Y125.355 E2306.8125
G1 X77.732 Y124.022 E2306.8579
G1 X77.536 Y122.684 E2306.90321
G1 F2910.1 X77.383 Y121.338 E2306.94849
G1 F2902.9 X77.271 Y119.922 E2306.99609
G1 F2895.7 X77.217 Y118.637 E2307.03929
G1 F2910.1 X77.201 Y117.289 E2307.08436
G1 F2917.3 X77.233 Y115.939 E2307.12938
G1 F2924.6 X77.308 Y114.573 E2307.17488
G1 F2917.3 X77.428 Y113.236 E2307.21964
G1 F2910.1 X77.591 Y111.895 E2307.2648
G1 F2924.6 X77.801 Y110.557 E2307.30984
G1 X78.06 Y109.227 E2307.35491
G1 F2932 X78.358 Y107.907 E2307.39981
G1 F2924.6 X78.706 Y106.586 E2307.44524
G1 F2910.1 X79.091 Y105.3 E2307.49011
G1 X79.521 Y104.015 E2307.53541
G1 X80.043 Y102.638 E2307.58463
G1 F2917.3 X80.394 Y101.768 E2307.61591
G1 X80.402 Y101.768 E2307.61618
G1 F2910.1 X81.073 Y100.261 E2307.67132
G1 X81.677 Y99.04 E2307.71686
G1 F2917.3 X82.362 Y97.769 E2307.765
G1 F2924.6 X82.99 Y96.686 E2307.80664
G1 F2917.3 X83.711 Y95.536 E2307.85189
G1 F2924.6 X84.467 Y94.413 E2307.89692
G1 X85.185 Y93.417 E2307.93776
G1 X86.147 Y92.183 E2307.9898
G1 X86.967 Y91.197 E2308.03245
G1 X87.8 Y90.258 E2308.0742
G1 X88.792 Y89.214 E2308.1221
G1 X89.76 Y88.266 E2308.16717
G1 X90.703 Y87.393 E2308.20991
G1 X91.755 Y86.493 E2308.25595
G1 F2939.3 X92.831 Y85.633 E2308.30154
G1 F2932 X93.925 Y84.812 E2308.34692
G1 F2924.6 X95.042 Y84.035 E2308.39217
G1 F2910.1 X96.11 Y83.34 E2308.43477
G1 X97.338 Y82.603 E2308.48264
G1 X98.52 Y81.946 E2308.52784
G1 X99.734 Y81.326 E2308.57341
G1 X101.095 Y80.685 E2308.6237
G1 X102.194 Y80.218 E2308.66361
G1 X103.456 Y79.725 E2308.7089
G1 X104.629 Y79.307 E2308.75052
G1 X106.023 Y78.869 E2308.79937
G1 F2917.3 X107.34 Y78.502 E2308.84495
G1 X108.753 Y78.157 E2308.89345
G1 F2910.1 X109.984 Y77.906 E2308.93544
G1 F2895.7 X111.173 Y77.696 E2308.976
G1 X112.646 Y77.492 E2309.02596
G1 F2910.1 X113.995 Y77.352 E2309.07129
G1 X115.356 Y77.257 E2309.1169
G1 X116.706 Y77.208 E2309.16205
G1 X118.054 Y77.202 E2309.20711
G1 X119.405 Y77.244 E2309.25229
G1 F2902.9 X120.684 Y77.322 E2309.29523
G1 F2895.7 X122.154 Y77.468 E2309.34486
G1 F2910.1 X123.455 Y77.643 E2309.38873
G1 X124.78 Y77.862 E2309.43363
G1 X126.111 Y78.133 E2309.47903
G1 X127.323 Y78.415 E2309.52062
G1 F2932 X128.854 Y78.834 E2309.57329
G1 F2924.6 X130.038 Y79.199 E2309.61449
G1 F2902.9 X131.317 Y79.645 E2309.65988
G1 F2910.1 X132.57 Y80.126 E2309.70475
G1 X133.819 Y80.652 E2309.75005
G1 F2902.9 X135.057 Y81.225 E2309.79576
G1 F2910.1 X136.256 Y81.833 E2309.8407
G1 X137.442 Y82.482 E2309.88589
G1 F2902.9 X138.607 Y83.17 E2309.93123
G1 F2910.1 X139.758 Y83.906 E2309.97689
G1 X140.865 Y84.667 E2310.0218
G1 X141.88 Y85.411 E2310.06386
G1 X143.082 Y86.362 E2310.1151
G1 X144.061 Y87.194 E2310.15804
G1 X145.056 Y88.093 E2310.20287
G1 X146.026 Y89.036 E2310.24809
G1 X147.076 Y90.131 E2310.2988
G1 X147.83 Y90.963 E2310.33633
G1 F2902.9 X148.746 Y92.053 E2310.38404
G1 X149.585 Y93.115 E2310.42939
G1 X150.391 Y94.218 E2310.47517
G1 F2910.1 X151.15 Y95.325 E2310.52004
G1 X151.875 Y96.471 E2310.56537
G1 X152.563 Y97.636 E2310.61059
G1 X153.208 Y98.822 E2310.65572
G1 F2902.9 X153.821 Y100.044 E2310.70153
G1 F2895.7 X154.382 Y101.268 E2310.74676
G1 X154.907 Y102.513 E2310.79215
G1 X155.389 Y103.778 E2310.83762
G1 X155.828 Y105.06 E2310.88315
G1 X156.229 Y106.365 E2310.92901
G1 X156.607 Y107.775 E2310.97805
G1 F2902.9 X156.887 Y108.98 E2311.0195
G1 F2910.1 X157.15 Y110.309 E2311.06479
G1 X157.368 Y111.646 E2311.11007
G1 X157.544 Y113 E2311.15571
G1 X157.671 Y114.338 E2311.20063
G1 X157.755 Y115.687 E2311.24581
G1 X157.794 Y117.04 E2311.29106
G1 X157.787 Y118.392 E2311.33625
G1 X157.735 Y119.75 E2311.38168
G1 X157.635 Y121.107 E2311.42716
G1 X157.492 Y122.445 E2311.47214
G1 X157.296 Y123.83 E2311.5189
G1 F2895.7 X157.09 Y125.027 E2311.5597
G1 X156.792 Y126.445 E2311.60837
G1 F2902.9 X156.469 Y127.761 E2311.65378
G1 X156.099 Y129.075 E2311.69952
G1 F2910.1 X155.694 Y130.352 E2311.7443
G1 X155.197 Y131.738 E2311.79352
G1 X154.739 Y132.9 E2311.83527
G1 X154.206 Y134.13 E2311.88008
G1 X153.625 Y135.356 E2311.92543
G1 F2924.6 X153.004 Y136.559 E2311.97046
G1 X152.34 Y137.752 E2312.01587
G1 F2917.3 X151.643 Y138.903 E2312.06074
G1 F2910.1 X150.906 Y140.036 E2312.10592
G1 X150.127 Y141.148 E2312.1513
G1 X149.319 Y142.23 E2312.19644
G1 X148.467 Y143.285 E2312.24177
G1 F2917.3 X147.576 Y144.32 E2312.2873
G1 F2910.1 X146.668 Y145.306 E2312.33211
G1 F2917.3 X145.78 Y146.209 E2312.37434
G1 F2924.6 X144.726 Y147.21 E2312.42268
G1 X143.72 Y148.103 E2312.46742
G1 F2932 X142.707 Y148.938 E2312.51098
G1 X141.636 Y149.765 E2312.55587
G1 F2924.6 X140.518 Y150.574 E2312.60177
G1 X139.373 Y151.344 E2312.64766
G1 X138.214 Y152.068 E2312.69311
G1 F2910.1 X136.853 Y152.85 E2312.74558
G1 X135.855 Y153.373 E2312.78325
G1 F2924.6 X134.641 Y153.97 E2312.82824
G1 F2910.1 X133.226 Y154.606 E2312.8801
G1 F2917.3 X132.149 Y155.038 E2312.91879
G1 F2924.6 X130.892 Y155.506 E2312.9634
G1 X129.598 Y155.937 E2313.00876
G1 X128.308 Y156.318 E2313.0535
G1 F2917.3 X126.988 Y156.665 E2313.09901
G1 F2924.6 X125.67 Y156.959 E2313.14393
G1 F2917.3 X124.341 Y157.213 E2313.18904
G1 F2910.1 X123.005 Y157.417 E2313.23422
G1 F2924.6 X122.259 Y157.514 E2313.25924
;MESH:NONMESH
G0 F300 X122.259 Y157.514 Z4.4
G0 F15000 X122.296 Y157.509
;TIME_ELAPSED:2177.022535
;LAYER:21
;note -- min layer time used
;TYPE:WALL-OUTER
;MESH:Base.stl
G1 F2912.7 X122.296 Y157.108 E2313.27257
G1 X122.778 Y157.046 E2313.28874
G1 F2927.3 X124.126 Y156.845 E2313.33384
G1 X125.449 Y156.6 E2313.37837
G1 X126.772 Y156.303 E2313.42324
G1 X128.09 Y155.965 E2313.46827
G1 X129.392 Y155.583 E2313.51318
G1 X130.671 Y155.161 E2313.55775
G1 F2920 X131.954 Y154.688 E2313.60311
G1 F2905.4 X133.098 Y154.223 E2313.64429
G1 X134.442 Y153.623 E2313.69336
G1 F2912.7 X135.653 Y153.028 E2313.73824
G1 F2905.4 X136.846 Y152.393 E2313.7833
G1 F2912.7 X138.019 Y151.719 E2313.8283
G1 X139.146 Y151.016 E2313.87248
G1 X140.267 Y150.26 E2313.91745
G1 X141.401 Y149.446 E2313.96388
G1 X142.463 Y148.622 E2314.00859
G1 X143.516 Y147.75 E2314.05406
G1 X144.528 Y146.849 E2314.09913
G1 F2927.3 X145.501 Y145.924 E2314.14355
G1 X146.459 Y144.944 E2314.18891
G1 F2920 X147.364 Y143.955 E2314.23338
G1 F2912.7 X148.252 Y142.918 E2314.27879
G1 F2927.3 X149.1 Y141.861 E2314.32364
G1 X149.908 Y140.771 E2314.36854
G1 F2912.7 X150.726 Y139.582 E2314.41654
G1 X151.364 Y138.597 E2314.45558
G1 F2927.3 X152.107 Y137.355 E2314.50347
G1 F2920 X152.759 Y136.168 E2314.5484
G1 F2927.3 X153.373 Y134.962 E2314.59319
G1 X153.941 Y133.744 E2314.63766
G1 F2912.7 X154.477 Y132.487 E2314.68311
G1 X154.962 Y131.22 E2314.72824
G1 F2920 X155.408 Y129.942 E2314.77315
G1 X155.807 Y128.647 E2314.8181
G1 X156.164 Y127.341 E2314.86302
G1 F2927.3 X156.474 Y126.03 E2314.9076
G1 F2920 X156.745 Y124.696 E2314.95277
G1 X156.965 Y123.357 E2314.99779
G1 F2927.3 X157.142 Y122.014 E2315.04261
G1 X157.274 Y120.664 E2315.0875
G1 X157.355 Y119.324 E2315.13193
G1 X157.394 Y117.958 E2315.17716
G1 X157.387 Y116.603 E2315.222
G1 X157.335 Y115.248 E2315.26687
G1 F2920 X157.235 Y113.897 E2315.31182
G1 X157.09 Y112.562 E2315.35637
G1 F2927.3 X156.901 Y111.208 E2315.40161
G1 F2942.1 X156.664 Y109.873 E2315.44626
G1 F2927.3 X156.383 Y108.55 E2315.49102
G1 F2912.7 X156.057 Y107.247 E2315.53569
G1 F2920 X155.683 Y105.93 E2315.58111
G1 F2927.3 X155.273 Y104.651 E2315.62556
G1 F2934.7 X154.811 Y103.368 E2315.67058
G1 X154.369 Y102.247 E2315.71036
G1 F2927.3 X153.726 Y100.78 E2315.76336
G1 X153.18 Y99.645 E2315.80504
G1 X152.553 Y98.444 E2315.84988
G1 X151.886 Y97.266 E2315.89468
G1 X151.186 Y96.116 E2315.93923
G1 X150.434 Y94.978 E2315.98438
G1 X149.658 Y93.881 E2316.02884
G1 F2934.7 X148.83 Y92.795 E2316.07393
G1 F2942.1 X148.042 Y91.823 E2316.11513
G1 F2934.7 X147.09 Y90.733 E2316.1629
G1 X146.157 Y89.737 E2316.20795
G1 F2942.1 X145.196 Y88.779 E2316.25263
G1 F2934.7 X144.212 Y87.862 E2316.29703
G1 X143.183 Y86.966 E2316.34207
G1 F2927.3 X142.13 Y86.109 E2316.387
G1 X141.061 Y85.3 E2316.43137
G1 X139.943 Y84.513 E2316.47662
G1 F2934.7 X138.821 Y83.774 E2316.52097
G1 F2927.3 X137.664 Y83.07 E2316.56579
G1 X136.474 Y82.399 E2316.611
G1 X135.28 Y81.779 E2316.65552
G1 X134.058 Y81.199 E2316.70029
G1 F2920 X132.804 Y80.653 E2316.74566
G1 X131.548 Y80.156 E2316.79048
G1 F2927.3 X130.272 Y79.697 E2316.83535
G1 F2934.7 X128.873 Y79.251 E2316.88383
G1 F2942.1 X127.685 Y78.92 E2316.92443
G1 F2927.3 X126.36 Y78.594 E2316.96959
G1 X125.033 Y78.317 E2317.01445
G1 F2934.7 X123.711 Y78.085 E2317.05876
G1 F2927.3 X122.356 Y77.894 E2317.10404
G1 X121.021 Y77.754 E2317.14847
G1 X119.67 Y77.657 E2317.19329
G1 X118.303 Y77.609 E2317.23856
G1 X116.961 Y77.601 E2317.28297
G1 X115.593 Y77.645 E2317.32827
G1 X114.243 Y77.733 E2317.37304
G1 X112.905 Y77.862 E2317.41752
G1 X111.549 Y78.046 E2317.46281
G1 F2912.7 X110.223 Y78.267 E2317.50752
G1 X108.896 Y78.535 E2317.55255
G1 X107.569 Y78.854 E2317.59794
G1 X106.262 Y79.215 E2317.64304
G1 X104.969 Y79.617 E2317.68808
G1 F2927.3 X103.698 Y80.06 E2317.73262
G1 X102.427 Y80.554 E2317.77775
G1 F2912.7 X101.27 Y81.048 E2317.81959
G1 X99.951 Y81.663 E2317.868
G1 F2927.3 X98.745 Y82.278 E2317.9128
G1 X97.571 Y82.929 E2317.95722
G1 F2912.7 X96.4 Y83.632 E2318.00265
G1 X95.263 Y84.368 E2318.0477
G1 X94.18 Y85.12 E2318.09155
G1 X93.072 Y85.948 E2318.13756
G1 X92.006 Y86.804 E2318.18303
G1 X91.038 Y87.635 E2318.22546
G1 X90.051 Y88.538 E2318.26995
G1 X89.085 Y89.488 E2318.31502
G1 X88.094 Y90.53 E2318.36285
G1 X87.19 Y91.551 E2318.4082
G1 F2920 X86.331 Y92.589 E2318.4529
G1 F2912.7 X85.533 Y93.62 E2318.49627
G1 X84.714 Y94.759 E2318.54293
G1 F2927.3 X83.954 Y95.897 E2318.58821
G1 X83.239 Y97.047 E2318.63303
G1 F2920 X82.718 Y97.952 E2318.66767
G1 F2912.7 X82.411 Y98.505 E2318.68871
G1 F2920 X81.931 Y99.418 E2318.72293
G1 F2927.3 X81.381 Y100.54 E2318.76428
G1 X80.79 Y101.863 E2318.81224
G1 X80.275 Y103.133 E2318.85759
G1 X79.845 Y104.291 E2318.89847
G1 X79.391 Y105.678 E2318.94677
G1 X79.008 Y106.992 E2318.99206
G1 X78.7 Y108.178 E2319.03261
G1 F2942.1 X78.366 Y109.718 E2319.0845
G1 F2934.7 X78.161 Y110.824 E2319.12163
G1 F2942.1 X77.94 Y112.29 E2319.17045
G1 F2934.7 X77.786 Y113.645 E2319.21547
G1 X77.678 Y115 E2319.26034
G1 F2942.1 X77.618 Y116.351 E2319.30487
G1 F2934.7 X77.602 Y117.705 E2319.34957
G1 X77.63 Y119.06 E2319.39431
G1 F2927.3 X77.709 Y120.456 E2319.44058
G1 F2934.7 X77.819 Y121.678 E2319.48108
G1 F2942.1 X77.995 Y123.097 E2319.52816
G1 X78.208 Y124.435 E2319.57277
G1 F2927.3 X78.468 Y125.763 E2319.61756
G1 X78.77 Y127.085 E2319.66243
G1 X79.116 Y128.395 E2319.70727
G1 F2942.1 X79.47 Y129.581 E2319.74803
G1 F2934.7 X79.987 Y131.085 E2319.80053
G1 F2927.3 X80.426 Y132.243 E2319.84151
G1 X80.952 Y133.501 E2319.88664
G1 X81.511 Y134.723 E2319.93111
G1 X82.118 Y135.937 E2319.97603
G1 F2934.7 X82.765 Y137.134 E2320.02094
G1 F2927.3 X83.5 Y138.374 E2320.06865
G1 X84.124 Y139.366 E2320.10743
G1 X84.94 Y140.557 E2320.15521
G1 F2934.7 X85.74 Y141.649 E2320.19989
G1 F2942.1 X86.58 Y142.715 E2320.24458
G1 F2934.7 X87.452 Y143.748 E2320.28921
G1 F2942.1 X88.369 Y144.761 E2320.3342
G1 X89.301 Y145.729 E2320.37845
G1 X90.278 Y146.671 E2320.42314
G1 F2927.3 X91.287 Y147.577 E2320.46801
G1 X92.332 Y148.456 E2320.5132
G1 F2934.7 X93.385 Y149.284 E2320.55742
G1 F2942.1 X94.483 Y150.088 E2320.60223
G1 X95.608 Y150.856 E2320.64709
G1 F2927.3 X96.746 Y151.573 E2320.6916
G1 X97.923 Y152.264 E2320.73677
G1 X99.113 Y152.907 E2320.78153
G1 X100.319 Y153.507 E2320.82611
G1 X101.549 Y154.069 E2320.87086
G1 X102.811 Y154.592 E2320.91607
G1 X104.07 Y155.067 E2320.9606
G1 X105.364 Y155.505 E2321.00581
G1 X106.658 Y155.895 E2321.05054
G1 X107.961 Y156.241 E2321.09515
G1 X109.292 Y156.542 E2321.14031
G1 X110.622 Y156.8 E2321.18515
G1 X111.961 Y157.009 E2321.23
G1 F2912.7 X112.699 Y157.105 E2321.25475
G1 F2898.2 X112.699 Y157.509 E2321.26825
G1 X112.217 Y157.448 E2321.28449
G1 X110.88 Y157.249 E2321.32968
G1 X109.547 Y157.003 E2321.37499
G1 X108.233 Y156.716 E2321.41995
G1 F2883.8 X107.025 Y156.413 E2321.46178
G1 F2891 X105.618 Y156.004 E2321.51088
G1 F2898.2 X104.329 Y155.582 E2321.55622
G1 F2891 X103.055 Y155.117 E2321.60167
G1 X101.794 Y154.611 E2321.6472
G1 X100.56 Y154.062 E2321.69245
G1 X99.342 Y153.473 E2321.73779
G1 X98.14 Y152.841 E2321.7833
G1 F2898.2 X96.973 Y152.175 E2321.82821
G1 X95.807 Y151.46 E2321.87393
G1 X94.68 Y150.712 E2321.91915
G1 X93.578 Y149.927 E2321.96437
G1 X92.446 Y149.06 E2322.01203
G1 F2891 X91.453 Y148.247 E2322.05504
G1 F2883.8 X90.434 Y147.356 E2322.10051
G1 F2891 X89.454 Y146.438 E2322.14551
G1 F2898.2 X88.491 Y145.47 E2322.19115
G1 X87.568 Y144.479 E2322.23642
G1 F2891 X86.684 Y143.468 E2322.28142
G1 X85.824 Y142.409 E2322.32713
G1 F2898.2 X85.005 Y141.331 E2322.37239
G1 F2891 X84.22 Y140.224 E2322.41786
G1 F2898.2 X83.476 Y139.094 E2322.46309
G1 X82.772 Y137.94 E2322.50827
G1 F2891 X82.102 Y136.762 E2322.55368
G1 X81.482 Y135.572 E2322.59865
G1 F2883.8 X80.889 Y134.342 E2322.64452
G1 X80.344 Y133.101 E2322.69005
G1 X79.842 Y131.846 E2322.73546
G1 X79.38 Y130.569 E2322.78107
G1 F2898.2 X78.964 Y129.292 E2322.82597
G1 X78.587 Y127.982 E2322.87153
G1 F2883.8 X78.258 Y126.668 E2322.91704
G1 X77.971 Y125.344 E2322.96255
G1 F2891 X77.731 Y124.01 E2323.00797
G1 F2898.2 X77.535 Y122.673 E2323.05314
G1 F2905.4 X77.384 Y121.326 E2323.09833
G1 F2898.2 X77.27 Y119.91 E2323.14581
G1 F2883.8 X77.217 Y118.625 E2323.18902
G1 F2898.2 X77.202 Y117.28 E2323.23398
G1 X77.232 Y115.927 E2323.27922
G1 F2912.7 X77.309 Y114.561 E2323.32472
G1 X77.428 Y113.225 E2323.36933
G1 F2905.4 X77.595 Y111.883 E2323.41443
G1 F2912.7 X77.805 Y110.545 E2323.45947
G1 X78.061 Y109.217 E2323.50445
G1 X78.361 Y107.894 E2323.54958
G1 X78.71 Y106.574 E2323.59499
G1 F2898.2 X79.095 Y105.288 E2323.63986
G1 F2912.7 X79.524 Y104.006 E2323.68482
G1 X80.002 Y102.736 E2323.72996
G1 X80.519 Y101.486 E2323.77495
G1 X81.076 Y100.252 E2323.81998
G1 F2898.2 X81.682 Y99.028 E2323.86563
G1 X82.37 Y97.756 E2323.91397
G1 F2912.7 X82.998 Y96.674 E2323.95558
G1 X83.719 Y95.524 E2324.00072
G1 X84.388 Y94.531 E2324.04055
G1 X85.211 Y93.38 E2324.08761
G1 F2898.2 X86.151 Y92.176 E2324.13867
G1 X86.975 Y91.189 E2324.18165
G1 X87.867 Y90.186 E2324.22651
G1 X88.801 Y89.207 E2324.27174
G1 F2912.7 X89.776 Y88.248 E2324.31723
G1 X90.775 Y87.335 E2324.36224
G1 X91.741 Y86.505 E2324.4046
G1 F2920 X92.819 Y85.642 E2324.45041
G1 F2927.3 X93.914 Y84.82 E2324.49573
G1 F2912.7 X95.082 Y84.008 E2324.54304
G1 F2898.2 X96.116 Y83.336 E2324.58426
G1 F2912.7 X97.345 Y82.599 E2324.63192
G1 F2927.3 X98.531 Y81.941 E2324.67681
G1 X99.746 Y81.32 E2324.72197
G1 F2912.7 X101.107 Y80.681 E2324.77197
G1 F2905.4 X102.206 Y80.214 E2324.81179
G1 F2912.7 X103.468 Y79.72 E2324.85687
G1 F2905.4 X104.641 Y79.304 E2324.89836
G1 F2898.2 X106.035 Y78.865 E2324.94722
G1 F2905.4 X107.352 Y78.498 E2324.9928
G1 F2898.2 X108.761 Y78.153 E2325.04129
G1 X109.987 Y77.905 E2325.0831
G1 X111.284 Y77.68 E2325.1271
G1 X112.658 Y77.491 E2325.17346
G1 F2912.7 X114.007 Y77.352 E2325.21857
G1 F2905.4 X115.369 Y77.256 E2325.2641
G1 F2898.2 X116.721 Y77.205 E2325.30932
G1 F2905.4 X118.062 Y77.205 E2325.35403
G1 F2912.7 X119.416 Y77.244 E2325.39909
G1 F2898.2 X120.697 Y77.325 E2325.44199
G1 X122.165 Y77.468 E2325.49129
G1 F2912.7 X123.468 Y77.646 E2325.53503
G1 X124.793 Y77.866 E2325.57971
G1 F2898.2 X126.123 Y78.132 E2325.62504
G1 F2891 X127.338 Y78.416 E2325.66686
G1 F2912.7 X128.868 Y78.835 E2325.71962
G1 X130.05 Y79.202 E2325.76078
G1 F2898.2 X131.329 Y79.649 E2325.80607
G1 X132.583 Y80.131 E2325.85098
G1 F2883.8 X133.831 Y80.656 E2325.89646
G1 X135.069 Y81.232 E2325.94233
G1 F2898.2 X136.268 Y81.837 E2325.98722
G1 X137.453 Y82.486 E2326.03238
G1 F2891 X138.62 Y83.178 E2326.07785
G1 X139.77 Y83.915 E2326.12362
G1 X140.877 Y84.676 E2326.16863
G1 F2883.8 X141.89 Y85.416 E2326.21077
G1 X143.09 Y86.37 E2326.26227
G1 F2891 X144.07 Y87.202 E2326.30535
G1 X145.063 Y88.101 E2326.35024
G1 F2898.2 X146.035 Y89.044 E2326.3955
G1 X147.087 Y90.14 E2326.44628
G1 F2891 X147.837 Y90.97 E2326.48377
G1 X148.754 Y92.061 E2326.53153
G1 F2898.2 X149.594 Y93.128 E2326.57692
G1 F2883.8 X150.398 Y94.227 E2326.62266
G1 X151.158 Y95.337 E2326.66785
G1 X151.882 Y96.479 E2326.71328
G1 X152.567 Y97.645 E2326.75871
G1 X153.215 Y98.835 E2326.80422
G1 F2891 X153.825 Y100.053 E2326.84987
G1 F2883.8 X154.39 Y101.279 E2326.89522
G1 X154.912 Y102.524 E2326.94057
G1 F2891 X155.393 Y103.79 E2326.98595
G1 X155.832 Y105.072 E2327.03136
G1 F2883.8 X156.233 Y106.377 E2327.07722
G1 X156.611 Y107.787 E2327.12626
G1 X156.89 Y108.992 E2327.16781
G1 F2891 X157.153 Y110.321 E2327.21321
G1 F2898.2 X157.372 Y111.658 E2327.25849
G1 F2891 X157.547 Y113.012 E2327.30424
G1 F2883.8 X157.675 Y114.35 E2327.34939
G1 X157.758 Y115.703 E2327.39493
G1 F2891 X157.794 Y117.055 E2327.44025
G1 F2898.2 X157.787 Y118.408 E2327.48548
G1 F2891 X157.735 Y119.762 E2327.53088
G1 F2898.2 X157.635 Y121.123 E2327.5765
G1 X157.492 Y122.46 E2327.62145
G1 X157.296 Y123.842 E2327.6681
G1 F2883.8 X157.09 Y125.038 E2327.70887
G1 F2891 X156.788 Y126.456 E2327.75745
G1 F2898.2 X156.465 Y127.773 E2327.80278
G1 F2891 X156.095 Y129.087 E2327.84853
G1 X155.69 Y130.364 E2327.89342
G1 X155.191 Y131.752 E2327.94284
G1 X154.794 Y132.771 E2327.97949
G1 F2898.2 X154.198 Y134.146 E2328.02958
G1 F2905.4 X153.617 Y135.368 E2328.0747
G1 X152.999 Y136.57 E2328.11977
G1 F2898.2 X152.331 Y137.764 E2328.1655
G1 F2905.4 X151.639 Y138.911 E2328.21016
G1 F2898.2 X150.898 Y140.048 E2328.25553
G1 F2891 X150.123 Y141.156 E2328.30084
G1 F2898.2 X149.312 Y142.238 E2328.34604
G1 F2905.4 X148.459 Y143.293 E2328.39127
G1 X147.567 Y144.328 E2328.43683
G1 X146.657 Y145.315 E2328.4816
G1 F2912.7 X145.706 Y146.279 E2328.52663
G1 F2920 X144.719 Y147.215 E2328.57176
G1 F2912.7 X143.708 Y148.113 E2328.61674
G1 F2898.2 X142.665 Y148.973 E2328.66193
G1 F2905.4 X141.586 Y149.806 E2328.70738
G1 X140.491 Y150.593 E2328.75234
G1 F2912.7 X139.397 Y151.328 E2328.79618
G1 F2920 X138.245 Y152.049 E2328.84126
G1 F2912.7 X137.05 Y152.738 E2328.88714
G1 F2905.4 X135.851 Y153.376 E2328.93243
G1 F2912.7 X134.625 Y153.978 E2328.97786
G1 F2905.4 X133.215 Y154.61 E2329.02938
G1 F2898.2 X132.137 Y155.044 E2329.06822
G1 F2912.7 X130.881 Y155.51 E2329.11278
G1 X129.586 Y155.941 E2329.15817
G1 X128.297 Y156.322 E2329.20288
G1 X126.975 Y156.665 E2329.24831
G1 X125.658 Y156.963 E2329.29322
G1 X124.328 Y157.214 E2329.33823
G1 F2905.4 X122.994 Y157.421 E2329.38325
G1 X122.296 Y157.509 E2329.4067
G1 F2700 E2324.4067
;MESH:NONMESH
G0 F300 X122.296 Y157.509 Z4.6
G0 F15000 X121.434 Y157.509
G0 X113.568 Y157.508
G0 X112.685 Y157.508
;TIME_ELAPSED:2187.743683
;LAYER:22
;note -- min layer time used
;TYPE:WALL-OUTER
;MESH:Base.stl
G1 F2700 E2329.4067
G1 F2938.1 X111.928 Y157.407 E2329.43198
G1 X110.864 Y157.246 E2329.46759
G1 F2908.9 X109.535 Y157.003 E2329.51275
G1 F2901.7 X108.22 Y156.712 E2329.55788
G1 F2894.5 X107.013 Y156.413 E2329.59965
G1 X105.606 Y156 E2329.64891
G1 X104.321 Y155.581 E2329.69432
G1 X103.039 Y155.113 E2329.74016
G1 F2908.9 X101.785 Y154.604 E2329.7854
G1 F2916.2 X100.555 Y154.059 E2329.83026
G1 F2908.9 X99.326 Y153.466 E2329.87587
G1 X98.128 Y152.837 E2329.9211
G1 F2901.7 X96.953 Y152.164 E2329.96647
G1 X95.807 Y151.459 E2330.01156
G1 F2908.9 X94.673 Y150.708 E2330.05703
G1 X93.571 Y149.924 E2330.10223
G1 X92.435 Y149.052 E2330.1501
G1 X91.444 Y148.24 E2330.19293
G1 X90.426 Y147.349 E2330.23815
G1 X89.447 Y146.429 E2330.28306
G1 X88.483 Y145.462 E2330.3287
G1 X87.559 Y144.471 E2330.37399
G1 F2894.5 X86.676 Y143.459 E2330.4191
G1 X85.816 Y142.401 E2330.46491
G1 F2901.7 X84.996 Y141.319 E2330.5104
G1 F2908.9 X84.217 Y140.217 E2330.55551
G1 X83.472 Y139.087 E2330.60075
G1 X82.767 Y137.928 E2330.6461
G1 X82.098 Y136.751 E2330.69135
G1 X81.477 Y135.56 E2330.73625
G1 X80.884 Y134.33 E2330.78189
G1 F2887.4 X80.341 Y133.092 E2330.82742
G1 F2880.2 X79.838 Y131.83 E2330.87328
G1 F2894.5 X79.376 Y130.561 E2330.91865
G1 X78.958 Y129.272 E2330.96417
G1 F2901.7 X78.587 Y127.97 E2331.00953
G1 F2908.9 X78.257 Y126.656 E2331.05482
G1 X77.97 Y125.331 E2331.10014
G1 F2894.5 X77.728 Y123.998 E2331.14565
G1 X77.532 Y122.66 E2331.19107
G1 F2908.9 X77.38 Y121.315 E2331.23632
G1 F2894.5 X77.27 Y119.899 E2331.28403
G1 X77.217 Y118.613 E2331.32727
G1 F2908.9 X77.202 Y117.265 E2331.37233
G1 X77.233 Y115.915 E2331.41747
G1 X77.309 Y114.549 E2331.4632
G1 X77.429 Y113.213 E2331.50804
G1 X77.595 Y111.871 E2331.55324
G1 F2916.2 X77.805 Y110.533 E2331.59839
G1 X78.064 Y109.204 E2331.64354
G1 X78.367 Y107.883 E2331.68873
G1 X78.713 Y106.561 E2331.7343
G1 F2908.9 X79.096 Y105.276 E2331.77912
G1 X79.53 Y103.992 E2331.82442
G1 X80.006 Y102.725 E2331.86966
G1 X80.524 Y101.475 E2331.91489
G1 F2923.4 X81.084 Y100.24 E2331.95999
G1 X81.69 Y99.016 E2332.00542
G1 X82.374 Y97.748 E2332.05334
G1 X83.003 Y96.663 E2332.09505
G1 F2916.2 X83.723 Y95.517 E2332.14018
G1 X84.484 Y94.393 E2332.18544
G1 F2908.9 X85.219 Y93.368 E2332.2276
G1 X86.158 Y92.165 E2332.27861
G1 F2916.2 X86.982 Y91.181 E2332.3214
G1 X87.874 Y90.179 E2332.36614
G1 F2908.9 X88.809 Y89.196 E2332.41148
G1 X89.776 Y88.248 E2332.45675
G1 F2916.2 X90.783 Y87.328 E2332.50223
G1 X91.806 Y86.452 E2332.54714
G1 F2923.4 X92.798 Y85.657 E2332.58942
G1 F2938.1 X93.903 Y84.83 E2332.63509
G1 F2923.4 X95.09 Y84.001 E2332.68325
G1 F2908.9 X96.128 Y83.331 E2332.72455
G1 F2916.2 X97.347 Y82.597 E2332.77199
G1 F2923.4 X98.54 Y81.938 E2332.81732
G1 X99.75 Y81.317 E2332.86256
G1 F2908.9 X101.119 Y80.674 E2332.91311
G1 X102.217 Y80.21 E2332.95296
G1 F2916.2 X103.48 Y79.717 E2332.99817
G1 F2908.9 X104.649 Y79.3 E2333.03965
G1 X106.047 Y78.861 E2333.08863
G1 F2916.2 X107.364 Y78.494 E2333.13422
G1 X108.772 Y78.153 E2333.18252
G1 F2908.9 X109.995 Y77.905 E2333.22424
G1 F2916.2 X111.297 Y77.679 E2333.2683
G1 F2908.9 X112.669 Y77.488 E2333.3146
G1 X114.018 Y77.348 E2333.35994
G1 X115.381 Y77.256 E2333.4056
G1 F2916.2 X116.733 Y77.204 E2333.45071
G1 F2923.4 X118.074 Y77.205 E2333.49532
G1 F2916.2 X119.428 Y77.245 E2333.54048
G1 F2901.7 X120.708 Y77.326 E2333.58346
G1 F2908.9 X122.274 Y77.483 E2333.63607
G1 F2916.2 X123.479 Y77.647 E2333.67662
G1 F2908.9 X124.804 Y77.866 E2333.72151
G1 X126.134 Y78.136 E2333.76687
G1 X127.347 Y78.419 E2333.80851
G1 F2923.4 X128.88 Y78.839 E2333.86137
G1 X130.062 Y79.206 E2333.90254
G1 F2908.9 X131.34 Y79.652 E2333.94778
G1 X132.593 Y80.134 E2333.99266
G1 X133.84 Y80.663 E2334.03794
G1 X135.078 Y81.237 E2334.08355
G1 F2894.5 X136.278 Y81.842 E2334.1287
G1 X137.465 Y82.494 E2334.17419
G1 F2908.9 X138.632 Y83.186 E2334.21954
G1 X139.778 Y83.919 E2334.26501
G1 F2901.7 X140.889 Y84.684 E2334.31022
G1 F2894.5 X141.911 Y85.431 E2334.35274
G1 X143.102 Y86.378 E2334.40386
G1 F2901.7 X144.081 Y87.21 E2334.44691
G1 F2908.9 X145.072 Y88.109 E2334.49163
G1 F2901.7 X146.046 Y89.052 E2334.53706
G1 F2908.9 X147.096 Y90.152 E2334.58789
G1 F2901.7 X147.849 Y90.983 E2334.62547
G1 F2908.9 X148.763 Y92.072 E2334.67299
G1 F2916.2 X149.598 Y93.136 E2334.71809
G1 F2908.9 X150.406 Y94.238 E2334.76377
G1 F2901.7 X151.166 Y95.349 E2334.80887
G1 F2894.5 X151.89 Y96.491 E2334.8543
G1 X152.575 Y97.657 E2334.89973
G1 F2901.7 X153.22 Y98.847 E2334.94508
G1 X153.833 Y100.068 E2334.99087
G1 F2908.9 X154.395 Y101.291 E2335.03586
G1 F2894.5 X154.918 Y102.541 E2335.08137
G1 F2880.2 X155.397 Y103.802 E2335.12691
G1 F2901.7 X155.836 Y105.083 E2335.17229
G1 F2908.9 X156.234 Y106.389 E2335.21793
G1 X156.584 Y107.686 E2335.26283
G1 F2894.5 X156.894 Y109.004 E2335.30831
G1 X157.157 Y110.333 E2335.35382
G1 F2901.7 X157.373 Y111.671 E2335.39924
G1 F2908.9 X157.548 Y113.024 E2335.44484
G1 F2901.7 X157.675 Y114.361 E2335.48985
G1 X157.759 Y115.715 E2335.53531
G1 F2908.9 X157.794 Y117.067 E2335.58051
G1 X157.787 Y118.42 E2335.62574
G1 X157.732 Y119.774 E2335.67104
G1 F2916.2 X157.632 Y121.136 E2335.71657
G1 F2908.9 X157.492 Y122.472 E2335.76148
G1 X157.301 Y123.81 E2335.80665
G1 X157.066 Y125.15 E2335.85213
G1 F2901.7 X156.788 Y126.468 E2335.89727
G1 X156.461 Y127.786 E2335.94277
G1 F2894.5 X156.091 Y129.099 E2335.9886
G1 X155.685 Y130.379 E2336.03371
G1 F2908.9 X155.185 Y131.765 E2336.08296
G1 X154.79 Y132.784 E2336.11949
G1 X154.194 Y134.157 E2336.16952
G1 X153.613 Y135.38 E2336.21478
G1 X152.992 Y136.581 E2336.25997
G1 F2916.2 X152.324 Y137.773 E2336.30553
G1 F2923.4 X151.631 Y138.923 E2336.35019
G1 X150.891 Y140.057 E2336.39523
G1 F2908.9 X150.114 Y141.168 E2336.44055
G1 X149.303 Y142.25 E2336.48575
G1 X148.452 Y143.304 E2336.53103
G1 F2916.2 X147.56 Y144.336 E2336.57651
G1 F2923.4 X146.649 Y145.323 E2336.62118
G1 F2908.9 X145.697 Y146.286 E2336.66645
G1 X144.714 Y147.218 E2336.71173
G1 F2923.4 X143.692 Y148.122 E2336.75711
G1 F2916.2 X142.657 Y148.981 E2336.80196
G1 F2908.9 X141.574 Y149.813 E2336.84761
G1 F2923.4 X140.484 Y150.598 E2336.89228
G1 F2930.8 X139.409 Y151.32 E2336.93525
G1 F2938.1 X138.212 Y152.067 E2336.98194
G1 F2908.9 X136.829 Y152.862 E2337.03526
G1 X135.857 Y153.371 E2337.07194
G1 F2923.4 X134.639 Y153.971 E2337.1171
G1 X133.38 Y154.535 E2337.16298
G1 F2930.8 X132.126 Y155.049 E2337.20794
G1 F2938.1 X130.868 Y155.515 E2337.25234
G1 X129.571 Y155.945 E2337.29756
G1 F2923.4 X128.285 Y156.326 E2337.34217
G1 F2916.2 X126.962 Y156.668 E2337.38773
G1 X125.646 Y156.967 E2337.43273
G1 X124.313 Y157.218 E2337.47796
G1 X122.982 Y157.421 E2337.52285
G1 F2923.4 X122.316 Y157.506 E2337.54518
G1 F2930.8 X122.319 Y157.104 E2337.55852
G1 X122.798 Y157.042 E2337.57455
G1 X124.142 Y156.842 E2337.61963
G1 X125.465 Y156.596 E2337.66427
G1 F2923.4 X126.788 Y156.299 E2337.70937
G1 X128.106 Y155.962 E2337.75462
G1 F2938.1 X129.408 Y155.579 E2337.79953
G1 X130.687 Y155.157 E2337.8441
G1 X131.966 Y154.683 E2337.88924
G1 F2923.4 X133.212 Y154.173 E2337.93402
G1 X134.457 Y153.615 E2337.9794
G1 X135.651 Y153.03 E2338.02362
G1 X136.859 Y152.385 E2338.06917
G1 X138.043 Y151.705 E2338.11458
G1 F2938.1 X139.194 Y150.985 E2338.15951
G1 F2930.8 X140.308 Y150.234 E2338.20409
G1 F2923.4 X141.336 Y149.491 E2338.24627
G1 X142.475 Y148.614 E2338.29408
G1 X143.528 Y147.737 E2338.33966
G1 X144.529 Y146.845 E2338.38426
G1 X145.518 Y145.901 E2338.42973
G1 X146.466 Y144.936 E2338.47472
G1 F2938.1 X147.383 Y143.935 E2338.51965
G1 F2930.8 X148.256 Y142.914 E2338.56422
G1 F2923.4 X149.108 Y141.849 E2338.60958
G1 F2938.1 X149.916 Y140.759 E2338.65448
G1 X150.68 Y139.658 E2338.69883
G1 X151.42 Y138.508 E2338.74409
G1 X152.114 Y137.342 E2338.78899
G1 X152.767 Y136.156 E2338.8338
G1 X153.382 Y134.946 E2338.87872
G1 X153.949 Y133.728 E2338.92318
G1 F2923.4 X154.484 Y132.471 E2338.96862
G1 F2938.1 X154.969 Y131.207 E2339.01342
G1 X155.413 Y129.925 E2339.05832
G1 F2930.8 X155.811 Y128.631 E2339.10324
G1 F2938.1 X156.168 Y127.325 E2339.14804
G1 X156.478 Y126.018 E2339.1925
G1 X156.748 Y124.68 E2339.23767
G1 X156.969 Y123.341 E2339.28258
G1 X157.145 Y121.998 E2339.32741
G1 F2953 X157.273 Y120.647 E2339.37209
G1 X157.354 Y119.308 E2339.41626
G1 F2945.5 X157.394 Y117.942 E2339.46137
G1 X157.387 Y116.587 E2339.5061
G1 X157.334 Y115.232 E2339.55087
G1 X157.234 Y113.881 E2339.59559
G1 X157.089 Y112.546 E2339.63991
G1 F2938.1 X156.897 Y111.196 E2339.68504
G1 X156.66 Y109.861 E2339.72991
G1 X156.379 Y108.535 E2339.77477
G1 F2953 X156.052 Y107.22 E2339.81939
G1 X155.683 Y105.925 E2339.86372
G1 X155.269 Y104.639 E2339.90821
G1 F2923.4 X154.885 Y103.579 E2339.94571
G1 X154.305 Y102.096 E2339.99867
G1 F2945.5 X153.762 Y100.852 E2340.04348
G1 X153.131 Y99.549 E2340.09127
G1 F2938.1 X152.548 Y98.432 E2340.13297
G1 X151.877 Y97.249 E2340.17798
G1 X151.178 Y96.104 E2340.22237
G1 X150.426 Y94.963 E2340.26759
G1 F2945.5 X149.642 Y93.861 E2340.31224
G1 F2953 X148.778 Y92.728 E2340.35916
G1 X148.034 Y91.811 E2340.39804
G1 F2945.5 X147.078 Y90.72 E2340.44592
G1 F2953 X146.221 Y89.801 E2340.4873
G1 X145.193 Y88.775 E2340.53512
G1 F2945.5 X144.192 Y87.842 E2340.5803
G1 F2938.1 X143.179 Y86.962 E2340.6247
G1 X142.122 Y86.102 E2340.6698
G1 X141.048 Y85.289 E2340.71438
G1 X139.931 Y84.504 E2340.75956
G1 X138.797 Y83.758 E2340.80448
G1 F2945.5 X137.651 Y83.062 E2340.84874
G1 F2938.1 X136.458 Y82.393 E2340.894
G1 F2930.8 X135.268 Y81.775 E2340.93849
G1 F2938.1 X134.042 Y81.192 E2340.98342
G1 X132.792 Y80.646 E2341.02856
G1 F2945.5 X131.541 Y80.151 E2341.07297
G1 F2938.1 X130.255 Y79.692 E2341.11816
G1 X128.857 Y79.247 E2341.16671
G1 F2945.5 X127.669 Y78.916 E2341.20742
G1 F2938.1 X126.344 Y78.591 E2341.25257
G1 X125.017 Y78.313 E2341.29744
G1 F2930.8 X123.694 Y78.083 E2341.34199
G1 F2923.4 X122.34 Y77.894 E2341.38746
G1 X120.997 Y77.753 E2341.43238
G1 F2930.8 X119.655 Y77.657 E2341.47701
G1 X118.287 Y77.609 E2341.52243
G1 F2938.1 X116.945 Y77.601 E2341.56684
G1 X115.577 Y77.645 E2341.61214
G1 X114.227 Y77.733 E2341.65691
G1 F2930.8 X112.888 Y77.865 E2341.70155
G1 X111.533 Y78.046 E2341.7469
G1 X110.206 Y78.271 E2341.79155
G1 F2923.4 X108.884 Y78.539 E2341.83642
G1 X107.553 Y78.858 E2341.88194
G1 X106.246 Y79.219 E2341.92704
G1 X104.953 Y79.621 E2341.97208
G1 X103.618 Y80.092 E2342.01916
G1 F2930.8 X102.553 Y80.503 E2342.05703
G1 F2938.1 X101.177 Y81.087 E2342.1065
G1 F2923.4 X99.936 Y81.672 E2342.15214
G1 X98.745 Y82.282 E2342.19664
G1 X97.556 Y82.939 E2342.24182
G1 X96.389 Y83.64 E2342.2871
G1 X95.251 Y84.375 E2342.33216
G1 X94.146 Y85.144 E2342.37694
G1 F2938.1 X93.052 Y85.964 E2342.42218
G1 F2923.4 X91.998 Y86.812 E2342.46718
G1 X90.978 Y87.688 E2342.5119
G1 X89.972 Y88.613 E2342.55735
G1 X89.007 Y89.565 E2342.60244
G1 X88.075 Y90.551 E2342.64756
G1 F2938.1 X87.179 Y91.564 E2342.69232
G1 X86.314 Y92.609 E2342.73721
G1 X85.434 Y93.75 E2342.7849
G1 F2930.8 X84.697 Y94.784 E2342.82703
G1 X83.946 Y95.909 E2342.8719
G1 F2938.1 X83.231 Y97.059 E2342.91672
G1 F2945.5 X82.564 Y98.225 E2342.96106
G1 F2938.1 X81.931 Y99.423 E2343.0059
G1 X81.374 Y100.556 E2343.04768
G1 X80.785 Y101.879 E2343.09561
G1 X80.271 Y103.145 E2343.14083
G1 X79.804 Y104.419 E2343.18573
G1 F2930.8 X79.382 Y105.701 E2343.23051
G1 F2938.1 X79.005 Y107.004 E2343.2754
G1 X78.671 Y108.319 E2343.3203
G1 F2953 X78.362 Y109.733 E2343.36796
G1 X78.157 Y110.835 E2343.40487
G1 F2945.5 X77.939 Y112.303 E2343.45386
G1 F2938.1 X77.786 Y113.661 E2343.49908
G1 X77.678 Y115 E2343.54354
G1 F2945.5 X77.618 Y116.363 E2343.58858
G1 X77.602 Y117.721 E2343.63341
G1 F2938.1 X77.633 Y119.073 E2343.67816
G1 X77.709 Y120.471 E2343.7245
G1 X77.818 Y121.694 E2343.76513
G1 X77.998 Y123.11 E2343.81237
G1 X78.211 Y124.448 E2343.8572
G1 F2945.5 X78.469 Y125.778 E2343.90193
G1 F2953 X78.774 Y127.101 E2343.94663
G1 X79.12 Y128.407 E2343.99112
G1 F2945.5 X79.517 Y129.718 E2344.03634
G1 F2938.1 X79.951 Y130.989 E2344.08078
G1 F2923.4 X80.352 Y132.037 E2344.11811
G1 X80.996 Y133.604 E2344.17445
G1 F2945.5 X81.516 Y134.735 E2344.21555
G1 F2953 X82.123 Y135.949 E2344.26024
G1 X82.774 Y137.147 E2344.30513
G1 F2945.5 X83.509 Y138.386 E2344.35269
G1 F2953 X84.132 Y139.377 E2344.39123
G1 X84.996 Y140.637 E2344.44154
G1 F2945.5 X85.756 Y141.67 E2344.48387
G1 F2938.1 X86.587 Y142.724 E2344.52829
G1 X87.464 Y143.761 E2344.57324
G1 F2945.5 X88.268 Y144.656 E2344.61295
G1 F2953 X89.313 Y145.738 E2344.66248
G1 F2945.5 X90.298 Y146.687 E2344.70763
G1 F2953 X91.295 Y147.587 E2344.75186
G1 X92.34 Y148.464 E2344.79678
G1 F2945.5 X93.397 Y149.293 E2344.84113
G1 F2953 X94.49 Y150.096 E2344.88578
G1 X95.612 Y150.857 E2344.93043
G1 F2945.5 X96.758 Y151.58 E2344.97515
G1 F2938.1 X97.935 Y152.272 E2345.02034
G1 X99.125 Y152.915 E2345.0651
G1 F2945.5 X100.332 Y153.514 E2345.10958
G1 F2953 X101.566 Y154.077 E2345.15425
G1 F2945.5 X102.824 Y154.6 E2345.19922
G1 F2938.1 X104.086 Y155.072 E2345.24381
G1 F2930.8 X105.376 Y155.509 E2345.289
G1 F2938.1 X106.67 Y155.899 E2345.33372
G1 F2923.4 X107.973 Y156.242 E2345.37854
G1 X109.307 Y156.547 E2345.42405
G1 F2938.1 X110.63 Y156.803 E2345.46865
G1 X111.973 Y157.013 E2345.51363
G1 X112.685 Y157.104 E2345.53738
G1 F2930.8 X112.685 Y157.508 E2345.55079
G1 F2700 E2340.55079
;MESH:NONMESH
G0 F300 X112.685 Y157.508 Z4.8
G0 F15000 X113.549 Y157.508
G0 X121.453 Y157.505
G0 X122.32 Y157.506
;TIME_ELAPSED:2198.611957
;LAYER:23
;note -- min layer time used
;TYPE:WALL-OUTER
;MESH:Base.stl
G1 F2700 E2345.55079
G1 F2923.4 X122.32 Y157.104 E2345.56416
G1 X122.817 Y157.042 E2345.58082
G1 F2938 X124.154 Y156.841 E2345.62556
G1 X125.477 Y156.592 E2345.67011
G1 F2923.4 X126.804 Y156.296 E2345.71533
G1 X128.118 Y155.958 E2345.76046
G1 X129.425 Y155.572 E2345.80579
G1 F2930.7 X130.703 Y155.15 E2345.85044
G1 F2923.4 X131.97 Y154.68 E2345.89539
G1 X133.221 Y154.17 E2345.94032
G1 X134.444 Y153.618 E2345.98495
G1 F2916.1 X135.647 Y153.031 E2346.02958
G1 X136.882 Y152.373 E2346.07624
G1 X138.056 Y151.693 E2346.12148
G1 F2923.4 X139.205 Y150.977 E2346.16651
G1 X140.248 Y150.276 E2346.2083
G1 F2930.7 X141.429 Y149.426 E2346.25658
G1 F2938 X142.487 Y148.602 E2346.30096
G1 F2923.4 X143.54 Y147.73 E2346.34643
G1 F2916.1 X144.436 Y146.933 E2346.38641
G1 F2908.8 X145.53 Y145.893 E2346.43687
G1 F2923.4 X146.479 Y144.924 E2346.48198
G1 F2930.7 X147.395 Y143.923 E2346.527
G1 X148.264 Y142.902 E2346.57148
G1 F2923.4 X149.116 Y141.837 E2346.61684
G1 F2930.7 X149.925 Y140.747 E2346.66188
G1 F2938 X150.688 Y139.642 E2346.70632
G1 X151.42 Y138.504 E2346.7511
G1 F2930.7 X152.12 Y137.326 E2346.79656
G1 X152.775 Y136.141 E2346.84148
G1 F2938 X153.386 Y134.934 E2346.88625
G1 X153.953 Y133.716 E2346.93071
G1 X154.487 Y132.458 E2346.97594
G1 X154.97 Y131.204 E2347.02041
G1 F2930.7 X155.417 Y129.909 E2347.06586
G1 F2938 X155.818 Y128.619 E2347.11057
G1 F2945.4 X156.172 Y127.308 E2347.15539
G1 F2938 X156.482 Y126.002 E2347.19982
G1 X156.748 Y124.663 E2347.24499
G1 X156.968 Y123.325 E2347.28987
G1 F2952.9 X157.145 Y121.982 E2347.33447
G1 F2945.4 X157.274 Y120.635 E2347.37914
G1 F2952.9 X157.358 Y119.293 E2347.42342
G1 X157.395 Y117.919 E2347.46868
G1 F2938 X157.387 Y116.571 E2347.51329
G1 X157.334 Y115.22 E2347.55803
G1 X157.23 Y113.864 E2347.60304
G1 F2945.4 X157.089 Y112.531 E2347.64729
G1 X156.893 Y111.179 E2347.69238
G1 F2938 X156.656 Y109.845 E2347.73722
G1 X156.374 Y108.519 E2347.78209
G1 F2952.9 X156.049 Y107.208 E2347.82656
G1 X155.679 Y105.913 E2347.87091
G1 X155.261 Y104.611 E2347.91593
G1 X154.799 Y103.336 E2347.96059
G1 F2938 X154.301 Y102.09 E2348.00499
G1 X153.754 Y100.84 E2348.05015
G1 F2945.4 X153.167 Y99.618 E2348.0949
G1 F2938 X152.544 Y98.428 E2348.13935
G1 F2945.4 X151.873 Y97.239 E2348.18442
G1 X151.162 Y96.083 E2348.22922
G1 F2938 X150.418 Y94.954 E2348.27397
G1 F2952.9 X149.634 Y93.849 E2348.31858
G1 X148.766 Y92.715 E2348.3656
G1 X148.022 Y91.799 E2348.40446
G1 X147.066 Y90.708 E2348.45223
G1 F2938 X146.133 Y89.712 E2348.49739
G1 F2930.7 X145.173 Y88.758 E2348.54229
G1 F2923.4 X144.18 Y87.834 E2348.58741
G1 F2938 X143.167 Y86.953 E2348.63183
G1 F2945.4 X142.11 Y86.09 E2348.67688
G1 X141.036 Y85.28 E2348.72129
G1 F2938 X139.919 Y84.493 E2348.76651
G1 X138.785 Y83.75 E2348.81137
G1 X137.635 Y83.053 E2348.85587
G1 X136.446 Y82.386 E2348.90099
G1 F2945.4 X135.251 Y81.768 E2348.9454
G1 F2938 X134.03 Y81.183 E2348.99021
G1 F2923.4 X132.775 Y80.641 E2349.03568
G1 F2938 X131.518 Y80.143 E2349.08042
G1 X130.243 Y79.688 E2349.12522
G1 X128.96 Y79.282 E2349.16976
G1 X127.658 Y78.913 E2349.21454
G1 X126.327 Y78.59 E2349.25987
G1 F2923.4 X125.001 Y78.312 E2349.30493
G1 F2938 X123.679 Y78.08 E2349.34935
G1 F2945.4 X122.324 Y77.891 E2349.39451
G1 F2938 X120.985 Y77.753 E2349.43906
G1 F2923.4 X119.639 Y77.656 E2349.48394
G1 F2938 X118.272 Y77.606 E2349.52921
G1 X116.928 Y77.604 E2349.57369
G1 X115.562 Y77.646 E2349.61892
G1 X114.215 Y77.733 E2349.66359
G1 X112.876 Y77.866 E2349.70812
G1 F2923.4 X111.521 Y78.049 E2349.75359
G1 X110.19 Y78.275 E2349.7985
G1 F2916.1 X108.869 Y78.543 E2349.84344
G1 X107.537 Y78.861 E2349.8891
G1 F2923.4 X106.23 Y79.223 E2349.93421
G1 X104.94 Y79.625 E2349.97915
G1 X103.63 Y80.088 E2350.02536
G1 F2938 X102.537 Y80.507 E2350.0641
G1 X101.161 Y81.096 E2350.11364
G1 F2923.4 X99.94 Y81.668 E2350.15848
G1 X98.739 Y82.284 E2350.20337
G1 F2916.1 X97.54 Y82.948 E2350.24907
G1 X96.419 Y83.623 E2350.29271
G1 F2923.4 X95.239 Y84.384 E2350.33941
G1 F2938 X94.134 Y85.152 E2350.38394
G1 F2930.7 X93.051 Y85.968 E2350.42893
G1 F2923.4 X91.995 Y86.812 E2350.47389
G1 F2930.7 X90.958 Y87.705 E2350.51929
G1 F2923.4 X89.96 Y88.625 E2350.56444
G1 F2916.1 X88.998 Y89.577 E2350.60957
G1 X88.067 Y90.558 E2350.65466
G1 F2923.4 X87.17 Y91.576 E2350.69979
G1 F2930.7 X86.315 Y92.609 E2350.74428
G1 F2923.4 X85.48 Y93.694 E2350.78981
G1 X84.69 Y94.796 E2350.83491
G1 F2938 X83.89 Y95.997 E2350.88267
G1 X83.271 Y96.991 E2350.92142
G1 F2952.9 X82.556 Y98.237 E2350.96872
G1 F2945.4 X81.924 Y99.435 E2351.01344
G1 F2938 X81.325 Y100.665 E2351.05871
G1 X80.774 Y101.903 E2351.10356
G1 X80.267 Y103.157 E2351.14832
G1 F2930.7 X79.8 Y104.431 E2351.19334
G1 F2938 X79.379 Y105.718 E2351.23815
G1 X79.001 Y107.02 E2351.28302
G1 X78.667 Y108.331 E2351.32779
G1 F2945.4 X78.358 Y109.745 E2351.37557
G1 F2952.9 X78.156 Y110.852 E2351.41262
G1 F2938 X77.939 Y112.319 E2351.4617
G1 X77.786 Y113.673 E2351.50679
G1 X77.678 Y115.016 E2351.55138
G1 F2945.4 X77.618 Y116.379 E2351.59642
G1 X77.602 Y117.733 E2351.64112
G1 F2938 X77.633 Y119.089 E2351.686
G1 X77.71 Y120.483 E2351.73221
G1 F2945.4 X77.822 Y121.706 E2351.77275
G1 X77.999 Y123.125 E2351.81995
G1 F2938 X78.215 Y124.464 E2351.86484
G1 X78.472 Y125.79 E2351.90954
G1 X78.778 Y127.113 E2351.95448
G1 F2945.4 X79.124 Y128.423 E2351.9992
G1 X79.521 Y129.73 E2352.04429
G1 F2938 X79.955 Y131.001 E2352.08874
G1 F2952.9 X80.383 Y132.145 E2352.12896
G1 X81.004 Y133.618 E2352.1816
G1 F2938 X81.523 Y134.751 E2352.22284
G1 F2945.4 X82.13 Y135.961 E2352.26753
G1 X82.781 Y137.159 E2352.31253
G1 F2938 X83.464 Y138.317 E2352.35703
G1 F2945.4 X84.14 Y139.39 E2352.39889
G1 F2952.9 X85.004 Y140.652 E2352.44925
G1 F2945.4 X85.768 Y141.683 E2352.49161
G1 F2938 X86.595 Y142.735 E2352.53589
G1 X87.472 Y143.773 E2352.58087
G1 X88.384 Y144.775 E2352.6257
G1 X89.325 Y145.747 E2352.67048
G1 X90.309 Y146.696 E2352.71572
G1 X91.307 Y147.596 E2352.76019
G1 F2952.9 X92.344 Y148.468 E2352.80481
G1 X93.409 Y149.304 E2352.84939
G1 F2938 X94.442 Y150.061 E2352.89177
G1 X95.624 Y150.864 E2352.93906
G1 F2952.9 X96.774 Y151.592 E2352.98388
G1 F2945.4 X97.94 Y152.272 E2353.02843
G1 F2938 X99.141 Y152.923 E2353.07364
G1 F2945.4 X100.343 Y153.522 E2353.11798
G1 X101.578 Y154.081 E2353.16272
G1 F2938 X102.827 Y154.6 E2353.20749
G1 F2930.7 X104.097 Y155.079 E2353.25252
G1 X105.392 Y155.513 E2353.29783
G1 X106.686 Y155.903 E2353.34267
G1 F2923.4 X107.989 Y156.246 E2353.38748
G1 F2930.7 X109.319 Y156.55 E2353.43275
G1 F2938 X110.642 Y156.804 E2353.47733
G1 F2923.4 X111.934 Y157.006 E2353.52082
G1 X112.677 Y157.103 E2353.54575
G1 F2930.7 X112.677 Y157.505 E2353.55908
G1 X111.942 Y157.41 E2353.58367
G1 F2923.4 X110.852 Y157.245 E2353.62034
G1 F2908.8 X109.522 Y156.999 E2353.66555
G1 X108.209 Y156.712 E2353.71047
G1 F2894.4 X107.005 Y156.409 E2353.75218
G1 X105.594 Y155.996 E2353.80157
G1 X104.309 Y155.578 E2353.84696
G1 X103.031 Y155.109 E2353.89269
G1 F2908.8 X101.773 Y154.6 E2353.93805
G1 X100.535 Y154.051 E2353.98332
G1 X99.325 Y153.465 E2354.02826
G1 X98.119 Y152.828 E2354.07385
G1 X96.945 Y152.16 E2354.119
G1 X95.799 Y151.452 E2354.16403
G1 F2901.6 X94.661 Y150.699 E2354.20976
G1 F2894.4 X93.559 Y149.916 E2354.25517
G1 F2908.8 X92.426 Y149.044 E2354.30296
G1 X91.436 Y148.232 E2354.34576
G1 F2901.6 X90.418 Y147.34 E2354.39111
G1 F2894.4 X89.431 Y146.413 E2354.4366
G1 X88.476 Y145.454 E2354.48207
G1 X87.552 Y144.463 E2354.52758
G1 X86.669 Y143.452 E2354.57267
G1 X85.808 Y142.389 E2354.61863
G1 F2901.6 X84.989 Y141.311 E2354.66399
G1 X84.208 Y140.205 E2354.70936
G1 X83.464 Y139.075 E2354.7547
G1 X82.76 Y137.92 E2354.80003
G1 X82.094 Y136.742 E2354.84537
G1 F2894.4 X81.47 Y135.552 E2354.89051
G1 X80.88 Y134.318 E2354.93646
G1 X80.336 Y133.081 E2354.98185
G1 F2908.8 X79.833 Y131.823 E2355.02714
G1 X79.372 Y130.549 E2355.07243
G1 F2894.4 X78.954 Y129.26 E2355.11795
G1 F2901.6 X78.583 Y127.958 E2355.16332
G1 X78.253 Y126.644 E2355.20871
G1 F2894.4 X77.967 Y125.32 E2355.25422
G1 X77.728 Y123.99 E2355.29961
G1 X77.532 Y122.649 E2355.34514
G1 F2908.8 X77.38 Y121.303 E2355.39042
G1 F2901.6 X77.27 Y119.887 E2355.43801
G1 F2894.4 X77.217 Y118.601 E2355.48124
G1 F2908.8 X77.202 Y117.253 E2355.52631
G1 X77.233 Y115.903 E2355.57144
G1 X77.309 Y114.538 E2355.61714
G1 X77.433 Y113.2 E2355.66206
G1 X77.596 Y111.859 E2355.70721
G1 X77.809 Y110.521 E2355.7525
G1 X78.065 Y109.193 E2355.79771
G1 X78.367 Y107.871 E2355.84304
G1 X78.717 Y106.549 E2355.88875
G1 X79.103 Y105.264 E2355.9336
G1 X79.533 Y103.983 E2355.97876
G1 X80.011 Y102.713 E2356.02412
G1 X80.528 Y101.463 E2356.06934
G1 X81.089 Y100.229 E2356.11465
G1 X81.693 Y99.008 E2356.16018
G1 F2923.4 X82.382 Y97.736 E2356.2083
G1 X83.01 Y96.654 E2356.24991
G1 F2908.8 X83.732 Y95.505 E2356.29527
G1 X84.492 Y94.384 E2356.34054
G1 X85.228 Y93.36 E2356.38269
G1 X86.167 Y92.156 E2356.43373
G1 X86.991 Y91.17 E2356.47668
G1 X87.882 Y90.167 E2356.52153
G1 F2901.6 X88.818 Y89.188 E2356.56692
G1 F2908.8 X89.784 Y88.24 E2356.61216
G1 F2923.4 X90.791 Y87.32 E2356.65752
G1 X91.813 Y86.445 E2356.70227
G1 X92.798 Y85.659 E2356.74418
G1 F2930.7 X93.89 Y84.84 E2356.78947
G1 X95.073 Y84.016 E2356.8373
G1 F2923.4 X96.208 Y83.283 E2356.88224
G1 F2908.8 X97.294 Y82.628 E2356.92463
G1 F2916.1 X98.522 Y81.947 E2356.97145
G1 F2923.4 X99.739 Y81.322 E2357.01696
G1 F2908.8 X101.187 Y80.645 E2357.07039
G1 F2916.1 X102.229 Y80.205 E2357.1081
G1 F2938 X103.417 Y79.741 E2357.15031
G1 F2916.1 X104.661 Y79.296 E2357.19436
G1 F2908.8 X106.059 Y78.857 E2357.24334
G1 F2916.1 X107.376 Y78.491 E2357.28892
G1 F2908.8 X108.768 Y78.153 E2357.3368
G1 X110.007 Y77.902 E2357.37906
G1 F2901.6 X111.308 Y77.676 E2357.42331
G1 F2908.8 X112.682 Y77.487 E2357.46967
G1 F2916.1 X114.03 Y77.348 E2357.51485
G1 F2923.4 X115.393 Y77.256 E2357.56029
G1 F2908.8 X116.745 Y77.205 E2357.60551
G1 F2916.1 X118.086 Y77.204 E2357.65023
G1 F2923.4 X119.439 Y77.245 E2357.69525
G1 F2901.6 X120.803 Y77.334 E2357.74105
G1 F2908.8 X122.289 Y77.486 E2357.79098
G1 F2930.7 X123.492 Y77.65 E2357.83126
G1 F2923.4 X124.816 Y77.87 E2357.8759
G1 F2908.8 X126.147 Y78.141 E2357.92131
G1 X127.359 Y78.423 E2357.9629
G1 F2916.1 X128.889 Y78.844 E2358.01581
G1 F2908.8 X130.074 Y79.211 E2358.05728
G1 X131.352 Y79.656 E2358.10252
G1 X132.606 Y80.138 E2358.14742
G1 X133.854 Y80.668 E2358.19274
G1 F2887.3 X134.804 Y81.096 E2358.22783
G1 F2866 X134.804 Y81.104 E2358.2281
G1 F2887.3 X136.379 Y81.897 E2358.28749
G1 F2908.8 X137.481 Y82.502 E2358.32951
G1 X138.64 Y83.19 E2358.37456
G1 X139.786 Y83.923 E2358.42003
G1 F2901.6 X140.897 Y84.687 E2358.46522
G1 F2894.4 X141.915 Y85.435 E2358.50765
G1 X143.11 Y86.386 E2358.55896
G1 F2901.6 X144.089 Y87.218 E2358.60201
G1 F2894.4 X145.083 Y88.118 E2358.64705
G1 F2887.3 X146.054 Y89.061 E2358.69264
G1 F2894.4 X146.994 Y90.039 E2358.7382
G1 F2908.8 X147.906 Y91.051 E2358.78374
G1 X148.77 Y92.081 E2358.82868
G1 X149.61 Y93.152 E2358.87418
G1 F2901.6 X150.41 Y94.243 E2358.91951
G1 F2894.4 X151.169 Y95.357 E2358.96479
G1 X151.894 Y96.502 E2359.01032
G1 F2908.8 X152.579 Y97.669 E2359.05555
G1 X153.228 Y98.858 E2359.10083
G1 X153.838 Y100.081 E2359.14652
G1 F2901.6 X154.398 Y101.298 E2359.19141
G1 F2894.4 X154.924 Y102.556 E2359.23721
G1 F2908.8 X155.402 Y103.813 E2359.28216
G1 X155.84 Y105.095 E2359.32745
G1 X156.238 Y106.401 E2359.37309
G1 X156.588 Y107.698 E2359.41799
G1 F2901.6 X156.894 Y109.02 E2359.46346
G1 F2894.4 X157.157 Y110.346 E2359.50887
G1 X157.376 Y111.682 E2359.55435
G1 F2901.6 X157.548 Y113.036 E2359.60009
G1 F2908.8 X157.675 Y114.373 E2359.64498
G1 F2901.6 X157.759 Y115.727 E2359.69044
G1 F2908.8 X157.795 Y117.079 E2359.73565
G1 X157.787 Y118.432 E2359.78088
G1 X157.732 Y119.786 E2359.82617
G1 X157.631 Y121.147 E2359.87179
G1 X157.488 Y122.484 E2359.91674
G1 X157.273 Y123.966 E2359.96679
G1 F2901.6 X157.082 Y125.067 E2360.00424
G1 X156.784 Y126.48 E2360.05263
G1 F2908.8 X156.458 Y127.798 E2360.09801
G1 X156.088 Y129.112 E2360.14364
G1 F2901.6 X155.681 Y130.392 E2360.18865
G1 F2894.4 X155.225 Y131.666 E2360.23411
G1 F2908.8 X154.727 Y132.924 E2360.27933
G1 X154.189 Y134.165 E2360.32455
G1 X153.605 Y135.393 E2360.37
G1 F2901.6 X152.987 Y136.593 E2360.41523
G1 X152.319 Y137.784 E2360.46099
G1 F2908.8 X151.623 Y138.934 E2360.50592
G1 X150.883 Y140.069 E2360.55121
G1 X150.106 Y141.18 E2360.59653
G1 X149.295 Y142.258 E2360.64162
G1 X148.443 Y143.313 E2360.68695
G1 X147.551 Y144.348 E2360.73262
G1 X146.64 Y145.335 E2360.77752
G1 X145.689 Y146.298 E2360.82276
G1 X144.707 Y147.229 E2360.86799
G1 F2901.6 X143.683 Y148.133 E2360.91376
G1 F2908.8 X142.645 Y148.989 E2360.95874
G1 F2916.1 X141.562 Y149.822 E2361.00429
G1 F2923.4 X140.476 Y150.605 E2361.04882
G1 X139.433 Y151.304 E2361.09058
G1 F2930.7 X138.272 Y152.03 E2361.13601
G1 F2923.4 X137.026 Y152.751 E2361.18389
G1 F2916.1 X135.827 Y153.388 E2361.22916
G1 F2923.4 X134.651 Y153.963 E2361.2727
G1 F2930.7 X133.392 Y154.529 E2361.3185
G1 X132.138 Y155.043 E2361.36346
G1 F2923.4 X130.857 Y155.518 E2361.4089
G1 X129.558 Y155.949 E2361.45442
G1 X128.273 Y156.33 E2361.499
G1 F2916.1 X126.951 Y156.672 E2361.54453
G1 F2923.4 X125.634 Y156.967 E2361.58942
G1 X124.301 Y157.219 E2361.63454
G1 X122.967 Y157.425 E2361.67944
G1 F2916.1 X122.32 Y157.506 E2361.70118
G1 F2700 E2356.70118
;MESH:NONMESH
G0 F300 X122.32 Y157.506 Z5
G0 F15000 X121.457 Y157.508
G0 X113.544 Y157.509
G0 X112.701 Y157.509
;TIME_ELAPSED:2209.547709
;LAYER:24
;note -- min layer time used
;TYPE:WALL-OUTER
;MESH:Base.stl
G1 F2700 E2361.70118
G1 F2938.6 X111.959 Y157.412 E2361.72594
G1 F2931.2 X110.844 Y157.242 E2361.76336
G1 F2923.9 X109.51 Y156.996 E2361.80848
G1 F2909.4 X108.197 Y156.708 E2361.85341
G1 F2894.9 X106.992 Y156.405 E2361.89515
G1 X105.564 Y155.992 E2361.94509
G1 F2909.4 X104.296 Y155.571 E2361.98975
G1 X103.019 Y155.105 E2362.03519
G1 X101.761 Y154.595 E2362.08056
G1 X100.524 Y154.046 E2362.1258
G1 X99.318 Y153.461 E2362.17061
G1 X98.108 Y152.825 E2362.2163
G1 X96.933 Y152.152 E2362.26156
G1 X95.787 Y151.448 E2362.30652
G1 X94.652 Y150.692 E2362.3521
G1 X93.55 Y149.908 E2362.39731
G1 F2916.6 X92.418 Y149.036 E2362.44495
G1 X91.428 Y148.224 E2362.48765
G1 F2909.4 X90.409 Y147.332 E2362.53292
G1 F2902.1 X89.423 Y146.405 E2362.57827
G1 F2894.9 X88.468 Y145.446 E2362.62373
G1 X87.544 Y144.455 E2362.66925
G1 X86.66 Y143.44 E2362.71446
G1 X85.804 Y142.385 E2362.7601
G1 F2909.4 X84.984 Y141.303 E2362.80548
G1 F2902.1 X84.201 Y140.197 E2362.85089
G1 F2909.4 X83.459 Y139.066 E2362.8961
G1 X82.751 Y137.908 E2362.94147
G1 X82.086 Y136.73 E2362.98669
G1 F2894.9 X81.465 Y135.54 E2363.03178
G1 X80.876 Y134.31 E2363.07759
G1 X80.331 Y133.068 E2363.12316
G1 X79.829 Y131.811 E2363.16863
G1 X79.368 Y130.537 E2363.21414
G1 X78.95 Y129.247 E2363.25969
G1 F2902.1 X78.579 Y127.946 E2363.30503
G1 F2909.4 X78.249 Y126.633 E2363.35028
G1 F2902.1 X77.966 Y125.307 E2363.39571
G1 F2894.9 X77.724 Y123.978 E2363.44109
G1 X77.529 Y122.637 E2363.48661
G1 F2902.1 X77.38 Y121.291 E2363.53199
G1 F2894.9 X77.267 Y119.875 E2363.57971
G1 X77.217 Y118.588 E2363.62298
G1 F2909.4 X77.202 Y117.241 E2363.66801
G1 X77.233 Y115.891 E2363.71314
G1 F2916.6 X77.312 Y114.525 E2363.75877
G1 X77.432 Y113.189 E2363.80349
G1 F2909.4 X77.599 Y111.847 E2363.8487
G1 X77.809 Y110.509 E2363.89397
G1 F2916.6 X78.068 Y109.18 E2363.93912
G1 F2909.4 X78.371 Y107.859 E2363.98442
G1 X78.717 Y106.549 E2364.02971
G1 X79.108 Y105.252 E2364.07499
G1 F2902.1 X79.538 Y103.97 E2364.1203
G1 X80.015 Y102.701 E2364.16573
G1 F2909.4 X80.532 Y101.452 E2364.21092
G1 X81.093 Y100.217 E2364.25626
G1 X81.698 Y98.996 E2364.30181
G1 X82.386 Y97.725 E2364.35012
G1 F2923.9 X83.018 Y96.642 E2364.39182
G1 X83.739 Y95.496 E2364.43685
G1 X84.499 Y94.37 E2364.48204
G1 F2909.4 X85.296 Y93.275 E2364.52731
G1 X86.175 Y92.145 E2364.57516
G1 F2923.9 X86.998 Y91.161 E2364.61783
G1 X87.894 Y90.158 E2364.66256
G1 F2916.6 X88.826 Y89.179 E2364.70763
G1 F2909.4 X89.793 Y88.233 E2364.75285
G1 X90.804 Y87.312 E2364.79856
G1 X91.822 Y86.437 E2364.84343
G1 X92.88 Y85.594 E2364.88865
G1 F2916.6 X93.967 Y84.784 E2364.93385
G1 F2923.9 X95.089 Y84.008 E2364.97923
G1 F2931.2 X96.219 Y83.279 E2365.02384
G1 F2923.9 X97.306 Y82.623 E2365.06607
G1 F2938.6 X98.508 Y81.955 E2365.11158
G1 X99.729 Y81.33 E2365.15697
G1 F2909.4 X101.139 Y80.667 E2365.20905
G1 F2894.9 X102.237 Y80.199 E2365.24915
G1 F2909.4 X103.504 Y79.709 E2365.29456
G1 X104.673 Y79.292 E2365.33604
G1 X106.071 Y78.853 E2365.38502
G1 F2916.6 X107.388 Y78.487 E2365.4306
G1 F2909.4 X108.751 Y78.156 E2365.47749
G1 X110.019 Y77.9 E2365.52073
G1 F2923.9 X111.321 Y77.675 E2365.56467
G1 F2909.4 X112.693 Y77.484 E2365.61098
G1 X114.043 Y77.348 E2365.65633
G1 X115.404 Y77.252 E2365.70194
G1 X116.757 Y77.205 E2365.74719
G1 F2923.9 X118.102 Y77.204 E2365.79192
G1 X119.452 Y77.248 E2365.83685
G1 F2916.6 X120.816 Y77.336 E2365.88242
G1 F2923.9 X122.302 Y77.487 E2365.9321
G1 X123.503 Y77.651 E2365.97242
G1 F2916.6 X124.829 Y77.874 E2366.01725
G1 F2909.4 X126.157 Y78.14 E2366.06253
G1 X127.487 Y78.458 E2366.10824
G1 F2916.6 X128.784 Y78.813 E2366.15307
G1 F2909.4 X130.086 Y79.215 E2366.19862
G1 X131.364 Y79.66 E2366.24386
G1 X132.617 Y80.142 E2366.28873
G1 F2923.9 X133.951 Y80.709 E2366.33694
G1 X135.101 Y81.248 E2366.37918
G1 F2909.4 X136.299 Y81.853 E2366.42404
G1 X137.493 Y82.509 E2366.46958
G1 X138.651 Y83.197 E2366.51461
G1 X139.794 Y83.93 E2366.55999
G1 X140.909 Y84.695 E2366.60519
G1 F2894.9 X141.926 Y85.443 E2366.6476
G1 F2902.1 X143.119 Y86.394 E2366.69873
G1 F2916.6 X144.097 Y87.226 E2366.74154
G1 F2909.4 X145.092 Y88.129 E2366.78646
G1 F2894.9 X146.063 Y89.073 E2366.83195
G1 X147.002 Y90.048 E2366.87742
G1 X147.914 Y91.062 E2366.92323
G1 F2909.4 X148.778 Y92.093 E2366.9682
G1 F2916.6 X149.619 Y93.163 E2367.01358
G1 F2909.4 X150.418 Y94.254 E2367.05878
G1 X151.178 Y95.368 E2367.10386
G1 F2894.9 X151.902 Y96.511 E2367.14931
G1 F2902.1 X152.587 Y97.68 E2367.19471
G1 F2909.4 X153.233 Y98.871 E2367.24
G1 X153.845 Y100.093 E2367.28568
G1 F2894.9 X154.405 Y101.31 E2367.33069
G1 X154.932 Y102.572 E2367.37663
G1 X155.408 Y103.826 E2367.42169
G1 X155.844 Y105.11 E2367.46724
G1 F2909.4 X156.242 Y106.413 E2367.51278
G1 X156.592 Y107.71 E2367.55768
G1 F2902.1 X156.898 Y109.032 E2367.60315
G1 X157.161 Y110.361 E2367.64855
G1 F2909.4 X157.377 Y111.695 E2367.69372
G1 F2902.1 X157.547 Y113 E2367.73782
G1 F2887.8 X157.686 Y114.469 E2367.78751
G1 F2894.9 X157.759 Y115.739 E2367.83025
G1 F2909.4 X157.795 Y117.091 E2367.87546
G1 X157.787 Y118.444 E2367.92068
G1 X157.732 Y119.802 E2367.96611
G1 X157.631 Y121.163 E2368.01173
G1 F2902.1 X157.487 Y122.496 E2368.05666
G1 F2894.9 X157.296 Y123.838 E2368.1022
G1 X157.062 Y125.171 E2368.14766
G1 X156.78 Y126.495 E2368.19313
G1 F2909.4 X156.455 Y127.81 E2368.23841
G1 F2923.9 X156.084 Y129.124 E2368.28383
G1 F2909.4 X155.678 Y130.4 E2368.32858
G1 F2902.1 X155.22 Y131.678 E2368.37408
G1 F2909.4 X154.723 Y132.936 E2368.41929
G1 X154.182 Y134.178 E2368.46457
G1 X153.6 Y135.403 E2368.50991
G1 X152.98 Y136.605 E2368.55512
G1 X152.311 Y137.796 E2368.60078
G1 X151.615 Y138.946 E2368.64571
G1 X150.875 Y140.081 E2368.691
G1 X150.099 Y141.188 E2368.73619
G1 X149.287 Y142.27 E2368.78141
G1 X148.435 Y143.325 E2368.82674
G1 X147.54 Y144.357 E2368.8724
G1 X146.632 Y145.342 E2368.91718
G1 X145.678 Y146.306 E2368.96251
G1 F2916.6 X144.694 Y147.238 E2369.0077
G1 F2909.4 X143.671 Y148.142 E2369.05334
G1 X142.636 Y148.997 E2369.09821
G1 X141.554 Y149.829 E2369.14383
G1 X140.459 Y150.617 E2369.18893
G1 X139.329 Y151.374 E2369.23439
G1 X138.187 Y152.082 E2369.27931
G1 X137.013 Y152.755 E2369.32454
G1 F2916.6 X135.815 Y153.393 E2369.3698
G1 F2923.9 X134.602 Y153.985 E2369.41469
G1 F2938.6 X133.409 Y154.522 E2369.45799
G1 X132.155 Y155.037 E2369.50285
G1 X130.87 Y155.513 E2369.5482
G1 F2923.9 X129.559 Y155.949 E2369.59415
G1 X128.261 Y156.334 E2369.63918
G1 F2916.6 X126.935 Y156.676 E2369.68484
G1 F2923.9 X125.618 Y156.971 E2369.72973
G1 X124.289 Y157.222 E2369.77472
G1 X122.954 Y157.425 E2369.81963
G1 X122.299 Y157.509 E2369.84159
G1 X122.297 Y157.108 E2369.85493
G1 X122.834 Y157.038 E2369.87294
G1 F2931.2 X124.17 Y156.838 E2369.91776
G1 F2923.9 X125.493 Y156.589 E2369.96254
G1 X126.82 Y156.292 E2370.00776
G1 F2916.6 X128.134 Y155.954 E2370.053
G1 F2923.9 X129.441 Y155.568 E2370.09833
G1 X130.714 Y155.146 E2370.14294
G1 F2931.2 X131.962 Y154.685 E2370.18708
G1 F2938.6 X133.24 Y154.161 E2370.23279
G1 X134.482 Y153.602 E2370.27786
G1 F2931.2 X135.7 Y153.003 E2370.32289
G1 F2923.9 X136.887 Y152.368 E2370.36767
G1 X138.069 Y151.686 E2370.41305
G1 X139.218 Y150.97 E2370.45808
G1 X140.344 Y150.21 E2370.50327
G1 X141.437 Y149.418 E2370.54816
G1 X142.499 Y148.594 E2370.59287
G1 X143.552 Y147.718 E2370.63843
G1 F2931.2 X144.553 Y146.825 E2370.68293
G1 F2938.6 X145.542 Y145.88 E2370.7282
G1 X146.483 Y144.92 E2370.77269
G1 X147.403 Y143.91 E2370.8179
G1 X148.276 Y142.89 E2370.86233
G1 X149.128 Y141.824 E2370.90749
G1 X149.933 Y140.735 E2370.95231
G1 X150.696 Y139.63 E2370.99675
G1 X151.428 Y138.488 E2371.04164
G1 F2931.2 X152.128 Y137.314 E2371.08699
G1 F2938.6 X152.782 Y136.128 E2371.13181
G1 X153.394 Y134.918 E2371.17668
G1 X153.96 Y133.7 E2371.22113
G1 F2946 X154.495 Y132.442 E2371.26626
G1 F2938.6 X154.975 Y131.187 E2371.31072
G1 X155.424 Y129.898 E2371.35589
G1 F2953.4 X155.853 Y128.498 E2371.40411
G1 X156.176 Y127.296 E2371.44509
G1 F2938.6 X156.483 Y125.986 E2371.48962
G1 F2931.2 X156.752 Y124.648 E2371.5349
G1 F2938.6 X156.973 Y123.309 E2371.57981
G1 X157.146 Y121.966 E2371.62462
G1 F2946 X157.277 Y120.62 E2371.66927
G1 F2953.4 X157.358 Y119.276 E2371.7136
G1 F2938.6 X157.395 Y117.914 E2371.75869
G1 X157.386 Y116.555 E2371.80367
G1 X157.331 Y115.203 E2371.84845
G1 F2923.9 X157.231 Y113.853 E2371.89347
G1 F2938.6 X157.086 Y112.514 E2371.93804
G1 X156.893 Y111.164 E2371.98317
G1 F2946 X156.655 Y109.829 E2372.02794
G1 F2938.6 X156.371 Y108.506 E2372.07272
G1 F2946 X156.045 Y107.188 E2372.11754
G1 F2953.4 X155.671 Y105.889 E2372.16205
G1 F2938.6 X155.254 Y104.598 E2372.20694
G1 X154.796 Y103.324 E2372.25175
G1 X154.297 Y102.074 E2372.29629
G1 X153.751 Y100.835 E2372.3411
G1 F2923.9 X153.3 Y99.89 E2372.37592
G1 F2938.6 X152.536 Y98.411 E2372.43102
G1 F2946 X151.865 Y97.226 E2372.47597
G1 F2938.6 X151.154 Y96.068 E2372.52094
G1 X150.41 Y94.939 E2372.56568
G1 F2953.4 X149.621 Y93.827 E2372.61058
G1 X148.757 Y92.703 E2372.65726
G1 F2946 X147.942 Y91.71 E2372.69967
G1 F2938.6 X147.058 Y90.697 E2372.74416
G1 X146.121 Y89.703 E2372.78937
G1 X145.169 Y88.755 E2372.83383
G1 F2946 X144.172 Y87.823 E2372.87888
G1 F2953.4 X143.154 Y86.942 E2372.92321
G1 X142.097 Y86.082 E2372.96808
G1 F2938.6 X141.024 Y85.272 E2373.01257
G1 X139.907 Y84.485 E2373.05779
G1 F2953.4 X138.773 Y83.742 E2373.10243
G1 X137.623 Y83.046 E2373.1467
G1 F2938.6 X136.442 Y82.382 E2373.19153
G1 X135.228 Y81.755 E2373.23675
G1 F2909.4 X133.723 Y81.046 E2373.29236
G1 F2873.6 X133.716 Y81.052 E2373.29267
G1 F2909.4 X132.765 Y80.634 E2373.3274
G1 F2938.6 X131.501 Y80.135 E2373.37237
G1 X130.239 Y79.688 E2373.41668
G1 X128.932 Y79.274 E2373.46205
G1 X127.642 Y78.909 E2373.50641
G1 X126.315 Y78.586 E2373.55161
G1 X124.989 Y78.309 E2373.59644
G1 X123.662 Y78.079 E2373.64101
G1 F2923.9 X122.312 Y77.89 E2373.68635
G1 F2931.2 X120.969 Y77.75 E2373.73115
G1 F2938.6 X119.622 Y77.657 E2373.77583
G1 X118.26 Y77.606 E2373.82094
G1 X116.912 Y77.604 E2373.86555
G1 F2931.2 X115.55 Y77.645 E2373.91076
G1 X114.198 Y77.736 E2373.95571
G1 F2923.9 X112.86 Y77.869 E2374.00043
G1 X111.505 Y78.05 E2374.0459
G1 F2938.6 X110.178 Y78.276 E2374.09045
G1 F2923.9 X108.851 Y78.546 E2374.13549
G1 F2909.4 X107.525 Y78.865 E2374.18108
G1 F2916.6 X106.218 Y79.227 E2374.2263
G1 F2923.9 X104.925 Y79.629 E2374.27134
G1 X103.549 Y80.119 E2374.31992
G1 X102.524 Y80.514 E2374.35645
G1 X101.052 Y81.148 E2374.40976
G1 X99.915 Y81.683 E2374.45155
G1 F2938.6 X98.706 Y82.299 E2374.49646
G1 X97.53 Y82.953 E2374.54099
G1 F2931.2 X96.365 Y83.657 E2374.58615
G1 F2938.6 X95.236 Y84.389 E2374.63068
G1 X94.114 Y85.168 E2374.67588
G1 F2923.9 X93.031 Y85.984 E2374.72098
G1 X91.983 Y86.824 E2374.76565
G1 X90.949 Y87.717 E2374.8111
G1 X89.952 Y88.636 E2374.85619
G1 X88.988 Y89.585 E2374.90119
G1 F2931.2 X88.055 Y90.571 E2374.94622
G1 F2938.6 X87.167 Y91.576 E2374.9906
G1 X86.298 Y92.629 E2375.03579
G1 X85.473 Y93.706 E2375.08068
G1 X84.687 Y94.795 E2375.12513
G1 F2946 X83.93 Y95.934 E2375.17028
G1 F2938.6 X83.263 Y97.007 E2375.21209
G1 F2946 X82.548 Y98.249 E2375.25939
G1 F2938.6 X81.911 Y99.459 E2375.30465
G1 X81.325 Y100.665 E2375.34902
G1 X80.769 Y101.915 E2375.3943
G1 X80.259 Y103.173 E2375.43922
G1 F2931.2 X79.8 Y104.436 E2375.4838
G1 X79.375 Y105.734 E2375.52912
G1 F2938.6 X78.997 Y107.036 E2375.57398
G1 X78.663 Y108.347 E2375.61876
G1 F2953.4 X78.355 Y109.761 E2375.66641
G1 X78.153 Y110.864 E2375.70333
G1 X77.935 Y112.335 E2375.7523
G1 X77.783 Y113.69 E2375.79719
G1 X77.675 Y115.04 E2375.84179
G1 X77.617 Y116.395 E2375.88644
G1 F2938.6 X77.602 Y117.749 E2375.93126
G1 X77.633 Y119.105 E2375.97614
G1 X77.713 Y120.5 E2376.02239
G1 F2946 X77.823 Y121.722 E2376.06289
G1 F2938.6 X78.002 Y123.138 E2376.11012
G1 X78.216 Y124.479 E2376.15506
G1 X78.477 Y125.807 E2376.19985
G1 F2946 X78.779 Y127.128 E2376.24458
G1 X79.128 Y128.436 E2376.28927
G1 F2938.6 X79.525 Y129.742 E2376.33444
G1 X79.96 Y131.016 E2376.379
G1 X80.446 Y132.291 E2376.42415
G1 X80.964 Y133.529 E2376.46856
G1 F2946 X81.528 Y134.762 E2376.51332
G1 F2938.6 X82.138 Y135.974 E2376.55823
G1 X82.741 Y137.09 E2376.60021
G1 F2953.4 X83.469 Y138.332 E2376.64761
G1 X84.197 Y139.475 E2376.69223
G1 F2946 X84.964 Y140.593 E2376.73699
G1 F2938.6 X85.768 Y141.686 E2376.78189
G1 X86.608 Y142.748 E2376.8267
G1 X87.48 Y143.781 E2376.87144
G1 X88.392 Y144.786 E2376.91635
G1 X89.337 Y145.759 E2376.96124
G1 X90.318 Y146.707 E2377.00639
G1 F2946 X91.319 Y147.604 E2377.05076
G1 F2953.4 X92.356 Y148.476 E2377.09537
G1 X93.429 Y149.32 E2377.14032
G1 X94.523 Y150.117 E2377.18489
G1 F2946 X95.636 Y150.873 E2377.2293
G1 F2953.4 X96.786 Y151.6 E2377.2741
G1 F2946 X97.952 Y152.28 E2377.31866
G1 F2938.6 X99.145 Y152.924 E2377.36353
G1 X100.367 Y153.531 E2377.40868
G1 X101.589 Y154.086 E2377.4531
G1 X102.839 Y154.607 E2377.49791
G1 X104.11 Y155.083 E2377.54283
G1 X105.404 Y155.521 E2377.58804
G1 F2923.9 X106.699 Y155.908 E2377.63299
G1 X108.001 Y156.25 E2377.67777
G1 F2938.6 X109.335 Y156.554 E2377.72305
G1 F2946 X110.658 Y156.807 E2377.76751
G1 F2938.6 X111.971 Y157.012 E2377.81149
G1 F2931.2 X112.701 Y157.107 E2377.83591
G1 X112.701 Y157.509 E2377.84925
G1 F2700 E2372.84925
;MESH:NONMESH
G0 F300 X112.701 Y157.509 Z5.2
G0 F15000 X113.568 Y157.509
G0 X121.434 Y157.516
G0 X122.255 Y157.514
;TIME_ELAPSED:2220.480164
;LAYER:25
;note -- min layer time used
;TYPE:WALL-OUTER
;MESH:Base.stl
G1 F2700 E2377.84925
G1 F2917.6 X122.253 Y157.112 E2377.86265
G1 X122.85 Y157.035 E2377.88272
G1 X124.182 Y156.834 E2377.92764
G1 X125.509 Y156.585 E2377.97266
G1 X126.844 Y156.288 E2378.01826
G1 X128.14 Y155.952 E2378.0629
G1 F2924.9 X129.418 Y155.575 E2378.10722
G1 X130.739 Y155.137 E2378.15351
G1 X132.01 Y154.668 E2378.19857
G1 F2932.2 X133.252 Y154.157 E2378.24313
G1 X134.498 Y153.594 E2378.28849
G1 F2924.9 X135.705 Y153 E2378.33323
G1 X136.91 Y152.357 E2378.37866
G1 F2932.2 X138.084 Y151.677 E2378.42367
G1 X139.23 Y150.957 E2378.46857
G1 F2924.9 X140.355 Y150.202 E2378.51364
G1 F2932.2 X141.441 Y149.414 E2378.55815
G1 X142.511 Y148.582 E2378.60312
G1 F2939.6 X143.563 Y147.71 E2378.64834
G1 F2932.2 X144.565 Y146.813 E2378.69296
G1 F2924.9 X145.554 Y145.868 E2378.73845
G1 X146.491 Y144.908 E2378.78307
G1 X147.415 Y143.899 E2378.82858
G1 F2939.6 X148.284 Y142.878 E2378.87295
G1 X149.136 Y141.809 E2378.91819
G1 X149.944 Y140.723 E2378.96298
G1 X150.713 Y139.605 E2379.00789
G1 F2924.9 X151.437 Y138.476 E2379.0525
G1 F2932.2 X152.135 Y137.302 E2379.09781
G1 F2939.6 X152.791 Y136.112 E2379.14278
G1 X153.402 Y134.906 E2379.18752
G1 X153.965 Y133.688 E2379.23193
G1 X154.499 Y132.43 E2379.27716
G1 X154.982 Y131.172 E2379.32175
G1 X155.428 Y129.881 E2379.36695
G1 F2954.4 X155.858 Y128.482 E2379.41514
G1 X156.181 Y127.28 E2379.45613
G1 F2939.6 X156.487 Y125.974 E2379.50052
G1 X156.755 Y124.631 E2379.54584
G1 F2954.4 X156.956 Y123.437 E2379.58571
G1 F2969.4 X157.16 Y121.878 E2379.63722
G1 X157.265 Y120.755 E2379.67417
G1 F2954.4 X157.358 Y119.261 E2379.72346
G1 F2947 X157.395 Y117.898 E2379.76847
G1 X157.386 Y116.539 E2379.81333
G1 F2939.6 X157.331 Y115.187 E2379.85811
G1 X157.23 Y113.837 E2379.90291
G1 X157.086 Y112.498 E2379.94748
G1 X156.889 Y111.147 E2379.99266
G1 X156.652 Y109.813 E2380.0375
G1 X156.367 Y108.49 E2380.08229
G1 X156.04 Y107.176 E2380.1271
G1 F2954.4 X155.671 Y105.885 E2380.17131
G1 X155.249 Y104.582 E2380.21641
G1 F2939.6 X154.791 Y103.309 E2380.26118
G1 F2947 X154.292 Y102.062 E2380.30552
G1 F2954.4 X153.742 Y100.812 E2380.35049
G1 F2947 X153.151 Y99.589 E2380.39533
G1 X152.532 Y98.4 E2380.43958
G1 F2954.4 X151.857 Y97.21 E2380.48463
G1 F2939.6 X151.146 Y96.055 E2380.52951
G1 X150.402 Y94.927 E2380.57423
G1 F2947 X149.622 Y93.833 E2380.61858
G1 F2939.6 X148.798 Y92.755 E2380.66349
G1 X147.934 Y91.698 E2380.70867
G1 X147.046 Y90.688 E2380.75317
G1 X146.113 Y89.692 E2380.79834
G1 F2947 X145.16 Y88.743 E2380.84273
G1 F2939.6 X144.16 Y87.814 E2380.8879
G1 X143.143 Y86.933 E2380.93243
G1 X142.094 Y86.081 E2380.97716
G1 X141 Y85.256 E2381.0225
G1 X139.895 Y84.477 E2381.06724
G1 F2947 X138.761 Y83.734 E2381.112
G1 F2939.6 X137.611 Y83.038 E2381.15648
G1 X136.429 Y82.375 E2381.20133
G1 F2947 X135.216 Y81.747 E2381.24642
G1 F2939.6 X134.002 Y81.171 E2381.29089
G1 F2932.2 X132.748 Y80.628 E2381.33623
G1 F2939.6 X131.49 Y80.131 E2381.38099
G1 X130.223 Y79.683 E2381.42547
G1 F2932.2 X128.921 Y79.269 E2381.47079
G1 F2924.9 X127.626 Y78.904 E2381.51554
G1 F2932.2 X126.299 Y78.582 E2381.56085
G1 X124.977 Y78.305 E2381.60566
G1 F2939.6 X123.65 Y78.076 E2381.65022
G1 X122.296 Y77.887 E2381.69547
G1 X120.952 Y77.749 E2381.74018
G1 X119.61 Y77.654 E2381.7847
G1 X118.243 Y77.605 E2381.82997
G1 F2932.2 X116.9 Y77.604 E2381.87453
G1 F2924.9 X115.533 Y77.648 E2381.92002
G1 X114.183 Y77.737 E2381.96502
G1 F2932.2 X112.844 Y77.869 E2382.00966
G1 F2924.9 X111.489 Y78.053 E2382.05514
G1 X110.162 Y78.279 E2382.09991
G1 X108.894 Y78.536 E2382.14294
G1 X107.509 Y78.87 E2382.19033
G1 X106.202 Y79.231 E2382.23542
G1 X104.912 Y79.633 E2382.28037
G1 F2939.6 X103.652 Y80.078 E2382.32459
G1 F2932.2 X102.399 Y80.565 E2382.36919
G1 F2924.9 X101.037 Y81.152 E2382.41852
G1 X99.898 Y81.691 E2382.46043
G1 X98.984 Y82.156 E2382.49454
G1 F2917.6 X97.516 Y82.961 E2382.55036
G1 F2924.9 X96.357 Y83.661 E2382.59539
G1 X95.215 Y84.404 E2382.64071
G1 F2932.2 X94.102 Y85.176 E2382.68565
G1 X93.019 Y85.992 E2382.73064
G1 X91.971 Y86.832 E2382.7752
G1 F2939.6 X90.938 Y87.725 E2382.82038
G1 X89.94 Y88.645 E2382.8653
G1 F2932.2 X88.976 Y89.598 E2382.91028
G1 F2939.6 X88.047 Y90.583 E2382.95509
G1 X87.155 Y91.588 E2382.99956
G1 X86.29 Y92.642 E2383.04468
G1 X85.462 Y93.718 E2383.08961
G1 F2932.2 X84.678 Y94.807 E2383.13413
G1 X83.922 Y95.945 E2383.17946
G1 X83.21 Y97.099 E2383.22444
G1 F2947 X82.541 Y98.265 E2383.26882
G1 F2954.4 X81.904 Y99.471 E2383.31373
G1 F2939.6 X81.317 Y100.681 E2383.35824
G1 X80.761 Y101.931 E2383.40351
G1 X80.255 Y103.185 E2383.44826
G1 F2932.2 X79.796 Y104.448 E2383.49285
G1 F2924.9 X79.37 Y105.746 E2383.53828
G1 F2939.6 X78.993 Y107.048 E2383.58314
G1 F2947 X78.66 Y108.363 E2383.62792
G1 F2954.4 X78.354 Y109.774 E2383.67546
G1 X78.136 Y110.976 E2383.71569
G1 F2939.6 X77.935 Y112.347 E2383.76154
G1 X77.782 Y113.706 E2383.8068
G1 F2947 X77.674 Y115.056 E2383.85151
G1 X77.617 Y116.411 E2383.89628
G1 F2939.6 X77.602 Y117.761 E2383.94096
G1 F2954.4 X77.634 Y119.121 E2383.98575
G1 X77.714 Y120.516 E2384.03176
G1 X77.823 Y121.738 E2384.07216
G1 X78.003 Y123.153 E2384.11912
G1 F2939.6 X78.219 Y124.492 E2384.16401
G1 X78.48 Y125.823 E2384.2089
G1 X78.783 Y127.14 E2384.25362
G1 F2954.4 X79.132 Y128.451 E2384.29829
G1 X79.53 Y129.758 E2384.34328
G1 F2947 X79.968 Y131.041 E2384.38803
G1 F2939.6 X80.446 Y132.295 E2384.43244
G1 F2954.4 X80.969 Y133.545 E2384.47706
G1 X81.536 Y134.775 E2384.52166
G1 X82.143 Y135.985 E2384.56623
G1 X82.798 Y137.187 E2384.61131
G1 X83.485 Y138.353 E2384.65587
G1 F2947 X84.204 Y139.487 E2384.70019
G1 X84.972 Y140.605 E2384.74497
G1 F2939.6 X85.776 Y141.694 E2384.78976
G1 X86.623 Y142.768 E2384.83503
G1 F2932.2 X87.492 Y143.793 E2384.87961
G1 F2939.6 X88.4 Y144.797 E2384.92441
G1 F2947 X89.345 Y145.771 E2384.96921
G1 X90.33 Y146.716 E2385.01427
G1 F2939.6 X91.331 Y147.616 E2385.05882
G1 X92.368 Y148.485 E2385.10359
G1 X93.441 Y149.328 E2385.14875
G1 X94.535 Y150.125 E2385.19355
G1 X95.648 Y150.881 E2385.23807
G1 F2947 X96.794 Y151.604 E2385.2828
G1 X97.964 Y152.288 E2385.32754
G1 F2954.4 X99.158 Y152.931 E2385.37219
G1 X100.287 Y153.494 E2385.41374
G1 F2947 X101.601 Y154.093 E2385.46141
G1 F2939.6 X102.856 Y154.612 E2385.50635
G1 X104.126 Y155.087 E2385.55122
G1 F2932.2 X105.416 Y155.525 E2385.59642
G1 F2924.9 X106.715 Y155.912 E2385.6415
G1 X108.017 Y156.253 E2385.68627
G1 F2939.6 X109.348 Y156.554 E2385.73143
G1 X110.674 Y156.811 E2385.77613
G1 X112.01 Y157.017 E2385.82086
G1 F2924.9 X112.744 Y157.112 E2385.84548
G1 X112.744 Y157.513 E2385.85882
G1 X111.972 Y157.415 E2385.8847
G1 X110.832 Y157.242 E2385.92305
G1 X109.511 Y156.996 E2385.96774
G1 F2917.6 X108.187 Y156.704 E2386.01295
G1 F2895.9 X106.981 Y156.405 E2386.05469
G1 X105.551 Y155.988 E2386.10473
G1 F2910.3 X104.281 Y155.566 E2386.14946
G1 X103.008 Y155.101 E2386.19476
G1 X101.765 Y154.596 E2386.23961
G1 X100.516 Y154.042 E2386.28528
G1 X99.305 Y153.454 E2386.33028
G1 F2924.9 X98.099 Y152.817 E2386.37564
G1 F2917.6 X96.922 Y152.148 E2386.42079
G1 F2910.3 X95.771 Y151.435 E2386.46604
G1 X94.653 Y150.695 E2386.51086
G1 X93.542 Y149.9 E2386.55652
G1 X92.408 Y149.032 E2386.60426
G1 X91.417 Y148.216 E2386.64717
G1 X90.402 Y147.324 E2386.69234
G1 X89.414 Y146.397 E2386.73762
G1 X88.459 Y145.438 E2386.78286
G1 F2903.1 X87.536 Y144.447 E2386.82824
G1 F2895.9 X86.653 Y143.432 E2386.87344
G1 X85.797 Y142.377 E2386.91908
G1 X84.976 Y141.29 E2386.96484
G1 F2903.1 X84.197 Y140.193 E2387.00992
G1 X83.452 Y139.055 E2387.0555
G1 F2910.3 X82.748 Y137.9 E2387.10071
G1 X82.082 Y136.719 E2387.14604
G1 X81.461 Y135.528 E2387.19093
G1 X80.872 Y134.299 E2387.23649
G1 X80.327 Y133.056 E2387.28186
G1 F2903.1 X79.822 Y131.798 E2387.32728
G1 F2895.9 X79.364 Y130.525 E2387.37273
G1 F2903.1 X78.949 Y129.235 E2387.41814
G1 F2910.3 X78.575 Y127.935 E2387.46335
G1 X78.249 Y126.621 E2387.50861
G1 F2895.9 X77.963 Y125.296 E2387.55414
G1 X77.724 Y123.966 E2387.59954
G1 F2910.3 X77.528 Y122.625 E2387.64484
G1 F2917.6 X77.379 Y121.288 E2387.68969
G1 X77.276 Y119.926 E2387.73524
G1 F2910.3 X77.217 Y118.577 E2387.78037
G1 X77.201 Y117.229 E2387.82543
G1 X77.234 Y115.879 E2387.87057
G1 X77.312 Y114.514 E2387.91628
G1 X77.433 Y113.177 E2387.96115
G1 X77.6 Y111.836 E2388.00632
G1 X77.814 Y110.498 E2388.05161
G1 X78.072 Y109.168 E2388.0969
G1 X78.375 Y107.847 E2388.1422
G1 X78.718 Y106.538 E2388.18743
G1 F2903.1 X79.108 Y105.244 E2388.23272
G1 F2895.9 X79.542 Y103.959 E2388.27828
G1 X80.018 Y102.693 E2388.32372
G1 F2903.1 X80.536 Y101.44 E2388.36915
G1 F2910.3 X81.1 Y100.205 E2388.41454
G1 X81.705 Y98.984 E2388.46009
G1 F2924.9 X82.394 Y97.716 E2388.50808
G1 F2910.3 X83.023 Y96.631 E2388.55
G1 F2895.9 X83.743 Y95.484 E2388.5955
G1 F2910.3 X84.447 Y94.438 E2388.63764
G1 X85.299 Y93.267 E2388.68605
G1 X86.182 Y92.137 E2388.73399
G1 F2924.9 X87.006 Y91.153 E2388.77667
G1 X87.902 Y90.15 E2388.82141
G1 F2910.3 X88.833 Y89.172 E2388.86654
G1 X89.804 Y88.224 E2388.9119
G1 F2917.6 X90.811 Y87.304 E2388.95738
G1 X91.833 Y86.429 E2389.00224
G1 X92.893 Y85.585 E2389.04742
G1 X93.975 Y84.776 E2389.09247
G1 F2910.3 X95.098 Y84.001 E2389.13808
G1 F2917.6 X96.228 Y83.271 E2389.18293
G1 F2924.9 X97.306 Y82.62 E2389.22482
G1 X98.571 Y81.917 E2389.27295
G1 X99.79 Y81.298 E2389.31842
G1 F2903.1 X101.197 Y80.638 E2389.3705
G1 X102.228 Y80.203 E2389.408
G1 F2924.9 X103.496 Y79.711 E2389.45324
G1 X104.684 Y79.287 E2389.49519
G1 X106.078 Y78.851 E2389.54377
G1 X107.397 Y78.487 E2389.58928
G1 X108.808 Y78.145 E2389.63757
G1 F2917.6 X110.031 Y77.897 E2389.67918
G1 F2910.3 X111.332 Y77.672 E2389.72331
G1 X112.709 Y77.483 E2389.76977
G1 F2924.9 X114.055 Y77.347 E2389.81477
G1 F2917.6 X115.416 Y77.253 E2389.86026
G1 F2910.3 X116.769 Y77.205 E2389.90551
G1 F2924.9 X118.114 Y77.204 E2389.95025
G1 F2932.2 X119.464 Y77.247 E2389.99506
G1 F2924.9 X120.827 Y77.337 E2390.04049
G1 X122.314 Y77.49 E2390.09021
G1 F2939.6 X123.516 Y77.654 E2390.13036
G1 F2924.9 X124.84 Y77.873 E2390.17499
G1 F2917.6 X126.17 Y78.144 E2390.22025
G1 F2910.3 X127.5 Y78.459 E2390.26594
G1 X128.793 Y78.813 E2390.31075
G1 F2903.1 X130.094 Y79.219 E2390.35642
G1 F2910.3 X131.376 Y79.664 E2390.40178
G1 X132.63 Y80.146 E2390.44668
G1 F2895.9 X133.875 Y80.676 E2390.49214
G1 X135.113 Y81.252 E2390.53801
G1 F2910.3 X136.312 Y81.861 E2390.58296
G1 F2917.6 X137.502 Y82.514 E2390.62822
G1 F2910.3 X138.663 Y83.202 E2390.67333
G1 X139.802 Y83.934 E2390.71859
G1 X140.917 Y84.703 E2390.76386
G1 F2895.9 X141.934 Y85.451 E2390.80627
G1 X143.13 Y86.402 E2390.8576
G1 F2903.1 X144.109 Y87.234 E2390.90065
G1 F2910.3 X145.101 Y88.137 E2390.94549
G1 X146.071 Y89.08 E2390.99071
G1 F2903.1 X147.01 Y90.055 E2391.03607
G1 F2895.9 X147.921 Y91.07 E2391.08189
G1 F2903.1 X148.786 Y92.101 E2391.12699
G1 F2910.3 X149.626 Y93.172 E2391.17248
G1 X150.426 Y94.266 E2391.21779
G1 X151.186 Y95.377 E2391.26278
G1 F2895.9 X151.91 Y96.523 E2391.30832
G1 F2910.3 X152.595 Y97.692 E2391.35361
G1 X153.24 Y98.883 E2391.39888
G1 X153.845 Y100.097 E2391.44422
G1 F2903.1 X154.411 Y101.327 E2391.48959
G1 F2910.3 X154.936 Y102.584 E2391.53513
G1 F2903.1 X155.413 Y103.838 E2391.58009
G1 F2895.9 X155.848 Y105.122 E2391.62563
G1 F2910.3 X156.246 Y106.424 E2391.67114
G1 X156.592 Y107.723 E2391.71607
G1 F2895.9 X156.902 Y109.044 E2391.76165
G1 X157.161 Y110.369 E2391.807
G1 F2903.1 X157.381 Y111.712 E2391.85261
G1 F2895.9 X157.539 Y112.911 E2391.89323
G1 X157.686 Y114.48 E2391.94617
G1 X157.759 Y115.751 E2391.98894
G1 F2910.3 X157.795 Y117.107 E2392.03428
G1 X157.787 Y118.456 E2392.07937
G1 F2903.1 X157.731 Y119.813 E2392.12488
G1 F2917.6 X157.629 Y121.175 E2392.17043
G1 F2924.9 X157.485 Y122.508 E2392.21502
G1 X157.294 Y123.85 E2392.2601
G1 F2910.3 X157.058 Y125.183 E2392.30535
G1 F2895.9 X156.779 Y126.508 E2392.35084
G1 F2903.1 X156.454 Y127.821 E2392.39617
G1 F2910.3 X156.08 Y129.135 E2392.44183
G1 X155.674 Y130.412 E2392.48662
G1 F2903.1 X155.216 Y131.69 E2392.53212
G1 X154.719 Y132.947 E2392.57741
G1 F2910.3 X154.178 Y134.19 E2392.62273
G1 X153.596 Y135.415 E2392.66806
G1 X152.976 Y136.617 E2392.71327
G1 X152.303 Y137.808 E2392.75899
G1 F2903.1 X151.61 Y138.958 E2392.80399
G1 X150.871 Y140.088 E2392.84923
G1 F2910.3 X150.091 Y141.2 E2392.89463
G1 X149.278 Y142.278 E2392.93977
G1 X148.427 Y143.333 E2392.98507
G1 X147.531 Y144.368 E2393.03083
G1 X146.624 Y145.35 E2393.07552
G1 X145.669 Y146.315 E2393.1209
G1 X144.687 Y147.245 E2393.16611
G1 F2903.1 X143.663 Y148.149 E2393.21188
G1 X142.624 Y149.005 E2393.25699
G1 F2910.3 X141.542 Y149.837 E2393.30261
G1 X140.451 Y150.621 E2393.34752
G1 X139.317 Y151.377 E2393.39308
G1 F2924.9 X138.175 Y152.087 E2393.4378
G1 F2910.3 X137.005 Y152.762 E2393.48296
G1 F2903.1 X135.799 Y153.403 E2393.52872
G1 F2910.3 X134.68 Y153.95 E2393.57036
G1 F2924.9 X133.344 Y154.551 E2393.61908
G1 X132.154 Y155.04 E2393.66187
G1 X130.882 Y155.509 E2393.70696
G1 X129.535 Y155.957 E2393.75418
G1 X128.265 Y156.332 E2393.79822
G1 X126.95 Y156.674 E2393.84341
G1 X125.606 Y156.975 E2393.88922
G1 F2910.3 X124.273 Y157.225 E2393.93455
G1 X122.942 Y157.428 E2393.97956
G1 X122.255 Y157.514 E2394.0027
G1 F2700 E2389.0027
;MESH:NONMESH
G0 F300 X122.255 Y157.514 Z5.4
G0 F15000 X121.392 Y157.516
G0 X113.61 Y157.522
G0 X112.801 Y157.522
;TIME_ELAPSED:2231.346668
;LAYER:26
;note -- min layer time used
;TYPE:WALL-OUTER
;MESH:Base.stl
G1 F2700 E2394.0027
G1 F2940.8 X111.989 Y157.418 E2394.02979
G1 F2933.5 X110.82 Y157.238 E2394.06904
G1 F2926.1 X109.486 Y156.992 E2394.11415
G1 F2911.6 X108.177 Y156.704 E2394.15895
G1 F2904.3 X106.969 Y156.398 E2394.20071
G1 F2918.8 X105.447 Y155.95 E2394.25361
G1 F2940.8 X104.104 Y155.504 E2394.30045
G1 F2926.1 X102.996 Y155.098 E2394.33969
G1 F2911.6 X101.754 Y154.592 E2394.38452
G1 X100.503 Y154.035 E2394.4303
G1 F2926.1 X99.297 Y153.45 E2394.47488
G1 X98.087 Y152.813 E2394.52036
G1 X96.913 Y152.14 E2394.56537
G1 F2918.8 X95.763 Y151.432 E2394.6104
G1 F2911.6 X94.641 Y150.688 E2394.6554
G1 X93.53 Y149.892 E2394.70108
G1 X92.4 Y149.023 E2394.74873
G1 X91.409 Y148.209 E2394.7916
G1 X90.393 Y147.316 E2394.83681
G1 X89.407 Y146.389 E2394.88205
G1 F2897.2 X88.452 Y145.43 E2394.92752
G1 X87.536 Y144.447 E2394.97265
G1 X86.641 Y143.417 E2395.01849
G1 F2911.6 X85.796 Y142.37 E2395.06346
G1 X84.972 Y141.283 E2395.10906
G1 X84.189 Y140.177 E2395.15436
G1 F2897.2 X83.444 Y139.047 E2395.19982
G1 X82.739 Y137.889 E2395.24536
G1 F2904.3 X82.074 Y136.71 E2395.29072
G1 X81.453 Y135.516 E2395.33582
G1 F2897.2 X80.865 Y134.287 E2395.38159
G1 F2904.3 X80.323 Y133.045 E2395.427
G1 F2911.6 X79.818 Y131.787 E2395.47231
G1 F2897.2 X79.36 Y130.513 E2395.51779
G1 F2904.3 X78.945 Y129.224 E2395.56317
G1 F2911.6 X78.571 Y127.923 E2395.60842
G1 X78.245 Y126.609 E2395.65367
G1 F2904.3 X77.959 Y125.284 E2395.69909
G1 F2897.2 X77.721 Y123.955 E2395.74445
G1 X77.528 Y122.613 E2395.78999
G1 F2911.6 X77.38 Y121.275 E2395.83499
G1 X77.273 Y119.915 E2395.88059
G1 X77.217 Y118.564 E2395.92579
G1 X77.201 Y117.22 E2395.97072
G1 F2904.3 X77.233 Y115.867 E2396.01607
G1 F2911.6 X77.305 Y114.586 E2396.05895
G1 X77.436 Y113.164 E2396.10669
G1 X77.603 Y111.823 E2396.15186
G1 X77.814 Y110.486 E2396.1971
G1 X78.073 Y109.157 E2396.24236
G1 F2926.1 X78.378 Y107.834 E2396.28752
G1 X78.722 Y106.53 E2396.33238
G1 F2904.3 X79.112 Y105.229 E2396.37789
G1 F2897.2 X79.546 Y103.944 E2396.42345
G1 X80.023 Y102.682 E2396.46877
G1 F2904.3 X80.544 Y101.427 E2396.51431
G1 F2918.8 X81.104 Y100.197 E2396.55937
G1 F2911.6 X81.71 Y98.972 E2396.60505
G1 X82.346 Y97.794 E2396.6498
G1 X83.082 Y96.539 E2396.69843
G1 X83.751 Y95.476 E2396.74042
G1 X84.455 Y94.43 E2396.78256
G1 X85.303 Y93.26 E2396.83086
G1 X86.19 Y92.128 E2396.87893
G1 X87.014 Y91.142 E2396.92189
G1 F2918.8 X87.909 Y90.142 E2396.96663
G1 X88.845 Y89.164 E2397.01177
G1 F2911.6 X89.812 Y88.216 E2397.05704
G1 X90.819 Y87.297 E2397.10261
G1 X91.842 Y86.421 E2397.14763
G1 X92.901 Y85.577 E2397.19289
G1 X93.987 Y84.768 E2397.23816
G1 F2918.8 X95.11 Y83.992 E2397.28367
G1 F2926.1 X96.239 Y83.263 E2397.32837
G1 X97.295 Y82.629 E2397.36934
G1 X98.584 Y81.914 E2397.41837
G1 X99.802 Y81.293 E2397.46384
G1 F2911.6 X101.209 Y80.634 E2397.51577
G1 X102.261 Y80.19 E2397.55394
G1 F2933.5 X103.528 Y79.699 E2397.59902
G1 F2926.1 X104.696 Y79.283 E2397.64026
G1 X106.074 Y78.851 E2397.68829
G1 X107.386 Y78.489 E2397.73356
G1 F2911.6 X108.82 Y78.141 E2397.78288
G1 F2904.3 X110.043 Y77.894 E2397.82469
G1 F2911.6 X111.344 Y77.671 E2397.86882
G1 X112.722 Y77.483 E2397.9153
G1 F2918.8 X114.066 Y77.344 E2397.96036
G1 X115.429 Y77.252 E2398.00591
G1 X116.781 Y77.204 E2398.05102
G1 F2926.1 X118.121 Y77.204 E2398.09558
G1 F2933.5 X119.616 Y77.254 E2398.14521
G1 F2926.1 X120.84 Y77.337 E2398.18602
G1 X122.314 Y77.489 E2398.2353
G1 F2933.5 X123.531 Y77.654 E2398.27605
G1 F2926.1 X124.853 Y77.878 E2398.32064
G1 F2911.6 X126.085 Y78.122 E2398.36262
G1 X127.499 Y78.458 E2398.41121
G1 X128.805 Y78.817 E2398.45648
G1 X130.106 Y79.222 E2398.50203
G1 F2918.8 X131.388 Y79.668 E2398.54728
G1 F2911.6 X132.638 Y80.15 E2398.59207
G1 X133.887 Y80.683 E2398.63746
G1 X135.122 Y81.26 E2398.68302
G1 X136.319 Y81.864 E2398.72784
G1 X137.518 Y82.525 E2398.77361
G1 X138.671 Y83.21 E2398.81843
G1 X139.811 Y83.942 E2398.86372
G1 X140.928 Y84.711 E2398.90905
G1 X142.015 Y85.514 E2398.95422
G1 X143.078 Y86.358 E2398.99959
G1 F2918.8 X144.117 Y87.242 E2399.04508
G1 F2911.6 X145.112 Y88.145 E2399.08999
G1 F2897.2 X146.082 Y89.088 E2399.13544
G1 F2904.3 X147.018 Y90.067 E2399.18083
G1 F2911.6 X147.93 Y91.082 E2399.22644
G1 X148.794 Y92.113 E2399.2714
G1 X149.638 Y93.188 E2399.31709
G1 X150.429 Y94.27 E2399.36189
G1 X151.19 Y95.389 E2399.40712
G1 F2904.3 X151.914 Y96.531 E2399.45243
G1 X152.599 Y97.7 E2399.49784
G1 F2911.6 X153.245 Y98.894 E2399.54321
G1 X153.853 Y100.108 E2399.5886
G1 F2904.3 X154.414 Y101.334 E2399.63378
G1 X154.94 Y102.596 E2399.67959
G1 F2897.2 X155.417 Y103.85 E2399.72466
G1 X155.852 Y105.134 E2399.7702
G1 F2911.6 X156.25 Y106.436 E2399.81571
G1 X156.596 Y107.734 E2399.86062
G1 X156.902 Y109.056 E2399.90597
G1 F2904.3 X157.165 Y110.385 E2399.95137
G1 F2911.6 X157.381 Y111.723 E2399.99668
G1 F2904.3 X157.551 Y113.024 E2400.04064
G1 F2890 X157.686 Y114.492 E2400.09029
G1 F2897.2 X157.759 Y115.763 E2400.13305
G1 F2911.6 X157.795 Y117.119 E2400.1784
G1 X157.786 Y118.472 E2400.22362
G1 F2897.2 X157.731 Y119.825 E2400.26911
G1 F2918.8 X157.629 Y121.187 E2400.31465
G1 X157.484 Y122.52 E2400.35936
G1 F2904.3 X157.292 Y123.861 E2400.40476
G1 F2897.2 X157.057 Y125.195 E2400.45026
G1 X156.776 Y126.519 E2400.49573
G1 F2911.6 X156.45 Y127.834 E2400.54101
G1 F2918.8 X156.076 Y129.147 E2400.58653
G1 F2911.6 X155.669 Y130.425 E2400.63137
G1 F2897.2 X155.212 Y131.702 E2400.67693
G1 X154.714 Y132.96 E2400.72238
G1 F2904.3 X154.174 Y134.202 E2400.76776
G1 F2911.6 X153.589 Y135.425 E2400.81308
G1 X152.967 Y136.629 E2400.85838
G1 X152.303 Y137.808 E2400.90361
G1 X151.595 Y138.974 E2400.9492
G1 X150.862 Y140.1 E2400.99411
G1 F2904.3 X150.082 Y141.211 E2401.0396
G1 X149.271 Y142.289 E2401.08481
G1 F2911.6 X148.415 Y143.345 E2401.13025
G1 X147.523 Y144.376 E2401.17582
G1 X146.612 Y145.363 E2401.22071
G1 F2897.2 X145.661 Y146.325 E2401.26616
G1 F2911.6 X144.67 Y147.259 E2401.31168
G1 F2918.8 X143.651 Y148.158 E2401.35698
G1 F2911.6 X142.617 Y149.012 E2401.40181
G1 X141.533 Y149.845 E2401.44751
G1 X140.444 Y150.628 E2401.49234
G1 X139.305 Y151.386 E2401.53808
G1 F2918.8 X138.163 Y152.094 E2401.58288
G1 F2911.6 X136.993 Y152.767 E2401.628
G1 F2926.1 X135.914 Y153.343 E2401.66868
G1 X134.582 Y153.996 E2401.71802
G1 F2918.8 X133.332 Y154.555 E2401.76367
G1 F2926.1 X132.09 Y155.064 E2401.80832
G1 X130.821 Y155.531 E2401.85329
G1 F2933.5 X129.523 Y155.961 E2401.89866
G1 F2926.1 X128.281 Y156.328 E2401.94173
G1 X126.965 Y156.668 E2401.98694
G1 X125.615 Y156.972 E2402.03296
G1 X124.285 Y157.222 E2402.07798
G1 F2918.8 X122.93 Y157.429 E2402.12368
G1 F2926.1 X122.196 Y157.521 E2402.14828
G1 X122.196 Y157.12 E2402.16162
G1 F2933.5 X123.074 Y157.006 E2402.19099
G1 F2926.1 X124.207 Y156.83 E2402.22913
G1 X125.519 Y156.585 E2402.27352
G1 X126.86 Y156.283 E2402.31924
G1 F2918.8 X128.128 Y155.955 E2402.36291
G1 X129.406 Y155.58 E2402.40732
G1 F2933.5 X130.755 Y155.133 E2402.45447
G1 F2926.1 X131.946 Y154.69 E2402.49673
G1 X133.268 Y154.149 E2402.54424
G1 X134.511 Y153.587 E2402.58961
G1 X135.72 Y152.995 E2402.63439
G1 F2933.5 X136.923 Y152.348 E2402.67971
G1 F2926.1 X138.084 Y151.677 E2402.72431
G1 F2933.5 X139.234 Y150.957 E2402.76932
G1 X140.368 Y150.194 E2402.81467
G1 X141.465 Y149.398 E2402.85963
G1 F2926.1 X142.523 Y148.574 E2402.90424
G1 F2933.5 X143.575 Y147.697 E2402.94968
G1 F2940.8 X144.585 Y146.797 E2402.99445
G1 F2933.5 X145.555 Y145.865 E2403.03908
G1 F2926.1 X146.503 Y144.896 E2403.08416
G1 F2933.5 X147.423 Y143.887 E2403.12946
G1 F2940.8 X148.295 Y142.865 E2403.17392
G1 X149.148 Y141.796 E2403.21918
G1 X149.945 Y140.719 E2403.26352
G1 X150.72 Y139.593 E2403.30876
G1 X151.444 Y138.463 E2403.35317
G1 X152.144 Y137.286 E2403.39849
G1 X152.795 Y136.1 E2403.44327
G1 X153.409 Y134.89 E2403.48817
G1 X153.977 Y133.664 E2403.53289
G1 F2933.5 X154.504 Y132.414 E2403.57789
G1 X154.986 Y131.16 E2403.62247
G1 F2940.8 X155.433 Y129.865 E2403.6678
G1 F2955.7 X155.865 Y128.467 E2403.71598
G1 X156.155 Y127.389 E2403.75274
G1 F2940.8 X156.491 Y125.958 E2403.80139
G1 F2933.5 X156.756 Y124.615 E2403.8468
G1 F2940.8 X156.977 Y123.281 E2403.89155
G1 F2955.7 X157.161 Y121.862 E2403.93867
G1 F2970.7 X157.269 Y120.739 E2403.97563
G1 F2955.7 X157.359 Y119.244 E2404.02494
G1 F2948.2 X157.395 Y117.882 E2404.06992
G1 X157.386 Y116.527 E2404.11465
G1 F2940.8 X157.331 Y115.172 E2404.15953
G1 F2933.5 X157.227 Y113.82 E2404.20452
G1 X157.082 Y112.482 E2404.24917
G1 F2948.2 X156.888 Y111.132 E2404.29419
G1 F2955.7 X156.648 Y109.8 E2404.33876
G1 F2948.2 X156.363 Y108.474 E2404.38353
G1 F2955.7 X156.037 Y107.16 E2404.42811
G1 X155.667 Y105.869 E2404.47233
G1 X155.245 Y104.57 E2404.5173
G1 F2940.8 X154.783 Y103.292 E2404.56227
G1 X154.281 Y102.038 E2404.60697
G1 F2948.2 X153.734 Y100.796 E2404.65177
G1 F2940.8 X153.147 Y99.578 E2404.69652
G1 X152.524 Y98.388 E2404.74097
G1 F2948.2 X151.849 Y97.198 E2404.78613
G1 X151.138 Y96.043 E2404.83091
G1 X150.39 Y94.914 E2404.87561
G1 F2955.7 X149.614 Y93.821 E2404.91975
G1 X148.782 Y92.735 E2404.9648
G1 F2948.2 X147.93 Y91.694 E2405.0092
G1 F2940.8 X147.029 Y90.669 E2405.05437
G1 X146.109 Y89.688 E2405.09887
G1 F2926.1 X145.149 Y88.734 E2405.14389
G1 F2933.5 X144.148 Y87.802 E2405.18927
G1 F2940.8 X143.134 Y86.922 E2405.2337
G1 F2948.2 X142.081 Y86.069 E2405.27843
G1 F2940.8 X140.988 Y85.248 E2405.32367
G1 X139.883 Y84.47 E2405.36839
G1 F2948.2 X138.757 Y83.733 E2405.41282
G1 F2955.7 X137.599 Y83.03 E2405.45743
G1 X136.405 Y82.362 E2405.50248
G1 F2940.8 X135.211 Y81.747 E2405.54692
G1 X133.99 Y81.168 E2405.59164
G1 X132.736 Y80.621 E2405.63692
G1 X131.473 Y80.126 E2405.68181
G1 X130.207 Y79.676 E2405.72628
G1 X128.904 Y79.265 E2405.77149
G1 X127.615 Y78.9 E2405.81583
G1 F2933.5 X126.283 Y78.577 E2405.8613
G1 F2926.1 X124.961 Y78.304 E2405.9062
G1 F2940.8 X123.635 Y78.072 E2405.95075
G1 X122.279 Y77.886 E2405.99604
G1 F2926.1 X120.941 Y77.748 E2406.04078
G1 X119.629 Y77.655 E2406.08453
G1 F2933.5 X118.227 Y77.605 E2406.13107
G1 X116.884 Y77.604 E2406.17563
G1 F2926.1 X115.517 Y77.649 E2406.22112
G1 X114.171 Y77.736 E2406.26598
G1 X112.828 Y77.873 E2406.31088
G1 X111.477 Y78.054 E2406.35622
G1 X110.146 Y78.282 E2406.40113
G1 F2918.8 X108.824 Y78.551 E2406.44611
G1 X107.51 Y78.87 E2406.4912
G1 X106.205 Y79.229 E2406.53633
G1 F2926.1 X104.896 Y79.637 E2406.58193
G1 F2940.8 X103.622 Y80.088 E2406.62666
G1 F2933.5 X102.411 Y80.56 E2406.66978
G1 F2926.1 X101.12 Y81.116 E2406.71653
G1 X99.887 Y81.695 E2406.76184
G1 F2933.5 X98.681 Y82.314 E2406.80681
G1 F2926.1 X97.525 Y82.958 E2406.85082
G1 X96.346 Y83.665 E2406.89655
G1 F2940.8 X95.199 Y84.413 E2406.94186
G1 X94.09 Y85.185 E2406.98658
G1 X93.007 Y86 E2407.03144
G1 F2926.1 X91.959 Y86.844 E2407.07619
G1 F2933.5 X90.925 Y87.737 E2407.12152
G1 F2940.8 X89.937 Y88.649 E2407.16602
G1 X88.967 Y89.61 E2407.2112
G1 X88.084 Y90.539 E2407.25362
G1 X87.079 Y91.68 E2407.30394
G1 F2955.7 X86.279 Y92.654 E2407.34544
G1 F2940.8 X85.453 Y93.73 E2407.39033
G1 X84.67 Y94.819 E2407.43472
G1 X83.914 Y95.958 E2407.47996
G1 F2948.2 X83.203 Y97.112 E2407.52471
G1 F2940.8 X82.535 Y98.277 E2407.56915
G1 F2933.5 X81.899 Y99.483 E2407.61438
G1 F2940.8 X81.31 Y100.693 E2407.65892
G1 X80.757 Y101.943 E2407.70415
G1 F2933.5 X80.251 Y103.201 E2407.74914
G1 X79.788 Y104.463 E2407.79374
G1 X79.366 Y105.762 E2407.83905
G1 F2940.8 X78.989 Y107.06 E2407.88378
G1 F2955.7 X78.656 Y108.375 E2407.92845
G1 X78.35 Y109.79 E2407.97612
G1 F2948.2 X78.132 Y110.992 E2408.01645
G1 F2955.7 X77.932 Y112.363 E2408.06207
G1 X77.779 Y113.718 E2408.10697
G1 F2948.2 X77.673 Y115.072 E2408.1518
G1 F2940.8 X77.617 Y116.423 E2408.19655
G1 X77.602 Y117.777 E2408.24136
G1 F2955.7 X77.634 Y119.133 E2408.28602
G1 X77.714 Y120.528 E2408.33203
G1 X77.838 Y121.835 E2408.37526
G1 F2940.8 X78.006 Y123.169 E2408.41976
G1 X78.223 Y124.508 E2408.46465
G1 X78.481 Y125.834 E2408.50935
G1 F2948.2 X78.786 Y127.157 E2408.55417
G1 X79.136 Y128.464 E2408.59884
G1 X79.534 Y129.77 E2408.64391
G1 X79.972 Y131.052 E2408.68863
G1 X80.45 Y132.307 E2408.73296
G1 X80.977 Y133.557 E2408.77774
G1 X81.543 Y134.791 E2408.82256
G1 X82.15 Y136.001 E2408.86724
G1 F2955.7 X82.802 Y137.199 E2408.91216
G1 X83.485 Y138.357 E2408.95642
G1 F2948.2 X84.212 Y139.499 E2409.00111
G1 X84.984 Y140.617 E2409.04596
G1 F2955.7 X85.792 Y141.714 E2409.09082
G1 X86.624 Y142.771 E2409.13512
G1 X87.5 Y143.805 E2409.17974
G1 F2940.8 X88.412 Y144.807 E2409.22458
G1 F2933.5 X89.357 Y145.779 E2409.26956
G1 F2940.8 X90.342 Y146.727 E2409.3148
G1 F2948.2 X91.339 Y147.624 E2409.35907
G1 F2940.8 X92.38 Y148.494 E2409.40397
G1 X93.453 Y149.336 E2409.4491
G1 F2955.7 X94.547 Y150.136 E2409.49373
G1 F2948.2 X95.66 Y150.889 E2409.53809
G1 F2940.8 X96.806 Y151.612 E2409.58293
G1 F2948.2 X97.976 Y152.296 E2409.62767
G1 F2955.7 X99.17 Y152.939 E2409.67233
G1 X100.392 Y153.542 E2409.7172
G1 F2940.8 X101.618 Y154.098 E2409.76175
G1 X102.867 Y154.62 E2409.80654
G1 X104.138 Y155.095 E2409.85145
G1 X105.433 Y155.529 E2409.89665
G1 X106.727 Y155.915 E2409.94134
G1 X108.029 Y156.257 E2409.98589
G1 F2933.5 X109.364 Y156.559 E2410.0313
G1 F2940.8 X110.69 Y156.812 E2410.07597
G1 F2933.5 X112.033 Y157.022 E2410.12107
G1 F2926.1 X112.801 Y157.12 E2410.14682
G1 F2933.5 X112.801 Y157.522 E2410.16016
;MESH:NONMESH
G0 F300 X112.801 Y157.522 Z5.6
G0 F15000 X112.889 Y157.53
;TIME_ELAPSED:2241.782107
;LAYER:27
;note -- min layer time used
;TYPE:WALL-OUTER
;MESH:Base.stl
G1 F2924.6 X112.025 Y157.422 E2410.18904
G1 F2917.3 X110.809 Y157.239 E2410.22994
G1 X109.487 Y156.992 E2410.27467
G1 F2910 X108.164 Y156.701 E2410.31984
G1 F2895.6 X106.961 Y156.397 E2410.36142
G1 F2910 X105.434 Y155.946 E2410.41451
G1 F2917.3 X104.256 Y155.559 E2410.45575
G1 F2902.8 X102.984 Y155.093 E2410.50103
G1 X101.741 Y154.588 E2410.54588
G1 X100.492 Y154.03 E2410.59161
G1 X99.286 Y153.446 E2410.6364
G1 X98.08 Y152.808 E2410.682
G1 X96.902 Y152.136 E2410.72734
G1 X95.751 Y151.424 E2410.77258
G1 X94.632 Y150.68 E2410.81749
G1 X93.523 Y149.888 E2410.86305
G1 X92.391 Y149.016 E2410.91081
G1 F2910 X91.399 Y148.2 E2410.95364
G1 F2902.8 X90.382 Y147.309 E2410.99883
G1 F2895.6 X89.395 Y146.381 E2411.04423
G1 F2902.8 X88.444 Y145.422 E2411.08938
G1 X87.528 Y144.436 E2411.13436
G1 X86.631 Y143.405 E2411.18004
G1 X85.788 Y142.361 E2411.2249
G1 X84.964 Y141.275 E2411.27046
G1 F2888.4 X84.181 Y140.169 E2411.31599
G1 X83.444 Y139.043 E2411.36119
G1 X82.736 Y137.88 E2411.40693
G1 X82.07 Y136.698 E2411.45251
G1 X81.449 Y135.508 E2411.4976
G1 F2895.6 X80.86 Y134.275 E2411.54339
G1 F2902.8 X80.319 Y133.036 E2411.58858
G1 F2888.4 X79.814 Y131.779 E2411.63409
G1 X79.356 Y130.501 E2411.67969
G1 F2895.6 X78.941 Y129.216 E2411.72494
G1 F2902.8 X78.571 Y127.914 E2411.77019
G1 F2895.6 X78.241 Y126.597 E2411.81568
G1 F2888.4 X77.959 Y125.271 E2411.86122
G1 F2902.8 X77.72 Y123.942 E2411.90636
G1 X77.525 Y122.601 E2411.95165
G1 F2895.6 X77.376 Y121.264 E2411.99673
G1 F2902.8 X77.273 Y119.902 E2412.04239
G1 X77.213 Y118.549 E2412.08766
G1 F2895.6 X77.201 Y117.082 E2412.13682
G1 F2902.8 X77.24 Y115.731 E2412.182
G1 X77.314 Y114.45 E2412.22489
G1 X77.436 Y113.152 E2412.26847
G1 X77.603 Y111.812 E2412.31361
G1 X77.818 Y110.474 E2412.35891
G1 X78.077 Y109.143 E2412.40423
G1 X78.352 Y107.923 E2412.44603
G1 F2895.6 X78.734 Y106.49 E2412.49573
G1 F2902.8 X79.116 Y105.22 E2412.54006
G1 X79.55 Y103.936 E2412.58537
G1 X80.027 Y102.67 E2412.63059
G1 X80.548 Y101.419 E2412.67589
G1 X81.109 Y100.185 E2412.7212
G1 X81.717 Y98.964 E2412.76679
G1 X82.406 Y97.693 E2412.81512
G1 X83.035 Y96.612 E2412.85692
G1 X83.759 Y95.464 E2412.90229
G1 X84.459 Y94.419 E2412.94433
G1 X85.387 Y93.152 E2412.99683
G1 X86.147 Y92.181 E2413.03805
G1 X87.023 Y91.134 E2413.08368
G1 X87.917 Y90.134 E2413.12851
G1 F2910 X88.853 Y89.156 E2413.17365
G1 F2902.8 X89.82 Y88.208 E2413.21892
G1 F2917.3 X90.827 Y87.292 E2413.26419
G1 X91.849 Y86.414 E2413.30901
G1 F2902.8 X92.917 Y85.565 E2413.35461
G1 F2917.3 X93.995 Y84.764 E2413.39928
G1 X95.118 Y83.985 E2413.44474
G1 F2910 X96.248 Y83.255 E2413.48959
G1 X97.333 Y82.604 E2413.53178
G1 F2902.8 X98.596 Y81.907 E2413.58
G1 X99.81 Y81.287 E2413.62557
G1 F2888.4 X101.23 Y80.625 E2413.6782
G1 F2895.6 X102.273 Y80.187 E2413.71611
G1 F2917.3 X103.463 Y79.723 E2413.75859
G1 X104.715 Y79.277 E2413.80279
G1 F2910 X106.061 Y78.855 E2413.84983
G1 F2917.3 X107.369 Y78.493 E2413.89497
G1 F2895.6 X108.832 Y78.138 E2413.94542
G1 F2902.8 X110.056 Y77.893 E2413.98714
G1 X111.256 Y77.684 E2414.02786
G1 F2888.4 X112.734 Y77.48 E2414.07798
G1 F2902.8 X114.079 Y77.344 E2414.12316
G1 F2910 X115.44 Y77.252 E2414.16865
G1 F2917.3 X116.793 Y77.204 E2414.21368
G1 X118.138 Y77.204 E2414.25841
G1 X119.491 Y77.248 E2414.30344
G1 X120.853 Y77.34 E2414.34884
G1 X122.237 Y77.475 E2414.39509
G1 F2910 X123.543 Y77.655 E2414.43905
G1 X124.865 Y77.878 E2414.48375
G1 F2902.8 X126.097 Y78.125 E2414.52575
G1 X127.511 Y78.462 E2414.57434
G1 X128.82 Y78.821 E2414.61971
G1 X130.114 Y79.226 E2414.66504
G1 F2917.3 X131.4 Y79.671 E2414.7103
G1 X132.65 Y80.157 E2414.7549
G1 F2902.8 X133.895 Y80.687 E2414.80013
G1 F2910 X135.133 Y81.263 E2414.84566
G1 F2917.3 X136.332 Y81.873 E2414.8904
G1 X137.529 Y82.529 E2414.9358
G1 X138.684 Y83.217 E2414.98052
G1 F2910 X139.822 Y83.946 E2415.02558
G1 F2902.8 X140.937 Y84.718 E2415.07091
G1 X142.027 Y85.522 E2415.11619
G1 X143.086 Y86.365 E2415.16143
G1 X144.125 Y87.25 E2415.20705
G1 F2895.6 X145.12 Y88.153 E2415.25208
G1 F2888.4 X146.09 Y89.097 E2415.29755
G1 X147.026 Y90.075 E2415.34302
G1 F2902.8 X147.938 Y91.09 E2415.38863
G1 X148.802 Y92.121 E2415.4336
G1 X149.645 Y93.195 E2415.47924
G1 X150.438 Y94.282 E2415.52421
G1 X151.198 Y95.401 E2415.56943
G1 F2888.4 X151.882 Y96.477 E2415.61226
G1 X152.607 Y97.713 E2415.6604
G1 X153.251 Y98.903 E2415.70585
G1 X153.857 Y100.117 E2415.75143
G1 F2895.6 X154.419 Y101.346 E2415.79671
G1 F2902.8 X154.947 Y102.608 E2415.84244
G1 F2895.6 X155.421 Y103.862 E2415.88736
G1 F2902.8 X155.857 Y105.143 E2415.9326
G1 F2917.3 X156.254 Y106.452 E2415.97809
G1 F2902.8 X156.6 Y107.746 E2416.02286
G1 X156.907 Y109.068 E2416.06823
G1 X157.166 Y110.398 E2416.11352
G1 F2888.4 X157.384 Y111.734 E2416.159
G1 X157.551 Y113.035 E2416.20306
G1 X157.687 Y114.504 E2416.25262
G1 X157.759 Y115.778 E2416.29548
G1 F2902.8 X157.795 Y117.256 E2416.3449
G1 F2895.6 X157.786 Y118.483 E2416.38602
G1 X157.728 Y119.837 E2416.43143
G1 F2917.3 X157.628 Y121.198 E2416.47682
G1 F2902.8 X157.48 Y122.536 E2416.52182
G1 F2895.6 X157.288 Y123.873 E2416.56708
G1 F2888.4 X157.054 Y125.207 E2416.61258
G1 X156.772 Y126.532 E2416.65809
G1 F2902.8 X156.447 Y127.85 E2416.70346
G1 F2910 X156.072 Y129.16 E2416.7489
G1 F2895.6 X155.665 Y130.437 E2416.79381
G1 F2888.4 X155.208 Y131.714 E2416.83937
G1 X154.711 Y132.971 E2416.88478
G1 F2902.8 X154.166 Y134.214 E2416.93014
G1 X153.581 Y135.447 E2416.97576
G1 X152.96 Y136.638 E2417.02066
G1 X152.234 Y137.927 E2417.07011
G1 F2888.4 X151.59 Y138.985 E2417.11172
G1 X150.854 Y140.112 E2417.15694
G1 F2895.6 X150.075 Y141.219 E2417.2023
G1 F2902.8 X149.263 Y142.297 E2417.24741
G1 X148.408 Y143.353 E2417.29283
G1 F2917.3 X147.516 Y144.384 E2417.33817
G1 F2902.8 X146.604 Y145.371 E2417.38309
G1 X145.649 Y146.334 E2417.42842
G1 X144.666 Y147.262 E2417.47361
G1 X143.643 Y148.165 E2417.51922
G1 X142.605 Y149.021 E2417.56419
G1 X141.522 Y149.853 E2417.60985
G1 X140.432 Y150.636 E2417.65471
G1 X139.293 Y151.394 E2417.70044
G1 X138.155 Y152.102 E2417.74524
G1 X136.981 Y152.775 E2417.79047
G1 F2895.6 X135.775 Y153.416 E2417.83624
G1 F2902.8 X134.57 Y154.004 E2417.88106
G1 X133.32 Y154.562 E2417.92681
G1 F2910 X132.078 Y155.068 E2417.97153
G1 X130.805 Y155.537 E2418.01677
G1 F2917.3 X129.511 Y155.965 E2418.0621
G1 F2910 X128.221 Y156.346 E2418.10695
G1 F2902.8 X126.9 Y156.684 E2418.15253
G1 F2917.3 X125.574 Y156.98 E2418.19772
G1 F2924.6 X124.302 Y157.219 E2418.24066
G1 F2917.3 X122.918 Y157.429 E2418.28721
G1 F2910 X122.111 Y157.53 E2418.31433
G1 F2917.3 X122.109 Y157.128 E2418.3277
G1 X123.022 Y157.01 E2418.35832
G1 F2924.6 X124.192 Y156.834 E2418.39758
G1 X125.495 Y156.589 E2418.44156
G1 X126.876 Y156.279 E2418.48852
G1 F2917.3 X128.178 Y155.942 E2418.53325
G1 X129.476 Y155.559 E2418.57826
G1 F2931.9 X130.772 Y155.126 E2418.62348
G1 F2924.6 X132.038 Y154.655 E2418.6683
G1 X133.28 Y154.145 E2418.71284
G1 F2917.3 X134.527 Y153.582 E2418.75835
G1 X135.733 Y152.987 E2418.80308
G1 X136.939 Y152.34 E2418.8486
G1 X138.1 Y151.669 E2418.8932
G1 F2924.6 X139.246 Y150.949 E2418.9381
G1 X140.38 Y150.186 E2418.98345
G1 F2931.9 X141.477 Y149.389 E2419.02832
G1 X142.546 Y148.557 E2419.07315
G1 X143.576 Y147.697 E2419.11756
G1 X144.597 Y146.784 E2419.16288
G1 X145.566 Y145.856 E2419.20728
G1 X146.523 Y144.875 E2419.25264
G1 X147.434 Y143.878 E2419.29733
G1 F2939.3 X148.312 Y142.845 E2419.34209
G1 F2931.9 X149.156 Y141.784 E2419.38695
G1 X149.952 Y140.707 E2419.43127
G1 X150.728 Y139.581 E2419.47653
G1 F2917.3 X151.453 Y138.448 E2419.52127
G1 F2931.9 X152.151 Y137.274 E2419.56647
G1 X152.802 Y136.088 E2419.61124
G1 X153.409 Y134.89 E2419.65569
G1 F2939.3 X153.984 Y133.648 E2419.70087
G1 F2931.9 X154.512 Y132.402 E2419.74565
G1 F2924.6 X154.991 Y131.143 E2419.79034
G1 X155.439 Y129.847 E2419.83584
G1 F2939.3 X155.865 Y128.454 E2419.88392
G1 F2946.7 X156.159 Y127.376 E2419.92071
G1 X156.494 Y125.941 E2419.96924
G1 F2939.3 X156.76 Y124.603 E2420.01427
G1 F2931.9 X156.977 Y123.264 E2420.05916
G1 F2939.3 X157.161 Y121.846 E2420.10636
G1 F2946.7 X157.269 Y120.723 E2420.14351
G1 X157.358 Y119.232 E2420.19269
G1 F2931.9 X157.396 Y117.706 E2420.24321
G1 F2946.7 X157.385 Y116.51 E2420.28259
G1 F2939.3 X157.319 Y115.007 E2420.33225
G1 F2931.9 X157.226 Y113.805 E2420.37215
G1 X157.082 Y112.47 E2420.41659
G1 F2939.3 X156.884 Y111.115 E2420.46179
G1 F2931.9 X156.616 Y109.64 E2420.51141
G1 X156.362 Y108.458 E2420.55142
G1 F2939.3 X156.032 Y107.144 E2420.59614
G1 F2946.7 X155.618 Y105.709 E2420.64532
G1 X155.241 Y104.554 E2420.68532
G1 F2931.9 X154.779 Y103.28 E2420.73017
G1 F2939.3 X154.276 Y102.022 E2420.77489
G1 F2946.7 X153.73 Y100.784 E2420.81945
G1 F2939.3 X153.144 Y99.573 E2420.86386
G1 F2931.9 X152.445 Y98.243 E2420.91358
G1 X151.841 Y97.185 E2420.9539
G1 X151.13 Y96.031 E2420.99876
G1 X150.382 Y94.902 E2421.04357
G1 F2939.3 X149.606 Y93.809 E2421.08782
G1 X148.774 Y92.723 E2421.13299
G1 F2946.7 X147.922 Y91.682 E2421.17728
G1 X147.021 Y90.657 E2421.22222
G1 F2939.3 X146.101 Y89.679 E2421.26654
G1 F2917.3 X145.021 Y88.613 E2421.31701
G1 X144.136 Y87.794 E2421.35712
G1 F2939.3 X143.082 Y86.878 E2421.40321
G1 X142.061 Y86.053 E2421.44655
G1 F2931.9 X140.976 Y85.24 E2421.49141
G1 X139.871 Y84.458 E2421.53621
G1 F2939.3 X138.745 Y83.725 E2421.58057
G1 X137.587 Y83.022 E2421.62528
G1 F2931.9 X136.393 Y82.358 E2421.6705
G1 X135.2 Y81.739 E2421.71498
G1 X133.973 Y81.16 E2421.75988
G1 X132.719 Y80.617 E2421.8051
G1 X131.461 Y80.119 E2421.84988
G1 X130.19 Y79.672 E2421.89446
G1 F2924.6 X128.893 Y79.261 E2421.9396
G1 X127.598 Y78.896 E2421.98424
G1 F2931.9 X126.271 Y78.574 E2422.02943
G1 F2924.6 X124.949 Y78.3 E2422.07422
G1 F2917.3 X123.618 Y78.071 E2422.11914
G1 X122.196 Y77.873 E2422.16689
G1 X120.924 Y77.746 E2422.20941
G1 F2931.9 X119.578 Y77.653 E2422.25406
G1 F2924.6 X118.215 Y77.605 E2422.29931
G1 F2917.3 X116.868 Y77.604 E2422.34411
G1 X115.505 Y77.649 E2422.38947
G1 X114.006 Y77.752 E2422.43944
G1 X112.663 Y77.893 E2422.48436
G1 X111.461 Y78.058 E2422.52471
G1 X109.99 Y78.311 E2422.57436
G1 X108.663 Y78.588 E2422.61944
G1 X107.48 Y78.877 E2422.65995
G1 X106.217 Y79.226 E2422.70353
G1 F2910 X104.884 Y79.644 E2422.75011
G1 F2917.3 X103.614 Y80.092 E2422.7949
G1 F2931.9 X102.215 Y80.642 E2422.84465
G1 F2917.3 X101.108 Y81.12 E2422.88475
G1 X99.874 Y81.702 E2422.93013
G1 X98.668 Y82.322 E2422.97523
G1 X97.533 Y82.951 E2423.01839
G1 X96.333 Y83.673 E2423.06497
G1 F2931.9 X95.187 Y84.421 E2423.11026
G1 X94.086 Y85.189 E2423.15469
G1 X92.996 Y86.008 E2423.19981
G1 F2924.6 X91.947 Y86.852 E2423.24448
G1 F2931.9 X90.914 Y87.746 E2423.28969
G1 X89.928 Y88.657 E2423.33411
G1 X88.956 Y89.618 E2423.37935
G1 X88.027 Y90.603 E2423.42416
G1 X87.131 Y91.62 E2423.46901
G1 X86.27 Y92.665 E2423.51382
G1 X85.442 Y93.743 E2423.55881
G1 X84.661 Y94.831 E2423.60313
G1 X83.906 Y95.97 E2423.64835
G1 F2939.3 X83.199 Y97.115 E2423.69277
G1 X82.523 Y98.302 E2423.73787
G1 F2931.9 X81.892 Y99.499 E2423.78265
G1 X81.305 Y100.709 E2423.82715
G1 X80.75 Y101.959 E2423.87241
G1 X80.243 Y103.213 E2423.91718
G1 X79.781 Y104.488 E2423.96206
G1 X79.362 Y105.774 E2424.00682
G1 X78.985 Y107.076 E2424.05168
G1 X78.655 Y108.379 E2424.09616
G1 F2939.3 X78.366 Y109.714 E2424.14125
G1 F2946.7 X78.124 Y111.048 E2424.18589
G1 X77.928 Y112.387 E2424.23045
G1 F2939.3 X77.778 Y113.734 E2424.27519
G1 F2931.9 X77.673 Y115.084 E2424.32
G1 F2939.3 X77.614 Y116.439 E2424.36477
G1 F2946.7 X77.602 Y117.794 E2424.40939
G1 X77.634 Y119.149 E2424.45402
G1 X77.714 Y120.544 E2424.50003
G1 X77.838 Y121.851 E2424.54326
G1 F2939.3 X78.007 Y123.185 E2424.58765
G1 X78.224 Y124.52 E2424.6323
G1 F2931.9 X78.488 Y125.863 E2424.67759
G1 X78.79 Y127.169 E2424.72195
G1 F2939.3 X79.14 Y128.476 E2424.76662
G1 X79.498 Y129.662 E2424.80751
G1 F2931.9 X79.979 Y131.069 E2424.85672
G1 X80.458 Y132.323 E2424.90115
G1 F2939.3 X80.981 Y133.573 E2424.94588
G1 F2946.7 X81.548 Y134.803 E2424.99047
G1 F2939.3 X82.158 Y136.014 E2425.03523
G1 F2931.9 X82.813 Y137.212 E2425.08042
G1 X83.5 Y138.377 E2425.12518
G1 X84.22 Y139.511 E2425.16963
G1 X84.996 Y140.637 E2425.21489
G1 X85.796 Y141.719 E2425.25942
G1 F2946.7 X86.632 Y142.782 E2425.30395
G1 X87.521 Y143.83 E2425.3492
G1 F2939.3 X88.421 Y144.818 E2425.39332
G1 F2931.9 X89.365 Y145.791 E2425.43818
G1 X90.35 Y146.736 E2425.48336
G1 X91.351 Y147.636 E2425.5279
G1 X92.396 Y148.509 E2425.57297
G1 X93.457 Y149.34 E2425.61757
G1 F2946.7 X94.559 Y150.144 E2425.66249
G1 F2939.3 X95.672 Y150.897 E2425.70684
G1 F2931.9 X96.818 Y151.62 E2425.75169
G1 X97.988 Y152.301 E2425.79649
G1 F2924.6 X99.189 Y152.948 E2425.84175
G1 X100.395 Y153.543 E2425.88636
G1 F2931.9 X101.637 Y154.109 E2425.93153
G1 X102.884 Y154.625 E2425.97619
G1 X104.15 Y155.099 E2426.02093
G1 X105.445 Y155.533 E2426.06613
G1 X106.743 Y155.92 E2426.11096
G1 F2917.3 X108.045 Y156.261 E2426.15572
G1 F2931.9 X109.376 Y156.562 E2426.20088
G1 X110.702 Y156.816 E2426.24556
G1 F2924.6 X112.046 Y157.022 E2426.29067
G1 F2917.3 X112.889 Y157.128 E2426.31893
G1 F2924.6 X112.889 Y157.53 E2426.33227
G1 F2700 E2421.33227
;MESH:NONMESH
G0 F300 X112.889 Y157.53 Z5.8
G0 F15000 X113.755 Y157.53
G0 X121.246 Y157.546
G0 X121.987 Y157.544
;TIME_ELAPSED:2252.495598
;LAYER:28
;note -- min layer time used
;TYPE:WALL-OUTER
;MESH:Base.stl
G1 F2700 E2426.33227
G1 F2938.2 X121.987 Y157.144 E2426.34554
G1 X122.977 Y157.018 E2426.37865
G1 X124.318 Y156.813 E2426.42366
G1 X125.558 Y156.576 E2426.46554
G1 F2930.8 X126.892 Y156.275 E2426.51102
G1 F2938.2 X128.275 Y155.913 E2426.55845
G1 F2930.8 X129.496 Y155.552 E2426.6008
G1 F2916.3 X130.868 Y155.089 E2426.6492
G1 F2930.8 X132.126 Y154.619 E2426.69387
G1 F2945.6 X133.395 Y154.094 E2426.73932
G1 X134.611 Y153.542 E2426.78351
G1 X135.836 Y152.934 E2426.82877
G1 X137.031 Y152.291 E2426.87368
G1 X138.201 Y151.608 E2426.91851
G1 X139.346 Y150.884 E2426.96335
G1 X140.384 Y150.181 E2427.00484
G1 X141.561 Y149.325 E2427.053
G1 X142.55 Y148.553 E2427.09452
G1 X143.596 Y147.677 E2427.13967
G1 X144.609 Y146.773 E2427.1846
G1 X145.586 Y145.836 E2427.2294
G1 F2938.2 X146.523 Y144.876 E2427.27391
G1 F2945.6 X147.443 Y143.866 E2427.31912
G1 X148.32 Y142.833 E2427.36397
G1 X149.164 Y141.772 E2427.40883
G1 X149.963 Y140.694 E2427.45324
G1 F2953 X150.739 Y139.569 E2427.49835
G1 X151.511 Y138.359 E2427.54573
G1 F2945.6 X152.204 Y137.181 E2427.59096
G1 F2953 X152.806 Y136.084 E2427.63227
G1 F2960.4 X153.422 Y134.861 E2427.67736
G1 F2953 X153.989 Y133.636 E2427.72192
G1 F2945.6 X154.516 Y132.386 E2427.76681
G1 X155.002 Y131.12 E2427.81169
G1 X155.44 Y129.837 E2427.85656
G1 F2960.4 X155.87 Y128.438 E2427.90475
G1 F2967.9 X156.163 Y127.36 E2427.94144
G1 F2953 X156.499 Y125.925 E2427.99009
G1 F2945.6 X156.763 Y124.587 E2428.03523
G1 X156.981 Y123.248 E2428.08012
G1 F2953 X157.165 Y121.834 E2428.12719
G1 F2960.4 X157.27 Y120.711 E2428.16433
G1 X157.361 Y119.216 E2428.21365
G1 X157.394 Y117.761 E2428.26157
G1 F2953 X157.386 Y116.494 E2428.3034
G1 F2945.6 X157.331 Y115.14 E2428.34824
G1 X157.219 Y113.7 E2428.39604
G1 X157.078 Y112.442 E2428.43793
G1 X156.881 Y111.103 E2428.48272
G1 X156.644 Y109.781 E2428.52717
G1 F2938.2 X156.339 Y108.358 E2428.57545
G1 X156.029 Y107.131 E2428.61744
G1 F2960.4 X155.658 Y105.841 E2428.66164
G1 X155.237 Y104.539 E2428.7067
G1 F2945.6 X154.743 Y103.184 E2428.75443
G1 F2938.2 X154.233 Y101.925 E2428.79949
G1 F2945.6 X153.686 Y100.688 E2428.84425
G1 X153.091 Y99.468 E2428.88917
G1 X152.46 Y98.271 E2428.93395
G1 F2938.2 X151.741 Y97.024 E2428.98171
G1 F2930.8 X151.074 Y95.943 E2429.02396
G1 F2945.6 X150.382 Y94.898 E2429.06544
G1 F2960.4 X149.589 Y93.789 E2429.11033
G1 X148.762 Y92.71 E2429.15509
G1 F2953 X147.846 Y91.594 E2429.20275
G1 X147.009 Y90.645 E2429.24452
G1 F2945.6 X146.089 Y89.667 E2429.28896
G1 X145.12 Y88.703 E2429.33419
G1 X144.127 Y87.782 E2429.37901
G1 X143.11 Y86.902 E2429.42352
G1 X142.057 Y86.053 E2429.46829
G1 F2953 X140.964 Y85.229 E2429.51347
G1 F2945.6 X139.855 Y84.449 E2429.55834
G1 X138.733 Y83.717 E2429.60267
G1 X137.571 Y83.014 E2429.64762
G1 X136.381 Y82.35 E2429.69272
G1 X135.188 Y81.731 E2429.7372
G1 F2938.2 X133.961 Y81.154 E2429.78218
G1 X132.708 Y80.61 E2429.8275
G1 F2945.6 X131.445 Y80.114 E2429.87241
G1 F2938.2 X130.179 Y79.668 E2429.91694
G1 F2930.8 X128.888 Y79.258 E2429.96199
G1 F2945.6 X127.582 Y78.892 E2430.00688
G1 X126.255 Y78.57 E2430.05207
G1 X124.933 Y78.296 E2430.09675
G1 F2938.2 X123.606 Y78.067 E2430.14142
G1 X122.251 Y77.882 E2430.18679
G1 F2930.8 X120.908 Y77.745 E2430.23169
G1 X119.562 Y77.652 E2430.27657
G1 X118.213 Y77.604 E2430.32147
G1 X116.856 Y77.604 E2430.3666
G1 F2938.2 X115.397 Y77.653 E2430.41503
G1 F2945.6 X114.049 Y77.749 E2430.45976
G1 F2938.2 X112.711 Y77.885 E2430.50437
G1 F2930.8 X111.356 Y78.073 E2430.54987
G1 F2916.3 X110.139 Y78.283 E2430.59116
G1 F2930.8 X108.795 Y78.56 E2430.6368
G1 X107.477 Y78.877 E2430.68188
G1 X106.074 Y79.268 E2430.73033
G1 X104.867 Y79.649 E2430.77242
G1 X103.593 Y80.1 E2430.81737
G1 F2938.2 X102.339 Y80.59 E2430.86204
G1 F2930.8 X101.004 Y81.169 E2430.91044
G1 F2945.6 X99.859 Y81.708 E2430.95232
G1 X98.665 Y82.323 E2430.99677
G1 F2938.2 X97.394 Y83.033 E2431.04507
G1 F2945.6 X96.321 Y83.682 E2431.08657
G1 X95.175 Y84.429 E2431.13184
G1 F2953 X94.007 Y85.246 E2431.17889
G1 X92.983 Y86.021 E2431.22129
G1 F2945.6 X91.859 Y86.925 E2431.26902
G1 X90.905 Y87.753 E2431.31083
G1 X89.917 Y88.666 E2431.35534
G1 X88.883 Y89.695 E2431.40362
G1 X88.023 Y90.607 E2431.44511
G1 X87.122 Y91.632 E2431.49027
G1 X86.262 Y92.677 E2431.53506
G1 X85.33 Y93.895 E2431.58581
G1 F2930.8 X84.648 Y94.856 E2431.62501
G1 X83.899 Y95.981 E2431.66996
G1 F2953 X83.187 Y97.136 E2431.71475
G1 F2945.6 X82.518 Y98.305 E2431.75932
G1 F2938.2 X81.884 Y99.511 E2431.80453
G1 F2953 X81.261 Y100.802 E2431.85184
G1 F2960.4 X80.746 Y101.972 E2431.89394
G1 F2945.6 X80.239 Y103.225 E2431.93867
G1 X79.777 Y104.5 E2431.98355
G1 X79.358 Y105.79 E2432.02844
G1 X78.981 Y107.088 E2432.07317
G1 F2953 X78.651 Y108.403 E2432.11792
G1 F2945.6 X78.365 Y109.73 E2432.16285
G1 F2938.2 X78.123 Y111.06 E2432.20769
G1 X77.926 Y112.403 E2432.25273
G1 F2945.6 X77.778 Y113.75 E2432.29757
G1 X77.673 Y115.088 E2432.34199
G1 X77.614 Y116.455 E2432.38727
G1 F2953 X77.602 Y117.898 E2432.43491
G1 F2960.4 X77.638 Y119.254 E2432.47957
G1 X77.734 Y120.749 E2432.5289
G1 X77.827 Y121.778 E2432.56292
G1 F2945.6 X78.046 Y123.427 E2432.61797
G1 F2930.8 X78.243 Y124.625 E2432.65835
G1 F2938.2 X78.508 Y125.963 E2432.70361
G1 F2945.6 X78.826 Y127.31 E2432.74941
G1 F2953 X79.112 Y128.387 E2432.78619
G1 F2945.6 X79.569 Y129.875 E2432.83771
G1 X79.979 Y131.069 E2432.87949
G1 X80.494 Y132.419 E2432.9273
G1 F2953 X80.989 Y133.586 E2432.96915
G1 F2960.4 X81.556 Y134.815 E2433.01372
G1 F2938.2 X82.063 Y135.815 E2433.05091
G1 F2916.3 X82.058 Y135.822 E2433.0512
G1 F2930.8 X82.814 Y137.216 E2433.10394
G1 F2953 X83.501 Y138.381 E2433.14859
G1 F2960.4 X84.229 Y139.523 E2433.19319
G1 F2953 X85.004 Y140.649 E2433.23831
G1 F2945.6 X85.856 Y141.802 E2433.28575
G1 F2960.4 X86.649 Y142.803 E2433.3278
G1 F2945.6 X87.52 Y143.826 E2433.37227
G1 F2938.2 X88.44 Y144.838 E2433.41764
G1 F2945.6 X89.437 Y145.863 E2433.46496
G1 X90.354 Y146.74 E2433.50695
G1 X91.363 Y147.644 E2433.55179
G1 F2953 X92.408 Y148.52 E2433.5968
G1 F2945.6 X93.469 Y149.349 E2433.64136
G1 X94.571 Y150.153 E2433.68651
G1 X95.684 Y150.905 E2433.73096
G1 X96.918 Y151.677 E2433.77913
G1 X98 Y152.308 E2433.82058
G1 F2960.4 X99.202 Y152.955 E2433.86553
G1 F2945.6 X100.492 Y153.588 E2433.91308
G1 F2930.8 X101.737 Y154.151 E2433.95853
G1 X102.908 Y154.633 E2434.00065
G1 F2938.2 X104.166 Y155.103 E2434.0452
G1 F2930.8 X105.46 Y155.538 E2434.09061
G1 X106.755 Y155.923 E2434.13554
G1 F2938.2 X108.057 Y156.265 E2434.1802
G1 X109.392 Y156.567 E2434.22561
G1 F2930.8 X110.719 Y156.817 E2434.27053
G1 F2923.5 X112.111 Y157.031 E2434.31749
G1 X113.012 Y157.141 E2434.34775
G1 F2930.8 X113.012 Y157.543 E2434.36112
G1 F2923.5 X112.062 Y157.429 E2434.39302
G1 F2930.8 X110.659 Y157.211 E2434.44025
G1 X109.475 Y156.992 E2434.4803
G1 X108.082 Y156.682 E2434.52776
G1 X106.832 Y156.359 E2434.5707
G1 X105.474 Y155.961 E2434.61777
G1 F2923.5 X104.246 Y155.555 E2434.66089
G1 X102.907 Y155.062 E2434.70847
G1 F2916.3 X101.73 Y154.584 E2434.75093
G1 X100.484 Y154.026 E2434.79657
G1 F2923.5 X99.274 Y153.438 E2434.84143
G1 F2930.8 X98.003 Y152.765 E2434.88926
G1 X96.893 Y152.128 E2434.93183
G1 F2916.3 X95.688 Y151.384 E2434.97916
G1 F2923.5 X94.552 Y150.625 E2435.02472
G1 X93.523 Y149.888 E2435.06692
G1 F2916.3 X92.439 Y149.056 E2435.1126
G1 X91.391 Y148.193 E2435.15798
G1 F2909 X90.373 Y147.3 E2435.20336
G1 X89.387 Y146.374 E2435.24868
G1 F2916.3 X88.436 Y145.414 E2435.29385
G1 F2909 X87.52 Y144.427 E2435.33897
G1 F2916.3 X86.624 Y143.397 E2435.38461
G1 X85.771 Y142.342 E2435.42996
G1 X84.913 Y141.208 E2435.47749
G1 X84.176 Y140.157 E2435.5204
G1 X83.399 Y138.971 E2435.56779
G1 X82.728 Y137.869 E2435.61092
G1 X82.03 Y136.623 E2435.65866
G1 F2909 X81.447 Y135.497 E2435.70115
G1 F2901.8 X80.856 Y134.266 E2435.74702
G1 F2909 X80.311 Y133.025 E2435.79244
G1 X79.786 Y131.699 E2435.84023
G1 F2901.8 X79.352 Y130.489 E2435.88341
G1 X78.938 Y129.204 E2435.92876
G1 F2909 X78.567 Y127.902 E2435.97413
G1 X78.237 Y126.585 E2436.01963
G1 F2901.8 X77.955 Y125.263 E2436.06503
G1 X77.717 Y123.931 E2436.11049
G1 X77.524 Y122.588 E2436.15607
G1 F2916.3 X77.376 Y121.252 E2436.201
G1 X77.273 Y119.89 E2436.24665
G1 X77.213 Y118.537 E2436.29192
G1 F2909 X77.201 Y117.122 E2436.33934
G1 F2916.3 X77.238 Y115.772 E2436.38449
G1 X77.306 Y114.562 E2436.42499
G1 F2901.8 X77.449 Y113.021 E2436.47698
G1 X77.604 Y111.8 E2436.51833
G1 X77.819 Y110.462 E2436.56385
G1 X78.077 Y109.134 E2436.6093
G1 F2909 X78.403 Y107.732 E2436.65753
G1 F2916.3 X78.75 Y106.431 E2436.70254
G1 X79.12 Y105.208 E2436.74525
G1 X79.554 Y103.924 E2436.79056
G1 F2909 X80.031 Y102.658 E2436.83589
G1 X80.583 Y101.343 E2436.88368
G1 F2916.3 X81.145 Y100.109 E2436.929
G1 F2901.8 X81.714 Y98.963 E2436.97199
G1 X82.351 Y97.779 E2437.01715
G1 F2909 X83.094 Y96.519 E2437.06617
G1 F2916.3 X83.764 Y95.456 E2437.10817
G1 F2901.8 X84.469 Y94.407 E2437.15063
G1 X85.319 Y93.241 E2437.1991
G1 F2909 X86.206 Y92.11 E2437.24726
G1 F2916.3 X87.034 Y91.121 E2437.29038
G1 X87.926 Y90.123 E2437.33512
G1 X88.862 Y89.145 E2437.38037
G1 X89.884 Y88.148 E2437.4281
G1 X90.831 Y87.285 E2437.47092
G1 X91.862 Y86.405 E2437.51623
G1 X92.928 Y85.558 E2437.56174
G1 F2923.5 X94.091 Y84.697 E2437.60999
G1 X95.129 Y83.977 E2437.65211
G1 F2916.3 X96.26 Y83.251 E2437.69704
G1 X97.345 Y82.597 E2437.73938
G1 X98.608 Y81.902 E2437.78757
G1 F2923.5 X99.813 Y81.286 E2437.8327
G1 F2916.3 X101.052 Y80.709 E2437.87838
G1 X102.285 Y80.179 E2437.92324
G1 F2930.8 X103.548 Y79.692 E2437.96826
G1 X104.721 Y79.275 E2438.00967
G1 F2923.5 X106.122 Y78.837 E2438.05861
G1 F2916.3 X107.436 Y78.475 E2438.10417
G1 X108.845 Y78.137 E2438.15261
G1 X110.067 Y77.889 E2438.19429
G1 X111.268 Y77.68 E2438.23504
G1 X112.745 Y77.479 E2438.28486
G1 F2930.8 X114.09 Y77.344 E2438.32982
G1 X115.452 Y77.252 E2438.37522
G1 X116.805 Y77.204 E2438.42025
G1 X118.192 Y77.204 E2438.46639
G1 X119.503 Y77.248 E2438.51001
G1 F2923.5 X120.864 Y77.34 E2438.5555
G1 X122.206 Y77.475 E2438.60047
G1 F2930.8 X123.623 Y77.666 E2438.64803
G1 X124.889 Y77.881 E2438.69074
G1 F2923.5 X126.109 Y78.128 E2438.73224
G1 X127.524 Y78.466 E2438.78075
G1 F2930.8 X128.831 Y78.824 E2438.82582
G1 X130.307 Y79.29 E2438.8773
G1 X131.4 Y79.672 E2438.91581
G1 X132.662 Y80.161 E2438.96083
G1 F2916.3 X133.726 Y80.611 E2438.99944
G1 X135.201 Y81.295 E2439.05379
G1 F2930.8 X136.347 Y81.88 E2439.09658
G1 F2923.5 X137.534 Y82.533 E2439.14176
G1 F2916.3 X138.695 Y83.221 E2439.18687
G1 X139.834 Y83.954 E2439.23214
G1 F2923.5 X141.009 Y84.77 E2439.27984
G1 F2916.3 X142.035 Y85.53 E2439.32252
G1 X143.154 Y86.421 E2439.37033
G1 F2923.5 X144.137 Y87.257 E2439.41336
G1 F2916.3 X145.128 Y88.16 E2439.45818
G1 X146.099 Y89.108 E2439.50354
G1 X147.034 Y90.082 E2439.54867
G1 F2923.5 X147.947 Y91.101 E2439.59429
G1 F2916.3 X148.809 Y92.129 E2439.63913
G1 X149.65 Y93.207 E2439.68483
G1 F2930.8 X150.503 Y94.378 E2439.73302
G1 F2916.3 X151.206 Y95.409 E2439.77473
G1 F2901.8 X151.885 Y96.483 E2439.81742
G1 X152.611 Y97.724 E2439.86571
G1 F2916.3 X153.256 Y98.915 E2439.91099
G1 X153.862 Y100.128 E2439.95631
G1 X154.426 Y101.358 E2440.00154
G1 F2901.8 X154.951 Y102.62 E2440.04746
G1 F2909 X155.425 Y103.874 E2440.09238
G1 F2916.3 X155.86 Y105.155 E2440.1376
G1 F2923.5 X156.27 Y106.509 E2440.18477
G1 F2916.3 X156.635 Y107.869 E2440.23184
G1 F2901.8 X156.91 Y109.079 E2440.27353
G1 X157.169 Y110.409 E2440.31904
G1 F2909 X157.385 Y111.747 E2440.36446
G1 X157.555 Y113.052 E2440.40856
G1 F2901.8 X157.69 Y114.52 E2440.45808
G1 X157.763 Y115.79 E2440.50082
G1 F2916.3 X157.795 Y117.143 E2440.54605
G1 X157.783 Y118.571 E2440.59379
G1 X157.724 Y119.925 E2440.63909
G1 F2923.5 X157.628 Y121.21 E2440.68206
G1 F2916.3 X157.48 Y122.548 E2440.72705
G1 F2909 X157.288 Y123.885 E2440.77232
G1 F2901.8 X157.038 Y125.294 E2440.82039
G1 X156.772 Y126.543 E2440.86329
G1 F2923.5 X156.423 Y127.929 E2440.91094
G1 X156.071 Y129.162 E2440.9537
G1 F2916.3 X155.634 Y130.521 E2441.00141
G1 F2909 X155.204 Y131.725 E2441.04426
G1 F2901.8 X154.703 Y132.984 E2441.08977
G1 F2916.3 X154.162 Y134.226 E2441.13506
G1 X153.541 Y135.523 E2441.18312
G1 X152.956 Y136.65 E2441.22557
G1 X152.291 Y137.832 E2441.2709
G1 X151.583 Y138.998 E2441.3165
G1 X150.847 Y140.121 E2441.36138
G1 X150.067 Y141.232 E2441.40676
G1 X149.254 Y142.31 E2441.45189
G1 X148.4 Y143.364 E2441.49723
G1 X147.455 Y144.452 E2441.54541
G1 F2901.8 X146.596 Y145.381 E2441.58791
G1 F2909 X145.641 Y146.342 E2441.63331
G1 F2916.3 X144.654 Y147.273 E2441.67866
G1 X143.632 Y148.173 E2441.72418
G1 X142.593 Y149.029 E2441.76918
G1 X141.51 Y149.861 E2441.81483
G1 X140.412 Y150.648 E2441.85999
G1 F2923.5 X139.293 Y151.394 E2441.90483
G1 X138.143 Y152.11 E2441.95
G1 F2916.3 X136.969 Y152.783 E2441.99523
G1 X135.763 Y153.42 E2442.04082
G1 X134.558 Y154.008 E2442.08564
G1 X133.307 Y154.566 E2442.13143
G1 X132.066 Y155.071 E2442.17621
G1 X130.792 Y155.541 E2442.2216
G1 X129.615 Y155.935 E2442.26309
G1 X128.208 Y156.346 E2442.31209
G1 X126.887 Y156.688 E2442.3577
G1 F2930.8 X125.562 Y156.983 E2442.40285
G1 X124.245 Y157.23 E2442.44742
G1 F2916.3 X122.903 Y157.433 E2442.49279
G1 F2930.8 X121.987 Y157.544 E2442.52348
;MESH:NONMESH
G0 F300 X121.987 Y157.544 Z6
G0 F15000 X121.838 Y157.56
;TIME_ELAPSED:2263.008928
;LAYER:29
;note -- min layer time used
;TYPE:WALL-OUTER
;MESH:Base.stl
G1 F2931.3 X121.836 Y157.16 E2442.53675
G1 F2923.9 X122.838 Y157.036 E2442.57033
G1 X124.274 Y156.82 E2442.61863
G1 F2938.6 X125.601 Y156.567 E2442.66333
G1 X126.932 Y156.267 E2442.70849
G1 F2923.9 X128.239 Y155.925 E2442.75342
G1 X129.534 Y155.54 E2442.79836
G1 X130.828 Y155.105 E2442.84376
G1 X132.094 Y154.631 E2442.88872
G1 F2931.3 X133.34 Y154.116 E2442.93345
G1 F2938.6 X134.558 Y153.566 E2442.97768
G1 F2931.3 X135.765 Y152.971 E2443.02233
G1 F2938.6 X136.991 Y152.312 E2443.06839
G1 X138.16 Y151.632 E2443.11315
G1 X139.307 Y150.909 E2443.15802
G1 F2946 X140.42 Y150.157 E2443.20236
G1 F2938.6 X141.502 Y149.369 E2443.24665
G1 X142.583 Y148.525 E2443.29204
G1 X143.631 Y147.649 E2443.33724
G1 X144.637 Y146.744 E2443.38202
G1 X145.61 Y145.812 E2443.42661
G1 X146.562 Y144.835 E2443.47176
G1 X147.475 Y143.83 E2443.51669
G1 X148.324 Y142.829 E2443.56013
G1 X149.192 Y141.736 E2443.60632
G1 X149.972 Y140.682 E2443.64971
G1 X150.764 Y139.529 E2443.69601
G1 X151.492 Y138.387 E2443.74082
G1 F2953.5 X152.167 Y137.249 E2443.78439
G1 F2968.5 X152.945 Y135.827 E2443.8375
G1 X153.441 Y134.822 E2443.87421
G1 F2946 X153.997 Y133.619 E2443.91796
G1 F2938.6 X154.524 Y132.369 E2443.96285
G1 X155.018 Y131.075 E2444.00869
G1 F2953.5 X155.495 Y129.685 E2444.05708
G1 X155.843 Y128.529 E2444.09683
G1 X156.167 Y127.345 E2444.13725
G1 X156.506 Y125.881 E2444.18673
G1 F2938.6 X156.772 Y124.543 E2444.23188
G1 X156.985 Y123.236 E2444.2757
G1 F2946 X157.165 Y121.817 E2444.32292
G1 F2953.5 X157.281 Y120.567 E2444.36426
G1 X157.363 Y119.172 E2444.41027
G1 F2938.6 X157.395 Y117.805 E2444.45552
G1 F2946 X157.386 Y116.451 E2444.50022
G1 F2938.6 X157.327 Y115.095 E2444.54514
G1 F2931.3 X157.222 Y113.744 E2444.59009
G1 F2938.6 X157.074 Y112.41 E2444.63451
G1 X156.876 Y111.059 E2444.6797
G1 F2953.5 X156.635 Y109.725 E2444.72434
G1 F2938.6 X156.347 Y108.401 E2444.76918
G1 X156.017 Y107.087 E2444.81401
G1 X155.643 Y105.796 E2444.85849
G1 X155.229 Y104.522 E2444.90283
G1 X154.759 Y103.224 E2444.94851
G1 X154.257 Y101.977 E2444.993
G1 X153.702 Y100.731 E2445.03814
G1 X153.127 Y99.538 E2445.08197
G1 X152.484 Y98.312 E2445.12778
G1 X151.817 Y97.145 E2445.17226
G1 X151.098 Y95.979 E2445.2176
G1 X150.354 Y94.862 E2445.26201
G1 X149.578 Y93.773 E2445.30627
G1 F2953.5 X148.738 Y92.675 E2445.35179
G1 F2946 X147.878 Y91.629 E2445.39649
G1 F2938.6 X146.978 Y90.611 E2445.44146
G1 F2931.3 X146.049 Y89.627 E2445.48635
G1 F2938.6 X145.096 Y88.682 E2445.53077
G1 X144.1 Y87.761 E2445.57566
G1 X143.091 Y86.886 E2445.61986
G1 X142.013 Y86.017 E2445.66568
G1 X140.928 Y85.201 E2445.71061
G1 X139.818 Y84.425 E2445.75543
G1 F2946 X138.721 Y83.709 E2445.79868
G1 X137.559 Y83.006 E2445.84351
G1 F2938.6 X136.341 Y82.328 E2445.88964
G1 F2923.9 X135.148 Y81.714 E2445.93427
G1 F2946 X133.944 Y81.149 E2445.97817
G1 X132.668 Y80.592 E2446.02413
G1 F2938.6 X131.413 Y80.102 E2446.06872
G1 X130.144 Y79.655 E2446.11324
G1 F2931.3 X128.872 Y79.254 E2446.15749
G1 F2923.9 X127.558 Y78.887 E2446.20287
G1 X126.211 Y78.56 E2446.24897
G1 X124.889 Y78.288 E2446.29386
G1 X123.535 Y78.058 E2446.33954
G1 F2938.6 X122.236 Y77.879 E2446.38293
G1 X120.896 Y77.745 E2446.4275
G1 F2923.9 X119.546 Y77.652 E2446.47251
G1 X118.183 Y77.604 E2446.51787
G1 X116.85 Y77.604 E2446.56221
G1 X115.445 Y77.652 E2446.60896
G1 X114.098 Y77.744 E2446.65387
G1 X112.756 Y77.881 E2446.69874
G1 X111.405 Y78.066 E2446.74409
G1 F2931.3 X110.074 Y78.296 E2446.7889
G1 F2938.6 X108.751 Y78.568 E2446.8336
G1 X107.421 Y78.891 E2446.8789
G1 X106.118 Y79.255 E2446.92367
G1 F2916.6 X104.855 Y79.652 E2446.96781
G1 F2923.9 X103.561 Y80.112 E2447.01349
G1 F2938.6 X102.299 Y80.607 E2447.05835
G1 X101.045 Y81.149 E2447.10356
G1 X99.819 Y81.728 E2447.14843
G1 F2931.3 X98.624 Y82.346 E2447.19307
G1 F2938.6 X97.435 Y83.01 E2447.23814
G1 F2946 X96.273 Y83.71 E2447.28292
G1 X95.139 Y84.454 E2447.32769
G1 F2953.5 X93.988 Y85.258 E2447.37392
G1 X92.948 Y86.046 E2447.41688
G1 F2946 X91.935 Y86.865 E2447.45988
G1 F2938.6 X90.87 Y87.785 E2447.50646
G1 X89.877 Y88.706 E2447.55128
G1 X88.936 Y89.638 E2447.59511
G1 X88.015 Y90.616 E2447.63957
G1 F2953.5 X87.091 Y91.665 E2447.6856
G1 F2946 X86.242 Y92.702 E2447.72984
G1 F2938.6 X85.434 Y93.755 E2447.77377
G1 F2946 X84.622 Y94.892 E2447.81989
G1 X83.874 Y96.018 E2447.86451
G1 X83.163 Y97.176 E2447.90937
G1 F2938.6 X82.494 Y98.353 E2447.95417
G1 X81.884 Y99.515 E2447.9976
G1 F2946 X81.286 Y100.745 E2448.04275
G1 X80.73 Y102.012 E2448.08843
G1 F2938.6 X80.223 Y103.269 E2448.13328
G1 X79.772 Y104.516 E2448.17716
G1 X79.352 Y105.802 E2448.22194
G1 F2946 X78.972 Y107.133 E2448.26763
G1 F2938.6 X78.643 Y108.435 E2448.31207
G1 X78.357 Y109.77 E2448.35725
G1 X78.12 Y111.076 E2448.40118
G1 F2946 X77.923 Y112.419 E2448.44599
G1 X77.774 Y113.762 E2448.49059
G1 F2938.6 X77.673 Y115.101 E2448.53503
G1 X77.614 Y116.467 E2448.58028
G1 F2946 X77.602 Y117.85 E2448.62594
G1 F2953.5 X77.638 Y119.21 E2448.67073
G1 X77.73 Y120.701 E2448.71992
G1 X77.831 Y121.822 E2448.75698
G1 X78.015 Y123.242 E2448.80413
G1 F2946 X78.228 Y124.548 E2448.84781
G1 F2938.6 X78.501 Y125.919 E2448.89407
G1 X78.838 Y127.35 E2448.94273
G1 F2953.5 X79.125 Y128.431 E2448.97955
G1 X79.554 Y129.831 E2449.02777
G1 F2938.6 X79.995 Y131.109 E2449.07251
G1 X80.478 Y132.379 E2449.11748
G1 F2946 X81.005 Y133.626 E2449.16217
G1 F2953.5 X81.572 Y134.855 E2449.20673
G1 F2938.6 X82.19 Y136.075 E2449.25199
G1 X82.834 Y137.255 E2449.29648
G1 F2953.5 X83.525 Y138.418 E2449.34102
G1 F2938.6 X84.256 Y139.56 E2449.3859
G1 X85.032 Y140.685 E2449.43113
G1 X85.828 Y141.766 E2449.47555
G1 X86.672 Y142.828 E2449.52044
G1 X87.548 Y143.857 E2449.56517
G1 X88.469 Y144.87 E2449.61048
G1 F2946 X89.386 Y145.811 E2449.65385
G1 X90.37 Y146.755 E2449.69886
G1 F2953.5 X91.38 Y147.66 E2449.74352
G1 X92.433 Y148.54 E2449.7887
G1 F2938.6 X93.505 Y149.374 E2449.83365
G1 F2923.9 X94.574 Y150.154 E2449.87767
G1 F2938.6 X95.64 Y150.88 E2449.92035
G1 X96.87 Y151.65 E2449.96837
G1 F2923.9 X98.039 Y152.329 E2450.01334
G1 F2931.3 X99.213 Y152.96 E2450.05755
G1 F2938.6 X100.419 Y153.558 E2450.1021
G1 X101.666 Y154.121 E2450.14738
G1 X102.92 Y154.641 E2450.19231
G1 X104.206 Y155.119 E2450.23771
G1 X105.473 Y155.542 E2450.28192
G1 X106.767 Y155.927 E2450.3266
G1 F2931.3 X108.074 Y156.266 E2450.37139
G1 F2923.9 X109.431 Y156.575 E2450.41768
G1 X110.735 Y156.821 E2450.46182
G1 X112.065 Y157.026 E2450.50658
G1 X113.16 Y157.157 E2450.54326
G1 X113.16 Y157.559 E2450.55663
G1 X112.101 Y157.433 E2450.5921
G1 X110.761 Y157.231 E2450.63717
G1 X109.443 Y156.984 E2450.68177
G1 X108.118 Y156.689 E2450.72692
G1 X106.821 Y156.355 E2450.77146
G1 X105.39 Y155.934 E2450.82108
G1 X104.21 Y155.543 E2450.86242
G1 X102.94 Y155.077 E2450.90742
G1 X101.698 Y154.569 E2450.95205
G1 X100.447 Y154.011 E2450.99761
G1 X99.242 Y153.422 E2451.04222
G1 X98.036 Y152.784 E2451.0876
G1 F2909.4 X96.862 Y152.112 E2451.13281
G1 X95.711 Y151.4 E2451.17805
G1 X94.593 Y150.656 E2451.22294
G1 F2902.2 X93.511 Y149.88 E2451.26756
G1 F2909.4 X92.411 Y149.033 E2451.31397
G1 F2923.9 X91.371 Y148.177 E2451.35877
G1 X90.349 Y147.277 E2451.40406
G1 F2916.6 X89.362 Y146.346 E2451.4493
G1 X88.411 Y145.387 E2451.49433
G1 F2909.4 X87.496 Y144.399 E2451.53935
G1 F2902.2 X86.617 Y143.389 E2451.58421
G1 X85.748 Y142.314 E2451.63053
G1 F2909.4 X84.936 Y141.235 E2451.67567
G1 X84.157 Y140.129 E2451.72089
G1 X83.42 Y139.003 E2451.76588
G1 X82.711 Y137.837 E2451.81149
G1 X82.046 Y136.658 E2451.85674
G1 F2895 X81.438 Y135.488 E2451.90103
G1 F2909.4 X80.84 Y134.235 E2451.94744
G1 X80.299 Y132.993 E2451.99272
G1 F2902.2 X79.806 Y131.755 E2452.03738
G1 F2895 X79.349 Y130.482 E2452.08281
G1 X78.934 Y129.193 E2452.1283
G1 F2909.4 X78.559 Y127.867 E2452.17436
G1 X78.233 Y126.549 E2452.21975
G1 F2895 X77.954 Y125.251 E2452.26435
G1 X77.715 Y123.918 E2452.30984
G1 F2902.2 X77.52 Y122.577 E2452.35525
G1 F2909.4 X77.372 Y121.221 E2452.40084
G1 X77.273 Y119.858 E2452.44652
G1 F2902.2 X77.213 Y118.529 E2452.4911
G1 X77.201 Y117.158 E2452.53705
G1 F2909.4 X77.237 Y115.808 E2452.58219
G1 X77.309 Y114.526 E2452.62511
G1 F2902.2 X77.445 Y113.057 E2452.67455
G1 F2909.4 X77.611 Y111.764 E2452.71812
G1 X77.826 Y110.427 E2452.76339
G1 F2895 X78.085 Y109.098 E2452.80887
G1 X78.395 Y107.768 E2452.85475
G1 F2909.4 X78.741 Y106.47 E2452.89965
G1 X79.131 Y105.173 E2452.94492
G1 X79.566 Y103.892 E2452.99014
G1 X80.046 Y102.625 E2453.03543
G1 X80.568 Y101.375 E2453.08071
G1 X81.129 Y100.142 E2453.12599
G1 X81.734 Y98.931 E2453.17124
G1 X82.335 Y97.813 E2453.21367
G1 X83.111 Y96.488 E2453.265
G1 X83.774 Y95.441 E2453.30642
G1 X84.547 Y94.302 E2453.35243
G1 X85.343 Y93.211 E2453.39757
G1 F2916.6 X86.183 Y92.137 E2453.44304
G1 F2909.4 X87.046 Y91.106 E2453.48798
G1 X87.949 Y90.098 E2453.53322
G1 X88.869 Y89.136 E2453.57771
G1 X89.84 Y88.192 E2453.62298
G1 X90.839 Y87.277 E2453.66826
G1 X91.89 Y86.385 E2453.71434
G1 F2923.9 X92.948 Y85.541 E2453.75935
G1 F2916.6 X94.034 Y84.736 E2453.80443
G1 F2923.9 X95.161 Y83.96 E2453.84994
G1 X96.293 Y83.228 E2453.89478
G1 X97.462 Y82.535 E2453.93998
G1 F2909.4 X98.616 Y81.896 E2453.98407
G1 X99.821 Y81.282 E2454.02927
G1 F2923.9 X101.083 Y80.696 E2454.07555
G1 X102.321 Y80.167 E2454.12033
G1 F2916.6 X103.572 Y79.682 E2454.16507
G1 X104.716 Y79.277 E2454.20553
G1 F2909.4 X106.134 Y78.833 E2454.2552
G1 X107.471 Y78.466 E2454.30155
G1 X108.88 Y78.129 E2454.34997
G1 X110.103 Y77.885 E2454.39166
G1 F2923.9 X111.331 Y77.673 E2454.43311
G1 X112.696 Y77.487 E2454.47892
G1 X114.127 Y77.34 E2454.52677
G1 X115.412 Y77.253 E2454.56961
G1 X116.789 Y77.205 E2454.61543
G1 X118.176 Y77.204 E2454.66157
G1 X119.56 Y77.25 E2454.70762
G1 X120.9 Y77.344 E2454.7523
G1 X122.386 Y77.498 E2454.80199
G1 X123.59 Y77.662 E2454.84241
G1 X124.925 Y77.889 E2454.88745
G1 F2909.4 X126.145 Y78.133 E2454.92903
G1 F2902.2 X127.559 Y78.474 E2454.97777
G1 F2916.6 X128.871 Y78.836 E2455.02316
G1 F2931.3 X130.248 Y79.27 E2455.07106
G1 X131.441 Y79.688 E2455.113
G1 F2923.9 X132.699 Y80.174 E2455.15785
G1 F2902.2 X133.67 Y80.583 E2455.19316
G1 F2887.8 X133.671 Y80.592 E2455.19346
G1 F2902.2 X135.169 Y81.28 E2455.2487
G1 F2909.4 X136.386 Y81.897 E2455.29431
G1 X137.562 Y82.549 E2455.33926
G1 F2923.9 X138.727 Y83.241 E2455.38432
G1 X139.864 Y83.977 E2455.42937
G1 F2916.6 X140.904 Y84.69 E2455.47142
G1 F2909.4 X142.064 Y85.553 E2455.51975
G1 F2923.9 X143.126 Y86.398 E2455.56488
G1 F2909.4 X144.164 Y87.281 E2455.61044
G1 X145.156 Y88.188 E2455.65537
G1 X146.106 Y89.116 E2455.69976
G1 X147.062 Y90.111 E2455.74588
G1 F2902.2 X147.965 Y91.117 E2455.79118
G1 F2909.4 X148.834 Y92.16 E2455.83656
G1 X149.673 Y93.234 E2455.88211
G1 X150.522 Y94.405 E2455.93046
G1 X151.211 Y95.421 E2455.9715
G1 F2895 X151.91 Y96.521 E2456.01528
G1 X152.619 Y97.732 E2456.06242
G1 F2909.4 X153.272 Y98.946 E2456.1085
G1 X153.877 Y100.161 E2456.15387
G1 F2902.2 X154.442 Y101.398 E2456.19944
G1 X154.963 Y102.648 E2456.24482
G1 X155.429 Y103.885 E2456.28911
G1 F2909.4 X155.872 Y105.191 E2456.33521
G1 F2902.2 X156.261 Y106.472 E2456.38007
G1 F2895 X156.635 Y107.885 E2456.42917
G1 F2902.2 X156.915 Y109.116 E2456.47148
G1 X157.173 Y110.421 E2456.51605
G1 F2909.4 X157.389 Y111.784 E2456.56218
G1 F2902.2 X157.546 Y112.963 E2456.60204
G1 F2895 X157.691 Y114.533 E2456.655
G1 F2902.2 X157.763 Y115.826 E2456.6984
G1 F2909.4 X157.795 Y117.184 E2456.7438
G1 F2902.2 X157.786 Y118.535 E2456.78908
G1 F2895 X157.727 Y119.889 E2456.8346
G1 F2909.4 X157.624 Y121.251 E2456.88026
G1 X157.476 Y122.584 E2456.92509
G1 F2902.2 X157.284 Y123.925 E2456.97049
G1 F2895 X157.046 Y125.253 E2457.01581
G1 X156.76 Y126.58 E2457.06141
G1 F2909.4 X156.434 Y127.898 E2457.10679
G1 X156.064 Y129.198 E2457.15197
G1 X155.646 Y130.485 E2457.1972
G1 X155.2 Y131.738 E2457.24166
G1 F2895 X154.699 Y132.996 E2457.28715
G1 F2909.4 X154.146 Y134.261 E2457.3333
G1 X153.557 Y135.491 E2457.37888
G1 X152.936 Y136.682 E2457.42378
G1 F2916.6 X152.271 Y137.864 E2457.469
G1 F2909.4 X151.571 Y139.018 E2457.51412
G1 F2902.2 X150.827 Y140.152 E2457.55957
G1 F2909.4 X150.047 Y141.259 E2457.60483
G1 F2902.2 X149.239 Y142.329 E2457.64976
G1 X148.375 Y143.392 E2457.69566
G1 F2909.4 X147.5 Y144.403 E2457.74036
G1 X146.569 Y145.407 E2457.78613
G1 X145.613 Y146.369 E2457.83146
G1 F2902.2 X144.626 Y147.297 E2457.87686
G1 F2909.4 X143.604 Y148.197 E2457.92238
G1 X142.584 Y149.037 E2457.96655
G1 X141.491 Y149.876 E2458.0126
G1 X140.4 Y150.656 E2458.05743
G1 X139.261 Y151.413 E2458.10315
G1 F2916.6 X138.112 Y152.126 E2458.14824
G1 F2909.4 X136.937 Y152.799 E2458.1935
G1 F2902.2 X135.752 Y153.427 E2458.23844
G1 F2909.4 X134.522 Y154.024 E2458.28414
G1 F2916.6 X133.271 Y154.579 E2458.32977
G1 F2909.4 X132.03 Y155.087 E2458.3746
G1 F2902.2 X130.779 Y155.546 E2458.41925
G1 F2909.4 X129.603 Y155.939 E2458.4607
G1 F2895 X128.058 Y156.392 E2458.51478
G1 F2902.2 X126.876 Y156.692 E2458.55565
G1 F2923.9 X125.527 Y156.988 E2458.60158
G1 F2931.3 X124.229 Y157.231 E2458.64539
G1 F2923.9 X122.891 Y157.433 E2458.6904
G1 X121.838 Y157.56 E2458.72568
;TIME_ELAPSED:2273.277144
G1 F2700 E2453.72568
M140 S0
M107
G91 ;Relative positioning
G1 E-2 F2700 ;Retract a bit
G1 E-2 Z0.2 F2400 ;Retract and raise Z
G1 X5 Y5 F3000 ;Wipe out
G1 Z10 ;Raise Z more
G90 ;Absolute positioning

G1 X0 Y235 ;Present print
M106 S0 ;Turn-off fan
M104 S0 ;Turn-off hotend
M140 S0 ;Turn-off bed

M84 X Y E ;Disable all steppers but Z

M82 ;absolute extrusion mode
M104 S0
;End of Gcode
;SETTING_3 {"global_quality": "[general]\\nversion = 4\\nname = Ender 3 Profile\
;SETTING_3 \ndefinition = creality_ender3\\n\\n[metadata]\\ntype = quality_chang
;SETTING_3 es\\nquality_type = standard\\nsetting_version = 25\\n\\n[values]\\na
;SETTING_3 dhesion_type = none\\nmaterial_bed_temperature = 60\\n\\n", "extruder
;SETTING_3 _quality": ["[general]\\nversion = 4\\nname = Ender 3 Profile\\ndefin
;SETTING_3 ition = creality_ender3\\n\\n[metadata]\\ntype = quality_changes\\nqu
;SETTING_3 ality_type = standard\\nintent_category = default\\nposition = 0\\nse
;SETTING_3 tting_version = 25\\n\\n[values]\\nspeed_print = 100\\n\\n"]}
