;FLAVOR:Marlin
;TIME:1176
;Filament used: 0.827581m
;Layer height: 0.2
;MINX:67.717
;MINY:67.739
;MINZ:0.2
;MAXX:167.287
;MAXY:167.309
;MAXZ:4.4
;TARGET_MACHINE.NAME:Creality Ender-3
;Generated with Cura_SteamEngine 5.10.2
M140 S50
M105
M190 S50
M104 S200
M105
M109 S200
; Ender 3 Custom Start G-code
G92 E0 ; Reset Extruder
G28 ; Home all axes
G1 Z2.0 F3000 ; Move Z Axis up little to prevent scratching of Heat Bed
G1 X0.1 Y20 Z0.3 F5000.0 ; Move to start position
G1 X0.1 Y200.0 Z0.3 F1500.0 E15 ; Draw the first line
G1 X0.4 Y200.0 Z0.3 F5000.0 ; Move to side a little
G1 X0.4 Y20 Z0.3 F1500.0 E30 ; Draw the second line
G92 E0 ; Reset Extruder
G1 Z2.0 F3000 ; Move Z Axis up little to prevent scratching of Heat Bed
G1 X5 Y20 Z0.3 F5000.0 ; Move over to prevent blob squish
M82 ;absolute extrusion mode
G92 E0
G92 E0
G1 F2700 E-5
;LAYER_COUNT:22
;LAYER:0
M107
G0 F6000 X82.326 Y82.288 Z0.2
;TYPE:SKIRT
G1 F2700 E0
G1 F1200 X83.814 Y80.863 E0.06853
G1 X85.018 Y79.791 E0.12214
G1 X86.023 Y78.949 E0.16575
G1 X87.386 Y77.878 E0.22341
G1 X88.688 Y76.921 E0.27715
G1 X90.112 Y75.947 E0.33453
G1 X91.515 Y75.056 E0.38981
G1 X92.975 Y74.197 E0.44615
G1 X94.715 Y73.256 E0.51194
G1 X95.907 Y72.664 E0.55621
G1 X97.461 Y71.948 E0.61312
G1 X98.956 Y71.319 E0.66707
G1 X100.548 Y70.712 E0.72373
G1 X102.445 Y70.066 E0.79039
G1 X104.01 Y69.599 E0.84471
G1 X105.331 Y69.247 E0.89018
G1 X106.951 Y68.869 E0.9455
G1 X108.627 Y68.534 E1.00235
G1 X110.234 Y68.271 E1.05651
G1 X112.268 Y68.014 E1.1247
G1 X113.95 Y67.865 E1.18086
G1 X115.607 Y67.774 E1.23606
G1 X117.26 Y67.739 E1.29105
G1 X118.922 Y67.758 E1.34633
G1 X120.63 Y67.836 E1.4032
G1 X122.273 Y67.968 E1.45802
G1 X123.966 Y68.159 E1.51469
G1 X125.59 Y68.398 E1.56928
G1 X127.223 Y68.696 E1.6245
G1 X128.911 Y69.062 E1.68194
G1 X130.478 Y69.459 E1.73571
G1 X132.098 Y69.927 E1.79179
G1 X133.716 Y70.453 E1.84838
G1 X135.258 Y71.013 E1.90294
G1 X136.825 Y71.64 E1.95908
G1 X138.02 Y72.161 E2.00244
G1 X139.566 Y72.894 E2.05935
G1 X141.337 Y73.812 E2.12569
G1 X142.775 Y74.63 E2.18072
G1 X144.255 Y75.537 E2.23845
G1 X145.601 Y76.427 E2.29212
G1 X147.003 Y77.42 E2.34926
G1 X148.305 Y78.411 E2.40369
G1 X149.613 Y79.479 E2.45985
G1 X150.864 Y80.571 E2.51508
G1 X152.135 Y81.758 E2.57292
G1 X153.257 Y82.879 E2.62567
G1 X154.136 Y83.81 E2.66826
G1 X155.318 Y85.143 E2.72752
G1 X156.356 Y86.395 E2.78161
G1 X157.383 Y87.723 E2.83744
G1 X158.574 Y89.386 E2.90548
G1 X159.298 Y90.475 E2.94897
G1 X160.176 Y91.883 E3.00416
G1 X161.017 Y93.335 E3.05997
G1 X161.805 Y94.811 E3.11562
G1 X162.54 Y96.306 E3.17103
G1 X163.243 Y97.866 E3.22794
G1 X163.858 Y99.365 E3.28183
G1 X164.449 Y100.953 E3.33819
G1 X165.089 Y102.893 E3.40613
G1 X165.547 Y104.474 E3.46088
G1 X165.958 Y106.095 E3.5165
G1 X166.312 Y107.724 E3.57194
G1 X166.617 Y109.377 E3.62785
G1 X166.863 Y111.035 E3.6836
G1 X167.018 Y112.355 E3.7278
G1 X167.163 Y114.023 E3.78349
G1 X167.253 Y115.681 E3.83872
G1 X167.287 Y117.355 E3.89441
G1 X167.264 Y119.061 E3.95115
G1 X167.187 Y120.692 E4.00546
G1 X167.052 Y122.362 E4.06119
G1 X166.86 Y124.041 E4.1174
G1 X166.613 Y125.687 E4.17275
G1 X166.241 Y127.681 E4.24022
G1 X165.874 Y129.305 E4.2956
G1 X165.449 Y130.929 E4.35143
G1 X164.979 Y132.51 E4.40629
G1 X164.556 Y133.792 E4.45119
G1 X163.979 Y135.372 E4.50713
G1 X163.364 Y136.9 E4.56192
G1 X162.676 Y138.453 E4.61841
G1 X161.953 Y139.949 E4.67368
G1 X161.175 Y141.429 E4.72929
G1 X160.351 Y142.875 E4.78464
G1 X159.468 Y144.312 E4.84074
G1 X158.555 Y145.691 E4.89575
G1 X157.578 Y147.066 E4.95185
G1 X156.567 Y148.391 E5.00728
G1 X155.514 Y149.676 E5.06254
G1 X154.159 Y151.216 E5.13076
G1 X153.008 Y152.427 E5.18633
G1 X152.112 Y153.313 E5.22824
G1 X150.543 Y154.768 E5.29941
G1 X149.356 Y155.789 E5.35149
G1 X148.302 Y156.641 E5.39656
G1 X146.67 Y157.872 E5.46456
G1 X145.322 Y158.813 E5.51923
G1 X143.897 Y159.739 E5.57576
G1 X142.483 Y160.592 E5.63068
G1 X141 Y161.419 E5.68716
G1 X139.849 Y162.015 E5.73027
G1 X138.342 Y162.741 E5.7859
G1 X136.517 Y163.538 E5.85214
G1 X134.876 Y164.181 E5.91076
G1 X133.318 Y164.732 E5.96572
G1 X131.767 Y165.223 E6.01983
G1 X130.109 Y165.69 E6.07713
G1 X128.574 Y166.066 E6.12969
G1 X126.88 Y166.421 E6.18726
G1 X125.221 Y166.71 E6.24326
G1 X123.58 Y166.94 E6.29838
G1 X121.921 Y167.116 E6.35387
G1 X120.22 Y167.239 E6.41059
G1 X118.594 Y167.3 E6.46471
G1 X116.877 Y167.309 E6.52182
G1 X115.538 Y167.274 E6.56637
G1 X113.961 Y167.186 E6.6189
G1 X112.19 Y167.028 E6.67804
G1 X110.607 Y166.833 E6.73109
G1 X108.912 Y166.567 E6.78815
G1 X107.269 Y166.25 E6.84381
G1 X105.653 Y165.883 E6.89892
G1 X103.701 Y165.363 E6.96611
G1 X102.107 Y164.874 E7.02157
G1 X100.491 Y164.319 E7.0784
G1 X98.948 Y163.729 E7.13334
G1 X97.428 Y163.087 E7.18822
G1 X95.873 Y162.371 E7.24516
G1 X94.727 Y161.8 E7.28775
G1 X92.91 Y160.817 E7.35646
G1 X91.493 Y159.981 E7.41118
G1 X90.078 Y159.081 E7.46695
G1 X88.673 Y158.119 E7.52359
G1 X87.376 Y157.164 E7.57716
G1 X86.02 Y156.099 E7.63451
G1 X85.022 Y155.263 E7.67781
G1 X83.778 Y154.155 E7.73322
G1 X82.567 Y153.002 E7.78883
G1 X81.39 Y151.802 E7.84474
G1 X80.224 Y150.529 E7.90215
G1 X78.978 Y149.068 E7.96602
G1 X77.887 Y147.685 E8.02461
G1 X76.918 Y146.37 E8.07894
G1 X76.157 Y145.27 E8.12342
G1 X75.099 Y143.623 E8.18853
G1 X74.206 Y142.111 E8.24694
G1 X73.419 Y140.669 E8.30158
G1 X72.669 Y139.182 E8.35697
G1 X71.96 Y137.651 E8.41308
G1 X71.441 Y136.436 E8.45703
G1 X70.833 Y134.875 E8.51275
G1 X70.274 Y133.289 E8.56868
G1 X69.787 Y131.748 E8.62243
G1 X69.312 Y130.049 E8.68111
G1 X68.938 Y128.51 E8.73378
G1 X68.582 Y126.792 E8.79214
G1 X68.312 Y125.231 E8.84483
G1 X68.072 Y123.497 E8.90305
G1 X67.902 Y121.862 E8.95772
G1 X67.781 Y120.158 E9.01454
G1 X67.723 Y118.543 E9.06829
G1 X67.717 Y116.845 E9.12477
G1 X67.786 Y114.829 E9.19186
G1 X67.903 Y113.162 E9.24744
G1 X68.033 Y111.867 E9.29073
G1 X68.261 Y110.153 E9.34824
G1 X68.531 Y108.533 E9.40286
G1 X68.868 Y106.859 E9.45966
G1 X69.32 Y104.975 E9.5241
G1 X69.796 Y103.277 E9.58275
G1 X70.281 Y101.74 E9.63636
G1 X70.845 Y100.14 E9.69278
G1 X71.445 Y98.606 E9.74757
G1 X72.118 Y97.047 E9.80405
G1 X72.842 Y95.513 E9.86046
G1 X73.593 Y94.052 E9.9151
G1 X74.394 Y92.612 E9.96991
G1 X75.284 Y91.131 E10.02737
G1 X76.175 Y89.755 E10.0819
G1 X77.134 Y88.382 E10.1376
G1 X78.115 Y87.069 E10.19211
G1 X79.217 Y85.694 E10.25072
G1 X80.238 Y84.504 E10.30287
G1 X81.173 Y83.479 E10.34902
G1 X82.326 Y82.288 E10.40415
G0 F6000 X82.603 Y82.577
G1 F1200 X84.08 Y81.162 E10.47218
G1 X85.275 Y80.098 E10.5254
G1 X86.28 Y79.256 E10.56901
G1 X87.623 Y78.2 E10.62583
G1 X88.914 Y77.251 E10.67912
G1 X90.326 Y76.285 E10.73602
G1 X91.718 Y75.401 E10.79087
G1 X93.165 Y74.549 E10.84672
G1 X94.893 Y73.614 E10.91207
G1 X96.074 Y73.027 E10.95593
G1 X97.616 Y72.317 E11.0124
G1 X99.099 Y71.693 E11.06591
G1 X100.677 Y71.091 E11.12208
G1 X102.574 Y70.445 E11.18874
G1 X104.113 Y69.986 E11.24215
G1 X105.434 Y69.634 E11.28762
G1 X107.029 Y69.261 E11.3421
G1 X108.692 Y68.929 E11.3985
G1 X110.284 Y68.668 E11.45216
G1 X112.303 Y68.412 E11.51985
G1 X113.972 Y68.264 E11.57558
G1 X115.616 Y68.174 E11.63034
G1 X117.255 Y68.139 E11.68487
G1 X118.904 Y68.158 E11.73972
G1 X120.598 Y68.235 E11.79612
G1 X122.228 Y68.365 E11.8505
G1 X123.908 Y68.555 E11.90674
G1 X125.518 Y68.792 E11.96086
G1 X127.138 Y69.087 E12.01563
G1 X128.813 Y69.45 E12.07264
G1 X130.367 Y69.843 E12.12595
G1 X131.974 Y70.307 E12.18158
G1 X133.58 Y70.829 E12.23775
G1 X135.109 Y71.384 E12.29185
G1 X136.665 Y72.007 E12.3476
G1 X137.86 Y72.528 E12.39095
G1 X139.382 Y73.249 E12.44697
G1 X141.139 Y74.16 E12.5128
G1 X142.566 Y74.971 E12.56739
G1 X144.035 Y75.871 E12.62469
G1 X145.37 Y76.753 E12.67791
G1 X146.761 Y77.738 E12.73459
G1 X148.052 Y78.721 E12.78856
G1 X149.35 Y79.78 E12.84428
G1 X150.591 Y80.863 E12.89906
G1 X151.852 Y82.041 E12.95646
G1 X152.966 Y83.154 E13.00883
G1 X153.845 Y84.085 E13.05142
G1 X155.01 Y85.398 E13.1098
G1 X156.04 Y86.64 E13.16347
G1 X157.058 Y87.956 E13.21881
G1 X158.241 Y89.607 E13.28636
G1 X158.959 Y90.687 E13.3295
G1 X159.83 Y92.083 E13.38422
G1 X160.664 Y93.523 E13.43957
G1 X161.446 Y94.988 E13.4948
G1 X162.175 Y96.47 E13.54974
G1 X162.873 Y98.018 E13.60622
G1 X163.483 Y99.505 E13.65967
G1 X164.069 Y101.078 E13.7155
G1 X164.705 Y103.004 E13.78296
G1 X165.159 Y104.572 E13.83726
G1 X165.567 Y106.18 E13.89244
G1 X165.919 Y107.796 E13.94744
G1 X166.221 Y109.436 E14.00291
G1 X166.466 Y111.082 E14.05826
G1 X166.62 Y112.39 E14.10206
G1 X166.764 Y114.045 E14.15732
G1 X166.853 Y115.689 E14.21208
G1 X166.887 Y117.35 E14.26733
G1 X166.864 Y119.042 E14.32361
G1 X166.788 Y120.66 E14.37749
G1 X166.655 Y122.316 E14.43274
G1 X166.464 Y123.982 E14.48852
G1 X166.22 Y125.614 E14.5434
G1 X165.851 Y127.593 E14.61036
G1 X165.487 Y129.204 E14.66529
G1 X165.066 Y130.815 E14.72067
G1 X164.599 Y132.385 E14.77515
G1 X164.18 Y133.655 E14.81963
G1 X163.608 Y135.223 E14.87515
G1 X162.998 Y136.738 E14.92947
G1 X162.316 Y138.279 E14.98551
G1 X161.599 Y139.763 E15.04033
G1 X160.827 Y141.231 E15.0955
G1 X160.01 Y142.666 E15.15042
G1 X159.135 Y144.091 E15.20604
G1 X158.229 Y145.459 E15.26061
G1 X157.26 Y146.823 E15.31626
G1 X156.249 Y148.148 E15.37169
G1 X155.214 Y149.412 E15.42603
G1 X153.869 Y150.94 E15.49374
G1 X152.718 Y152.151 E15.5493
G1 X151.84 Y153.02 E15.59039
G1 X150.282 Y154.465 E15.66107
G1 X149.104 Y155.478 E15.71274
G1 X148.061 Y156.322 E15.75737
G1 X146.441 Y157.544 E15.82486
G1 X145.104 Y158.478 E15.8791
G1 X143.69 Y159.396 E15.93518
G1 X142.276 Y160.249 E15.9901
G1 X140.816 Y161.064 E16.04571
G1 X139.675 Y161.655 E16.08845
G1 X138.182 Y162.374 E16.14357
G1 X136.357 Y163.171 E16.2098
G1 X134.743 Y163.804 E16.26747
G1 X133.197 Y164.351 E16.32201
G1 X131.659 Y164.838 E16.37567
G1 X130.014 Y165.301 E16.43251
G1 X128.479 Y165.677 E16.48507
G1 X126.811 Y166.027 E16.54176
G1 X125.166 Y166.314 E16.5973
G1 X123.538 Y166.542 E16.65197
G1 X121.892 Y166.717 E16.70703
G1 X120.205 Y166.839 E16.76328
G1 X118.586 Y166.901 E16.81717
G1 X116.887 Y166.909 E16.87368
G1 X115.56 Y166.875 E16.91783
G1 X113.997 Y166.788 E16.9699
G1 X112.239 Y166.631 E17.0286
G1 X110.669 Y166.438 E17.08121
G1 X108.988 Y166.174 E17.13781
G1 X107.358 Y165.86 E17.19302
G1 X105.756 Y165.496 E17.24766
G1 X103.804 Y164.976 E17.31485
G1 X102.237 Y164.496 E17.36936
G1 X100.634 Y163.945 E17.42573
G1 X99.103 Y163.36 E17.48025
G1 X97.595 Y162.724 E17.53468
G1 X96.051 Y162.013 E17.59122
G1 X94.917 Y161.448 E17.63336
G1 X93.113 Y160.472 E17.70158
G1 X91.708 Y159.643 E17.75583
G1 X90.304 Y158.751 E17.81116
G1 X88.91 Y157.797 E17.86734
G1 X87.623 Y156.85 E17.92049
G1 X86.277 Y155.792 E17.97743
G1 X85.288 Y154.964 E18.02033
G1 X84.054 Y153.865 E18.07529
G1 X82.843 Y152.712 E18.13091
G1 X81.685 Y151.532 E18.18589
G1 X80.528 Y150.27 E18.24284
G1 X79.292 Y148.82 E18.30621
G1 X78.209 Y147.448 E18.36435
G1 X77.247 Y146.143 E18.41827
G1 X76.494 Y145.054 E18.4623
G1 X75.436 Y143.407 E18.52741
G1 X74.557 Y141.919 E18.58489
G1 X73.776 Y140.489 E18.63909
G1 X73.032 Y139.014 E18.69403
G1 X72.328 Y137.494 E18.74975
G1 X71.814 Y136.291 E18.79326
G1 X71.21 Y134.742 E18.84856
G1 X70.655 Y133.168 E18.90407
G1 X70.172 Y131.64 E18.95737
G1 X69.701 Y129.954 E19.01559
G1 X69.33 Y128.429 E19.06779
G1 X68.976 Y126.724 E19.12571
G1 X68.708 Y125.176 E19.17796
G1 X68.47 Y123.456 E19.23572
G1 X68.301 Y121.834 E19.28996
G1 X68.181 Y120.144 E19.34631
G1 X68.123 Y118.542 E19.39962
G1 X68.117 Y116.859 E19.4556
G1 X68.185 Y114.857 E19.52223
G1 X68.301 Y113.202 E19.57741
G1 X68.43 Y111.92 E19.62026
G1 X68.656 Y110.219 E19.67734
G1 X68.923 Y108.612 E19.73152
G1 X69.257 Y106.952 E19.78784
G1 X69.705 Y105.083 E19.85176
G1 X70.177 Y103.397 E19.90999
G1 X70.658 Y101.873 E19.96315
G1 X71.218 Y100.286 E20.01912
G1 X71.818 Y98.752 E20.0739
G1 X72.48 Y97.218 E20.12947
G1 X73.198 Y95.696 E20.18545
G1 X73.943 Y94.246 E20.23967
G1 X74.737 Y92.818 E20.29401
G1 X75.62 Y91.348 E20.35104
G1 X76.503 Y89.984 E20.40509
G1 X77.454 Y88.621 E20.46036
G1 X78.427 Y87.319 E20.51443
G1 X79.521 Y85.954 E20.57261
G1 X80.534 Y84.773 E20.62436
G1 X81.46 Y83.757 E20.67008
G1 X82.603 Y82.577 E20.72472
G0 F6000 X82.88 Y82.866
G1 F1200 X84.346 Y81.461 E20.79226
G1 X85.532 Y80.405 E20.84507
G1 X86.537 Y79.563 E20.88868
G1 X87.86 Y78.522 E20.94467
G1 X89.14 Y77.581 E20.99751
G1 X90.541 Y76.623 E21.05396
G1 X91.921 Y75.746 E21.10835
G1 X93.356 Y74.901 E21.16373
G1 X95.071 Y73.972 E21.22861
G1 X96.241 Y73.39 E21.27207
G1 X97.771 Y72.686 E21.32809
G1 X99.242 Y72.067 E21.38117
G1 X100.806 Y71.47 E21.43685
G1 X102.703 Y70.824 E21.5035
G1 X104.216 Y70.372 E21.55602
G1 X105.525 Y70.023 E21.60108
G1 X107.107 Y69.653 E21.65512
G1 X108.757 Y69.324 E21.71108
G1 X110.334 Y69.065 E21.76423
G1 X112.338 Y68.81 E21.83142
G1 X113.994 Y68.663 E21.88672
G1 X115.625 Y68.574 E21.94104
G1 X117.25 Y68.539 E21.9951
G1 X118.886 Y68.558 E22.04952
G1 X120.566 Y68.634 E22.10546
G1 X122.183 Y68.762 E22.15941
G1 X123.85 Y68.951 E22.21521
G1 X125.446 Y69.186 E22.26886
G1 X127.053 Y69.478 E22.32318
G1 X128.715 Y69.838 E22.37975
G1 X130.256 Y70.227 E22.43261
G1 X131.85 Y70.687 E22.48779
G1 X133.444 Y71.205 E22.54353
G1 X134.96 Y71.755 E22.59717
G1 X136.505 Y72.374 E22.65253
G1 X137.689 Y72.89 E22.69549
G1 X139.198 Y73.604 E22.75101
G1 X140.941 Y74.508 E22.81632
G1 X142.357 Y75.312 E22.87047
G1 X143.815 Y76.205 E22.92734
G1 X145.139 Y77.079 E22.98011
G1 X146.519 Y78.056 E23.03634
G1 X147.799 Y79.031 E23.08986
G1 X149.087 Y80.081 E23.14513
G1 X150.318 Y81.155 E23.19947
G1 X151.569 Y82.324 E23.25641
G1 X152.675 Y83.429 E23.30841
G1 X153.546 Y84.351 E23.3506
G1 X154.702 Y85.653 E23.40851
G1 X155.724 Y86.885 E23.46175
G1 X156.733 Y88.189 E23.51659
G1 X157.908 Y89.829 E23.58369
G1 X158.62 Y90.899 E23.62644
G1 X159.484 Y92.283 E23.6807
G1 X160.311 Y93.712 E23.73562
G1 X161.087 Y95.164 E23.79038
G1 X161.81 Y96.635 E23.84489
G1 X162.503 Y98.17 E23.90091
G1 X163.108 Y99.645 E23.95393
G1 X163.689 Y101.204 E24.00927
G1 X164.321 Y103.115 E24.07621
G1 X164.771 Y104.67 E24.13006
G1 X165.176 Y106.265 E24.18479
G1 X165.526 Y107.868 E24.23936
G1 X165.825 Y109.495 E24.29438
G1 X166.069 Y111.129 E24.34933
G1 X166.222 Y112.425 E24.39274
G1 X166.365 Y114.067 E24.44756
G1 X166.453 Y115.697 E24.50185
G1 X166.487 Y117.345 E24.55667
G1 X166.464 Y119.023 E24.61249
G1 X166.389 Y120.628 E24.66593
G1 X166.258 Y122.27 E24.72072
G1 X166.068 Y123.923 E24.77606
G1 X165.827 Y125.541 E24.83047
G1 X165.461 Y127.505 E24.89691
G1 X165.1 Y129.103 E24.9514
G1 X164.683 Y130.701 E25.00633
G1 X164.219 Y132.26 E25.06043
G1 X163.804 Y133.518 E25.10449
G1 X163.237 Y135.074 E25.15957
G1 X162.632 Y136.576 E25.21343
G1 X161.956 Y138.105 E25.26903
G1 X161.245 Y139.577 E25.32341
G1 X160.479 Y141.033 E25.37812
G1 X159.669 Y142.457 E25.43261
G1 X158.801 Y143.87 E25.48777
G1 X157.903 Y145.227 E25.54189
G1 X156.942 Y146.58 E25.59709
G1 X155.939 Y147.895 E25.6521
G1 X154.914 Y149.148 E25.70594
G1 X153.579 Y150.664 E25.77312
G1 X152.436 Y151.867 E25.82832
G1 X151.568 Y152.727 E25.86896
G1 X150.021 Y154.162 E25.93914
G1 X148.852 Y155.167 E25.99041
G1 X147.82 Y156.003 E26.03459
G1 X146.212 Y157.216 E26.10158
G1 X144.886 Y158.143 E26.15539
G1 X143.483 Y159.054 E26.21103
G1 X142.081 Y159.9 E26.26549
G1 X140.632 Y160.709 E26.32069
G1 X139.502 Y161.295 E26.36303
G1 X138.022 Y162.007 E26.41765
G1 X136.197 Y162.804 E26.48389
G1 X134.61 Y163.427 E26.54059
G1 X133.076 Y163.97 E26.59471
G1 X131.551 Y164.453 E26.64792
G1 X129.919 Y164.912 E26.70431
G1 X128.384 Y165.288 E26.75687
G1 X126.742 Y165.633 E26.81268
G1 X125.111 Y165.918 E26.86774
G1 X123.496 Y166.144 E26.92198
G1 X121.863 Y166.318 E26.9766
G1 X120.19 Y166.439 E27.03239
G1 X118.584 Y166.501 E27.08585
G1 X116.897 Y166.509 E27.14196
G1 X115.582 Y166.476 E27.18571
G1 X114.033 Y166.39 E27.23731
G1 X112.288 Y166.234 E27.29558
G1 X110.731 Y166.043 E27.34775
G1 X109.064 Y165.781 E27.40388
G1 X107.446 Y165.47 E27.45868
G1 X105.859 Y165.11 E27.5128
G1 X103.921 Y164.593 E27.57952
G1 X102.367 Y164.118 E27.63356
G1 X100.777 Y163.571 E27.68949
G1 X99.258 Y162.991 E27.74357
G1 X97.762 Y162.361 E27.79756
G1 X96.229 Y161.655 E27.85369
G1 X95.107 Y161.096 E27.89539
G1 X93.316 Y160.128 E27.9631
G1 X91.922 Y159.305 E28.01694
G1 X90.53 Y158.421 E28.07179
G1 X89.147 Y157.475 E28.12752
G1 X87.87 Y156.536 E28.18024
G1 X86.534 Y155.485 E28.23677
G1 X85.554 Y154.665 E28.27927
G1 X84.33 Y153.575 E28.33379
G1 X83.119 Y152.422 E28.3894
G1 X81.98 Y151.262 E28.44347
G1 X80.832 Y150.01 E28.49997
G1 X79.606 Y148.572 E28.56282
G1 X78.531 Y147.211 E28.62051
G1 X77.576 Y145.915 E28.67405
G1 X76.831 Y144.838 E28.71761
G1 X75.773 Y143.191 E28.78271
G1 X74.908 Y141.727 E28.83927
G1 X74.133 Y140.309 E28.89302
G1 X73.395 Y138.846 E28.94752
G1 X72.696 Y137.337 E29.00283
G1 X72.187 Y136.145 E29.04594
G1 X71.587 Y134.609 E29.10079
G1 X71.036 Y133.047 E29.15588
G1 X70.557 Y131.532 E29.20873
G1 X70.09 Y129.859 E29.2665
G1 X69.722 Y128.348 E29.31822
G1 X69.37 Y126.656 E29.3757
G1 X69.104 Y125.121 E29.42752
G1 X68.868 Y123.414 E29.48483
G1 X68.7 Y121.806 E29.53861
G1 X68.581 Y120.129 E29.59452
G1 X68.523 Y118.541 E29.64738
G1 X68.517 Y116.872 E29.70289
G1 X68.584 Y114.885 E29.76901
G1 X68.699 Y113.242 E29.82379
G1 X68.827 Y111.973 E29.86621
G1 X69.051 Y110.284 E29.92288
G1 X69.315 Y108.691 E29.97659
G1 X69.646 Y107.045 E30.03243
G1 X70.09 Y105.191 E30.09584
G1 X70.558 Y103.517 E30.15365
G1 X71.035 Y102.006 E30.20635
G1 X71.591 Y100.432 E30.26187
G1 X72.191 Y98.898 E30.31666
G1 X72.842 Y97.389 E30.37132
G1 X73.554 Y95.879 E30.42685
G1 X74.293 Y94.44 E30.48065
G1 X75.08 Y93.024 E30.53453
G1 X75.956 Y91.565 E30.59113
G1 X76.831 Y90.213 E30.6447
G1 X77.774 Y88.86 E30.69955
G1 X78.739 Y87.569 E30.75316
G1 X79.825 Y86.214 E30.81091
G1 X80.83 Y85.042 E30.86226
G1 X81.747 Y84.035 E30.90756
G1 X82.88 Y82.866 E30.96171
G1 F2700 E25.96171
;MESH:Led Ring.stl
G0 F6000 X88.21 Y92.559
G0 X117.5 Y154.361
;TYPE:WALL-INNER
G1 F2700 E30.96171
G1 F1250 X117.206 Y154.364 E30.9711
G1 X115.895 Y154.332 E31.01297
G1 F1253.3 X114.548 Y154.25 E31.05595
G1 F1256.5 X113.268 Y154.122 E31.09681
G1 F1250 X111.973 Y153.948 E31.13853
G1 X110.7 Y153.732 E31.17975
G1 X109.415 Y153.468 E31.22164
G1 F1243.5 X108.131 Y153.156 E31.26405
G1 X106.874 Y152.801 E31.30597
G1 X105.662 Y152.414 E31.34681
G1 F1237.1 X104.768 Y152.087 E31.37752
G1 F1243.5 X104.645 Y152.057 E31.38158
G1 F1250 X103.195 Y151.478 E31.43144
G1 F1246.8 X101.997 Y150.946 E31.4734
G1 F1250 X100.822 Y150.375 E31.51511
G1 X99.655 Y149.756 E31.55729
G1 X98.526 Y149.103 E31.59894
G1 X97.425 Y148.415 E31.64039
G1 X96.303 Y147.659 E31.68359
G1 X95.241 Y146.885 E31.72555
G1 X94.259 Y146.11 E31.76549
G1 X93.254 Y145.266 E31.8074
G1 X92.278 Y144.381 E31.84946
G1 X91.341 Y143.467 E31.89126
G1 X90.416 Y142.504 E31.93389
G1 F1246.8 X89.555 Y141.534 E31.97541
G1 F1243.5 X88.705 Y140.51 E32.01813
G1 F1240.3 X87.913 Y139.479 E32.05996
G1 F1243.5 X87.18 Y138.455 E32.10038
G1 F1250 X86.47 Y137.397 E32.14107
G1 X85.748 Y136.216 E32.18526
G1 X85.119 Y135.102 E32.22611
G1 F1253.3 X84.497 Y133.906 E32.26904
G1 F1256.5 X83.945 Y132.742 E32.30996
G1 F1253.3 X83.42 Y131.524 E32.3522
G1 F1250 X82.957 Y130.342 E32.39273
G1 X82.515 Y129.084 E32.43531
G1 X82.125 Y127.825 E32.47739
G1 F1253.3 X81.78 Y126.558 E32.51921
G1 F1250 X81.495 Y125.335 E32.55931
G1 F1246.8 X81.239 Y124.043 E32.60147
G1 X81.024 Y122.711 E32.64467
G1 F1250 X80.862 Y121.429 E32.68593
G1 X80.745 Y120.11 E32.72821
G1 X80.68 Y118.808 E32.76983
G1 F1243.5 X80.655 Y117.531 E32.81082
G1 X80.68 Y116.241 E32.85224
G1 F1250 X80.75 Y114.895 E32.89527
G1 X80.864 Y113.617 E32.93624
G1 F1243.5 X81.026 Y112.334 E32.97775
G1 X81.239 Y111.005 E33.02095
G1 F1250 X81.487 Y109.749 E33.06182
G1 X81.782 Y108.487 E33.10321
G1 X82.138 Y107.188 E33.14621
G1 X82.53 Y105.929 E33.18832
G1 F1253.3 X82.945 Y104.74 E33.22842
G1 F1250 X83.436 Y103.485 E33.27145
G1 F1253.3 X83.953 Y102.29 E33.31292
G1 F1256.5 X84.499 Y101.139 E33.35338
G1 F1250 X85.108 Y99.968 E33.39552
G1 F1246.8 X85.746 Y98.838 E33.43707
G1 F1250 X86.495 Y97.614 E33.48289
G1 F1246.8 X87.187 Y96.579 E33.52274
G1 F1243.5 X87.91 Y95.568 E33.56263
G1 F1250 X88.708 Y94.533 E33.60436
G1 F1246.8 X89.531 Y93.541 E33.64563
G1 X90.42 Y92.541 E33.68846
G1 F1250 X91.341 Y91.58 E33.73096
G1 X92.278 Y90.666 E33.77276
G1 X93.22 Y89.811 E33.81338
G1 X94.229 Y88.962 E33.85548
G1 X95.247 Y88.161 E33.89684
G1 X96.343 Y87.361 E33.94017
G1 F1253.3 X97.408 Y86.64 E33.98113
G1 X98.495 Y85.964 E34.02189
G1 F1250 X99.659 Y85.289 E34.06485
G1 X100.824 Y84.672 E34.10695
G1 X101.957 Y84.118 E34.14722
G1 F1246.8 X103.198 Y83.57 E34.19065
G1 F1243.5 X104.411 Y83.082 E34.23261
G1 F1250 X105.632 Y82.643 E34.27404
G1 X106.875 Y82.245 E34.31571
G1 X108.147 Y81.888 E34.3579
G1 F1246.8 X109.416 Y81.58 E34.3997
G1 F1243.5 X110.655 Y81.323 E34.44031
G1 F1246.8 X111.935 Y81.105 E34.48188
G1 F1250 X113.274 Y80.924 E34.52502
G1 X114.539 Y80.801 E34.56561
G1 X115.844 Y80.72 E34.60735
G1 X117.199 Y80.684 E34.65063
G1 X118.458 Y80.696 E34.69084
G1 F1246.8 X119.754 Y80.751 E34.73236
G1 F1250 X121.068 Y80.856 E34.77445
G1 X122.377 Y81.006 E34.81652
G1 X123.666 Y81.202 E34.85815
G1 F1246.8 X124.942 Y81.442 E34.89972
G1 F1243.5 X126.278 Y81.741 E34.94366
G1 X127.466 Y82.054 E34.98309
G1 X128.769 Y82.449 E35.02679
G1 X130.085 Y82.896 E35.0714
G1 F1246.8 X131.21 Y83.328 E35.10998
G1 F1250 X132.414 Y83.836 E35.1517
G1 X133.6 Y84.388 E35.19347
G1 X134.769 Y84.979 E35.23529
G1 X135.909 Y85.612 E35.27693
G1 X137.019 Y86.279 E35.31828
G1 X138.129 Y87 E35.36054
G1 F1253.3 X139.225 Y87.771 E35.40322
G1 X140.234 Y88.534 E35.4435
G1 F1250 X141.282 Y89.39 E35.48671
G1 F1246.8 X142.229 Y90.219 E35.527
G1 F1250 X143.192 Y91.122 E35.56915
G1 X144.107 Y92.042 E35.61058
G1 X144.994 Y93.001 E35.65229
G1 F1246.8 X145.871 Y94.02 E35.69533
G1 X146.697 Y95.052 E35.73765
G1 F1250 X147.505 Y96.146 E35.78107
G1 F1246.8 X148.191 Y97.147 E35.81992
G1 X148.895 Y98.243 E35.86162
G1 F1250 X149.577 Y99.401 E35.90453
G1 X150.182 Y100.517 E35.94506
G1 X150.779 Y101.72 E35.98795
G1 F1256.5 X151.324 Y102.922 E36.02987
G1 F1253.3 X151.807 Y104.098 E36.07035
G1 F1250 X152.27 Y105.346 E36.11286
G1 X152.68 Y106.589 E36.15465
G1 X153.038 Y107.81 E36.19528
G1 X153.357 Y109.061 E36.2365
G1 X153.647 Y110.404 E36.28037
G1 F1243.5 X153.867 Y111.642 E36.32073
G1 F1246.8 X154.061 Y112.984 E36.36413
G1 F1250 X154.198 Y114.273 E36.40552
G1 X154.291 Y115.557 E36.44663
G1 F1246.8 X154.337 Y116.898 E36.48958
G1 F1243.5 X154.336 Y118.157 E36.52999
G1 F1250 X154.291 Y119.48 E36.57226
G1 X154.197 Y120.767 E36.61346
G1 X154.059 Y122.068 E36.65524
G1 X153.874 Y123.361 E36.69694
G1 X153.644 Y124.648 E36.73869
G1 X153.364 Y125.956 E36.7814
G1 F1253.3 X153.049 Y127.199 E36.82223
G1 F1256.5 X152.679 Y128.462 E36.86404
G1 X152.234 Y129.807 E36.90903
G1 X151.814 Y130.935 E36.94727
G1 F1250 X151.329 Y132.112 E36.98791
G1 X150.782 Y133.319 E37.03023
G1 F1256.5 X150.197 Y134.503 E37.07217
G1 X149.554 Y135.685 E37.11491
G1 F1250 X148.895 Y136.804 E37.15638
G1 F1243.5 X148.213 Y137.873 E37.19708
G1 X147.454 Y138.97 E37.23989
G1 X146.681 Y140.014 E37.28159
G1 X145.867 Y141.03 E37.32337
G1 F1246.8 X145.015 Y142.026 E37.36533
G1 F1250 X144.128 Y142.985 E37.40704
G1 X143.188 Y143.931 E37.44962
G1 X142.226 Y144.833 E37.49173
G1 F1246.8 X141.25 Y145.687 E37.53325
G1 F1250 X140.266 Y146.488 E37.57376
G1 X139.225 Y147.276 E37.61545
G1 X138.123 Y148.052 E37.65848
G1 X137.049 Y148.751 E37.6994
G1 X135.906 Y149.439 E37.74199
G1 F1253.3 X134.749 Y150.076 E37.78406
G1 F1246.8 X133.632 Y150.646 E37.8242
G1 F1243.5 X132.41 Y151.214 E37.86745
G1 X131.192 Y151.727 E37.90987
G1 F1237.1 X129.945 Y152.199 E37.95289
G1 F1240.3 X128.745 Y152.608 E37.99368
G1 F1243.5 X127.483 Y152.989 E38.03599
G1 X126.265 Y153.31 E38.07642
G1 F1246.8 X124.978 Y153.602 E38.11867
G1 F1250 X123.666 Y153.849 E38.1613
G1 F1253.3 X122.408 Y154.04 E38.20182
G1 F1250 X121.108 Y154.189 E38.2436
G1 X119.788 Y154.294 E38.28588
G1 X118.46 Y154.351 E38.32832
G1 F1253.3 X117.5 Y154.361 E38.3589
G0 F6000 X117.5 Y154.747
G1 F1237.1 X117.81 Y154.75 E38.3689
G1 F1233.9 X119.058 Y154.718 E38.40928
G1 X120.239 Y154.651 E38.44754
G1 F1230.8 X121.701 Y154.517 E38.49515
G1 F1233.9 X122.804 Y154.373 E38.53113
G1 F1243.5 X124.03 Y154.175 E38.57099
G1 X125.259 Y153.935 E38.61118
G1 X126.378 Y153.679 E38.64802
G1 F1237.1 X127.804 Y153.3 E38.69563
G1 X128.887 Y152.966 E38.73219
G1 F1243.5 X130.172 Y152.528 E38.77576
G1 F1237.1 X131.248 Y152.122 E38.81287
G1 X132.393 Y151.642 E38.85292
G1 F1233.9 X133.621 Y151.082 E38.89658
G1 F1237.1 X134.654 Y150.561 E38.9339
G1 X135.672 Y150.012 E38.97122
G1 F1233.9 X136.909 Y149.293 E39.0175
G1 X137.887 Y148.67 E39.05501
G1 F1237.1 X138.928 Y147.964 E39.09559
G1 X139.936 Y147.228 E39.13585
G1 X140.925 Y146.455 E39.17635
G1 F1233.9 X141.877 Y145.66 E39.21647
G1 F1230.8 X142.813 Y144.818 E39.25729
G1 F1237.1 X143.712 Y143.956 E39.29748
G1 F1240.3 X144.59 Y143.058 E39.33789
G1 F1243.5 X145.424 Y142.141 E39.37768
G1 F1240.3 X146.243 Y141.179 E39.41833
G1 X147.022 Y140.2 E39.45859
G1 F1243.5 X147.768 Y139.195 E39.49876
G1 F1237.1 X148.479 Y138.168 E39.53906
G1 X149.152 Y137.121 E39.57922
G1 F1243.5 X149.742 Y136.126 E39.61634
G1 X150.401 Y134.942 E39.65984
G1 F1240.3 X150.963 Y133.831 E39.6999
G1 X151.627 Y132.396 E39.75078
G1 F1237.1 X151.981 Y131.548 E39.78043
G1 X152.436 Y130.379 E39.8209
G1 X152.808 Y129.316 E39.85723
G1 X153.218 Y128.012 E39.90133
G1 X153.553 Y126.796 E39.94203
G1 F1233.9 X153.867 Y125.488 E39.98554
G1 X154.092 Y124.358 E40.0228
G1 F1243.5 X154.301 Y123.123 E40.06301
G1 F1240.3 X154.47 Y121.883 E40.10328
G1 F1243.5 X154.593 Y120.651 E40.14302
G1 F1246.8 X154.68 Y119.39 E40.18348
G1 F1243.5 X154.723 Y118.136 E40.22375
G1 X154.722 Y116.851 E40.265
G1 X154.68 Y115.64 E40.30389
G1 F1246.8 X154.594 Y114.392 E40.34393
G1 F1243.5 X154.47 Y113.159 E40.38371
G1 F1233.9 X154.3 Y111.907 E40.42458
G1 F1230.8 X154.092 Y110.674 E40.46513
G1 X153.866 Y109.553 E40.50221
G1 X153.551 Y108.239 E40.54603
G1 X153.218 Y107.034 E40.58657
G1 X152.81 Y105.729 E40.63091
G1 X152.43 Y104.657 E40.66779
G1 F1237.1 X151.977 Y103.485 E40.70833
G1 X151.486 Y102.338 E40.74858
G1 X150.957 Y101.202 E40.78901
G1 F1240.3 X150.39 Y100.088 E40.82924
G1 F1243.5 X149.787 Y98.993 E40.86936
G1 X149.146 Y97.919 E40.9095
G1 X148.469 Y96.867 E40.94965
G1 F1246.8 X147.8 Y95.901 E40.98727
G1 F1250 X146.982 Y94.794 E41.03122
G1 X146.151 Y93.754 E41.07372
G1 F1243.5 X145.421 Y92.903 E41.10971
G1 F1237.1 X144.577 Y91.978 E41.15011
G1 X143.699 Y91.081 E41.1906
G1 F1230.8 X142.801 Y90.218 E41.23099
G1 F1227.6 X141.871 Y89.384 E41.27161
G1 F1230.8 X140.92 Y88.589 E41.3118
G1 F1237.1 X139.927 Y87.813 E41.35246
G1 F1233.9 X138.919 Y87.077 E41.39283
G1 X137.884 Y86.376 E41.43326
G1 F1237.1 X136.903 Y85.754 E41.47074
G1 F1233.9 X135.752 Y85.077 E41.51393
G1 F1230.8 X134.49 Y84.4 E41.56037
G1 F1237.1 X133.618 Y83.97 E41.59174
G1 F1243.5 X132.393 Y83.406 E41.63503
G1 F1240.3 X131.229 Y82.92 E41.67562
G1 X130.069 Y82.482 E41.71552
G1 F1243.5 X128.864 Y82.073 E41.75636
G1 X127.594 Y81.691 E41.79892
G1 X126.291 Y81.346 E41.84219
G1 F1237.1 X125.255 Y81.113 E41.87645
G1 X124.025 Y80.873 E41.91688
G1 X122.8 Y80.676 E41.95691
G1 X121.695 Y80.535 E41.99284
G1 F1230.8 X120.231 Y80.394 E42.04054
G1 X119.053 Y80.33 E42.0788
G1 F1237.1 X117.804 Y80.299 E42.11911
G1 F1230.8 X116.564 Y80.307 E42.15932
G1 X115.313 Y80.361 E42.19992
G1 F1233.9 X114.052 Y80.456 E42.24083
G1 F1237.1 X112.812 Y80.593 E42.28108
G1 X111.575 Y80.771 E42.3214
G1 F1233.9 X110.343 Y80.989 E42.36186
G1 X109.132 Y81.248 E42.40192
G1 F1237.1 X107.915 Y81.551 E42.44238
G1 F1240.3 X106.702 Y81.897 E42.48297
G1 F1246.8 X105.482 Y82.289 E42.52399
G1 F1243.5 X104.338 Y82.697 E42.56298
G1 F1237.1 X103.171 Y83.163 E42.60352
G1 X102.037 Y83.657 E42.64342
G1 X100.899 Y84.205 E42.68417
G1 F1240.3 X99.796 Y84.776 E42.72414
G1 F1237.1 X98.697 Y85.395 E42.76484
G1 X97.631 Y86.044 E42.8051
G1 X96.591 Y86.722 E42.84515
G1 F1230.8 X95.56 Y87.448 E42.88604
G1 X94.56 Y88.203 E42.92668
G1 X93.596 Y88.983 E42.96689
G1 F1237.1 X92.643 Y89.808 E43.00756
G1 X91.726 Y90.66 E43.04794
G1 X90.84 Y91.541 E43.08825
G1 X89.981 Y92.451 E43.12862
G1 X89.155 Y93.388 E43.16892
G1 F1243.5 X88.359 Y94.355 E43.20912
G1 F1246.8 X87.598 Y95.344 E43.24907
G1 F1243.5 X86.871 Y96.36 E43.28917
G1 F1246.8 X86.156 Y97.434 E43.33047
G1 F1243.5 X85.517 Y98.468 E43.36949
G1 F1237.1 X84.896 Y99.554 E43.40985
G1 X84.312 Y100.656 E43.45008
G1 F1240.3 X83.769 Y101.774 E43.49008
G1 X83.254 Y102.925 E43.53066
G1 F1233.9 X82.782 Y104.082 E43.57107
G1 X82.352 Y105.255 E43.61148
G1 F1237.1 X81.998 Y106.329 E43.64797
G1 X81.609 Y107.636 E43.69196
G1 F1230.8 X81.293 Y108.858 E43.73289
G1 F1233.9 X81.023 Y110.078 E43.77331
G1 X80.794 Y111.307 E43.81375
G1 F1237.1 X80.606 Y112.544 E43.85411
G1 F1240.3 X80.46 Y113.786 E43.89435
G1 F1243.5 X80.356 Y115.018 E43.93404
G1 F1246.8 X80.293 Y116.28 E43.97449
G1 F1243.5 X80.269 Y117.528 E44.01455
G1 X80.292 Y118.77 E44.05442
G1 X80.355 Y120.035 E44.09507
G1 X80.459 Y121.268 E44.13479
G1 F1237.1 X80.605 Y122.507 E44.17504
G1 F1230.8 X80.795 Y123.747 E44.21572
G1 X81.023 Y124.976 E44.25625
G1 X81.295 Y126.196 E44.29679
G1 F1237.1 X81.609 Y127.417 E44.33746
G1 F1230.8 X81.993 Y128.725 E44.38167
G1 F1237.1 X82.352 Y129.793 E44.41802
G1 X82.784 Y130.973 E44.45856
G1 F1230.8 X83.256 Y132.129 E44.49905
G1 F1237.1 X83.772 Y133.279 E44.53972
G1 F1243.5 X84.315 Y134.398 E44.57964
G1 F1240.3 X84.898 Y135.5 E44.61976
G1 F1243.5 X85.521 Y136.586 E44.65994
G1 X86.176 Y137.65 E44.70004
G1 F1246.8 X86.877 Y138.694 E44.7403
G1 F1243.5 X87.64 Y139.756 E44.78227
G1 X88.363 Y140.698 E44.82038
G1 F1237.1 X89.155 Y141.66 E44.86059
G1 F1240.3 X89.985 Y142.601 E44.90096
G1 F1243.5 X90.844 Y143.511 E44.94113
G1 F1237.1 X91.731 Y144.393 E44.98148
G1 F1230.8 X92.647 Y145.244 E45.02203
G1 X93.601 Y146.069 E45.06293
G1 X94.565 Y146.849 E45.10314
G1 F1233.9 X95.565 Y147.605 E45.14369
G1 X96.596 Y148.329 E45.18444
G1 X97.635 Y149.007 E45.22457
G1 F1237.1 X98.704 Y149.656 E45.26492
G1 X99.801 Y150.274 E45.30554
G1 F1240.3 X100.904 Y150.845 E45.3455
G1 F1243.5 X102.042 Y151.39 E45.386
G1 F1240.3 X103.177 Y151.889 E45.4259
G1 F1243.5 X104.34 Y152.35 E45.46605
G1 X105.545 Y152.78 E45.50712
G1 X106.707 Y153.153 E45.54629
G1 F1240.3 X107.92 Y153.499 E45.58688
G1 F1237.1 X109.137 Y153.8 E45.62732
G1 X110.349 Y154.057 E45.6673
G1 X111.582 Y154.277 E45.7077
G1 X112.818 Y154.454 E45.74799
G1 X114.059 Y154.593 E45.78827
G1 X115.318 Y154.686 E45.829
G1 X116.571 Y154.738 E45.86946
G1 X117.5 Y154.747 E45.89944
G0 F6000 X117.5 Y155.141
;TYPE:WALL-OUTER
G1 F1200 X117.82 Y155.144 E45.91008
G1 X119.08 Y155.112 E45.952
G1 X120.275 Y155.043 E45.99181
G1 X121.752 Y154.908 E46.04114
G1 X122.865 Y154.761 E46.07848
G1 X124.105 Y154.561 E46.12026
G1 X125.346 Y154.318 E46.16232
G1 X126.48 Y154.058 E46.20101
G1 X127.897 Y153.683 E46.24977
G1 X129.013 Y153.339 E46.28861
G1 X130.212 Y152.932 E46.33072
G1 X131.379 Y152.493 E46.37219
G1 X132.555 Y152.001 E46.41459
G1 X133.799 Y151.434 E46.46006
G1 X134.84 Y150.907 E46.49887
G1 X135.869 Y150.353 E46.53774
G1 X137.121 Y149.627 E46.58587
G1 X138.108 Y148.997 E46.62482
G1 X139.16 Y148.283 E46.66711
G1 X140.178 Y147.539 E46.70904
G1 X141.177 Y146.758 E46.75122
G1 X142.14 Y145.954 E46.79295
G1 X143.086 Y145.102 E46.83529
G1 X143.993 Y144.231 E46.87711
G1 X144.88 Y143.324 E46.91931
G1 X145.723 Y142.396 E46.96101
G1 X146.551 Y141.425 E47.00345
G1 X147.333 Y140.442 E47.04523
G1 X148.09 Y139.419 E47.08756
G1 X148.81 Y138.381 E47.12957
G1 X149.49 Y137.321 E47.17146
G1 X150.085 Y136.318 E47.21025
G1 X150.747 Y135.13 E47.25548
G1 X151.32 Y133.995 E47.29777
G1 X151.958 Y132.605 E47.34864
G1 X151.966 Y132.604 E47.34891
G1 X152.348 Y131.691 E47.38182
G1 X152.807 Y130.509 E47.424
G1 X153.182 Y129.44 E47.46168
G1 X153.598 Y128.114 E47.5079
G1 X153.934 Y126.897 E47.54989
G1 X154.254 Y125.565 E47.59545
G1 X154.479 Y124.431 E47.63391
G1 X154.69 Y123.177 E47.6762
G1 X154.862 Y121.922 E47.71833
G1 X154.984 Y120.678 E47.75991
G1 X155.072 Y119.404 E47.80238
G1 X155.116 Y118.136 E47.84458
G1 X155.115 Y116.838 E47.88775
G1 X155.072 Y115.614 E47.92849
G1 X154.984 Y114.354 E47.9705
G1 X154.86 Y113.107 E48.01218
G1 X154.689 Y111.842 E48.05463
G1 X154.478 Y110.597 E48.09663
G1 X154.25 Y109.462 E48.13514
G1 X153.932 Y108.134 E48.18056
G1 X153.594 Y106.918 E48.22253
G1 X153.182 Y105.597 E48.26856
G1 X152.798 Y104.515 E48.30674
G1 X152.347 Y103.35 E48.3483
G1 X151.841 Y102.171 E48.39097
G1 X151.308 Y101.024 E48.43303
G1 X150.735 Y99.899 E48.47503
G1 X150.125 Y98.792 E48.51707
G1 X149.477 Y97.707 E48.5591
G1 X148.792 Y96.644 E48.60116
G1 X148.116 Y95.67 E48.64059
G1 X147.29 Y94.551 E48.68685
G1 X146.534 Y93.6 E48.72726
G1 X145.712 Y92.639 E48.76932
G1 X144.859 Y91.703 E48.81144
G1 X143.973 Y90.797 E48.85359
G1 X143.08 Y89.938 E48.8948
G1 X142.125 Y89.082 E48.93745
G1 X141.163 Y88.279 E48.97913
G1 X140.16 Y87.495 E49.02148
G1 X139.141 Y86.751 E49.06344
G1 X138.095 Y86.044 E49.10543
G1 X137.103 Y85.415 E49.1445
G1 X135.94 Y84.73 E49.18939
G1 X134.625 Y84.021 E49.23908
G1 X134.618 Y84.026 E49.23937
G1 X133.782 Y83.614 E49.27037
G1 X132.546 Y83.044 E49.31564
G1 X131.378 Y82.555 E49.35775
G1 X130.196 Y82.111 E49.39975
G1 X129.002 Y81.705 E49.44169
G1 X127.808 Y81.343 E49.48319
G1 X126.457 Y80.981 E49.52971
G1 X125.331 Y80.727 E49.5681
G1 X124.088 Y80.484 E49.61023
G1 X122.851 Y80.286 E49.65189
G1 X121.734 Y80.143 E49.68935
G1 X120.265 Y80 E49.73844
G1 X119.063 Y79.936 E49.77847
G1 X117.802 Y79.905 E49.82043
G1 X116.548 Y79.912 E49.86214
G1 X115.285 Y79.968 E49.90418
G1 X114.009 Y80.064 E49.94674
G1 X112.757 Y80.203 E49.98864
G1 X111.508 Y80.383 E50.03061
G1 X110.261 Y80.602 E50.07272
G1 X109.037 Y80.865 E50.11436
G1 X107.807 Y81.172 E50.15653
G1 X106.582 Y81.522 E50.1989
G1 X105.351 Y81.919 E50.24192
G1 X104.193 Y82.332 E50.28281
G1 X103.013 Y82.801 E50.32505
G1 X101.868 Y83.302 E50.36661
G1 X100.734 Y83.847 E50.40846
G1 X99.603 Y84.433 E50.45083
G1 X98.493 Y85.058 E50.4932
G1 X97.417 Y85.714 E50.53511
G1 X96.365 Y86.399 E50.57687
G1 X95.322 Y87.132 E50.61927
G1 X94.313 Y87.895 E50.66134
G1 X93.345 Y88.678 E50.70275
G1 X92.376 Y89.519 E50.74542
G1 X91.448 Y90.38 E50.78753
G1 X90.554 Y91.27 E50.82949
G1 X89.686 Y92.19 E50.87155
G1 X88.851 Y93.138 E50.91357
G1 X88.048 Y94.116 E50.95566
G1 X87.28 Y95.115 E50.99757
G1 X86.544 Y96.142 E51.0396
G1 X85.823 Y97.227 E51.08292
G1 X85.18 Y98.263 E51.12348
G1 X84.548 Y99.369 E51.16585
G1 X83.959 Y100.483 E51.20776
G1 X83.411 Y101.613 E51.24953
G1 X82.89 Y102.776 E51.29191
G1 X82.412 Y103.946 E51.33395
G1 X81.978 Y105.131 E51.37592
G1 X81.622 Y106.215 E51.41387
G1 X81.229 Y107.526 E51.45939
G1 X80.909 Y108.771 E51.50215
G1 X80.635 Y110.006 E51.54422
G1 X80.405 Y111.246 E51.58617
G1 X80.214 Y112.497 E51.62826
G1 X80.068 Y113.744 E51.67002
G1 X79.964 Y114.998 E51.71187
G1 X79.901 Y116.272 E51.7543
G1 X79.876 Y117.528 E51.79608
G1 X79.9 Y118.789 E51.83803
G1 X79.964 Y120.067 E51.88059
G1 X80.068 Y121.313 E51.92217
G1 X80.215 Y122.566 E51.96413
G1 X80.407 Y123.818 E52.00626
G1 X80.638 Y125.061 E52.04831
G1 X80.913 Y126.294 E52.09033
G1 X81.231 Y127.527 E52.13268
G1 X81.619 Y128.851 E52.17857
G1 X81.983 Y129.926 E52.21632
G1 X82.419 Y131.121 E52.25863
G1 X82.896 Y132.289 E52.30059
G1 X83.418 Y133.45 E52.34293
G1 X83.967 Y134.581 E52.38474
G1 X84.556 Y135.695 E52.42666
G1 X85.185 Y136.793 E52.46874
G1 X85.85 Y137.867 E52.51076
G1 X86.558 Y138.921 E52.55299
G1 X87.29 Y139.948 E52.59494
G1 X88.059 Y140.947 E52.63687
G1 X88.864 Y141.925 E52.679
G1 X89.698 Y142.87 E52.72092
G1 X90.566 Y143.79 E52.76299
G1 X91.462 Y144.682 E52.80504
G1 X92.389 Y145.541 E52.84707
G1 X93.352 Y146.376 E52.88946
G1 X94.326 Y147.163 E52.93111
G1 X95.338 Y147.927 E52.97329
G1 X96.38 Y148.659 E53.01564
G1 X97.43 Y149.342 E53.0573
G1 X98.51 Y149.999 E53.09935
G1 X99.62 Y150.623 E53.1417
G1 X100.733 Y151.2 E53.1834
G1 X101.883 Y151.749 E53.22578
G1 X103.031 Y152.254 E53.2675
G1 X104.208 Y152.719 E53.30959
G1 X105.389 Y153.142 E53.35131
G1 X106.599 Y153.53 E53.39357
G1 X107.824 Y153.88 E53.43595
G1 X109.055 Y154.186 E53.47814
G1 X110.279 Y154.445 E53.51975
G1 X111.525 Y154.667 E53.56184
G1 X112.774 Y154.846 E53.60381
G1 X114.029 Y154.985 E53.64581
G1 X115.301 Y155.08 E53.68823
G1 X116.567 Y155.132 E53.73038
G1 X117.5 Y155.141 E53.76141
G0 F6000 X117.502 Y154.834
G0 X117.501 Y154.282
G0 X117.5 Y153.969
G1 F1200 X117.207 Y153.972 E53.77115
G1 X115.907 Y153.94 E53.81441
G1 X114.572 Y153.859 E53.85889
G1 X113.321 Y153.735 E53.9007
G1 X112.038 Y153.562 E53.94376
G1 X110.779 Y153.348 E53.98624
G1 X109.508 Y153.087 E54.02939
G1 X108.237 Y152.777 E54.0729
G1 X106.994 Y152.427 E54.11585
G1 X105.774 Y152.036 E54.15846
G1 X104.829 Y151.689 E54.19195
G1 X104.817 Y151.699 E54.19247
G1 X103.354 Y151.119 E54.24481
G1 X102.168 Y150.593 E54.28796
G1 X101.006 Y150.029 E54.33092
G1 X99.851 Y149.417 E54.3744
G1 X98.734 Y148.77 E54.41733
G1 X97.644 Y148.09 E54.46006
G1 X96.534 Y147.342 E54.50458
G1 X95.484 Y146.578 E54.54777
G1 X94.511 Y145.81 E54.589
G1 X93.52 Y144.98 E54.63199
G1 X92.552 Y144.1 E54.6755
G1 X91.623 Y143.195 E54.71864
G1 X90.71 Y142.245 E54.76246
G1 X89.846 Y141.268 E54.80584
G1 X89.017 Y140.27 E54.849
G1 X88.253 Y139.277 E54.89067
G1 X87.505 Y138.236 E54.9333
G1 X86.805 Y137.193 E54.97508
G1 X86.089 Y136.023 E55.0207
G1 X85.466 Y134.921 E55.06281
G1 X84.851 Y133.738 E55.10715
G1 X84.296 Y132.568 E55.15022
G1 X83.785 Y131.381 E55.19321
G1 X83.327 Y130.211 E55.235
G1 X82.888 Y128.968 E55.27884
G1 X82.503 Y127.721 E55.32225
G1 X82.161 Y126.47 E55.36538
G1 X81.879 Y125.259 E55.40674
G1 X81.626 Y123.98 E55.4501
G1 X81.413 Y122.662 E55.49451
G1 X81.252 Y121.394 E55.53702
G1 X81.136 Y120.09 E55.58056
G1 X81.072 Y118.8 E55.62352
G1 X81.048 Y117.56 E55.66477
G1 X81.072 Y116.261 E55.70799
G1 X81.14 Y114.93 E55.75231
G1 X81.253 Y113.666 E55.79452
G1 X81.414 Y112.396 E55.8371
G1 X81.623 Y111.081 E55.88139
G1 X81.869 Y109.838 E55.92353
G1 X82.159 Y108.59 E55.96614
G1 X82.512 Y107.304 E56.0105
G1 X82.897 Y106.061 E56.05378
G1 X83.309 Y104.882 E56.09532
G1 X83.796 Y103.64 E56.13969
G1 X84.307 Y102.458 E56.18252
G1 X84.846 Y101.319 E56.22443
G1 X85.449 Y100.161 E56.26785
G1 X86.081 Y99.043 E56.31057
G1 X86.821 Y97.832 E56.35777
G1 X87.507 Y96.808 E56.39877
G1 X88.249 Y95.769 E56.44123
G1 X89.01 Y94.784 E56.48263
G1 X89.838 Y93.787 E56.52574
G1 X90.703 Y92.813 E56.56906
G1 X91.616 Y91.861 E56.61293
G1 X92.541 Y90.956 E56.65598
G1 X93.471 Y90.11 E56.69779
G1 X94.472 Y89.27 E56.74125
G1 X95.478 Y88.478 E56.78384
G1 X96.563 Y87.686 E56.82852
G1 X97.626 Y86.966 E56.87122
G1 X98.691 Y86.303 E56.91294
G1 X99.842 Y85.635 E56.95721
G1 X100.996 Y85.024 E57.00064
G1 X102.115 Y84.477 E57.04206
G1 X103.345 Y83.934 E57.08678
G1 X104.544 Y83.451 E57.12978
G1 X105.752 Y83.017 E57.17247
G1 X106.981 Y82.623 E57.21539
G1 X108.24 Y82.269 E57.25889
G1 X109.495 Y81.964 E57.30185
G1 X110.722 Y81.71 E57.34353
G1 X111.988 Y81.493 E57.38625
G1 X113.32 Y81.313 E57.43095
G1 X114.563 Y81.192 E57.47249
G1 X115.854 Y81.112 E57.51551
G1 X117.195 Y81.076 E57.56013
G1 X118.441 Y81.088 E57.60157
G1 X119.744 Y81.144 E57.64495
G1 X121.023 Y81.245 E57.68762
G1 X122.318 Y81.394 E57.73098
G1 X123.593 Y81.587 E57.77387
G1 X124.856 Y81.824 E57.81661
G1 X126.127 Y82.11 E57.85994
G1 X127.375 Y82.436 E57.90284
G1 X128.643 Y82.821 E57.94692
G1 X129.944 Y83.261 E57.9926
G1 X131.058 Y83.691 E58.03231
G1 X132.249 Y84.19 E58.07526
G1 X133.423 Y84.737 E58.11834
G1 X134.597 Y85.333 E58.16213
G1 X135.707 Y85.948 E58.20434
G1 X136.805 Y86.608 E58.24695
G1 X137.904 Y87.32 E58.2905
G1 X138.989 Y88.084 E58.33464
G1 X139.987 Y88.837 E58.37622
G1 X141.024 Y89.685 E58.42077
G1 X141.961 Y90.506 E58.46221
G1 X142.914 Y91.398 E58.50562
G1 X143.819 Y92.308 E58.54831
G1 X144.696 Y93.257 E58.59129
G1 X145.564 Y94.266 E58.63556
G1 X146.377 Y95.278 E58.67873
G1 X147.182 Y96.367 E58.72377
G1 X147.861 Y97.359 E58.76376
G1 X148.557 Y98.442 E58.80657
G1 X149.232 Y99.588 E58.85081
G1 X149.831 Y100.691 E58.89256
G1 X150.423 Y101.881 E58.93676
G1 X150.962 Y103.071 E58.98021
G1 X151.44 Y104.234 E59.02204
G1 X151.898 Y105.469 E59.06585
G1 X152.304 Y106.699 E59.10893
G1 X152.658 Y107.906 E59.15076
G1 X152.976 Y109.157 E59.19369
G1 X153.261 Y110.473 E59.23848
G1 X153.478 Y111.699 E59.27989
G1 X153.671 Y113.026 E59.32449
G1 X153.808 Y114.301 E59.36714
G1 X153.9 Y115.593 E59.41022
G1 X153.944 Y116.898 E59.45365
G1 X153.944 Y118.143 E59.49506
G1 X153.9 Y119.451 E59.53859
G1 X153.807 Y120.726 E59.58111
G1 X153.671 Y122.013 E59.62415
G1 X153.489 Y123.292 E59.66712
G1 X153.26 Y124.566 E59.71017
G1 X152.978 Y125.882 E59.75494
G1 X152.673 Y127.089 E59.79634
G1 X152.307 Y128.339 E59.83966
G1 X151.868 Y129.67 E59.88628
G1 X151.453 Y130.785 E59.92585
G1 X150.963 Y131.967 E59.96841
G1 X150.432 Y133.145 E60.01138
G1 X149.852 Y134.316 E60.05485
G1 X149.217 Y135.486 E60.09912
G1 X148.565 Y136.592 E60.14183
G1 X147.889 Y137.65 E60.18358
G1 X147.139 Y138.736 E60.22748
G1 X146.365 Y139.78 E60.27071
G1 X145.568 Y140.775 E60.31311
G1 X144.711 Y141.776 E60.35694
G1 X143.85 Y142.709 E60.39916
G1 X142.921 Y143.646 E60.44305
G1 X141.968 Y144.539 E60.48649
G1 X141.003 Y145.383 E60.52913
G1 X140.029 Y146.176 E60.5709
G1 X139 Y146.956 E60.61385
G1 X137.91 Y147.724 E60.6582
G1 X136.847 Y148.416 E60.70038
G1 X135.717 Y149.096 E60.74425
G1 X134.571 Y149.727 E60.78776
G1 X133.465 Y150.29 E60.82904
G1 X132.258 Y150.853 E60.87334
G1 X131.052 Y151.359 E60.91683
G1 X129.889 Y151.801 E60.95822
G1 X128.631 Y152.232 E61.00244
G1 X127.383 Y152.61 E61.04581
G1 X126.177 Y152.927 E61.08729
G1 X124.905 Y153.217 E61.13068
G1 X123.607 Y153.462 E61.17462
G1 X122.363 Y153.651 E61.21647
G1 X121.057 Y153.8 E61.26019
G1 X119.749 Y153.904 E61.30383
G1 X118.447 Y153.96 E61.34717
G1 X117.5 Y153.969 E61.37867
G1 F2700 E56.37867
;MESH:NONMESH
G0 F300 X117.5 Y153.969 Z0.4
G0 F6000 X117.501 Y154.282
G0 X113.295 Y153.982
G0 X110.729 Y153.595
G0 X108.187 Y153.023
G0 X105.694 Y152.273
G0 X103.258 Y151.348
G0 X100.894 Y150.253
G0 X98.615 Y148.992
G0 X96.399 Y147.552
G0 X94.351 Y146.003
G0 X92.389 Y144.289
G0 X90.528 Y142.413
G0 X88.83 Y140.436
G0 X87.3 Y138.375
G0 X85.877 Y136.148
G0 X84.636 Y133.858
G0 X83.56 Y131.486
G0 X82.655 Y129.044
G0 X81.925 Y126.542
G0 X81.382 Y124.034
G0 X81.006 Y121.417
G0 X80.823 Y118.818
G0 X80.824 Y116.252
G0 X81.006 Y113.652
G0 X81.379 Y111.037
G0 X81.921 Y108.527
G0 X82.661 Y105.99
G0 X83.568 Y103.547
G0 X84.628 Y101.21
G0 X89.032 Y93.282
G0 X88.21 Y92.559
G0 X82.88 Y82.866
;TIME_ELAPSED:99.998920
;LAYER:1
M106 S85
;TYPE:SKIRT
G1 F2700 E61.37867
G1 F1200 X84.346 Y81.461 E61.44621
G1 X85.532 Y80.405 E61.49902
G1 X86.537 Y79.563 E61.54263
G1 X87.86 Y78.522 E61.59862
G1 X89.14 Y77.581 E61.65146
G1 X90.541 Y76.623 E61.70791
G1 X91.921 Y75.746 E61.7623
G1 X93.356 Y74.901 E61.81768
G1 X95.071 Y73.972 E61.88256
G1 X96.241 Y73.39 E61.92602
G1 X97.771 Y72.686 E61.98204
G1 X99.242 Y72.067 E62.03512
G1 X100.806 Y71.47 E62.0908
G1 X102.703 Y70.824 E62.15745
G1 X104.216 Y70.372 E62.20997
G1 X105.525 Y70.023 E62.25503
G1 X107.107 Y69.653 E62.30907
G1 X108.757 Y69.324 E62.36503
G1 X110.334 Y69.065 E62.41818
G1 X112.338 Y68.81 E62.48537
G1 X113.994 Y68.663 E62.54067
G1 X115.625 Y68.574 E62.59499
G1 X117.25 Y68.539 E62.64905
G1 X118.886 Y68.558 E62.70347
G1 X120.566 Y68.634 E62.75941
G1 X122.183 Y68.762 E62.81335
G1 X123.85 Y68.951 E62.86915
G1 X125.446 Y69.186 E62.92281
G1 X127.053 Y69.478 E62.97713
G1 X128.715 Y69.838 E63.03369
G1 X130.256 Y70.227 E63.08656
G1 X131.85 Y70.687 E63.14174
G1 X133.444 Y71.205 E63.19748
G1 X134.96 Y71.755 E63.25112
G1 X136.505 Y72.374 E63.30648
G1 X137.689 Y72.89 E63.34944
G1 X139.198 Y73.604 E63.40496
G1 X140.941 Y74.508 E63.47027
G1 X142.357 Y75.312 E63.52442
G1 X143.815 Y76.205 E63.58129
G1 X145.139 Y77.079 E63.63406
G1 X146.519 Y78.056 E63.69029
G1 X147.799 Y79.031 E63.74381
G1 X149.087 Y80.081 E63.79908
G1 X150.318 Y81.155 E63.85342
G1 X151.569 Y82.324 E63.91036
G1 X152.675 Y83.429 E63.96236
G1 X153.546 Y84.351 E64.00455
G1 X154.702 Y85.653 E64.06246
G1 X155.724 Y86.885 E64.1157
G1 X156.733 Y88.189 E64.17054
G1 X157.908 Y89.829 E64.23764
G1 X158.62 Y90.899 E64.28039
G1 X159.484 Y92.283 E64.33465
G1 X160.311 Y93.712 E64.38957
G1 X161.087 Y95.164 E64.44433
G1 X161.81 Y96.635 E64.49884
G1 X162.503 Y98.17 E64.55486
G1 X163.108 Y99.645 E64.60788
G1 X163.689 Y101.204 E64.66322
G1 X164.321 Y103.115 E64.73016
G1 X164.771 Y104.67 E64.78401
G1 X165.176 Y106.265 E64.83874
G1 X165.526 Y107.868 E64.89331
G1 X165.825 Y109.495 E64.94833
G1 X166.069 Y111.129 E65.00328
G1 X166.222 Y112.425 E65.04669
G1 X166.365 Y114.067 E65.10151
G1 X166.453 Y115.697 E65.1558
G1 X166.487 Y117.345 E65.21062
G1 X166.464 Y119.023 E65.26644
G1 X166.389 Y120.628 E65.31988
G1 X166.258 Y122.27 E65.37467
G1 X166.068 Y123.923 E65.43001
G1 X165.827 Y125.541 E65.48442
G1 X165.461 Y127.505 E65.55086
G1 X165.1 Y129.103 E65.60535
G1 X164.683 Y130.701 E65.66028
G1 X164.219 Y132.26 E65.71438
G1 X163.804 Y133.518 E65.75844
G1 X163.237 Y135.074 E65.81352
G1 X162.632 Y136.576 E65.86738
G1 X161.956 Y138.105 E65.92298
G1 X161.245 Y139.577 E65.97735
G1 X160.479 Y141.033 E66.03207
G1 X159.669 Y142.457 E66.08656
G1 X158.801 Y143.87 E66.14172
G1 X157.903 Y145.227 E66.19584
G1 X156.942 Y146.58 E66.25104
G1 X155.939 Y147.895 E66.30604
G1 X154.914 Y149.148 E66.35989
G1 X153.579 Y150.664 E66.42707
G1 X152.436 Y151.867 E66.48227
G1 X151.568 Y152.727 E66.52291
G1 X150.021 Y154.162 E66.59309
G1 X148.852 Y155.167 E66.64436
G1 X147.82 Y156.003 E66.68854
G1 X146.212 Y157.216 E66.75553
G1 X144.886 Y158.143 E66.80934
G1 X143.483 Y159.054 E66.86498
G1 X142.081 Y159.9 E66.91944
G1 X140.632 Y160.709 E66.97464
G1 X139.502 Y161.295 E67.01697
G1 X138.022 Y162.007 E67.0716
G1 X136.197 Y162.804 E67.13784
G1 X134.61 Y163.427 E67.19454
G1 X133.076 Y163.97 E67.24866
G1 X131.551 Y164.453 E67.30187
G1 X129.919 Y164.912 E67.35826
G1 X128.384 Y165.288 E67.41082
G1 X126.742 Y165.633 E67.46662
G1 X125.111 Y165.918 E67.52169
G1 X123.496 Y166.144 E67.57593
G1 X121.863 Y166.318 E67.63055
G1 X120.19 Y166.439 E67.68634
G1 X118.584 Y166.501 E67.7398
G1 X116.897 Y166.509 E67.79591
G1 X115.582 Y166.476 E67.83966
G1 X114.033 Y166.39 E67.89126
G1 X112.288 Y166.234 E67.94953
G1 X110.731 Y166.043 E68.0017
G1 X109.064 Y165.781 E68.05783
G1 X107.446 Y165.47 E68.11263
G1 X105.859 Y165.11 E68.16675
G1 X103.921 Y164.593 E68.23347
G1 X102.367 Y164.118 E68.28751
G1 X100.777 Y163.571 E68.34344
G1 X99.258 Y162.991 E68.39752
G1 X97.762 Y162.361 E68.45151
G1 X96.229 Y161.655 E68.50764
G1 X95.107 Y161.096 E68.54934
G1 X93.316 Y160.128 E68.61705
G1 X91.922 Y159.305 E68.67089
G1 X90.53 Y158.421 E68.72574
G1 X89.147 Y157.475 E68.78147
G1 X87.87 Y156.536 E68.83419
G1 X86.534 Y155.485 E68.89072
G1 X85.554 Y154.665 E68.93322
G1 X84.33 Y153.575 E68.98774
G1 X83.119 Y152.422 E69.04335
G1 X81.98 Y151.262 E69.09742
G1 X80.832 Y150.01 E69.15392
G1 X79.606 Y148.572 E69.21677
G1 X78.531 Y147.211 E69.27446
G1 X77.576 Y145.915 E69.328
G1 X76.831 Y144.838 E69.37156
G1 X75.773 Y143.191 E69.43666
G1 X74.908 Y141.727 E69.49322
G1 X74.133 Y140.309 E69.54697
G1 X73.395 Y138.846 E69.60147
G1 X72.696 Y137.337 E69.65678
G1 X72.187 Y136.145 E69.69989
G1 X71.587 Y134.609 E69.75474
G1 X71.036 Y133.047 E69.80983
G1 X70.557 Y131.532 E69.86267
G1 X70.09 Y129.859 E69.92045
G1 X69.722 Y128.348 E69.97217
G1 X69.37 Y126.656 E70.02965
G1 X69.104 Y125.121 E70.08147
G1 X68.868 Y123.414 E70.13878
G1 X68.7 Y121.806 E70.19256
G1 X68.581 Y120.129 E70.24847
G1 X68.523 Y118.541 E70.30133
G1 X68.517 Y116.872 E70.35684
G1 X68.584 Y114.885 E70.42296
G1 X68.699 Y113.242 E70.47774
G1 X68.827 Y111.973 E70.52016
G1 X69.051 Y110.284 E70.57683
G1 X69.315 Y108.691 E70.63054
G1 X69.646 Y107.045 E70.68638
G1 X70.09 Y105.191 E70.74979
G1 X70.558 Y103.517 E70.8076
G1 X71.035 Y102.006 E70.8603
G1 X71.591 Y100.432 E70.91582
G1 X72.191 Y98.898 E70.97061
G1 X72.842 Y97.389 E71.02527
G1 X73.554 Y95.879 E71.0808
G1 X74.293 Y94.44 E71.1346
G1 X75.08 Y93.024 E71.18848
G1 X75.956 Y91.565 E71.24508
G1 X76.831 Y90.213 E71.29865
G1 X77.774 Y88.86 E71.3535
G1 X78.739 Y87.569 E71.40711
G1 X79.825 Y86.214 E71.46486
G1 X80.83 Y85.042 E71.51621
G1 X81.747 Y84.035 E71.56151
G1 X82.88 Y82.866 E71.61566
G1 F2700 E66.61566
;MESH:Led Ring.stl
G0 F7500 X89.35 Y93.466
G0 X117.5 Y154.37
;TYPE:WALL-INNER
G1 F2700 E71.61566
G1 F1350 X117.131 Y154.372 E71.62793
G1 X115.826 Y154.335 E71.67135
G1 X114.513 Y154.254 E71.71511
G1 X113.309 Y154.135 E71.75535
G1 X111.949 Y153.956 E71.80097
G1 X110.638 Y153.728 E71.84523
G1 X109.362 Y153.464 E71.88857
G1 X108.087 Y153.154 E71.93221
G1 X106.839 Y152.798 E71.97538
G1 X105.574 Y152.392 E72.01956
G1 X104.357 Y151.95 E72.06263
G1 X103.245 Y151.505 E72.10246
G1 X101.969 Y150.942 E72.14885
G1 X101.042 Y150.502 E72.18298
G1 X99.616 Y149.744 E72.23669
G1 X98.569 Y149.142 E72.27686
G1 X97.385 Y148.402 E72.3233
G1 X96.219 Y147.615 E72.37009
G1 X95.315 Y146.946 E72.4075
G1 X94.208 Y146.082 E72.4542
G1 X93.2 Y145.229 E72.49812
G1 X92.232 Y144.349 E72.54163
G1 X91.306 Y143.444 E72.5847
G1 X90.394 Y142.491 E72.62857
G1 X89.525 Y141.511 E72.67213
G1 X88.693 Y140.504 E72.71558
G1 X87.9 Y139.478 E72.75871
G1 X87.131 Y138.403 E72.80267
G1 X86.411 Y137.313 E72.84612
G1 X85.729 Y136.197 E72.88962
G1 X85.09 Y135.067 E72.9328
G1 X84.485 Y133.894 E72.97669
G1 X83.925 Y132.711 E73.02023
G1 X83.405 Y131.511 E73.06373
G1 X82.929 Y130.294 E73.10719
G1 X82.502 Y129.07 E73.15031
G1 X82.113 Y127.811 E73.19413
G1 X81.767 Y126.548 E73.23769
G1 X81.475 Y125.285 E73.2808
G1 X81.219 Y123.988 E73.32478
G1 X81.012 Y122.697 E73.36826
G1 X80.854 Y121.41 E73.41139
G1 X80.737 Y120.096 E73.45527
G1 X80.668 Y118.791 E73.49873
G1 X80.648 Y117.602 E73.53828
G1 X80.668 Y116.297 E73.58169
G1 X80.734 Y114.991 E73.62519
G1 X80.86 Y113.561 E73.67293
G1 X81.027 Y112.233 E73.71745
G1 X81.235 Y110.987 E73.75947
G1 X81.491 Y109.694 E73.80331
G1 X81.789 Y108.429 E73.84653
G1 X82.134 Y107.17 E73.88995
G1 X82.522 Y105.92 E73.93348
G1 X82.957 Y104.685 E73.97703
G1 X83.433 Y103.469 E74.02046
G1 X83.953 Y102.271 E74.0639
G1 X84.516 Y101.086 E74.10754
G1 X85.121 Y99.927 E74.15102
G1 X85.757 Y98.807 E74.19386
G1 X86.451 Y97.676 E74.23799
G1 X87.176 Y96.582 E74.28165
G1 X87.937 Y95.52 E74.3251
G1 X88.725 Y94.504 E74.36786
G1 X89.452 Y93.624 E74.40583
G1 X90.455 Y92.492 E74.45613
G1 X91.349 Y91.562 E74.49904
G1 X92.297 Y90.639 E74.54305
G1 X93.257 Y89.769 E74.58614
G1 X94.265 Y88.919 E74.62999
G1 X95.287 Y88.118 E74.67318
G1 X96.344 Y87.35 E74.71664
G1 X97.438 Y86.614 E74.76049
G1 X98.538 Y85.928 E74.80361
G1 X99.683 Y85.265 E74.84762
G1 X100.837 Y84.656 E74.89101
G1 X102.017 Y84.083 E74.93464
G1 X103.213 Y83.554 E74.97814
G1 X104.546 Y83.022 E75.02588
G1 X105.657 Y82.628 E75.06508
G1 X106.891 Y82.234 E75.10817
G1 X108.139 Y81.878 E75.15133
G1 X109.434 Y81.568 E75.19562
G1 X110.714 Y81.304 E75.23909
G1 X111.992 Y81.085 E75.28222
G1 X113.301 Y80.91 E75.32614
G1 X114.585 Y80.785 E75.36905
G1 X115.896 Y80.708 E75.41273
G1 X117.212 Y80.676 E75.45651
G1 X118.402 Y80.684 E75.49609
G1 X119.719 Y80.741 E75.53994
G1 X121.015 Y80.843 E75.58317
G1 X122.326 Y80.99 E75.62705
G1 X123.72 Y81.202 E75.67395
G1 X125.002 Y81.447 E75.71736
G1 X126.289 Y81.739 E75.76125
G1 X127.542 Y82.069 E75.80435
G1 X128.806 Y82.451 E75.84827
G1 X130.018 Y82.863 E75.89085
G1 X131.253 Y83.339 E75.93487
G1 X132.47 Y83.851 E75.97878
G1 X133.644 Y84.401 E76.0219
G1 X134.82 Y84.998 E76.06577
G1 X135.954 Y85.629 E76.10893
G1 X137.075 Y86.304 E76.15245
G1 X138.085 Y86.961 E76.19253
G1 X139.239 Y87.77 E76.2394
G1 X140.284 Y88.562 E76.28301
G1 X141.296 Y89.388 E76.32646
G1 X142.287 Y90.258 E76.37032
G1 X143.231 Y91.145 E76.4134
G1 X144.199 Y92.122 E76.45915
G1 X145.036 Y93.037 E76.50039
G1 X145.896 Y94.041 E76.54436
G1 X146.717 Y95.065 E76.58801
G1 X147.506 Y96.137 E76.63229
G1 X148.235 Y97.193 E76.67496
G1 X148.919 Y98.269 E76.71737
G1 X149.593 Y99.414 E76.76156
G1 X150.214 Y100.564 E76.80503
G1 X150.796 Y101.736 E76.84855
G1 X151.34 Y102.94 E76.8925
G1 X151.831 Y104.138 E76.93556
G1 X152.283 Y105.352 E76.97865
G1 X152.696 Y106.61 E77.02268
G1 X153.058 Y107.862 E77.06603
G1 X153.38 Y109.115 E77.10906
G1 X153.655 Y110.409 E77.15306
G1 X153.884 Y111.683 E77.19611
G1 X154.073 Y113.006 E77.24056
G1 X154.207 Y114.293 E77.2836
G1 X154.3 Y115.599 E77.32715
G1 X154.344 Y116.906 E77.37064
G1 X154.34 Y118.213 E77.41411
G1 X154.299 Y119.422 E77.45435
G1 X154.21 Y120.714 E77.49742
G1 X154.074 Y122.018 E77.54103
G1 X153.873 Y123.417 E77.58804
G1 X153.642 Y124.697 E77.6313
G1 X153.362 Y126.001 E77.67566
G1 X153.041 Y127.257 E77.71878
G1 X152.67 Y128.521 E77.76259
G1 X152.263 Y129.754 E77.80578
G1 X151.814 Y130.964 E77.8487
G1 X151.307 Y132.188 E77.89277
G1 X150.772 Y133.367 E77.93583
G1 X150.18 Y134.547 E77.97974
G1 X149.55 Y135.706 E78.02361
G1 X148.902 Y136.805 E78.06605
G1 X148.186 Y137.927 E78.11032
G1 X147.434 Y139.01 E78.15417
G1 X146.652 Y140.065 E78.19785
G1 X145.835 Y141.079 E78.24116
G1 X144.989 Y142.063 E78.28432
G1 X144.102 Y143.024 E78.32782
G1 X143.18 Y143.95 E78.37128
G1 X142.227 Y144.844 E78.41474
G1 X141.231 Y145.714 E78.45873
G1 X140.226 Y146.531 E78.5018
G1 X139.181 Y147.32 E78.54535
G1 X138.108 Y148.071 E78.58892
G1 X137.002 Y148.791 E78.63281
G1 X135.891 Y149.458 E78.67591
G1 X134.735 Y150.096 E78.71982
G1 X133.577 Y150.68 E78.76296
G1 X132.393 Y151.229 E78.80637
G1 X131.186 Y151.738 E78.84994
G1 X130.064 Y152.164 E78.88985
G1 X128.725 Y152.623 E78.93693
G1 X127.464 Y153.001 E78.98072
G1 X126.206 Y153.329 E79.02396
G1 X124.919 Y153.622 E79.06786
G1 X123.637 Y153.862 E79.11124
G1 X122.354 Y154.053 E79.15438
G1 X121.02 Y154.207 E79.19905
G1 X119.735 Y154.308 E79.24192
G1 X118.424 Y154.364 E79.28556
G1 X117.5 Y154.37 E79.31629
G0 F7500 X117.5 Y155.326
G1 F1350 X117.821 Y155.328 E79.32697
G1 X119.086 Y155.297 E79.36906
G1 X120.288 Y155.229 E79.4091
G1 X121.751 Y155.093 E79.45797
G1 X122.891 Y154.941 E79.49622
G1 X124.139 Y154.744 E79.53824
G1 X125.386 Y154.5 E79.58051
G1 X126.451 Y154.256 E79.61685
G1 X127.968 Y153.856 E79.66903
G1 X129.068 Y153.515 E79.70733
G1 X130.257 Y153.114 E79.74906
G1 X131.454 Y152.663 E79.79161
G1 X132.63 Y152.171 E79.83401
G1 X133.779 Y151.643 E79.87607
G1 X134.925 Y151.071 E79.91867
G1 X135.96 Y150.513 E79.95777
G1 X137.216 Y149.786 E80.00604
G1 X138.203 Y149.155 E80.04501
G1 X139.181 Y148.492 E80.0843
G1 X140.285 Y147.691 E80.12967
G1 X141.292 Y146.904 E80.17218
G1 X142.255 Y146.094 E80.21403
G1 X143.214 Y145.237 E80.25681
G1 X144.122 Y144.364 E80.2987
G1 X145.016 Y143.45 E80.34123
G1 X145.862 Y142.518 E80.38309
G1 X146.693 Y141.544 E80.42568
G1 X147.484 Y140.549 E80.46795
G1 X148.296 Y139.456 E80.51324
G1 X148.959 Y138.486 E80.55232
G1 X149.645 Y137.42 E80.59448
G1 X150.247 Y136.41 E80.63359
G1 X150.913 Y135.211 E80.67921
G1 X151.486 Y134.078 E80.72144
G1 X152.09 Y132.78 E80.76905
G1 X152.522 Y131.758 E80.80596
G1 X152.978 Y130.574 E80.84816
G1 X153.4 Y129.374 E80.89046
G1 X153.772 Y128.165 E80.93254
G1 X154.112 Y126.938 E80.97488
G1 X154.435 Y125.605 E81.0205
G1 X154.662 Y124.46 E81.05933
G1 X154.875 Y123.205 E81.10166
G1 X155.044 Y121.946 E81.14391
G1 X155.17 Y120.694 E81.18577
G1 X155.256 Y119.417 E81.22834
G1 X155.3 Y118.146 E81.27064
G1 X155.299 Y116.852 E81.31367
G1 X155.256 Y115.608 E81.35507
G1 X155.169 Y114.34 E81.39735
G1 X155.043 Y113.083 E81.43936
G1 X154.87 Y111.816 E81.4819
G1 X154.657 Y110.563 E81.52417
G1 X154.436 Y109.442 E81.56217
G1 X154.109 Y108.083 E81.60866
G1 X153.775 Y106.884 E81.65006
G1 X153.391 Y105.649 E81.69308
G1 X152.97 Y104.449 E81.73537
G1 X152.513 Y103.263 E81.77765
G1 X152.093 Y102.263 E81.81372
G1 X151.481 Y100.957 E81.86169
G1 X150.902 Y99.819 E81.90416
G1 X150.243 Y98.624 E81.94955
G1 X149.635 Y97.611 E81.98884
G1 X148.948 Y96.543 E82.03108
G1 X148.284 Y95.584 E82.06988
G1 X147.473 Y94.486 E82.11528
G1 X146.679 Y93.483 E82.15782
G1 X145.857 Y92.52 E82.19994
G1 X144.998 Y91.579 E82.24231
G1 X144.104 Y90.666 E82.28481
G1 X143.193 Y89.791 E82.32683
G1 X142.246 Y88.946 E82.36904
G1 X141.279 Y88.134 E82.41104
G1 X140.272 Y87.347 E82.45354
G1 X139.171 Y86.543 E82.49889
G1 X138.199 Y85.893 E82.53778
G1 X137.201 Y85.261 E82.57707
G1 X135.949 Y84.524 E82.62539
G1 X134.91 Y83.967 E82.6646
G1 X133.863 Y83.447 E82.70348
G1 X132.619 Y82.875 E82.74902
G1 X131.445 Y82.382 E82.79137
G1 X130.262 Y81.935 E82.83343
G1 X129.058 Y81.53 E82.87568
G1 X127.955 Y81.195 E82.91403
G1 X126.482 Y80.8 E82.96475
G1 X125.368 Y80.547 E83.00274
G1 X124.119 Y80.303 E83.04507
G1 X122.878 Y80.102 E83.08688
G1 X121.755 Y79.961 E83.12453
G1 X120.288 Y79.821 E83.17354
G1 X119.072 Y79.752 E83.21405
G1 X117.808 Y79.721 E83.25611
G1 X116.543 Y79.728 E83.29818
G1 X115.277 Y79.784 E83.34033
G1 X113.997 Y79.882 E83.38303
G1 X112.736 Y80.021 E83.42522
G1 X111.475 Y80.198 E83.46757
G1 X110.229 Y80.422 E83.50968
G1 X108.997 Y80.687 E83.55159
G1 X107.764 Y80.994 E83.59386
G1 X106.531 Y81.344 E83.63649
G1 X105.318 Y81.732 E83.67884
G1 X104.14 Y82.154 E83.72046
G1 X102.944 Y82.63 E83.76328
G1 X101.792 Y83.137 E83.80514
G1 X100.633 Y83.689 E83.84784
G1 X99.52 Y84.268 E83.88956
G1 X98.401 Y84.898 E83.93228
G1 X97.318 Y85.556 E83.97442
G1 X96.263 Y86.245 E84.01633
G1 X95.216 Y86.982 E84.05892
G1 X94.2 Y87.75 E84.10128
G1 X93.224 Y88.541 E84.14306
G1 X92.256 Y89.381 E84.18569
G1 X91.321 Y90.243 E84.22799
G1 X90.422 Y91.14 E84.27023
G1 X89.551 Y92.062 E84.31241
G1 X88.714 Y93.015 E84.3546
G1 X87.915 Y93.991 E84.39655
G1 X87.129 Y95.006 E84.43925
G1 X86.389 Y96.038 E84.48149
G1 X85.686 Y97.095 E84.52371
G1 X85.021 Y98.173 E84.56584
G1 X84.386 Y99.278 E84.60822
G1 X83.792 Y100.4 E84.65045
G1 X83.242 Y101.529 E84.69222
G1 X82.72 Y102.695 E84.73471
G1 X82.241 Y103.88 E84.77722
G1 X81.8 Y105.071 E84.81946
G1 X81.443 Y106.158 E84.85752
G1 X81.049 Y107.485 E84.90356
G1 X80.731 Y108.727 E84.9462
G1 X80.455 Y109.968 E84.98848
G1 X80.223 Y111.208 E85.03044
G1 X80.031 Y112.473 E85.073
G1 X79.885 Y113.731 E85.11512
G1 X79.782 Y114.95 E85.15581
G1 X79.712 Y116.267 E85.19967
G1 X79.693 Y117.528 E85.24162
G1 X79.715 Y118.861 E85.28596
G1 X79.779 Y120.073 E85.32633
G1 X79.886 Y121.331 E85.36832
G1 X80.032 Y122.592 E85.41054
G1 X80.225 Y123.846 E85.45274
G1 X80.457 Y125.095 E85.49499
G1 X80.733 Y126.335 E85.53724
G1 X81.053 Y127.58 E85.58
G1 X81.443 Y128.904 E85.62591
G1 X81.805 Y129.992 E85.66404
G1 X82.247 Y131.181 E85.70623
G1 X82.723 Y132.36 E85.74852
G1 X83.247 Y133.528 E85.7911
G1 X83.8 Y134.662 E85.83306
G1 X84.393 Y135.784 E85.87527
G1 X85.024 Y136.887 E85.91754
G1 X85.692 Y137.965 E85.95972
G1 X86.357 Y138.965 E85.99966
G1 X87.157 Y140.08 E86.0453
G1 X87.921 Y141.067 E86.08682
G1 X88.717 Y142.04 E86.12863
G1 X89.562 Y142.997 E86.17109
G1 X90.431 Y143.917 E86.21318
G1 X91.333 Y144.811 E86.25542
G1 X92.267 Y145.677 E86.29779
G1 X93.235 Y146.516 E86.34039
G1 X94.213 Y147.307 E86.38223
G1 X95.228 Y148.075 E86.42456
G1 X96.276 Y148.81 E86.46714
G1 X97.331 Y149.499 E86.50905
G1 X98.414 Y150.157 E86.5512
G1 X99.533 Y150.787 E86.59391
G1 X100.647 Y151.366 E86.63566
G1 X101.805 Y151.917 E86.67832
G1 X102.96 Y152.425 E86.72028
G1 X104.131 Y152.89 E86.76219
G1 X105.336 Y153.317 E86.80471
G1 X106.539 Y153.706 E86.84676
G1 X107.771 Y154.056 E86.88936
G1 X109.004 Y154.363 E86.93162
G1 X110.243 Y154.628 E86.97376
G1 X111.491 Y154.848 E87.01591
G1 X112.74 Y155.028 E87.05788
G1 X114.011 Y155.166 E87.10041
G1 X115.288 Y155.264 E87.143
G1 X116.56 Y155.32 E87.18535
G1 X117.5 Y155.326 E87.21662
G0 F7500 X117.5 Y155.726
;TYPE:WALL-OUTER
G1 F1350 X117.831 Y155.728 E87.22763
G1 X119.108 Y155.696 E87.27011
G1 X120.292 Y155.63 E87.30955
G1 X121.821 Y155.487 E87.36063
G1 X122.953 Y155.336 E87.39861
G1 X124.215 Y155.136 E87.44111
G1 X125.475 Y154.89 E87.48381
G1 X126.621 Y154.626 E87.52293
G1 X128.086 Y154.238 E87.57333
G1 X129.196 Y153.894 E87.61198
G1 X130.413 Y153.482 E87.65472
G1 X131.608 Y153.032 E87.69719
G1 X132.796 Y152.535 E87.74002
G1 X133.957 Y152.001 E87.78252
G1 X135.115 Y151.423 E87.82557
G1 X136.16 Y150.859 E87.86506
G1 X137.416 Y150.133 E87.91332
G1 X138.427 Y149.487 E87.95322
G1 X139.405 Y148.824 E87.99252
G1 X140.531 Y148.007 E88.03879
G1 X141.538 Y147.22 E88.0813
G1 X142.521 Y146.392 E88.12405
G1 X143.491 Y145.526 E88.16729
G1 X144.408 Y144.644 E88.20961
G1 X145.312 Y143.719 E88.25263
G1 X146.166 Y142.778 E88.2949
G1 X147.006 Y141.793 E88.33795
G1 X147.804 Y140.788 E88.38063
G1 X148.626 Y139.682 E88.42647
G1 X149.295 Y138.703 E88.46591
G1 X149.989 Y137.625 E88.50855
G1 X150.596 Y136.605 E88.54803
G1 X151.27 Y135.392 E88.59418
G1 X151.848 Y134.248 E88.63681
G1 X152.478 Y132.906 E88.68612
G1 X152.472 Y132.897 E88.68648
G1 X152.895 Y131.902 E88.72244
G1 X153.352 Y130.718 E88.76465
G1 X153.782 Y129.492 E88.80786
G1 X154.158 Y128.272 E88.85032
G1 X154.498 Y127.045 E88.89267
G1 X154.824 Y125.701 E88.93867
G1 X155.055 Y124.539 E88.97807
G1 X155.27 Y123.273 E89.02078
G1 X155.442 Y121.986 E89.06397
G1 X155.569 Y120.722 E89.10622
G1 X155.656 Y119.431 E89.14926
G1 X155.7 Y118.146 E89.19202
G1 X155.699 Y116.839 E89.23549
G1 X155.655 Y115.581 E89.27736
G1 X155.567 Y114.301 E89.32004
G1 X155.439 Y113.029 E89.36256
G1 X155.264 Y111.75 E89.40549
G1 X155.049 Y110.486 E89.44814
G1 X154.82 Y109.33 E89.48733
G1 X154.494 Y107.976 E89.53365
G1 X154.153 Y106.754 E89.57585
G1 X153.769 Y105.517 E89.61893
G1 X153.344 Y104.306 E89.66162
G1 X152.893 Y103.135 E89.70335
G1 X152.472 Y102.151 E89.73895
G1 X152.478 Y102.142 E89.73931
G1 X151.838 Y100.776 E89.78948
G1 X151.259 Y99.638 E89.83195
G1 X150.586 Y98.418 E89.87829
G1 X149.971 Y97.395 E89.91799
G1 X149.277 Y96.316 E89.96066
G1 X148.606 Y95.347 E89.99986
G1 X147.797 Y94.25 E90.0452
G1 X146.983 Y93.224 E90.08876
G1 X146.153 Y92.251 E90.1313
G1 X145.284 Y91.3 E90.17414
G1 X144.382 Y90.378 E90.21704
G1 X143.472 Y89.503 E90.25903
G1 X142.504 Y88.64 E90.30217
G1 X141.526 Y87.819 E90.34464
G1 X140.509 Y87.025 E90.38755
G1 X139.409 Y86.22 E90.43289
G1 X138.413 Y85.555 E90.47272
G1 X137.405 Y84.917 E90.5124
G1 X136.138 Y84.171 E90.5613
G1 X135.1 Y83.614 E90.60048
G1 X134.031 Y83.084 E90.64016
G1 X132.774 Y82.507 E90.68617
G1 X131.579 Y82.006 E90.72926
G1 X130.39 Y81.556 E90.77155
G1 X129.174 Y81.148 E90.81421
G1 X128.059 Y80.809 E90.85297
G1 X126.572 Y80.41 E90.90418
G1 X125.446 Y80.154 E90.94258
G1 X124.183 Y79.908 E90.98538
G1 X122.928 Y79.705 E91.02766
G1 X121.793 Y79.563 E91.06571
G1 X120.292 Y79.419 E91.11586
G1 X119.082 Y79.352 E91.15617
G1 X117.806 Y79.321 E91.19862
G1 X116.526 Y79.328 E91.24119
G1 X115.247 Y79.385 E91.28378
G1 X113.954 Y79.484 E91.32691
G1 X112.681 Y79.625 E91.36951
G1 X111.405 Y79.804 E91.41236
G1 X110.174 Y80.025 E91.45396
G1 X108.914 Y80.295 E91.49682
G1 X107.655 Y80.609 E91.53998
G1 X106.41 Y80.963 E91.58303
G1 X105.184 Y81.356 E91.62585
G1 X103.979 Y81.788 E91.66842
G1 X102.783 Y82.264 E91.71124
G1 X101.62 Y82.775 E91.75349
G1 X100.449 Y83.334 E91.79665
G1 X99.35 Y83.904 E91.83782
G1 X98.194 Y84.556 E91.88196
G1 X97.1 Y85.221 E91.92455
G1 X96.033 Y85.918 E91.96694
G1 X94.975 Y86.662 E92.00995
G1 X93.949 Y87.439 E92.05276
G1 X92.963 Y88.239 E92.09499
G1 X91.984 Y89.087 E92.13807
G1 X91.039 Y89.96 E92.18086
G1 X90.132 Y90.865 E92.22348
G1 X89.26 Y91.787 E92.26568
G1 X88.404 Y92.761 E92.30881
G1 X87.605 Y93.737 E92.35076
G1 X86.804 Y94.772 E92.39429
G1 X86.056 Y95.816 E92.43701
G1 X85.353 Y96.872 E92.4792
G1 X84.675 Y97.973 E92.52221
G1 X84.039 Y99.077 E92.56459
G1 X83.433 Y100.224 E92.60773
G1 X82.877 Y101.365 E92.64995
G1 X82.348 Y102.552 E92.69317
G1 X81.867 Y103.741 E92.73583
G1 X81.42 Y104.946 E92.77858
G1 X81.06 Y106.044 E92.81701
G1 X80.665 Y107.37 E92.86303
G1 X80.343 Y108.627 E92.90619
G1 X80.064 Y109.881 E92.94891
G1 X79.828 Y111.148 E92.99178
G1 X79.633 Y112.427 E93.03481
G1 X79.487 Y113.697 E93.07733
G1 X79.38 Y114.954 E93.11929
G1 X79.312 Y116.244 E93.16225
G1 X79.293 Y117.528 E93.20497
G1 X79.312 Y118.815 E93.24778
G1 X79.381 Y120.106 E93.29078
G1 X79.488 Y121.377 E93.3332
G1 X79.632 Y122.62 E93.37482
G1 X79.831 Y123.918 E93.41849
G1 X80.067 Y125.181 E93.46123
G1 X80.346 Y126.434 E93.50392
G1 X80.669 Y127.693 E93.54715
G1 X81.063 Y129.03 E93.59351
G1 X81.43 Y130.13 E93.63208
G1 X81.876 Y131.331 E93.67469
G1 X82.358 Y132.523 E93.71746
G1 X82.887 Y133.702 E93.76044
G1 X83.446 Y134.849 E93.80288
G1 X84.045 Y135.982 E93.8455
G1 X84.684 Y137.098 E93.88828
G1 X85.359 Y138.186 E93.93086
G1 X86.073 Y139.257 E93.97367
G1 X86.822 Y140.3 E94.01638
G1 X87.611 Y141.319 E94.05925
G1 X88.423 Y142.31 E94.10186
G1 X89.271 Y143.271 E94.14449
G1 X90.149 Y144.201 E94.18702
G1 X91.061 Y145.104 E94.22971
G1 X92.005 Y145.979 E94.27252
G1 X92.983 Y146.826 E94.31555
G1 X93.971 Y147.626 E94.35784
G1 X94.998 Y148.402 E94.40065
G1 X96.045 Y149.138 E94.44322
G1 X97.123 Y149.841 E94.48602
G1 X98.217 Y150.505 E94.52858
G1 X99.348 Y151.142 E94.57176
G1 X100.475 Y151.726 E94.61398
G1 X101.643 Y152.283 E94.65702
G1 X102.812 Y152.797 E94.69949
G1 X104.005 Y153.269 E94.74216
G1 X105.201 Y153.694 E94.78438
G1 X106.423 Y154.088 E94.82708
G1 X107.682 Y154.445 E94.87061
G1 X108.914 Y154.753 E94.91284
G1 X110.173 Y155.022 E94.95566
G1 X111.433 Y155.244 E94.99822
G1 X112.704 Y155.426 E95.04092
G1 X113.98 Y155.565 E95.08361
G1 X115.27 Y155.664 E95.12664
G1 X116.558 Y155.72 E95.16952
G1 X117.5 Y155.726 E95.20086
G1 F2700 E90.20086
G0 F7500 X117.502 Y155.419
G0 X117.494 Y155.145
G0 X117.491 Y154.569
G0 X117.5 Y153.97
G1 F2700 E95.20086
G1 F1350 X117.142 Y153.972 E95.21276
G1 X115.851 Y153.936 E95.25572
G1 X114.552 Y153.856 E95.29901
G1 X113.361 Y153.739 E95.33881
G1 X111.993 Y153.558 E95.38471
G1 X110.719 Y153.336 E95.42772
G1 X109.456 Y153.075 E95.47061
G1 X108.197 Y152.769 E95.51371
G1 X106.943 Y152.411 E95.55708
G1 X105.711 Y152.016 E95.60011
G1 X104.505 Y151.578 E95.64279
G1 X103.407 Y151.139 E95.68212
G1 X102.124 Y150.572 E95.72877
G1 X101.231 Y150.137 E95.76181
G1 X101.222 Y150.143 E95.76217
G1 X99.816 Y149.398 E95.81509
G1 X98.781 Y148.802 E95.85482
G1 X97.592 Y148.058 E95.90147
G1 X96.457 Y147.293 E95.94699
G1 X95.561 Y146.63 E95.98406
G1 X94.466 Y145.777 E96.03023
G1 X93.469 Y144.933 E96.07368
G1 X92.512 Y144.063 E96.11669
G1 X91.595 Y143.167 E96.15933
G1 X90.694 Y142.225 E96.20269
G1 X89.833 Y141.256 E96.2458
G1 X89.009 Y140.259 E96.28882
G1 X88.225 Y139.245 E96.33145
G1 X87.465 Y138.183 E96.37489
G1 X86.753 Y137.105 E96.41786
G1 X86.077 Y135.999 E96.46097
G1 X85.446 Y134.884 E96.50358
G1 X84.847 Y133.722 E96.54706
G1 X84.292 Y132.552 E96.59013
G1 X83.777 Y131.365 E96.63317
G1 X83.307 Y130.162 E96.67613
G1 X82.884 Y128.952 E96.71876
G1 X82.499 Y127.705 E96.76217
G1 X82.157 Y126.458 E96.80517
G1 X81.867 Y125.207 E96.84789
G1 X81.614 Y123.924 E96.89138
G1 X81.409 Y122.649 E96.93433
G1 X81.252 Y121.374 E96.97706
G1 X81.136 Y120.075 E97.02044
G1 X81.068 Y118.784 E97.06343
G1 X81.048 Y117.608 E97.10255
G1 X81.068 Y116.317 E97.1455
G1 X81.132 Y115.026 E97.18849
G1 X81.257 Y113.611 E97.23574
G1 X81.422 Y112.299 E97.27972
G1 X81.627 Y111.065 E97.32132
G1 X81.881 Y109.786 E97.36469
G1 X82.175 Y108.535 E97.40744
G1 X82.516 Y107.288 E97.45043
G1 X82.896 Y106.06 E97.49319
G1 X83.329 Y104.831 E97.53653
G1 X83.8 Y103.628 E97.5795
G1 X84.315 Y102.442 E97.6225
G1 X84.87 Y101.271 E97.6656
G1 X85.469 Y100.125 E97.70861
G1 X86.109 Y98.999 E97.75169
G1 X86.785 Y97.897 E97.79469
G1 X87.501 Y96.815 E97.83784
G1 X88.253 Y95.765 E97.8808
G1 X89.046 Y94.744 E97.9238
G1 X89.802 Y93.831 E97.96322
G1 X90.743 Y92.769 E98.01041
G1 X91.628 Y91.848 E98.0529
G1 X92.565 Y90.935 E98.09641
G1 X93.515 Y90.075 E98.13903
G1 X94.507 Y89.239 E98.18218
G1 X95.522 Y88.442 E98.2251
G1 X96.568 Y87.682 E98.26811
G1 X97.65 Y86.954 E98.31148
G1 X98.739 Y86.274 E98.35418
G1 X99.87 Y85.619 E98.39765
G1 X101.012 Y85.016 E98.4406
G1 X102.179 Y84.449 E98.48376
G1 X103.361 Y83.926 E98.52675
G1 X104.68 Y83.399 E98.57399
G1 X105.779 Y83.009 E98.61278
G1 X107.001 Y82.619 E98.65544
G1 X108.257 Y82.261 E98.69888
G1 X109.515 Y81.96 E98.7419
G1 X110.782 Y81.698 E98.78493
G1 X112.045 Y81.481 E98.82756
G1 X113.34 Y81.308 E98.87101
G1 X114.62 Y81.184 E98.91378
G1 X115.906 Y81.108 E98.95663
G1 X117.21 Y81.076 E99.00001
G1 X118.385 Y81.084 E99.0391
G1 X119.688 Y81.14 E99.08247
G1 X120.971 Y81.241 E99.12528
G1 X122.266 Y81.386 E99.16862
G1 X123.646 Y81.595 E99.21504
G1 X124.913 Y81.837 E99.25794
G1 X126.187 Y82.126 E99.30139
G1 X127.426 Y82.452 E99.34401
G1 X128.677 Y82.83 E99.38747
G1 X129.896 Y83.245 E99.4303
G1 X131.098 Y83.707 E99.47313
G1 X132.301 Y84.214 E99.51655
G1 X133.463 Y84.757 E99.55921
G1 X134.626 Y85.348 E99.6026
G1 X135.748 Y85.972 E99.6453
G1 X136.857 Y86.64 E99.68836
G1 X137.855 Y87.288 E99.72794
G1 X138.997 Y88.088 E99.77432
G1 X140.031 Y88.872 E99.81747
G1 X141.032 Y89.689 E99.86045
G1 X142.013 Y90.55 E99.90386
G1 X142.947 Y91.427 E99.94648
G1 X143.904 Y92.392 E99.99168
G1 X144.732 Y93.297 E100.03248
G1 X145.584 Y94.291 E100.07602
G1 X146.395 Y95.302 E100.11913
G1 X147.153 Y96.33 E100.16161
G1 X147.897 Y97.408 E100.20517
G1 X148.585 Y98.49 E100.24782
G1 X149.241 Y99.604 E100.29082
G1 X149.856 Y100.742 E100.33384
G1 X150.431 Y101.901 E100.37687
G1 X150.97 Y103.092 E100.42035
G1 X151.456 Y104.278 E100.46298
G1 X151.906 Y105.489 E100.50595
G1 X152.312 Y106.72 E100.54907
G1 X152.67 Y107.962 E100.59206
G1 X152.992 Y109.214 E100.63505
G1 X153.261 Y110.48 E100.6781
G1 X153.49 Y111.755 E100.72119
G1 X153.675 Y113.047 E100.7646
G1 X153.808 Y114.321 E100.8072
G1 X153.9 Y115.613 E100.85028
G1 X153.944 Y116.905 E100.89328
G1 X153.94 Y118.199 E100.93632
G1 X153.9 Y119.394 E100.97609
G1 X153.812 Y120.673 E101.01873
G1 X153.678 Y121.961 E101.0618
G1 X153.477 Y123.352 E101.10854
G1 X153.248 Y124.622 E101.15146
G1 X152.974 Y125.902 E101.195
G1 X152.657 Y127.145 E101.23767
G1 X152.292 Y128.392 E101.28088
G1 X151.89 Y129.611 E101.32357
G1 X151.438 Y130.825 E101.36666
G1 X150.943 Y132.023 E101.40977
G1 X150.407 Y133.202 E101.45285
G1 X149.828 Y134.356 E101.49579
G1 X149.205 Y135.502 E101.53917
G1 X148.553 Y136.608 E101.58188
G1 X147.838 Y137.727 E101.62604
G1 X147.113 Y138.772 E101.66835
G1 X146.34 Y139.814 E101.7115
G1 X145.532 Y140.819 E101.75439
G1 X144.695 Y141.792 E101.79708
G1 X143.818 Y142.742 E101.84008
G1 X142.906 Y143.658 E101.88307
G1 X141.964 Y144.543 E101.92606
G1 X140.979 Y145.404 E101.96957
G1 X139.985 Y146.212 E102.01218
G1 X138.951 Y146.992 E102.05526
G1 X137.89 Y147.736 E102.09836
G1 X136.796 Y148.448 E102.14177
G1 X135.697 Y149.108 E102.18441
G1 X134.555 Y149.739 E102.22781
G1 X133.409 Y150.318 E102.27051
G1 X132.238 Y150.861 E102.31344
G1 X131.044 Y151.364 E102.35653
G1 X129.934 Y151.786 E102.39603
G1 X128.61 Y152.24 E102.44258
G1 X127.363 Y152.614 E102.48588
G1 X126.117 Y152.939 E102.52871
G1 X124.845 Y153.229 E102.57211
G1 X123.578 Y153.466 E102.61498
G1 X122.308 Y153.655 E102.65768
G1 X120.988 Y153.808 E102.70188
G1 X119.717 Y153.908 E102.74428
G1 X118.422 Y153.964 E102.7874
G1 X117.5 Y153.97 E102.81806
G0 F7500 X117.5 Y154.846
;TYPE:SKIN
G1 F838.5 X116.573 Y154.838 E102.8677
G1 F847.7 X115.798 Y154.808 E102.90878
G1 F858.5 X114.477 Y154.725 E102.97801
G1 F859.9 X113.285 Y154.609 E103.04055
G1 F857.1 X111.846 Y154.419 E103.11659
G1 F849.1 X110.341 Y154.157 E103.19737
G1 X109.264 Y153.93 E103.25558
G1 F855.8 X107.957 Y153.61 E103.32618
G1 F853.1 X106.685 Y153.25 E103.39576
G1 F849.1 X105.479 Y152.863 E103.46274
G1 F845.1 X104.309 Y152.443 E103.52879
G1 X103.093 Y151.96 E103.59831
G1 F851.7 X101.78 Y151.377 E103.67405
G1 F849.1 X100.945 Y150.974 E103.72308
G1 F851.7 X100.848 Y150.935 E103.72859
G1 F858.5 X99.392 Y150.162 E103.81481
G1 X98.319 Y149.544 E103.87957
G1 F861.2 X97.114 Y148.79 E103.95368
G1 F855.8 X96.546 Y148.412 E103.98947
G1 F843.8 X95.501 Y147.679 E104.0574
G1 F834.6 X94.5 Y146.921 E104.12495
G1 F843.8 X93.91 Y146.453 E104.16503
G1 F855.8 X92.88 Y145.581 E104.23584
G1 F847.7 X92.578 Y145.313 E104.25722
G1 F843.8 X91.657 Y144.458 E104.3241
G1 X90.766 Y143.576 E104.39082
G1 F847.7 X90.048 Y142.819 E104.44608
G1 F850.4 X89.177 Y141.839 E104.51531
G1 F845.1 X88.322 Y140.808 E104.58647
G1 X87.512 Y139.759 E104.65689
G1 X86.732 Y138.67 E104.72807
G1 F842.4 X86.094 Y137.707 E104.78964
G1 F841.1 X85.431 Y136.633 E104.85701
G1 F842.4 X84.808 Y135.542 E104.92397
G1 X84.222 Y134.435 E104.99073
G1 F841.1 X83.612 Y133.176 E105.06542
G1 F838.5 X83.161 Y132.162 E105.12484
G1 F845.1 X82.962 Y131.685 E105.1523
G1 F846.4 X82.696 Y131.004 E105.19109
G1 F838.5 X82.255 Y129.821 E105.2587
G1 F839.8 X81.898 Y128.752 E105.31895
G1 F849.1 X81.671 Y128.001 E105.36044
G1 F855.8 X81.304 Y126.655 E105.43364
G1 F854.4 X81.009 Y125.392 E105.5018
G1 F849.1 X80.695 Y123.754 E105.59
G1 X80.541 Y122.779 E105.6422
G1 F854.4 X80.379 Y121.454 E105.71235
G1 F849.1 X80.247 Y119.962 E105.79156
G1 F845.1 X80.191 Y118.834 E105.85157
G1 F847.7 X80.171 Y117.532 E105.92054
G1 F849.1 X80.19 Y116.291 E105.98618
G1 F850.4 X80.25 Y115.057 E106.05141
G1 F853.1 X80.359 Y113.78 E106.11887
G1 F849.1 X80.505 Y112.538 E106.185
G1 F842.4 X80.696 Y111.289 E106.25235
G1 F839.8 X80.925 Y110.065 E106.31893
G1 F845.1 X81.025 Y109.59 E106.34472
G1 F853.1 X81.316 Y108.348 E106.41186
G1 F846.4 X81.511 Y107.614 E106.45215
G1 F847.7 X81.688 Y106.993 E106.48635
G1 F857.1 X82.071 Y105.766 E106.55368
G1 F849.1 X82.251 Y105.23 E106.58359
G1 F851.7 X82.5 Y104.541 E106.62221
G1 F859.9 X82.991 Y103.292 E106.69229
G1 F857.1 X83.451 Y102.223 E106.75325
G1 F849.1 X83.679 Y101.724 E106.78226
G1 F850.4 X84.072 Y100.903 E106.83032
G1 F857.1 X84.696 Y99.705 E106.90108
G1 F849.1 X85.43 Y98.419 E106.97939
G1 F846.4 X86.041 Y97.426 E107.04124
G1 F847.7 X86.774 Y96.316 E107.1117
G1 X87.55 Y95.238 E107.18205
G1 F854.4 X88.351 Y94.208 E107.25062
G1 F851.7 X89.08 Y93.322 E107.3111
G1 F839.8 X89.902 Y92.385 E107.37775
G1 X90.761 Y91.476 E107.44461
G1 F842.4 X91.65 Y90.592 E107.51144
G1 F850.4 X92.005 Y90.255 E107.53728
G1 F857.1 X92.945 Y89.409 E107.60353
G1 F855.8 X93.957 Y88.555 E107.67301
G1 F858.5 X95.006 Y87.733 E107.74271
G1 X96.063 Y86.965 E107.81104
G1 F857.1 X97.18 Y86.211 E107.88164
G1 F849.1 X97.571 Y85.963 E107.90613
G1 F842.4 X98.641 Y85.312 E107.97288
G1 F850.4 X99.418 Y84.868 E108.02013
G1 F855.8 X100.62 Y84.229 E108.09156
G1 F854.4 X101.818 Y83.648 E108.16153
G1 F850.4 X103.032 Y83.112 E108.2316
G1 F854.4 X104.592 Y82.493 E108.31979
G1 X105.466 Y82.186 E108.36848
G1 F849.1 X106.751 Y81.774 E108.43984
G1 F851.7 X107.893 Y81.45 E108.50242
G1 X109.335 Y81.1 E108.58064
G1 F847.7 X110.33 Y80.89 E108.63451
G1 F839.8 X111.547 Y80.67 E108.70063
G1 F845.1 X111.89 Y80.617 E108.71907
G1 F859.9 X113.251 Y80.439 E108.79074
G1 F855.8 X114.037 Y80.357 E108.83221
G1 F846.4 X115.315 Y80.262 E108.90019
G1 F841.1 X116.564 Y80.21 E108.96692
G1 X117.801 Y80.2 E109.03296
G1 F846.4 X119.051 Y80.231 E109.09929
G1 F845.1 X120.244 Y80.299 E109.16278
G1 F851.7 X121.061 Y80.371 E109.20602
G1 F858.5 X122.367 Y80.515 E109.27474
G1 F850.4 X122.818 Y80.577 E109.29878
G1 X123.835 Y80.737 E109.35314
G1 F851.7 X125.266 Y81.013 E109.42997
G1 F846.4 X126.375 Y81.266 E109.49031
G1 F853.1 X127.664 Y81.608 E109.5605
G1 F855.8 X128.92 Y81.986 E109.62932
G1 F850.4 X130.215 Y82.427 E109.70155
G1 X131.426 Y82.891 E109.77003
G1 F849.1 X132.424 Y83.312 E109.82731
G1 F846.4 X133.654 Y83.876 E109.89909
G1 F845.1 X134.697 Y84.397 E109.96104
G1 F841.1 X135.71 Y84.941 E110.02242
G1 F846.4 X136.185 Y85.212 E110.05143
G1 F855.8 X137.327 Y85.902 E110.12144
G1 F857.1 X138.335 Y86.555 E110.18435
G1 F847.7 X138.903 Y86.944 E110.22082
G1 F846.4 X139.485 Y87.361 E110.2588
G1 F857.1 X140.569 Y88.181 E110.33
G1 F853.1 X140.983 Y88.512 E110.3579
G1 F846.4 X141.928 Y89.305 E110.42335
G1 F845.1 X142.863 Y90.139 E110.48992
G1 F846.4 X143.764 Y91.002 E110.5561
G1 F849.1 X144.653 Y91.91 E110.62331
G1 F850.4 X145.394 Y92.722 E110.68135
G1 X146.241 Y93.705 E110.74986
G1 F854.4 X147.065 Y94.74 E110.81938
G1 X147.864 Y95.82 E110.88998
G1 F847.7 X148.547 Y96.805 E110.95347
G1 F846.4 X149.229 Y97.868 E111.02047
G1 F843.8 X149.826 Y98.861 E111.08213
G1 F842.4 X150.477 Y100.042 E111.154
G1 X151.052 Y101.173 E111.22163
G1 F839.8 X151.631 Y102.416 E111.29494
G1 F838.5 X152.07 Y103.453 E111.35524
G1 F847.7 X152.271 Y103.956 E111.38394
G1 F861.2 X152.724 Y105.179 E111.45193
G1 F857.1 X152.934 Y105.796 E111.48607
G1 F855.8 X153.149 Y106.471 E111.52324
G1 F853.1 X153.31 Y107.014 E111.55305
G1 F839.8 X153.64 Y108.201 E111.61892
G1 F845.1 X153.837 Y108.993 E111.66229
G1 F846.4 X153.958 Y109.521 E111.69102
G1 F847.7 X154.12 Y110.306 E111.73348
G1 F855.8 X154.347 Y111.581 E111.80143
G1 F854.4 X154.545 Y112.951 E111.87417
G1 F850.4 X154.691 Y114.375 E111.94975
G1 F847.7 X154.779 Y115.628 E112.01628
G1 F850.4 X154.82 Y116.889 E112.0829
G1 X154.819 Y118.213 E112.15281
G1 F847.7 X154.777 Y119.388 E112.21508
G1 X154.691 Y120.661 E112.28266
G1 F854.4 X154.549 Y122.056 E112.35635
G1 F851.7 X154.399 Y123.128 E112.41341
G1 F843.8 X154.189 Y124.37 E112.48045
G1 F841.1 X153.961 Y125.511 E112.54256
G1 F849.1 X153.824 Y126.11 E112.57505
G1 F862.6 X153.483 Y127.43 E112.64602
G1 F864 X153.089 Y128.769 E112.71856
G1 X152.713 Y129.899 E112.78045
G1 X152.258 Y131.122 E112.84826
G1 F858.5 X151.74 Y132.381 E112.91946
G1 F854.4 X151.208 Y133.558 E112.98734
G1 F851.7 X150.604 Y134.76 E113.05826
G1 X149.961 Y135.942 E113.12919
G1 F855.8 X149.348 Y136.988 E113.1928
G1 F853.1 X148.603 Y138.156 E113.26572
G1 F843.8 X147.902 Y139.177 E113.33163
G1 F845.1 X147.104 Y140.255 E113.40289
G1 F847.7 X146.317 Y141.245 E113.46988
G1 F845.1 X145.504 Y142.197 E113.5364
G1 F843.8 X144.667 Y143.116 E113.60255
G1 F842.4 X143.783 Y144.021 E113.66998
G1 F843.8 X142.886 Y144.881 E113.73611
G1 X141.93 Y145.738 E113.80443
G1 F845.1 X140.991 Y146.528 E113.86963
G1 F849.1 X139.997 Y147.306 E113.93638
G1 F858.5 X139.525 Y147.656 E113.96712
G1 F855.8 X138.896 Y148.103 E114.0076
G1 F843.8 X137.939 Y148.752 E114.06914
G1 F841.1 X136.969 Y149.37 E114.13054
G1 F843.8 X135.804 Y150.05 E114.20232
G1 X134.532 Y150.736 E114.27923
G1 F850.4 X133.564 Y151.217 E114.3363
G1 F847.7 X133.467 Y151.253 E114.34178
G1 F842.4 X132.684 Y151.619 E114.38785
G1 F846.4 X131.336 Y152.19 E114.46551
G1 X130.246 Y152.606 E114.5274
G1 F849.1 X128.879 Y153.073 E114.6038
G1 F845.1 X127.833 Y153.391 E114.66189
G1 F843.8 X126.395 Y153.774 E114.74108
G1 F846.4 X125.278 Y154.032 E114.8019
G1 X124.045 Y154.27 E114.86851
G1 F845.1 X122.821 Y154.464 E114.93436
G1 F837.2 X121.755 Y154.606 E114.99204
G1 F842.4 X121.06 Y154.678 E115.02928
G1 F855.8 X119.769 Y154.782 E115.09723
G1 F851.7 X119.059 Y154.817 E115.13471
G1 F845.1 X117.809 Y154.848 E115.20115
G1 F841.1 X117.5 Y154.846 E115.21764
G1 F2700 E110.21764
;MESH:NONMESH
G0 F300 X117.5 Y154.846 Z0.6
G0 F7500 X117.499 Y154.469
G0 X111.962 Y153.804
G0 X109.402 Y153.32
G0 X106.883 Y152.656
G0 X104.417 Y151.813
G0 X102.019 Y150.8
G0 X99.696 Y149.616
G0 X97.466 Y148.274
G0 X95.333 Y146.774
G0 X93.315 Y145.128
G0 X91.418 Y143.344
G0 X89.652 Y141.427
G0 X88.026 Y139.391
G0 X86.549 Y137.245
G0 X85.227 Y135
G0 X84.068 Y132.666
G0 X83.079 Y130.257
G0 X82.263 Y127.784
G0 X81.623 Y125.257
G0 X81.166 Y122.693
G0 X80.891 Y120.103
G0 X80.801 Y117.61
G0 X80.888 Y115.009
G0 X81.174 Y112.306
G0 X81.635 Y109.743
G0 X82.278 Y107.218
G0 X83.099 Y104.746
G0 X84.091 Y102.336
G0 X85.253 Y100.004
G0 X86.004 Y98.733
G0 X89.35 Y93.466
G0 X82.88 Y82.866
;TIME_ELAPSED:177.380686
;LAYER:2
M106 S170
;TYPE:SKIRT
G1 F2700 E115.21764
G1 F1200 X84.346 Y81.461 E115.28518
G1 X85.532 Y80.405 E115.33799
G1 X86.537 Y79.563 E115.3816
G1 X87.86 Y78.522 E115.43759
G1 X89.14 Y77.581 E115.49043
G1 X90.541 Y76.623 E115.54688
G1 X91.921 Y75.746 E115.60127
G1 X93.356 Y74.901 E115.65666
G1 X95.071 Y73.972 E115.72153
G1 X96.241 Y73.39 E115.76499
G1 X97.771 Y72.686 E115.82101
G1 X99.242 Y72.067 E115.87409
G1 X100.806 Y71.47 E115.92977
G1 X102.703 Y70.824 E115.99642
G1 X104.216 Y70.372 E116.04894
G1 X105.525 Y70.023 E116.094
G1 X107.107 Y69.653 E116.14804
G1 X108.757 Y69.324 E116.204
G1 X110.334 Y69.065 E116.25715
G1 X112.338 Y68.81 E116.32434
G1 X113.994 Y68.663 E116.37964
G1 X115.625 Y68.574 E116.43396
G1 X117.25 Y68.539 E116.48802
G1 X118.886 Y68.558 E116.54244
G1 X120.566 Y68.634 E116.59838
G1 X122.183 Y68.762 E116.65233
G1 X123.85 Y68.951 E116.70813
G1 X125.446 Y69.186 E116.76178
G1 X127.053 Y69.478 E116.81611
G1 X128.715 Y69.838 E116.87267
G1 X130.256 Y70.227 E116.92553
G1 X131.85 Y70.687 E116.98071
G1 X133.444 Y71.205 E117.03645
G1 X134.96 Y71.755 E117.09009
G1 X136.505 Y72.374 E117.14545
G1 X137.689 Y72.89 E117.18841
G1 X139.198 Y73.604 E117.24393
G1 X140.941 Y74.508 E117.30924
G1 X142.357 Y75.312 E117.36339
G1 X143.815 Y76.205 E117.42026
G1 X145.139 Y77.079 E117.47303
G1 X146.519 Y78.056 E117.52926
G1 X147.799 Y79.031 E117.58278
G1 X149.087 Y80.081 E117.63805
G1 X150.318 Y81.155 E117.69239
G1 X151.569 Y82.324 E117.74933
G1 X152.675 Y83.429 E117.80133
G1 X153.546 Y84.351 E117.84352
G1 X154.702 Y85.653 E117.90143
G1 X155.724 Y86.885 E117.95467
G1 X156.733 Y88.189 E118.00951
G1 X157.908 Y89.829 E118.07661
G1 X158.62 Y90.899 E118.11936
G1 X159.484 Y92.283 E118.17362
G1 X160.311 Y93.712 E118.22854
G1 X161.087 Y95.164 E118.2833
G1 X161.81 Y96.635 E118.33781
G1 X162.503 Y98.17 E118.39383
G1 X163.108 Y99.645 E118.44685
G1 X163.689 Y101.204 E118.50219
G1 X164.321 Y103.115 E118.56914
G1 X164.771 Y104.67 E118.62298
G1 X165.176 Y106.265 E118.67771
G1 X165.526 Y107.868 E118.73228
G1 X165.825 Y109.495 E118.7873
G1 X166.069 Y111.129 E118.84225
G1 X166.222 Y112.425 E118.88566
G1 X166.365 Y114.067 E118.94048
G1 X166.453 Y115.697 E118.99477
G1 X166.487 Y117.345 E119.04959
G1 X166.464 Y119.023 E119.10541
G1 X166.389 Y120.628 E119.15885
G1 X166.258 Y122.27 E119.21364
G1 X166.068 Y123.923 E119.26898
G1 X165.827 Y125.541 E119.32339
G1 X165.461 Y127.505 E119.38983
G1 X165.1 Y129.103 E119.44432
G1 X164.683 Y130.701 E119.49925
G1 X164.219 Y132.26 E119.55335
G1 X163.804 Y133.518 E119.59741
G1 X163.237 Y135.074 E119.65249
G1 X162.632 Y136.576 E119.70635
G1 X161.956 Y138.105 E119.76195
G1 X161.245 Y139.577 E119.81633
G1 X160.479 Y141.033 E119.87105
G1 X159.669 Y142.457 E119.92553
G1 X158.801 Y143.87 E119.98069
G1 X157.903 Y145.227 E120.03481
G1 X156.942 Y146.58 E120.09001
G1 X155.939 Y147.895 E120.14502
G1 X154.914 Y149.148 E120.19886
G1 X153.579 Y150.664 E120.26604
G1 X152.436 Y151.867 E120.32124
G1 X151.568 Y152.727 E120.36188
G1 X150.021 Y154.162 E120.43206
G1 X148.852 Y155.167 E120.48333
G1 X147.82 Y156.003 E120.52751
G1 X146.212 Y157.216 E120.5945
G1 X144.886 Y158.143 E120.64831
G1 X143.483 Y159.054 E120.70395
G1 X142.081 Y159.9 E120.75841
G1 X140.632 Y160.709 E120.81361
G1 X139.502 Y161.295 E120.85595
G1 X138.022 Y162.007 E120.91057
G1 X136.197 Y162.804 E120.97681
G1 X134.61 Y163.427 E121.03351
G1 X133.076 Y163.97 E121.08763
G1 X131.551 Y164.453 E121.14084
G1 X129.919 Y164.912 E121.19723
G1 X128.384 Y165.288 E121.24979
G1 X126.742 Y165.633 E121.3056
G1 X125.111 Y165.918 E121.36066
G1 X123.496 Y166.144 E121.4149
G1 X121.863 Y166.318 E121.46952
G1 X120.19 Y166.439 E121.52531
G1 X118.584 Y166.501 E121.57877
G1 X116.897 Y166.509 E121.63488
G1 X115.582 Y166.476 E121.67863
G1 X114.033 Y166.39 E121.73023
G1 X112.288 Y166.234 E121.7885
G1 X110.731 Y166.043 E121.84067
G1 X109.064 Y165.781 E121.8968
G1 X107.446 Y165.47 E121.9516
G1 X105.859 Y165.11 E122.00573
G1 X103.921 Y164.593 E122.07244
G1 X102.367 Y164.118 E122.12648
G1 X100.777 Y163.571 E122.18241
G1 X99.258 Y162.991 E122.23649
G1 X97.762 Y162.361 E122.29048
G1 X96.229 Y161.655 E122.34661
G1 X95.107 Y161.096 E122.38831
G1 X93.316 Y160.128 E122.45602
G1 X91.922 Y159.305 E122.50986
G1 X90.53 Y158.421 E122.56471
G1 X89.147 Y157.475 E122.62044
G1 X87.87 Y156.536 E122.67316
G1 X86.534 Y155.485 E122.72969
G1 X85.554 Y154.665 E122.77219
G1 X84.33 Y153.575 E122.82671
G1 X83.119 Y152.422 E122.88232
G1 X81.98 Y151.262 E122.93639
G1 X80.832 Y150.01 E122.99289
G1 X79.606 Y148.572 E123.05574
G1 X78.531 Y147.211 E123.11343
G1 X77.576 Y145.915 E123.16697
G1 X76.831 Y144.838 E123.21053
G1 X75.773 Y143.191 E123.27563
G1 X74.908 Y141.727 E123.33219
G1 X74.133 Y140.309 E123.38594
G1 X73.395 Y138.846 E123.44044
G1 X72.696 Y137.337 E123.49575
G1 X72.187 Y136.145 E123.53886
G1 X71.587 Y134.609 E123.59371
G1 X71.036 Y133.047 E123.6488
G1 X70.557 Y131.532 E123.70165
G1 X70.09 Y129.859 E123.75942
G1 X69.722 Y128.348 E123.81114
G1 X69.37 Y126.656 E123.86862
G1 X69.104 Y125.121 E123.92044
G1 X68.868 Y123.414 E123.97775
G1 X68.7 Y121.806 E124.03153
G1 X68.581 Y120.129 E124.08744
G1 X68.523 Y118.541 E124.1403
G1 X68.517 Y116.872 E124.19581
G1 X68.584 Y114.885 E124.26193
G1 X68.699 Y113.242 E124.31671
G1 X68.827 Y111.973 E124.35913
G1 X69.051 Y110.284 E124.4158
G1 X69.315 Y108.691 E124.46951
G1 X69.646 Y107.045 E124.52535
G1 X70.09 Y105.191 E124.58876
G1 X70.558 Y103.517 E124.64657
G1 X71.035 Y102.006 E124.69927
G1 X71.591 Y100.432 E124.75479
G1 X72.191 Y98.898 E124.80958
G1 X72.842 Y97.389 E124.86424
G1 X73.554 Y95.879 E124.91977
G1 X74.293 Y94.44 E124.97357
G1 X75.08 Y93.024 E125.02745
G1 X75.956 Y91.565 E125.08405
G1 X76.831 Y90.213 E125.13762
G1 X77.774 Y88.86 E125.19247
G1 X78.739 Y87.569 E125.24608
G1 X79.825 Y86.214 E125.30383
G1 X80.83 Y85.042 E125.35518
G1 X81.747 Y84.035 E125.40048
G1 X82.88 Y82.866 E125.45463
G1 F2700 E120.45463
;MESH:Led Ring.stl
G0 F9000 X89.458 Y93.335
G0 X117.5 Y154.37
;TYPE:WALL-INNER
G1 F2700 E125.45463
G1 F1500 X117.115 Y154.372 E125.46743
G1 X115.814 Y154.335 E125.51072
G1 X114.525 Y154.254 E125.55368
G1 X113.285 Y154.131 E125.59513
G1 X111.929 Y153.952 E125.64062
G1 X110.624 Y153.728 E125.68466
G1 X109.352 Y153.46 E125.72789
G1 X108.175 Y153.177 E125.76816
G1 X106.822 Y152.793 E125.81493
G1 X105.563 Y152.389 E125.85891
G1 X104.339 Y151.945 E125.90222
G1 X103.132 Y151.457 E125.94552
G1 X101.932 Y150.924 E125.98919
G1 X101.033 Y150.495 E126.02232
G1 X99.604 Y149.736 E126.07614
G1 X98.46 Y149.076 E126.12007
G1 X97.372 Y148.393 E126.16279
G1 X96.279 Y147.652 E126.20671
G1 X95.217 Y146.872 E126.25054
G1 X94.197 Y146.071 E126.29367
G1 X93.186 Y145.219 E126.33765
G1 X92.234 Y144.347 E126.38059
G1 X91.285 Y143.427 E126.42455
G1 X90.382 Y142.478 E126.46812
G1 X89.518 Y141.5 E126.51152
G1 X88.668 Y140.474 E126.55584
G1 X87.892 Y139.466 E126.59815
G1 X87.123 Y138.392 E126.64208
G1 X86.407 Y137.309 E126.68526
G1 X85.721 Y136.184 E126.72909
G1 X85.083 Y135.052 E126.77231
G1 X84.478 Y133.882 E126.81612
G1 X83.92 Y132.709 E126.85932
G1 X83.401 Y131.498 E126.90314
G1 X82.925 Y130.278 E126.9467
G1 X82.498 Y129.054 E126.98981
G1 X82.109 Y127.795 E127.03364
G1 X81.763 Y126.528 E127.07732
G1 X81.47 Y125.267 E127.12038
G1 X81.223 Y123.991 E127.16361
G1 X81.012 Y122.683 E127.20768
G1 X80.85 Y121.392 E127.25095
G1 X80.736 Y120.08 E127.29475
G1 X80.668 Y118.773 E127.33828
G1 X80.648 Y117.476 E127.38143
G1 X80.672 Y116.166 E127.42501
G1 X80.746 Y114.862 E127.46845
G1 X80.864 Y113.549 E127.51229
G1 X81.028 Y112.258 E127.55558
G1 X81.239 Y110.971 E127.59895
G1 X81.496 Y109.674 E127.64293
G1 X81.793 Y108.413 E127.68602
G1 X82.138 Y107.154 E127.72944
G1 X82.526 Y105.904 E127.77297
G1 X82.962 Y104.668 E127.81656
G1 X83.482 Y103.347 E127.86378
G1 X83.96 Y102.253 E127.90349
G1 X84.524 Y101.07 E127.94708
G1 X85.13 Y99.911 E127.99058
G1 X85.776 Y98.774 E128.03407
G1 X86.459 Y97.66 E128.07753
G1 X87.185 Y96.569 E128.12112
G1 X87.956 Y95.498 E128.16501
G1 X88.746 Y94.472 E128.20808
G1 X89.592 Y93.456 E128.25206
G1 X90.455 Y92.491 E128.29511
G1 X91.362 Y91.549 E128.33861
G1 X92.309 Y90.631 E128.38247
G1 X93.268 Y89.761 E128.42554
G1 X94.27 Y88.915 E128.46916
G1 X95.312 Y88.102 E128.51312
G1 X96.359 Y87.343 E128.55613
G1 X97.453 Y86.603 E128.60006
G1 X98.553 Y85.915 E128.64321
G1 X99.699 Y85.257 E128.68716
G1 X100.853 Y84.648 E128.73056
G1 X102.034 Y84.074 E128.77423
G1 X103.233 Y83.548 E128.81778
G1 X104.659 Y82.992 E128.86869
G1 X105.671 Y82.624 E128.9045
G1 X106.909 Y82.226 E128.94776
G1 X108.171 Y81.872 E128.99135
G1 X109.45 Y81.564 E129.03511
G1 X110.728 Y81.3 E129.07851
G1 X112.012 Y81.085 E129.12181
G1 X113.317 Y80.91 E129.1656
G1 X114.616 Y80.784 E129.20901
G1 X115.917 Y80.708 E129.25236
G1 X117.23 Y80.676 E129.29604
G1 X118.532 Y80.688 E129.33935
G1 X119.849 Y80.749 E129.3832
G1 X121.145 Y80.855 E129.42645
G1 X122.441 Y81.004 E129.46983
G1 X123.741 Y81.206 E129.51359
G1 X125.022 Y81.451 E129.55697
G1 X126.305 Y81.743 E129.60073
G1 X127.558 Y82.073 E129.64383
G1 X128.823 Y82.456 E129.68779
G1 X130.054 Y82.879 E129.73108
G1 X131.271 Y83.343 E129.7744
G1 X132.487 Y83.86 E129.81835
G1 X133.668 Y84.413 E129.86172
G1 X134.841 Y85.007 E129.90546
G1 X135.971 Y85.638 E129.9485
G1 X137.1 Y86.321 E129.99239
G1 X138.186 Y87.029 E130.03551
G1 X139.256 Y87.782 E130.07903
G1 X140.295 Y88.574 E130.12248
G1 X141.321 Y89.409 E130.16648
G1 X142.3 Y90.272 E130.20988
G1 X143.243 Y91.161 E130.25299
G1 X144.165 Y92.092 E130.29657
G1 X145.053 Y93.054 E130.34011
G1 X145.909 Y94.057 E130.38397
G1 X146.728 Y95.079 E130.42753
G1 X147.508 Y96.138 E130.47127
G1 X148.24 Y97.198 E130.51412
G1 X148.937 Y98.303 E130.55757
G1 X149.607 Y99.441 E130.60149
G1 X150.227 Y100.582 E130.64469
G1 X150.803 Y101.752 E130.68806
G1 X151.347 Y102.956 E130.732
G1 X151.84 Y104.156 E130.77515
G1 X152.253 Y105.282 E130.81504
G1 X152.7 Y106.624 E130.86209
G1 X153.066 Y107.884 E130.90573
G1 X153.384 Y109.135 E130.94866
G1 X153.658 Y110.418 E130.9923
G1 X153.888 Y111.698 E131.03555
G1 X154.073 Y113.025 E131.08011
G1 X154.207 Y114.313 E131.12318
G1 X154.3 Y115.619 E131.16673
G1 X154.344 Y116.926 E131.21023
G1 X154.34 Y118.235 E131.25376
G1 X154.292 Y119.556 E131.29773
G1 X154.197 Y120.848 E131.34082
G1 X154.059 Y122.15 E131.38437
G1 X153.872 Y123.441 E131.42775
G1 X153.662 Y124.63 E131.46791
G1 X153.333 Y126.129 E131.51895
G1 X153.032 Y127.277 E131.55843
G1 X152.666 Y128.53 E131.60184
G1 X152.255 Y129.774 E131.64542
G1 X151.798 Y131 E131.68894
G1 X151.295 Y132.204 E131.73234
G1 X150.754 Y133.396 E131.77588
G1 X150.18 Y134.554 E131.81886
G1 X149.542 Y135.725 E131.86322
G1 X148.881 Y136.846 E131.9065
G1 X148.167 Y137.954 E131.95034
G1 X147.43 Y139.019 E131.99342
G1 X146.641 Y140.08 E132.03739
G1 X145.823 Y141.101 E132.08091
G1 X144.976 Y142.081 E132.12399
G1 X144.101 Y143.025 E132.1668
G1 X143.163 Y143.966 E132.21099
G1 X142.21 Y144.861 E132.25447
G1 X141.216 Y145.725 E132.29828
G1 X140.208 Y146.549 E132.34158
G1 X139.162 Y147.332 E132.38504
G1 X138.079 Y148.092 E132.42904
G1 X136.992 Y148.795 E132.4721
G1 X135.871 Y149.466 E132.51555
G1 X134.715 Y150.104 E132.55947
G1 X133.559 Y150.688 E132.60255
G1 X132.372 Y151.242 E132.64611
G1 X131.165 Y151.745 E132.68961
G1 X129.941 Y152.209 E132.73314
G1 X128.694 Y152.631 E132.77693
G1 X127.439 Y153.009 E132.82052
G1 X126.185 Y153.333 E132.8636
G1 X124.894 Y153.627 E132.90764
G1 X123.622 Y153.862 E132.95066
G1 X122.333 Y154.057 E132.99402
G1 X120.982 Y154.211 E133.03925
G1 X119.702 Y154.308 E133.08194
G1 X118.396 Y154.364 E133.12542
G1 X117.5 Y154.37 E133.15522
G0 F9000 X117.483 Y155.536
G0 X117.5 Y155.717
G1 F1500 X117.826 Y155.72 E133.16606
G1 X119.109 Y155.687 E133.20875
G1 X120.319 Y155.62 E133.24906
G1 X121.717 Y155.491 E133.29575
G1 X122.95 Y155.329 E133.33712
G1 X124.209 Y155.127 E133.37953
G1 X125.468 Y154.879 E133.4222
G1 X126.616 Y154.618 E133.46136
G1 X128.066 Y154.235 E133.51124
G1 X129.186 Y153.887 E133.55025
G1 X130.437 Y153.464 E133.59417
G1 X131.609 Y153.022 E133.63583
G1 X132.785 Y152.53 E133.67823
G1 X133.95 Y151.994 E133.72089
G1 X134.926 Y151.519 E133.75699
G1 X136.243 Y150.808 E133.80677
G1 X137.422 Y150.117 E133.85222
G1 X138.425 Y149.477 E133.89179
G1 X139.495 Y148.751 E133.9348
G1 X140.523 Y148.002 E133.9771
G1 X141.543 Y147.206 E134.02014
G1 X142.514 Y146.388 E134.06237
G1 X143.48 Y145.524 E134.10547
G1 X144.4 Y144.639 E134.14793
G1 X145.303 Y143.715 E134.1909
G1 X146.155 Y142.776 E134.23307
G1 X146.994 Y141.79 E134.27613
G1 X147.799 Y140.784 E134.31899
G1 X148.609 Y139.686 E134.36437
G1 X149.31 Y138.667 E134.4055
G1 X149.978 Y137.623 E134.44673
G1 X150.588 Y136.599 E134.48637
G1 X151.254 Y135.398 E134.53205
G1 X151.841 Y134.246 E134.57505
G1 X152.506 Y132.806 E134.62781
G1 X152.881 Y131.908 E134.66017
G1 X153.348 Y130.705 E134.70309
G1 X153.769 Y129.497 E134.74564
G1 X154.151 Y128.269 E134.78842
G1 X154.491 Y127.041 E134.8308
G1 X154.815 Y125.686 E134.87713
G1 X155.047 Y124.529 E134.91638
G1 X155.259 Y123.263 E134.95908
G1 X155.433 Y121.99 E135.00181
G1 X155.562 Y120.722 E135.0442
G1 X155.648 Y119.435 E135.0871
G1 X155.692 Y118.15 E135.12987
G1 X155.692 Y116.858 E135.17284
G1 X155.646 Y115.551 E135.21634
G1 X155.561 Y114.305 E135.25788
G1 X155.431 Y113.033 E135.3004
G1 X155.257 Y111.761 E135.3431
G1 X155.04 Y110.489 E135.38602
G1 X154.81 Y109.336 E135.42513
G1 X154.488 Y107.992 E135.47109
G1 X154.145 Y106.761 E135.5136
G1 X153.759 Y105.523 E135.55673
G1 X153.341 Y104.32 E135.59909
G1 X152.872 Y103.118 E135.642
G1 X152.458 Y102.124 E135.67781
G1 X151.831 Y100.782 E135.72708
G1 X151.245 Y99.632 E135.77001
G1 X150.581 Y98.429 E135.81571
G1 X149.965 Y97.406 E135.85543
G1 X149.269 Y96.319 E135.89836
G1 X148.567 Y95.305 E135.93938
G1 X147.792 Y94.254 E135.98281
G1 X146.978 Y93.235 E136.02619
G1 X146.143 Y92.258 E136.06893
G1 X145.279 Y91.308 E136.11164
G1 X144.378 Y90.388 E136.15447
G1 X143.455 Y89.501 E136.19705
G1 X142.5 Y88.648 E136.23964
G1 X141.524 Y87.827 E136.28206
G1 X140.505 Y87.033 E136.32503
G1 X139.393 Y86.221 E136.37082
G1 X138.408 Y85.558 E136.41031
G1 X137.402 Y84.924 E136.44986
G1 X136.222 Y84.23 E136.49539
G1 X134.937 Y83.532 E136.54403
G1 X134.93 Y83.536 E136.5443
G1 X134.026 Y83.089 E136.57784
G1 X132.763 Y82.51 E136.62405
G1 X131.584 Y82.018 E136.66654
G1 X130.39 Y81.566 E136.70901
G1 X129.185 Y81.16 E136.7513
G1 X128.057 Y80.819 E136.79049
G1 X126.585 Y80.422 E136.8412
G1 X125.445 Y80.162 E136.88009
G1 X124.185 Y79.918 E136.92278
G1 X122.928 Y79.717 E136.96512
G1 X121.804 Y79.573 E137.00281
G1 X120.306 Y79.427 E137.05287
G1 X119.1 Y79.36 E137.09304
G1 X117.805 Y79.329 E137.13613
G1 X116.533 Y79.34 E137.17843
G1 X115.25 Y79.396 E137.22115
G1 X113.955 Y79.491 E137.26433
G1 X112.683 Y79.632 E137.3069
G1 X111.435 Y79.81 E137.34883
G1 X110.149 Y80.04 E137.39228
G1 X108.904 Y80.304 E137.43461
G1 X107.657 Y80.615 E137.47736
G1 X106.412 Y80.97 E137.52042
G1 X105.193 Y81.363 E137.56301
G1 X104.003 Y81.789 E137.60505
G1 X102.794 Y82.271 E137.64834
G1 X101.625 Y82.782 E137.69078
G1 X100.457 Y83.338 E137.7338
G1 X99.328 Y83.925 E137.77612
G1 X98.202 Y84.56 E137.81912
G1 X97.103 Y85.226 E137.86186
G1 X96.041 Y85.923 E137.90411
G1 X94.981 Y86.668 E137.9472
G1 X93.959 Y87.443 E137.98986
G1 X92.97 Y88.243 E138.03217
G1 X91.993 Y89.091 E138.0752
G1 X91.052 Y89.965 E138.11792
G1 X90.137 Y90.869 E138.1607
G1 X89.261 Y91.8 E138.20321
G1 X88.41 Y92.766 E138.24603
G1 X87.6 Y93.753 E138.2885
G1 X86.816 Y94.775 E138.33134
G1 X86.068 Y95.818 E138.37403
G1 X85.36 Y96.882 E138.41654
G1 X84.678 Y97.978 E138.45947
G1 X84.046 Y99.089 E138.50199
G1 X83.443 Y100.227 E138.54482
G1 X82.888 Y101.368 E138.58702
G1 X82.361 Y102.54 E138.62976
G1 X81.877 Y103.738 E138.67274
G1 X81.431 Y104.946 E138.71557
G1 X81.033 Y106.155 E138.7579
G1 X80.668 Y107.398 E138.80099
G1 X80.35 Y108.639 E138.8436
G1 X80.071 Y109.892 E138.88629
G1 X79.839 Y111.149 E138.92881
G1 X79.642 Y112.424 E138.97172
G1 X79.494 Y113.685 E139.01395
G1 X79.387 Y114.963 E139.0566
G1 X79.324 Y116.255 E139.09962
G1 X79.3 Y117.528 E139.14197
G1 X79.325 Y118.816 E139.18482
G1 X79.388 Y120.107 E139.22781
G1 X79.495 Y121.374 E139.2701
G1 X79.644 Y122.646 E139.3127
G1 X79.841 Y123.916 E139.35544
G1 X80.075 Y125.179 E139.39816
G1 X80.354 Y126.429 E139.44076
G1 X80.674 Y127.671 E139.48342
G1 X81.036 Y128.903 E139.52613
G1 X81.439 Y130.124 E139.56889
G1 X81.884 Y131.328 E139.61159
G1 X82.365 Y132.519 E139.65431
G1 X82.896 Y133.697 E139.69729
G1 X83.453 Y134.841 E139.73961
G1 X84.054 Y135.975 E139.78229
G1 X84.691 Y137.092 E139.82506
G1 X85.37 Y138.182 E139.86777
G1 X86.081 Y139.247 E139.91036
G1 X86.822 Y140.282 E139.9527
G1 X87.626 Y141.327 E139.99655
G1 X88.417 Y142.291 E140.03803
G1 X89.275 Y143.263 E140.08115
G1 X90.145 Y144.189 E140.12341
G1 X91.067 Y145.096 E140.16643
G1 X92.009 Y145.972 E140.20921
G1 X92.987 Y146.818 E140.25222
G1 X93.974 Y147.617 E140.29446
G1 X95 Y148.393 E140.33724
G1 X96.049 Y149.131 E140.3799
G1 X97.112 Y149.828 E140.42218
G1 X98.22 Y150.498 E140.46525
G1 X99.348 Y151.133 E140.5083
G1 X100.477 Y151.719 E140.55061
G1 X101.634 Y152.27 E140.59323
G1 X102.815 Y152.785 E140.63608
G1 X104.003 Y153.257 E140.6786
G1 X105.212 Y153.691 E140.72133
G1 X106.434 Y154.085 E140.76403
G1 X107.677 Y154.438 E140.80701
G1 X108.916 Y154.743 E140.84945
G1 X110.172 Y155.013 E140.89218
G1 X111.434 Y155.236 E140.9348
G1 X112.702 Y155.417 E140.9774
G1 X113.967 Y155.558 E141.01974
G1 X115.269 Y155.652 E141.06315
G1 X116.555 Y155.708 E141.10597
G1 X117.5 Y155.717 E141.1374
G1 F2700 E136.1374
G0 F9000 X117.483 Y154.569
G0 X117.5 Y153.97
;TYPE:WALL-OUTER
G1 F2700 E141.1374
G1 F1500 X117.126 Y153.972 E141.14984
G1 X115.839 Y153.936 E141.19266
G1 X114.564 Y153.856 E141.23515
G1 X113.337 Y153.735 E141.27616
G1 X111.974 Y153.554 E141.32189
G1 X110.706 Y153.336 E141.36468
G1 X109.445 Y153.071 E141.40754
G1 X108.285 Y152.793 E141.44721
G1 X106.943 Y152.411 E141.49362
G1 X105.699 Y152.013 E141.53706
G1 X104.489 Y151.574 E141.57988
G1 X103.294 Y151.091 E141.62275
G1 X102.108 Y150.564 E141.66591
G1 X101.216 Y150.128 E141.69893
G1 X101.208 Y150.134 E141.69927
G1 X99.804 Y149.39 E141.75211
G1 X98.673 Y148.738 E141.79554
G1 X97.579 Y148.05 E141.83852
G1 X96.505 Y147.322 E141.88167
G1 X95.464 Y146.558 E141.92462
G1 X94.455 Y145.765 E141.9673
G1 X93.456 Y144.924 E142.01074
G1 X92.512 Y144.06 E142.0533
G1 X91.575 Y143.151 E142.09672
G1 X90.682 Y142.213 E142.1398
G1 X89.826 Y141.244 E142.1828
G1 X88.985 Y140.23 E142.22662
G1 X88.217 Y139.233 E142.26847
G1 X87.457 Y138.171 E142.31191
G1 X86.749 Y137.101 E142.35458
G1 X86.069 Y135.987 E142.39799
G1 X85.438 Y134.868 E142.44072
G1 X84.839 Y133.71 E142.48408
G1 X84.288 Y132.551 E142.52677
G1 X83.773 Y131.353 E142.57014
G1 X83.303 Y130.146 E142.61322
G1 X82.88 Y128.936 E142.65585
G1 X82.495 Y127.689 E142.69926
G1 X82.153 Y126.438 E142.74239
G1 X81.863 Y125.191 E142.78498
G1 X81.614 Y123.908 E142.82844
G1 X81.409 Y122.633 E142.8714
G1 X81.248 Y121.358 E142.91414
G1 X81.136 Y120.059 E142.9575
G1 X81.068 Y118.766 E143.00057
G1 X81.048 Y117.484 E143.04321
G1 X81.072 Y116.188 E143.08633
G1 X81.144 Y114.898 E143.1293
G1 X81.261 Y113.599 E143.17268
G1 X81.422 Y112.323 E143.21546
G1 X81.631 Y111.049 E143.2584
G1 X81.885 Y109.766 E143.3019
G1 X82.179 Y108.519 E143.34451
G1 X82.52 Y107.272 E143.38751
G1 X82.9 Y106.044 E143.43026
G1 X83.334 Y104.814 E143.47364
G1 X83.848 Y103.507 E143.52035
G1 X84.327 Y102.414 E143.56005
G1 X84.878 Y101.255 E143.60273
G1 X85.478 Y100.109 E143.64575
G1 X86.117 Y98.983 E143.68881
G1 X86.793 Y97.881 E143.73181
G1 X87.509 Y96.803 E143.77486
G1 X88.273 Y95.742 E143.81834
G1 X89.054 Y94.728 E143.86091
G1 X89.89 Y93.722 E143.90442
G1 X90.743 Y92.769 E143.94696
G1 X91.64 Y91.836 E143.99
G1 X92.577 Y90.927 E144.03342
G1 X93.526 Y90.067 E144.07602
G1 X94.516 Y89.23 E144.11914
G1 X95.546 Y88.426 E144.1626
G1 X96.583 Y87.674 E144.2052
G1 X97.665 Y86.942 E144.24865
G1 X98.752 Y86.262 E144.2913
G1 X99.886 Y85.611 E144.33479
G1 X101.028 Y85.008 E144.37774
G1 X102.195 Y84.44 E144.42091
G1 X103.379 Y83.921 E144.46391
G1 X104.795 Y83.368 E144.51447
G1 X105.794 Y83.005 E144.54982
G1 X107.017 Y82.611 E144.59255
G1 X108.265 Y82.261 E144.63566
G1 X109.531 Y81.956 E144.67898
G1 X110.794 Y81.694 E144.72188
G1 X112.065 Y81.481 E144.76474
G1 X113.356 Y81.308 E144.80806
G1 X114.64 Y81.184 E144.85097
G1 X115.927 Y81.108 E144.89385
G1 X117.226 Y81.076 E144.93707
G1 X118.514 Y81.088 E144.97991
G1 X119.817 Y81.148 E145.02329
G1 X121.099 Y81.253 E145.06607
G1 X122.395 Y81.402 E145.10946
G1 X123.666 Y81.599 E145.15224
G1 X124.933 Y81.841 E145.19514
G1 X126.203 Y82.13 E145.23846
G1 X127.442 Y82.456 E145.28108
G1 X128.693 Y82.834 E145.32454
G1 X129.912 Y83.253 E145.36742
G1 X131.115 Y83.711 E145.41023
G1 X132.317 Y84.222 E145.45367
G1 X133.487 Y84.769 E145.49663
G1 X134.646 Y85.357 E145.53985
G1 X135.764 Y85.98 E145.58242
G1 X136.882 Y86.656 E145.62588
G1 X137.956 Y87.356 E145.66851
G1 X139.014 Y88.1 E145.71153
G1 X140.039 Y88.882 E145.75441
G1 X141.057 Y89.709 E145.79804
G1 X142.026 Y90.562 E145.84097
G1 X142.959 Y91.443 E145.88365
G1 X143.871 Y92.364 E145.92676
G1 X144.749 Y93.314 E145.96979
G1 X145.597 Y94.307 E146.01322
G1 X146.406 Y95.317 E146.05626
G1 X147.178 Y96.365 E146.09955
G1 X147.902 Y97.412 E146.14189
G1 X148.593 Y98.506 E146.18493
G1 X149.256 Y99.632 E146.22839
G1 X149.868 Y100.759 E146.27105
G1 X150.439 Y101.917 E146.31399
G1 X150.977 Y103.108 E146.35746
G1 X151.464 Y104.294 E146.4001
G1 X151.874 Y105.408 E146.43958
G1 X152.316 Y106.736 E146.48613
G1 X152.678 Y107.982 E146.52929
G1 X152.996 Y109.234 E146.57225
G1 X153.265 Y110.5 E146.6153
G1 X153.494 Y111.766 E146.65809
G1 X153.675 Y113.067 E146.70178
G1 X153.808 Y114.341 E146.74438
G1 X153.9 Y115.633 E146.78746
G1 X153.944 Y116.925 E146.83046
G1 X153.94 Y118.22 E146.87353
G1 X153.892 Y119.527 E146.91703
G1 X153.799 Y120.806 E146.95968
G1 X153.663 Y122.093 E147.00273
G1 X153.478 Y123.371 E147.04568
G1 X153.268 Y124.555 E147.08567
G1 X152.942 Y126.039 E147.13621
G1 X152.648 Y127.165 E147.17491
G1 X152.284 Y128.412 E147.21812
G1 X151.88 Y129.634 E147.26093
G1 X151.429 Y130.846 E147.30394
G1 X150.931 Y132.039 E147.34694
G1 X150.396 Y133.218 E147.39
G1 X149.82 Y134.376 E147.43301
G1 X149.197 Y135.522 E147.4764
G1 X148.545 Y136.629 E147.51913
G1 X147.837 Y137.726 E147.56255
G1 X147.109 Y138.78 E147.60516
G1 X146.329 Y139.83 E147.64867
G1 X145.52 Y140.839 E147.69168
G1 X144.683 Y141.809 E147.73429
G1 X143.802 Y142.758 E147.77736
G1 X142.889 Y143.674 E147.82038
G1 X141.948 Y144.559 E147.86334
G1 X140.963 Y145.415 E147.90674
G1 X139.968 Y146.229 E147.9495
G1 X138.932 Y147.004 E147.99253
G1 X137.861 Y147.756 E148.03606
G1 X136.787 Y148.452 E148.07863
G1 X135.677 Y149.116 E148.12165
G1 X134.535 Y149.747 E148.16504
G1 X133.389 Y150.326 E148.20775
G1 X132.218 Y150.873 E148.25073
G1 X131.023 Y151.371 E148.29379
G1 X129.813 Y151.83 E148.33684
G1 X128.578 Y152.248 E148.3802
G1 X127.339 Y152.622 E148.42325
G1 X126.097 Y152.943 E148.46591
G1 X124.821 Y153.233 E148.50944
G1 X123.562 Y153.466 E148.55202
G1 X122.287 Y153.659 E148.59491
G1 X120.952 Y153.812 E148.6396
G1 X119.685 Y153.908 E148.68187
G1 X118.394 Y153.964 E148.72484
G1 X117.5 Y153.97 E148.75458
G1 F2700 E143.75458
G0 F9000 X117.501 Y154.281
G0 X120.982 Y154.059
G0 X123.602 Y153.714
G0 X126.155 Y153.189
G0 X128.663 Y152.487
G0 X131.115 Y151.607
G0 X133.498 Y150.553
G0 X135.8 Y149.335
G0 X138.012 Y147.958
G0 X140.119 Y146.426
G0 X142.112 Y144.747
G0 X143.981 Y142.933
G0 X145.716 Y140.99
G0 X147.31 Y138.929
G0 X148.755 Y136.76
G0 X150.041 Y134.495
G0 X151.161 Y132.142
G0 X152.114 Y129.718
G0 X152.891 Y127.231
G0 X153.491 Y124.696
G0 X153.91 Y122.125
G0 X154.143 Y119.531
G0 X154.194 Y116.927
G0 X154.06 Y114.324
G0 X153.741 Y111.738
G0 X153.238 Y109.183
G0 X152.557 Y106.669
G0 X151.699 Y104.208
G0 X150.668 Y101.815
G0 X149.469 Y99.504
G0 X148.111 Y97.28
G0 X146.596 Y95.159
G0 X144.937 Y93.152
G0 X143.137 Y91.268
G0 X141.21 Y89.514
G0 X139.163 Y87.902
G0 X137.008 Y86.441
G0 X134.745 Y85.131
G0 X135.377 Y83.98
G0 X135.078 Y83.153
G1 F2700 E148.75458
G1 F1500 X135.067 Y83.16 E148.75501
G1 X134.193 Y82.726 E148.78747
G1 X132.935 Y82.148 E148.83352
G1 X131.726 Y81.644 E148.87708
G1 X130.518 Y81.187 E148.92004
G1 X129.307 Y80.779 E148.96254
G1 X128.161 Y80.433 E149.00236
G1 X126.675 Y80.032 E149.05355
G1 X125.521 Y79.77 E149.09291
G1 X124.249 Y79.523 E149.13601
G1 X122.995 Y79.322 E149.17825
G1 X121.834 Y79.175 E149.21717
G1 X120.336 Y79.028 E149.26723
G1 X119.116 Y78.96 E149.30787
G1 X117.801 Y78.929 E149.35162
G1 X116.517 Y78.94 E149.39433
G1 X115.221 Y78.997 E149.43748
G1 X113.911 Y79.093 E149.48116
G1 X112.627 Y79.236 E149.52413
G1 X111.343 Y79.42 E149.56728
G1 X110.066 Y79.648 E149.61042
G1 X108.825 Y79.911 E149.65261
G1 X107.547 Y80.23 E149.69642
G1 X106.29 Y80.589 E149.7399
G1 X105.058 Y80.987 E149.78297
G1 X103.835 Y81.425 E149.82617
G1 X102.634 Y81.904 E149.86918
G1 X101.453 Y82.421 E149.91206
G1 X100.289 Y82.975 E149.95493
G1 X99.132 Y83.577 E149.99831
G1 X97.995 Y84.218 E150.04172
G1 X96.884 Y84.892 E150.08495
G1 X95.811 Y85.595 E150.12761
G1 X94.74 Y86.349 E150.17117
G1 X93.707 Y87.132 E150.21429
G1 X92.708 Y87.941 E150.25704
G1 X91.721 Y88.797 E150.3005
G1 X90.772 Y89.68 E150.34361
G1 X89.846 Y90.595 E150.38691
G1 X88.961 Y91.536 E150.42987
G1 X88.102 Y92.512 E150.47312
G1 X87.283 Y93.509 E150.51603
G1 X86.491 Y94.542 E150.55933
G1 X85.72 Y95.62 E150.60341
G1 X85.02 Y96.67 E150.64538
G1 X84.33 Y97.78 E150.68885
G1 X83.693 Y98.901 E150.73173
G1 X83.083 Y100.051 E150.77503
G1 X82.53 Y101.189 E150.81711
G1 X81.993 Y102.383 E150.86066
G1 X81.502 Y103.599 E150.90427
G1 X81.051 Y104.82 E150.94757
G1 X80.651 Y106.036 E150.99014
G1 X80.281 Y107.298 E151.03388
G1 X79.963 Y108.535 E151.07636
G1 X79.677 Y109.819 E151.12012
G1 X79.444 Y111.087 E151.163
G1 X79.245 Y112.377 E151.20641
G1 X79.095 Y113.661 E151.24941
G1 X78.987 Y114.943 E151.2922
G1 X78.924 Y116.247 E151.33562
G1 X78.9 Y117.528 E151.37823
G1 X78.925 Y118.835 E151.42171
G1 X78.986 Y120.103 E151.46393
G1 X79.097 Y121.42 E151.50789
G1 X79.249 Y122.707 E151.551
G1 X79.448 Y123.988 E151.59411
G1 X79.685 Y125.266 E151.63734
G1 X79.966 Y126.529 E151.68038
G1 X80.29 Y127.783 E151.72346
G1 X80.656 Y129.028 E151.76662
G1 X81.063 Y130.262 E151.80984
G1 X81.513 Y131.478 E151.85296
G1 X82 Y132.683 E151.89619
G1 X82.536 Y133.872 E151.93957
G1 X83.099 Y135.029 E151.98236
G1 X83.706 Y136.172 E152.02541
G1 X84.351 Y137.303 E152.06871
G1 X85.037 Y138.404 E152.11186
G1 X85.755 Y139.48 E152.15488
G1 X86.52 Y140.545 E152.1985
G1 X87.317 Y141.581 E152.24197
G1 X88.113 Y142.55 E152.28368
G1 X88.983 Y143.537 E152.32744
G1 X89.859 Y144.468 E152.36996
G1 X90.794 Y145.389 E152.41361
G1 X91.747 Y146.274 E152.45686
G1 X92.735 Y147.129 E152.50032
G1 X93.732 Y147.935 E152.54296
G1 X94.77 Y148.721 E152.58627
G1 X95.838 Y149.47 E152.62965
G1 X96.914 Y150.175 E152.67244
G1 X98.024 Y150.846 E152.71558
G1 X99.164 Y151.488 E152.7591
G1 X100.305 Y152.08 E152.80185
G1 X101.482 Y152.639 E152.84519
G1 X102.65 Y153.151 E152.8876
G1 X103.868 Y153.634 E152.93118
G1 X105.089 Y154.071 E152.97432
G1 X106.324 Y154.469 E153.01747
G1 X107.581 Y154.826 E153.06094
G1 X108.841 Y155.135 E153.10408
G1 X110.102 Y155.407 E153.14699
G1 X111.377 Y155.632 E153.19005
G1 X112.658 Y155.815 E153.23309
G1 X113.949 Y155.957 E153.27629
G1 X115.236 Y156.052 E153.31921
G1 X116.551 Y156.108 E153.36299
G1 X117.5 Y156.117 E153.39455
G1 X117.836 Y156.12 E153.40573
G1 X119.131 Y156.087 E153.44882
G1 X120.355 Y156.018 E153.48959
G1 X121.768 Y155.887 E153.53679
G1 X123.013 Y155.724 E153.57855
G1 X124.268 Y155.523 E153.62082
G1 X125.556 Y155.269 E153.66449
G1 X126.718 Y155.005 E153.70412
G1 X128.176 Y154.619 E153.75429
G1 X129.314 Y154.266 E153.79391
G1 X130.578 Y153.838 E153.8383
G1 X131.763 Y153.391 E153.88042
G1 X132.951 Y152.894 E153.92326
G1 X134.128 Y152.352 E153.96635
G1 X135.064 Y151.889 E154.00109
G1 X135.072 Y151.894 E154.0014
G1 X136.445 Y151.153 E154.05329
G1 X137.636 Y150.455 E154.09921
G1 X138.649 Y149.808 E154.13918
G1 X139.73 Y149.075 E154.18263
G1 X140.769 Y148.318 E154.22538
G1 X141.8 Y147.512 E154.26891
G1 X142.78 Y146.686 E154.31154
G1 X143.744 Y145.825 E154.35453
G1 X144.686 Y144.919 E154.398
G1 X145.599 Y143.984 E154.44146
G1 X146.459 Y143.036 E154.48403
G1 X147.306 Y142.04 E154.52752
G1 X148.121 Y141.022 E154.57089
G1 X148.929 Y139.927 E154.61615
G1 X149.626 Y138.915 E154.65702
G1 X150.322 Y137.828 E154.69995
G1 X150.938 Y136.793 E154.74001
G1 X151.607 Y135.586 E154.78591
G1 X152.205 Y134.412 E154.82973
G1 X152.846 Y133.007 E154.8811
G1 X152.856 Y133.006 E154.88143
G1 X153.254 Y132.053 E154.91578
G1 X153.726 Y130.837 E154.95917
G1 X154.151 Y129.616 E155.00217
G1 X154.536 Y128.376 E155.04535
G1 X154.882 Y127.124 E155.08855
G1 X155.204 Y125.784 E155.13439
G1 X155.441 Y124.596 E155.17468
G1 X155.655 Y123.317 E155.21781
G1 X155.831 Y122.031 E155.26099
G1 X155.961 Y120.749 E155.30384
G1 X156.048 Y119.465 E155.34665
G1 X156.092 Y118.15 E155.39041
G1 X156.092 Y116.845 E155.43381
G1 X156.045 Y115.525 E155.47775
G1 X155.959 Y114.265 E155.51975
G1 X155.827 Y112.979 E155.56275
G1 X155.651 Y111.694 E155.60589
G1 X155.432 Y110.411 E155.64918
G1 X155.2 Y109.243 E155.68878
G1 X154.874 Y107.885 E155.73523
G1 X154.527 Y106.642 E155.77816
G1 X154.137 Y105.393 E155.82168
G1 X153.709 Y104.164 E155.86496
G1 X153.241 Y102.963 E155.90783
G1 X152.838 Y101.992 E155.9428
G1 X152.196 Y100.616 E155.9933
G1 X151.595 Y99.44 E156.03723
G1 X150.924 Y98.223 E156.08345
G1 X150.302 Y97.19 E156.12355
G1 X149.599 Y96.092 E156.16692
G1 X148.912 Y95.099 E156.20708
G1 X148.109 Y94.01 E156.25208
G1 X147.282 Y92.975 E156.29615
G1 X146.439 Y91.989 E156.33929
G1 X145.565 Y91.029 E156.38247
G1 X144.656 Y90.1 E156.4257
G1 X143.721 Y89.203 E156.4688
G1 X142.758 Y88.342 E156.51176
G1 X141.786 Y87.524 E156.55401
G1 X140.755 Y86.72 E156.5975
G1 X139.617 Y85.889 E156.64437
G1 X138.622 Y85.22 E156.68425
G1 X137.605 Y84.579 E156.72423
G1 X136.413 Y83.878 E156.77022
G1 X135.078 Y83.153 E156.82075
G1 F2700 E151.82075
G0 F9000 X134.935 Y83.44
G0 X139.303 Y86.355
G0 X141.426 Y87.954
G0 X143.348 Y89.621
G0 X145.165 Y91.421
G0 X146.856 Y93.339
G0 X148.461 Y95.432
G0 X150.444 Y98.513
G0 X151.688 Y100.856
G0 X152.725 Y103.181
G0 X153.607 Y105.577
G0 X154.333 Y108.035
G0 X154.883 Y110.52
G0 X155.271 Y113.056
G0 X155.485 Y115.563
G0 X155.531 Y118.15
G0 X155.401 Y120.711
G0 X155.1 Y123.242
G0 X154.658 Y125.655
G0 X153.996 Y128.226
G0 X153.196 Y130.652
G0 X152.367 Y132.723
G0 X151.115 Y135.315
G0 X149.841 Y137.542
G0 X148.476 Y139.595
G0 X146.868 Y141.69
G0 X145.184 Y143.607
G0 X143.369 Y145.409
G0 X141.439 Y147.084
G0 X139.4 Y148.621
G0 X137.334 Y149.983
G0 X134.795 Y151.394
G0 X132.717 Y152.384
G0 X130.38 Y153.314
G0 X128.031 Y154.077
G0 X125.432 Y154.723
G0 X122.924 Y155.171
G0 X120.8 Y155.405
G0 X117.497 Y155.616
G0 X117.5 Y155.299
;TYPE:SKIN
G1 F2700 E156.82075
G1 F1162.8 X116.573 Y155.29 E156.86053
G1 F1167.3 X115.297 Y155.232 E156.91512
G1 X114.011 Y155.139 E156.97022
G1 X112.748 Y155 E157.02453
G1 F1165 X111.493 Y154.822 E157.07881
G1 X110.245 Y154.599 E157.1331
G1 X109.013 Y154.337 E157.18704
G1 F1167.3 X107.786 Y154.035 E157.24104
G1 X106.564 Y153.687 E157.29535
G1 X105.343 Y153.294 E157.35017
G1 X104.147 Y152.864 E157.40449
G1 X102.971 Y152.395 E157.4586
G1 F1165 X101.819 Y151.895 E157.51238
G1 F1167.3 X100.603 Y151.316 E157.56994
G1 F1165 X99.55 Y150.766 E157.62081
G1 F1158.3 X98.419 Y150.13 E157.6767
G1 F1160.5 X97.341 Y149.475 E157.73092
G1 F1162.8 X96.296 Y148.792 E157.78449
G1 F1165 X95.243 Y148.049 E157.83967
G1 F1162.8 X94.226 Y147.282 E157.89433
G1 X93.257 Y146.5 E157.94775
G1 F1165 X92.283 Y145.655 E158.00297
G1 F1167.3 X91.357 Y144.795 E158.05698
G1 F1162.8 X90.448 Y143.898 E158.11178
G1 X89.578 Y142.977 E158.16613
G1 X88.743 Y142.028 E158.22037
G1 F1165 X87.952 Y141.067 E158.27367
G1 F1167.3 X87.168 Y140.046 E158.32869
G1 F1171.9 X86.421 Y139.005 E158.38323
G1 F1169.6 X85.718 Y137.951 E158.43728
G1 F1162.8 X85.045 Y136.872 E158.49184
G1 X84.415 Y135.767 E158.54641
G1 F1167.3 X83.823 Y134.647 E158.60056
G1 X83.271 Y133.514 E158.65442
G1 F1162.8 X82.751 Y132.358 E158.70881
G1 F1160.5 X82.27 Y131.17 E158.76391
G1 F1162.8 X81.829 Y129.979 E158.8184
G1 X81.432 Y128.771 E158.87295
G1 F1160.5 X81.074 Y127.551 E158.92761
G1 X80.756 Y126.327 E158.98198
G1 X80.482 Y125.088 E159.03653
G1 F1158.3 X80.251 Y123.839 E159.09124
G1 X80.057 Y122.585 E159.14589
G1 F1162.8 X79.908 Y121.326 E159.20029
G1 F1167.3 X79.809 Y120.144 E159.25098
G1 X79.741 Y118.842 E159.3067
G1 X79.717 Y117.536 E159.36253
G1 X79.741 Y116.272 E159.41656
G1 X79.802 Y114.986 E159.47159
G1 F1165 X79.908 Y113.741 E159.52509
G1 F1167.3 X80.055 Y112.487 E159.57906
G1 F1165 X80.25 Y111.222 E159.63387
G1 F1162.8 X80.478 Y109.98 E159.68804
G1 X80.755 Y108.74 E159.74256
G1 X81.069 Y107.516 E159.79678
G1 X81.426 Y106.292 E159.85148
G1 X81.822 Y105.089 E159.90582
G1 F1167.3 X82.263 Y103.892 E159.96034
G1 F1165 X82.74 Y102.71 E160.01492
G1 X83.264 Y101.548 E160.06951
G1 F1167.3 X83.812 Y100.421 E160.12307
G1 X84.408 Y99.295 E160.17752
G1 F1162.8 X85.033 Y98.196 E160.23176
G1 X85.706 Y97.106 E160.28673
G1 F1167.3 X86.405 Y96.057 E160.3406
G1 F1169.6 X87.141 Y95.029 E160.39453
G1 F1171.9 X87.975 Y93.95 E160.45259
G1 F1167.3 X88.73 Y93.03 E160.50346
G1 F1162.8 X89.565 Y92.085 E160.55756
G1 X90.43 Y91.164 E160.61177
G1 F1158.3 X91.336 Y90.27 E160.6666
G1 F1160.5 X92.267 Y89.407 E160.72117
G1 X93.239 Y88.561 E160.77656
G1 X94.213 Y87.773 E160.83042
G1 F1162.8 X95.225 Y87.007 E160.88488
G1 X96.271 Y86.271 E160.93975
G1 X97.318 Y85.581 E160.99355
G1 X98.407 Y84.921 E161.04819
G1 X99.532 Y84.288 E161.10358
G1 X100.636 Y83.713 E161.15698
G1 F1165 X101.8 Y83.16 E161.21217
G1 X102.949 Y82.656 E161.2659
G1 F1156.1 X104.124 Y82.19 E161.32045
G1 X105.324 Y81.757 E161.3755
G1 F1167.3 X106.524 Y81.371 E161.42937
G1 X107.767 Y81.014 E161.48465
G1 F1162.8 X109.002 Y80.709 E161.53923
G1 X110.223 Y80.45 E161.59278
G1 X111.474 Y80.227 E161.6473
G1 X112.741 Y80.044 E161.70223
G1 X113.983 Y79.906 E161.75584
G1 F1165 X115.276 Y79.813 E161.81136
G1 F1162.8 X116.548 Y79.758 E161.86598
G1 X117.794 Y79.747 E161.91945
G1 X119.066 Y79.777 E161.97404
G1 X120.263 Y79.842 E162.02547
G1 X121.74 Y79.988 E162.08915
G1 F1167.3 X122.872 Y80.13 E162.13791
G1 F1169.6 X124.116 Y80.329 E162.19165
G1 F1167.3 X125.35 Y80.568 E162.24537
G1 X126.489 Y80.829 E162.29531
G1 F1171.9 X127.936 Y81.218 E162.3591
G1 X128.926 Y81.512 E162.40307
G1 F1167.3 X130.246 Y81.958 E162.46262
G1 X131.421 Y82.402 E162.5163
G1 X132.589 Y82.89 E162.5704
G1 F1165 X133.839 Y83.464 E162.62931
G1 F1160.5 X134.761 Y83.917 E162.67347
G1 X136.009 Y84.587 E162.73436
G1 F1167.3 X137.179 Y85.278 E162.79243
G1 X138.181 Y85.91 E162.84307
G1 F1162.8 X139.155 Y86.566 E162.89345
G1 X140.25 Y87.364 E162.95158
G1 X141.253 Y88.146 E163.00615
G1 X142.221 Y88.961 E163.06045
G1 F1165 X143.165 Y89.803 E163.11461
G1 X144.076 Y90.681 E163.16879
G1 X144.973 Y91.595 E163.22363
G1 X145.833 Y92.536 E163.27822
G1 F1167.3 X146.651 Y93.493 E163.33203
G1 X147.45 Y94.493 E163.38674
G1 F1171.9 X148.246 Y95.574 E163.44389
G1 X148.916 Y96.544 E163.49408
G1 F1167.3 X149.612 Y97.629 E163.54917
G1 F1162.8 X150.262 Y98.717 E163.60355
G1 F1165 X150.875 Y99.825 E163.65777
G1 F1162.8 X151.454 Y100.962 E163.71252
G1 F1158.3 X152.065 Y102.272 E163.77478
G1 F1162.8 X152.481 Y103.271 E163.82121
G1 X152.94 Y104.445 E163.87529
G1 X153.358 Y105.646 E163.92985
G1 F1165 X153.744 Y106.881 E163.98526
G1 X154.081 Y108.094 E164.03917
G1 F1158.3 X154.425 Y109.522 E164.10244
G1 F1162.8 X154.627 Y110.56 E164.14781
G1 F1167.3 X154.841 Y111.817 E164.20231
G1 X154.998 Y112.924 E164.25009
G1 F1162.8 X155.143 Y114.335 E164.31095
G1 F1165 X155.227 Y115.567 E164.36383
G1 F1167.3 X155.275 Y116.857 E164.419
G1 F1162.8 X155.274 Y118.135 E164.47384
G1 X155.23 Y119.407 E164.52844
G1 X155.143 Y120.691 E164.58366
G1 X155.019 Y121.933 E164.63721
G1 X154.842 Y123.237 E164.69368
G1 F1167.3 X154.636 Y124.448 E164.74618
G1 F1162.8 X154.431 Y125.495 E164.79195
G1 F1158.3 X154.091 Y126.919 E164.85501
G1 F1162.8 X153.749 Y128.144 E164.90958
G1 F1167.3 X153.373 Y129.359 E164.96394
G1 F1171.9 X152.955 Y130.553 E165.0178
G1 F1167.3 X152.55 Y131.616 E165.06641
G1 F1162.8 X152.152 Y132.563 E165.11049
G1 F1167.3 X151.466 Y134.056 E165.18071
G1 F1169.6 X150.891 Y135.184 E165.23472
G1 F1171.9 X150.228 Y136.386 E165.29316
G1 F1174.2 X149.628 Y137.398 E165.34315
G1 F1169.6 X148.948 Y138.457 E165.39683
G1 F1167.3 X148.272 Y139.435 E165.44764
G1 X147.47 Y140.524 E165.50545
G1 X146.676 Y141.518 E165.55982
G1 F1169.6 X145.837 Y142.504 E165.61504
G1 F1167.3 X145.003 Y143.421 E165.66802
G1 F1165 X144.108 Y144.334 E165.72277
G1 F1162.8 X143.2 Y145.211 E165.77693
G1 X142.233 Y146.075 E165.83257
G1 X141.28 Y146.877 E165.88601
G1 X140.264 Y147.668 E165.94126
G1 X139.171 Y148.463 E165.99925
G1 F1165 X138.188 Y149.127 E166.05004
G1 F1162.8 X137.2 Y149.758 E166.10034
G1 F1158.3 X136.036 Y150.44 E166.15845
G1 X134.765 Y151.127 E166.22068
G1 X134.706 Y151.149 E166.22339
G1 F1162.8 X133.772 Y151.614 E166.26816
G1 F1165 X132.611 Y152.148 E166.32288
G1 X131.448 Y152.635 E166.37687
G1 F1162.8 X130.3 Y153.068 E166.42952
G1 X128.963 Y153.522 E166.4901
G1 F1160.5 X127.985 Y153.821 E166.53406
G1 F1158.3 X126.522 Y154.207 E166.59923
G1 F1162.8 X125.386 Y154.468 E166.64924
G1 F1167.3 X124.131 Y154.714 E166.7039
G1 X122.893 Y154.913 E166.75749
G1 F1160.5 X121.715 Y155.069 E166.80857
G1 F1158.3 X120.293 Y155.202 E166.87009
G1 X119.084 Y155.27 E166.92225
G1 F1162.8 X117.822 Y155.302 E166.97641
G1 X117.5 Y155.299 E166.99023
G0 F9000 X117.5 Y154.785
G1 F1176.5 X118.39 Y154.779 E167.02797
G1 F1174.2 X119.723 Y154.723 E167.08466
G1 F1171.9 X121.008 Y154.624 E167.13953
G1 X122.385 Y154.467 E167.19853
G1 F1174.2 X123.718 Y154.268 E167.2558
G1 X125.134 Y153.998 E167.31705
G1 F1167.3 X126.278 Y153.736 E167.36721
G1 X127.548 Y153.409 E167.42325
G1 X128.784 Y153.038 E167.47841
G1 F1165 X130.082 Y152.6 E167.53707
G1 F1167.3 X131.316 Y152.133 E167.59346
G1 F1169.6 X132.539 Y151.62 E167.65003
G1 F1171.9 X133.729 Y151.064 E167.70595
G1 F1167.3 X134.908 Y150.469 E167.7624
G1 X136.076 Y149.825 E167.8194
G1 F1169.6 X137.199 Y149.156 E167.87516
G1 F1171.9 X138.307 Y148.434 E167.93146
G1 F1176.5 X139.395 Y147.673 E167.98777
G1 F1178.8 X140.449 Y146.884 E168.04349
G1 F1176.5 X141.402 Y146.111 E168.09553
G1 F1174.2 X142.495 Y145.161 E168.15706
G1 X143.443 Y144.27 E168.21234
G1 X144.393 Y143.317 E168.26951
G1 F1176.5 X145.29 Y142.354 E168.32532
G1 X146.15 Y141.35 E168.38138
G1 F1171.9 X146.967 Y140.337 E168.43679
G1 X147.766 Y139.261 E168.49384
G1 F1169.6 X148.511 Y138.186 E168.54963
G1 F1171.9 X149.255 Y137.03 E168.60816
G1 F1178.8 X149.903 Y135.929 E168.66223
G1 F1181.1 X150.541 Y134.754 E168.71871
G1 F1176.5 X151.084 Y133.671 E168.77008
G1 F1169.6 X151.661 Y132.401 E168.82959
G1 F1167.3 X152.176 Y131.167 E168.88673
G1 F1176.5 X152.649 Y129.906 E168.94385
G1 F1181.1 X153.066 Y128.64 E169.00015
G1 F1176.5 X153.434 Y127.38 E169.05581
G1 F1171.9 X153.735 Y126.225 E169.10663
G1 F1176.5 X154.066 Y124.719 E169.17202
G1 X154.267 Y123.597 E169.22035
G1 X154.47 Y122.201 E169.28018
G1 F1171.9 X154.611 Y120.888 E169.3364
G1 F1169.6 X154.704 Y119.591 E169.39186
G1 X154.757 Y118.242 E169.44945
G1 F1167.3 X154.761 Y116.921 E169.50591
G1 X154.716 Y115.627 E169.56125
G1 X154.621 Y114.277 E169.61909
G1 F1165 X154.489 Y112.999 E169.67411
G1 F1171.9 X154.288 Y111.588 E169.73478
G1 F1176.5 X154.068 Y110.347 E169.78823
G1 F1171.9 X153.786 Y109.038 E169.84524
G1 F1176.5 X153.459 Y107.745 E169.9018
G1 X153.108 Y106.541 E169.95498
G1 F1174.2 X152.647 Y105.155 E170.01704
G1 F1176.5 X152.219 Y103.988 E170.06975
G1 F1174.2 X151.733 Y102.802 E170.12421
G1 F1171.9 X151.186 Y101.59 E170.18082
G1 F1176.5 X150.597 Y100.392 E170.23744
G1 X149.969 Y99.237 E170.29319
G1 F1174.2 X149.293 Y98.086 E170.3499
G1 X148.592 Y96.979 E170.40558
G1 X147.847 Y95.895 E170.46147
G1 F1176.5 X147.122 Y94.905 E170.5135
G1 F1171.9 X146.254 Y93.82 E170.57266
G1 F1167.3 X145.363 Y92.777 E170.63128
G1 F1171.9 X144.473 Y91.814 E170.68711
G1 X143.534 Y90.864 E170.74398
G1 F1174.2 X142.58 Y89.962 E170.79976
G1 X141.589 Y89.092 E170.85579
G1 X140.554 Y88.246 E170.91259
G1 F1176.5 X139.515 Y87.453 E170.96802
G1 X138.407 Y86.675 E171.02543
G1 X137.324 Y85.967 E171.0803
G1 X136.18 Y85.277 E171.13696
G1 X135.041 Y84.641 E171.19228
G1 F1171.9 X133.848 Y84.038 E171.24919
G1 X132.669 Y83.485 E171.30463
G1 F1176.5 X131.42 Y82.953 E171.3622
G1 F1171.9 X130.216 Y82.492 E171.41708
G1 X128.963 Y82.062 E171.47348
G1 F1176.5 X127.674 Y81.672 E171.53059
G1 F1174.2 X126.413 Y81.339 E171.58601
G1 F1171.9 X125.077 Y81.034 E171.64435
G1 X123.824 Y80.797 E171.69864
G1 F1176.5 X122.523 Y80.596 E171.75446
G1 X121.189 Y80.442 E171.81141
G1 F1171.9 X119.89 Y80.332 E171.86691
G1 X118.544 Y80.273 E171.92427
G1 F1174.2 X117.239 Y80.261 E171.97972
G1 F1176.5 X115.902 Y80.293 E172.03643
G1 X114.581 Y80.37 E172.09255
G1 X113.255 Y80.498 E172.14904
G1 X111.93 Y80.675 E172.20573
G1 F1174.2 X110.665 Y80.888 E172.26023
G1 F1171.9 X109.368 Y81.153 E172.31659
G1 X108.048 Y81.471 E172.3744
G1 X106.79 Y81.825 E172.43003
G1 F1169.6 X105.573 Y82.215 E172.48455
G1 F1162.8 X104.511 Y82.6 E172.53301
G1 F1160.5 X103.078 Y83.16 E172.59915
G1 F1167.3 X101.873 Y83.689 E172.6554
G1 F1171.9 X100.672 Y84.269 E172.71218
G1 X99.5 Y84.89 E172.76865
G1 F1174.2 X98.349 Y85.55 E172.82502
G1 X97.225 Y86.251 E172.88131
G1 X96.129 Y86.992 E172.93752
G1 F1176.5 X95.106 Y87.733 E172.99109
G1 X94.019 Y88.583 E173.0496
G1 F1174.2 X93.003 Y89.44 E173.10608
G1 F1171.9 X92.004 Y90.346 E173.1635
G1 X91.066 Y91.252 E173.21902
G1 X90.151 Y92.206 E173.27529
G1 F1169.6 X89.285 Y93.173 E173.33066
G1 F1171.9 X88.403 Y94.232 E173.38934
G1 X87.553 Y95.334 E173.44859
G1 F1169.6 X86.839 Y96.33 E173.50086
G1 F1167.3 X86.106 Y97.434 E173.5575
G1 F1165 X85.416 Y98.561 E173.61409
G1 F1167.3 X84.765 Y99.709 E173.67049
G1 F1174.2 X84.158 Y100.869 E173.72612
G1 F1176.5 X83.589 Y102.066 E173.78232
G1 F1174.2 X83.094 Y103.193 E173.83462
G1 F1176.5 X82.571 Y104.518 E173.89503
G1 X82.131 Y105.771 E173.95135
G1 X81.752 Y106.984 E174.00524
G1 X81.389 Y108.308 E174.06346
G1 F1171.9 X81.087 Y109.581 E174.11916
G1 X80.828 Y110.894 E174.17613
G1 X80.615 Y112.19 E174.23205
G1 F1174.2 X80.439 Y113.571 E174.2912
G1 F1171.9 X80.332 Y114.778 E174.34279
G1 X80.257 Y116.133 E174.40056
G1 X80.232 Y117.48 E174.45792
G1 F1169.6 X80.252 Y118.772 E174.51304
G1 F1167.3 X80.317 Y120.054 E174.5679
G1 F1169.6 X80.437 Y121.454 E174.62784
G1 F1171.9 X80.601 Y122.757 E174.68375
G1 F1167.3 X80.806 Y124.029 E174.73881
G1 F1171.9 X81.061 Y125.349 E174.79605
G1 F1174.2 X81.355 Y126.61 E174.85106
G1 X81.717 Y127.943 E174.90975
G1 X82.136 Y129.284 E174.96945
G1 F1176.5 X82.483 Y130.287 E175.01446
G1 F1174.2 X83.009 Y131.641 E175.07618
G1 F1176.5 X83.534 Y132.864 E175.13262
G1 F1178.8 X84.098 Y134.053 E175.18831
G1 F1176.5 X84.713 Y135.245 E175.24519
G1 F1171.9 X85.352 Y136.379 E175.30061
G1 F1169.6 X86.053 Y137.526 E175.35795
G1 F1174.2 X86.771 Y138.613 E175.4133
G1 X87.556 Y139.709 E175.47058
G1 F1171.9 X88.332 Y140.721 E175.52488
G1 F1167.3 X89.218 Y141.792 E175.58428
G1 X90.084 Y142.77 E175.64011
G1 F1171.9 X90.979 Y143.705 E175.69522
G1 X91.945 Y144.647 E175.75266
G1 F1176.5 X92.9 Y145.52 E175.80753
G1 F1174.2 X93.931 Y146.392 E175.8649
G1 F1171.9 X94.954 Y147.194 E175.92024
G1 F1176.5 X96.041 Y147.993 E175.97745
G1 X97.113 Y148.72 E176.03238
G1 F1171.9 X98.232 Y149.421 E176.0886
G1 X99.431 Y150.115 E176.14757
G1 X100.792 Y150.839 E176.21321
G1 X101.739 Y151.294 E176.25793
G1 X102.968 Y151.838 E176.31515
G1 X104.172 Y152.326 E176.37046
G1 X105.424 Y152.781 E176.42717
G1 F1167.3 X106.697 Y153.19 E176.48432
G1 X108.082 Y153.583 E176.54585
G1 F1171.9 X109.252 Y153.866 E176.5971
G1 X110.543 Y154.135 E176.65324
G1 X111.808 Y154.352 E176.70788
G1 F1174.2 X113.234 Y154.542 E176.76901
G1 F1176.5 X114.478 Y154.666 E176.82202
G1 X115.78 Y154.747 E176.87734
G1 X117.104 Y154.787 E176.93351
G1 X117.5 Y154.785 E176.95031
;MESH:NONMESH
G0 F300 X117.5 Y154.785 Z0.8
G0 F9000 X117.5 Y154.369
;TIME_ELAPSED:259.945710
;LAYER:3
M106 S255
;TYPE:WALL-INNER
;MESH:Led Ring.stl
G1 F1500 X117.095 Y154.372 E176.96378
G1 X115.801 Y154.335 E177.00683
G1 X114.517 Y154.254 E177.04962
G1 X113.226 Y154.127 E177.09277
G1 X111.89 Y153.944 E177.13762
G1 X110.609 Y153.724 E177.18085
G1 X109.32 Y153.455 E177.22465
G1 X108.052 Y153.142 E177.26809
G1 X106.803 Y152.787 E177.31127
G1 X105.548 Y152.381 E177.35515
G1 X104.328 Y151.941 E177.39828
G1 X103.111 Y151.45 E177.44193
G1 X102.265 Y151.065 E177.47284
G1 X102.173 Y151.045 E177.47598
G1 X100.74 Y150.345 E177.52902
G1 X99.592 Y149.728 E177.57237
G1 X98.448 Y149.069 E177.61628
G1 X97.343 Y148.373 E177.65971
G1 X96.265 Y147.643 E177.70302
G1 X95.205 Y146.864 E177.74677
G1 X94.184 Y146.062 E177.78995
G1 X93.176 Y145.208 E177.83389
G1 X92.22 Y144.337 E177.87691
G1 X91.278 Y143.415 E177.92075
G1 X90.37 Y142.466 E177.96443
G1 X89.505 Y141.487 E178.00788
G1 X88.67 Y140.476 E178.05149
G1 X87.884 Y139.45 E178.09448
G1 X87.116 Y138.376 E178.1384
G1 X86.399 Y137.296 E178.18151
G1 X85.713 Y136.167 E178.22545
G1 X85.071 Y135.028 E178.26894
G1 X84.469 Y133.865 E178.3125
G1 X83.917 Y132.702 E178.35531
G1 X83.335 Y131.35 E178.40427
G1 X82.921 Y130.262 E178.44299
G1 X82.531 Y129.143 E178.4824
G1 X82.105 Y127.779 E178.52993
G1 X81.759 Y126.512 E178.57361
G1 X81.466 Y125.252 E178.61664
G1 X81.215 Y123.96 E178.66042
G1 X81.008 Y122.666 E178.704
G1 X80.838 Y121.292 E178.75005
G1 X80.732 Y120.062 E178.79111
G1 X80.668 Y118.754 E178.83467
G1 X80.648 Y117.482 E178.87698
G1 X80.676 Y116.152 E178.92122
G1 X80.746 Y114.846 E178.96472
G1 X80.863 Y113.535 E179.0085
G1 X81.031 Y112.244 E179.0518
G1 X81.239 Y110.954 E179.09526
G1 X81.5 Y109.658 E179.13923
G1 X81.797 Y108.397 E179.18232
G1 X82.143 Y107.137 E179.22578
G1 X82.533 Y105.888 E179.2693
G1 X82.969 Y104.651 E179.31292
G1 X83.449 Y103.437 E179.35634
G1 X83.974 Y102.226 E179.40024
G1 X84.532 Y101.052 E179.44348
G1 X85.145 Y99.889 E179.4872
G1 X85.785 Y98.757 E179.53046
G1 X86.469 Y97.646 E179.57385
G1 X87.196 Y96.558 E179.61737
G1 X87.965 Y95.484 E179.6613
G1 X88.758 Y94.46 E179.70438
G1 X89.604 Y93.443 E179.74838
G1 X90.467 Y92.48 E179.79139
G1 X91.374 Y91.537 E179.83491
G1 X92.321 Y90.618 E179.8788
G1 X93.285 Y89.748 E179.92199
G1 X94.285 Y88.908 E179.96542
G1 X95.318 Y88.096 E180.00913
G1 X96.372 Y87.33 E180.05246
G1 X97.458 Y86.598 E180.09602
G1 X98.58 Y85.9 E180.13997
G1 X99.704 Y85.252 E180.18312
G1 X100.869 Y84.64 E180.22689
G1 X102.05 Y84.066 E180.27057
G1 X103.233 Y83.546 E180.31355
G1 X104.457 Y83.06 E180.35735
G1 X105.621 Y82.643 E180.39847
G1 X106.925 Y82.222 E180.44405
G1 X108.187 Y81.868 E180.48764
G1 X109.47 Y81.56 E180.53153
G1 X110.748 Y81.296 E180.57493
G1 X112.028 Y81.081 E180.6181
G1 X113.339 Y80.906 E180.66209
G1 X114.632 Y80.784 E180.70529
G1 X115.933 Y80.708 E180.74863
G1 X117.25 Y80.676 E180.79245
G1 X118.552 Y80.688 E180.83576
G1 X119.855 Y80.748 E180.87914
G1 X121.159 Y80.856 E180.92266
G1 X122.473 Y81.011 E180.96667
G1 X123.757 Y81.21 E181.00988
G1 X125.038 Y81.455 E181.05326
G1 X126.321 Y81.747 E181.09703
G1 X127.58 Y82.078 E181.14032
G1 X128.844 Y82.464 E181.18428
G1 X130.074 Y82.887 E181.22754
G1 X131.292 Y83.351 E181.27089
G1 X132.502 Y83.867 E181.31465
G1 X133.689 Y84.421 E181.35821
G1 X134.857 Y85.015 E181.4018
G1 X135.969 Y85.635 E181.44414
G1 X137.116 Y86.329 E181.48873
G1 X138.203 Y87.038 E181.5319
G1 X139.272 Y87.794 E181.57544
G1 X140.311 Y88.586 E181.6189
G1 X141.337 Y89.421 E181.66289
G1 X142.316 Y90.283 E181.70628
G1 X143.26 Y91.174 E181.74945
G1 X144.178 Y92.105 E181.79294
G1 X145.064 Y93.069 E181.83649
G1 X145.922 Y94.069 E181.88031
G1 X146.739 Y95.095 E181.92393
G1 X147.507 Y96.136 E181.96696
G1 X148.247 Y97.213 E182.01042
G1 X148.95 Y98.32 E182.05404
G1 X149.616 Y99.457 E182.09787
G1 X150.235 Y100.599 E182.14107
G1 X150.81 Y101.772 E182.18452
G1 X151.356 Y102.976 E182.22849
G1 X151.848 Y104.176 E182.27163
G1 X152.295 Y105.392 E182.31472
G1 X152.709 Y106.656 E182.35895
G1 X153.069 Y107.9 E182.40203
G1 X153.391 Y109.171 E182.44564
G1 X153.663 Y110.451 E182.48916
G1 X153.89 Y111.735 E182.53253
G1 X154.077 Y113.045 E182.57654
G1 X154.211 Y114.335 E182.61968
G1 X154.3 Y115.649 E182.66348
G1 X154.344 Y116.946 E182.70664
G1 X154.34 Y118.254 E182.75015
G1 X154.291 Y119.576 E182.79415
G1 X154.2 Y120.848 E182.83656
G1 X154.055 Y122.17 E182.8808
G1 X153.871 Y123.442 E182.92355
G1 X153.655 Y124.661 E182.96472
G1 X153.329 Y126.148 E183.01535
G1 X153.028 Y127.299 E183.05492
G1 X152.658 Y128.552 E183.09838
G1 X152.252 Y129.782 E183.14146
G1 X151.79 Y131.02 E183.18541
G1 X151.306 Y132.182 E183.22727
G1 X150.745 Y133.417 E183.27239
G1 X150.159 Y134.587 E183.31591
G1 X149.529 Y135.747 E183.35982
G1 X148.866 Y136.861 E183.40293
G1 X148.154 Y137.969 E183.44674
G1 X147.409 Y139.048 E183.49035
G1 X146.633 Y140.084 E183.5334
G1 X145.815 Y141.104 E183.57689
G1 X144.953 Y142.105 E183.62083
G1 X144.07 Y143.056 E183.66399
G1 X143.147 Y143.981 E183.70745
G1 X142.194 Y144.877 E183.75096
G1 X141.198 Y145.742 E183.79483
G1 X140.192 Y146.558 E183.83792
G1 X139.204 Y147.309 E183.87919
G1 X138.074 Y148.096 E183.92499
G1 X136.974 Y148.807 E183.96856
G1 X135.841 Y149.487 E184.01251
G1 X134.695 Y150.115 E184.05597
G1 X133.54 Y150.702 E184.09906
G1 X132.36 Y151.246 E184.14228
G1 X131.115 Y151.765 E184.18714
G1 X129.92 Y152.217 E184.22964
G1 X128.778 Y152.6 E184.2697
G1 X127.427 Y153.013 E184.31669
G1 X126.16 Y153.342 E184.36022
G1 X124.874 Y153.63 E184.40406
G1 X123.598 Y153.866 E184.44722
G1 X122.308 Y154.061 E184.49061
G1 X121.129 Y154.194 E184.53007
G1 X119.669 Y154.312 E184.57879
G1 X118.372 Y154.364 E184.62196
G1 X117.5 Y154.369 E184.65097
G0 F9000 X117.501 Y154.68
G0 X117.502 Y155.705
G0 X117.5 Y156.013
G1 F1500 X117.832 Y156.016 E184.66201
G1 X119.123 Y155.983 E184.70496
G1 X120.344 Y155.912 E184.74564
G1 X121.751 Y155.782 E184.79264
G1 X122.996 Y155.621 E184.83439
G1 X124.27 Y155.418 E184.8773
G1 X125.535 Y155.17 E184.92017
G1 X126.689 Y154.905 E184.95956
G1 X128.161 Y154.514 E185.01021
G1 X129.29 Y154.163 E185.04954
G1 X130.519 Y153.745 E185.09271
G1 X131.707 Y153.298 E185.13493
G1 X132.892 Y152.806 E185.1776
G1 X134.08 Y152.261 E185.22108
G1 X135.057 Y151.785 E185.25722
G1 X136.377 Y151.069 E185.30717
G1 X137.575 Y150.368 E185.35334
G1 X138.588 Y149.724 E185.39326
G1 X139.575 Y149.05 E185.43301
G1 X140.702 Y148.235 E185.47927
G1 X141.728 Y147.433 E185.52258
G1 X142.716 Y146.605 E185.56546
G1 X143.681 Y145.739 E185.60858
G1 X144.615 Y144.844 E185.65161
G1 X145.521 Y143.917 E185.69472
G1 X146.381 Y142.97 E185.73727
G1 X147.224 Y141.977 E185.78059
G1 X148.032 Y140.962 E185.82374
G1 X148.851 Y139.856 E185.86952
G1 X149.534 Y138.861 E185.90966
G1 X150.232 Y137.775 E185.95259
G1 X150.893 Y136.665 E185.99556
G1 X151.518 Y135.528 E186.03872
G1 X152.106 Y134.372 E186.08185
G1 X152.772 Y132.92 E186.13498
G1 X152.782 Y132.918 E186.13532
G1 X153.159 Y132.018 E186.16778
G1 X153.629 Y130.807 E186.21098
G1 X154.01 Y129.715 E186.24945
G1 X154.432 Y128.366 E186.29646
G1 X154.781 Y127.1 E186.34014
G1 X155.104 Y125.748 E186.38637
G1 X155.335 Y124.585 E186.42581
G1 X155.552 Y123.305 E186.46899
G1 X155.725 Y122.021 E186.51208
G1 X155.854 Y120.748 E186.55464
G1 X155.94 Y119.445 E186.59807
G1 X155.988 Y118.15 E186.64117
G1 X155.988 Y116.857 E186.68418
G1 X155.939 Y115.557 E186.72745
G1 X155.854 Y114.287 E186.76978
G1 X155.723 Y112.999 E186.81284
G1 X155.548 Y111.705 E186.85627
G1 X155.332 Y110.435 E186.89912
G1 X155.098 Y109.27 E186.93864
G1 X154.783 Y107.946 E186.98391
G1 X154.428 Y106.666 E187.02809
G1 X154.01 Y105.319 E187.075
G1 X153.616 Y104.205 E187.1143
G1 X153.148 Y103.003 E187.1572
G1 X152.721 Y101.999 E187.19349
G1 X152.726 Y101.993 E187.19375
G1 X152.101 Y100.664 E187.24259
G1 X151.507 Y99.497 E187.28615
G1 X150.877 Y98.356 E187.3295
G1 X150.215 Y97.245 E187.37251
G1 X149.516 Y96.153 E187.41564
G1 X148.815 Y95.146 E187.45645
G1 X148.01 Y94.056 E187.50151
G1 X147.213 Y93.054 E187.5441
G1 X146.366 Y92.065 E187.58741
G1 X145.491 Y91.107 E187.63056
G1 X144.586 Y90.176 E187.67374
G1 X143.664 Y89.292 E187.71623
G1 X142.696 Y88.425 E187.75945
G1 X141.704 Y87.595 E187.80247
G1 X140.68 Y86.796 E187.84567
G1 X139.638 Y86.035 E187.88858
G1 X138.569 Y85.312 E187.93151
G1 X137.563 Y84.676 E187.97109
G1 X136.363 Y83.968 E188.01744
G1 X135.053 Y83.267 E188.06685
G1 X134.058 Y82.777 E188.10374
G1 X132.899 Y82.246 E188.14614
G1 X131.689 Y81.741 E188.18975
G1 X130.489 Y81.289 E188.2324
G1 X129.262 Y80.872 E188.2755
G1 X128.14 Y80.535 E188.31447
G1 X126.68 Y80.139 E188.36478
G1 X125.508 Y79.873 E188.40476
G1 X124.234 Y79.626 E188.44792
G1 X122.968 Y79.42 E188.49058
G1 X121.825 Y79.276 E188.5289
G1 X120.33 Y79.135 E188.57884
G1 X119.111 Y79.064 E188.61945
G1 X117.81 Y79.033 E188.66274
G1 X116.523 Y79.044 E188.70554
G1 X115.227 Y79.1 E188.74869
G1 X113.927 Y79.199 E188.79205
G1 X112.641 Y79.338 E188.83507
G1 X111.364 Y79.523 E188.87799
G1 X110.089 Y79.748 E188.92105
G1 X108.834 Y80.016 E188.96374
G1 X107.58 Y80.331 E189.00674
G1 X106.324 Y80.687 E189.05016
G1 X105.008 Y81.115 E189.09619
G1 X103.865 Y81.523 E189.13655
G1 X102.677 Y81.999 E189.17912
G1 X101.501 Y82.512 E189.22179
G1 X100.324 Y83.075 E189.26519
G1 X99.187 Y83.666 E189.30781
G1 X98.047 Y84.305 E189.35128
G1 X96.948 Y84.978 E189.39414
G1 X95.87 Y85.682 E189.43696
G1 X94.809 Y86.432 E189.48018
G1 X93.781 Y87.205 E189.52296
G1 X92.775 Y88.019 E189.566
G1 X91.792 Y88.872 E189.60928
G1 X90.843 Y89.754 E189.65238
G1 X89.925 Y90.666 E189.69541
G1 X89.039 Y91.607 E189.7384
G1 X88.185 Y92.575 E189.78134
G1 X87.362 Y93.573 E189.82436
G1 X86.576 Y94.6 E189.86738
G1 X85.817 Y95.661 E189.91076
G1 X85.087 Y96.757 E189.95456
G1 X84.425 Y97.827 E189.99641
G1 X83.784 Y98.949 E190.03939
G1 X83.184 Y100.08 E190.08197
G1 X82.62 Y101.246 E190.12505
G1 X82.087 Y102.437 E190.16845
G1 X81.6 Y103.637 E190.21153
G1 X81.15 Y104.853 E190.25465
G1 X80.786 Y105.96 E190.29341
G1 X80.387 Y107.31 E190.34023
G1 X80.061 Y108.571 E190.38355
G1 X79.782 Y109.833 E190.42654
G1 X79.546 Y111.104 E190.46953
G1 X79.349 Y112.387 E190.51271
G1 X79.201 Y113.668 E190.5556
G1 X79.095 Y114.933 E190.59782
G1 X79.029 Y116.251 E190.64171
G1 X79.004 Y117.528 E190.68419
G1 X79.029 Y118.855 E190.72834
G1 X79.095 Y120.127 E190.7707
G1 X79.203 Y121.405 E190.81336
G1 X79.353 Y122.689 E190.85635
G1 X79.55 Y123.967 E190.89936
G1 X79.787 Y125.241 E190.94246
G1 X80.067 Y126.502 E190.98542
G1 X80.394 Y127.764 E191.02879
G1 X80.789 Y129.114 E191.07557
G1 X81.158 Y130.221 E191.11438
G1 X81.598 Y131.409 E191.15652
G1 X82.092 Y132.624 E191.20014
G1 X82.63 Y133.825 E191.24391
G1 X83.184 Y134.968 E191.28616
G1 X83.796 Y136.12 E191.32954
G1 X84.439 Y137.244 E191.37261
G1 X85.117 Y138.339 E191.41545
G1 X85.838 Y139.417 E191.45858
G1 X86.59 Y140.469 E191.50159
G1 X87.384 Y141.498 E191.54482
G1 X88.202 Y142.493 E191.58766
G1 X89.056 Y143.461 E191.6306
G1 X89.934 Y144.393 E191.67319
G1 X90.861 Y145.311 E191.71658
G1 X91.812 Y146.194 E191.75974
G1 X92.796 Y147.043 E191.80297
G1 X93.793 Y147.851 E191.84565
G1 X94.827 Y148.629 E191.88869
G1 X95.894 Y149.383 E191.93214
G1 X96.967 Y150.082 E191.97474
G1 X98.072 Y150.756 E192.01779
G1 X99.209 Y151.393 E192.06113
G1 X100.336 Y151.979 E192.10338
G1 X101.443 Y152.509 E192.1442
G1 X102.699 Y153.058 E192.18979
G1 X103.901 Y153.534 E192.23279
G1 X105.118 Y153.971 E192.2758
G1 X106.375 Y154.371 E192.31967
G1 X107.605 Y154.723 E192.36223
G1 X108.86 Y155.033 E192.40522
G1 X110.116 Y155.3 E192.44793
G1 X111.376 Y155.527 E192.49051
G1 X112.667 Y155.709 E192.53388
G1 X113.94 Y155.85 E192.57648
G1 X115.253 Y155.948 E192.62027
G1 X116.549 Y156.004 E192.66341
G1 X117.5 Y156.013 E192.69505
G0 F9000 X117.5 Y156.413
;TYPE:WALL-OUTER
G1 F1500 X117.842 Y156.416 E192.70642
G1 X119.146 Y156.383 E192.74981
G1 X120.38 Y156.31 E192.79092
G1 X121.781 Y156.181 E192.83772
G1 X123.058 Y156.016 E192.88054
G1 X124.346 Y155.811 E192.92392
G1 X125.624 Y155.56 E192.96724
G1 X126.791 Y155.292 E193.00706
G1 X128.279 Y154.896 E193.05828
G1 X129.418 Y154.542 E193.09795
G1 X130.66 Y154.119 E193.14159
G1 X131.902 Y153.65 E193.18574
G1 X133.07 Y153.164 E193.22782
G1 X134.257 Y152.619 E193.27126
G1 X135.198 Y152.154 E193.30617
G1 X135.206 Y152.159 E193.30649
G1 X136.589 Y151.408 E193.35883
G1 X137.789 Y150.706 E193.40507
G1 X138.798 Y150.065 E193.44483
G1 X139.809 Y149.374 E193.48556
G1 X140.931 Y148.564 E193.53158
G1 X141.984 Y147.74 E193.57606
G1 X142.983 Y146.903 E193.6194
G1 X143.957 Y146.028 E193.66295
G1 X144.901 Y145.124 E193.70642
G1 X145.817 Y144.186 E193.75003
G1 X146.659 Y143.26 E193.79166
G1 X147.536 Y142.227 E193.83673
G1 X148.353 Y141.2 E193.88038
G1 X149.18 Y140.083 E193.9266
G1 X149.861 Y139.093 E193.96657
G1 X150.576 Y137.98 E194.01057
G1 X151.234 Y136.876 E194.05331
G1 X151.867 Y135.726 E194.09697
G1 X152.47 Y134.538 E194.14128
G1 X153.116 Y133.125 E194.19296
G1 X153.131 Y133.122 E194.19347
G1 X153.531 Y132.164 E194.228
G1 X154.007 Y130.939 E194.27171
G1 X154.39 Y129.841 E194.31039
G1 X154.821 Y128.46 E194.3585
G1 X155.166 Y127.213 E194.40154
G1 X155.492 Y125.849 E194.44818
G1 X155.729 Y124.652 E194.48877
G1 X155.946 Y123.377 E194.53178
G1 X156.123 Y122.062 E194.57592
G1 X156.252 Y120.795 E194.61827
G1 X156.34 Y119.477 E194.66221
G1 X156.388 Y118.15 E194.70637
G1 X156.388 Y116.843 E194.74984
G1 X156.338 Y115.531 E194.79351
G1 X156.25 Y114.234 E194.83675
G1 X156.119 Y112.946 E194.87981
G1 X155.946 Y111.659 E194.923
G1 X155.724 Y110.357 E194.96693
G1 X155.487 Y109.178 E195.00693
G1 X155.161 Y107.81 E195.0537
G1 X154.816 Y106.565 E195.09667
G1 X154.387 Y105.187 E195.14468
G1 X153.989 Y104.06 E195.18443
G1 X153.516 Y102.847 E195.22773
G1 X153.101 Y101.875 E195.26288
G1 X153.108 Y101.866 E195.26326
G1 X152.452 Y100.473 E195.31447
G1 X151.857 Y99.304 E195.3581
G1 X151.221 Y98.152 E195.40187
G1 X150.552 Y97.03 E195.44532
G1 X149.857 Y95.943 E195.48823
G1 X149.137 Y94.909 E195.53014
G1 X148.323 Y93.808 E195.57568
G1 X147.491 Y92.765 E195.62005
G1 X146.662 Y91.795 E195.66249
G1 X145.778 Y90.829 E195.70604
G1 X144.879 Y89.902 E195.74899
G1 X143.921 Y88.986 E195.79308
G1 X142.953 Y88.119 E195.8363
G1 X141.966 Y87.292 E195.87913
G1 X140.931 Y86.484 E195.9228
G1 X139.862 Y85.704 E195.96681
G1 X138.783 Y84.974 E196.01014
G1 X137.757 Y84.327 E196.05049
G1 X136.553 Y83.616 E196.09699
G1 X135.207 Y82.889 E196.14787
G1 X135.199 Y82.895 E196.14821
G1 X134.225 Y82.413 E196.18435
G1 X133.059 Y81.88 E196.22699
G1 X131.85 Y81.374 E196.27058
G1 X130.619 Y80.911 E196.31433
G1 X129.378 Y80.489 E196.35792
G1 X128.245 Y80.149 E196.39727
G1 X126.776 Y79.751 E196.44789
G1 X125.585 Y79.481 E196.48851
G1 X124.298 Y79.231 E196.53211
G1 X123.039 Y79.026 E196.57454
G1 X121.881 Y78.879 E196.61336
G1 X120.34 Y78.735 E196.66484
G1 X119.127 Y78.664 E196.70525
G1 X117.806 Y78.633 E196.7492
G1 X116.507 Y78.644 E196.79241
G1 X115.237 Y78.698 E196.83469
G1 X113.885 Y78.801 E196.87979
G1 X112.584 Y78.942 E196.92331
G1 X111.295 Y79.129 E196.96663
G1 X110.048 Y79.348 E197.00874
G1 X108.737 Y79.628 E197.05333
G1 X107.471 Y79.946 E197.09675
G1 X106.202 Y80.306 E197.14062
G1 X104.874 Y80.738 E197.18707
G1 X103.747 Y81.139 E197.22685
G1 X102.517 Y81.632 E197.27093
G1 X101.329 Y82.151 E197.31404
G1 X100.14 Y82.72 E197.35789
G1 X98.991 Y83.317 E197.40095
G1 X97.839 Y83.964 E197.4449
G1 X96.73 Y84.642 E197.48813
G1 X95.657 Y85.342 E197.53074
G1 X94.569 Y86.112 E197.57507
G1 X93.535 Y86.89 E197.61811
G1 X92.529 Y87.702 E197.66111
G1 X91.534 Y88.565 E197.70492
G1 X90.562 Y89.47 E197.74909
G1 X89.634 Y90.391 E197.79258
G1 X88.739 Y91.342 E197.83601
G1 X87.877 Y92.32 E197.87937
G1 X87.044 Y93.329 E197.92289
G1 X86.25 Y94.367 E197.96636
G1 X85.501 Y95.414 E198.00917
G1 X84.781 Y96.493 E198.05232
G1 X84.088 Y97.611 E198.09607
G1 X83.431 Y98.761 E198.14012
G1 X82.827 Y99.899 E198.18297
G1 X82.262 Y101.065 E198.22606
G1 X81.724 Y102.267 E198.26986
G1 X81.225 Y103.498 E198.31404
G1 X80.77 Y104.727 E198.35763
G1 X80.402 Y105.846 E198.39681
G1 X80 Y107.21 E198.44411
G1 X79.675 Y108.463 E198.48716
G1 X79.389 Y109.76 E198.53133
G1 X79.151 Y111.043 E198.57474
G1 X78.952 Y112.341 E198.61841
G1 X78.804 Y113.616 E198.6611
G1 X78.695 Y114.925 E198.70479
G1 X78.629 Y116.243 E198.74868
G1 X78.604 Y117.528 E198.79143
G1 X78.627 Y118.804 E198.83388
G1 X78.697 Y120.16 E198.87904
G1 X78.805 Y121.451 E198.92213
G1 X78.951 Y122.705 E198.96412
G1 X79.15 Y124.003 E199.00779
G1 X79.392 Y125.308 E199.05194
G1 X79.68 Y126.602 E199.09603
G1 X80.01 Y127.876 E199.1398
G1 X80.403 Y129.22 E199.18637
G1 X80.783 Y130.359 E199.22631
G1 X81.238 Y131.584 E199.26977
G1 X81.732 Y132.799 E199.3134
G1 X82.27 Y133.999 E199.35714
G1 X82.837 Y135.168 E199.40035
G1 X83.448 Y136.318 E199.44366
G1 X84.088 Y137.437 E199.48654
G1 X84.792 Y138.572 E199.53096
G1 X85.512 Y139.649 E199.57405
G1 X86.273 Y140.713 E199.61756
G1 X87.075 Y141.752 E199.66121
G1 X87.902 Y142.757 E199.7045
G1 X88.765 Y143.735 E199.74788
G1 X89.662 Y144.686 E199.79136
G1 X90.589 Y145.604 E199.83476
G1 X91.55 Y146.496 E199.87837
G1 X92.529 Y147.342 E199.9214
G1 X93.552 Y148.171 E199.9652
G1 X94.582 Y148.946 E200.00807
G1 X95.657 Y149.706 E200.05186
G1 X96.758 Y150.423 E200.09556
G1 X97.876 Y151.105 E200.13911
G1 X99.025 Y151.748 E200.18291
G1 X100.175 Y152.344 E200.22599
G1 X101.367 Y152.913 E200.26992
G1 X102.551 Y153.43 E200.31289
G1 X103.747 Y153.904 E200.35568
G1 X104.996 Y154.352 E200.39981
G1 X106.222 Y154.744 E200.44262
G1 X107.509 Y155.111 E200.48713
G1 X108.776 Y155.424 E200.53054
G1 X110.045 Y155.694 E200.57369
G1 X111.334 Y155.924 E200.61724
G1 X112.623 Y156.107 E200.66055
G1 X113.903 Y156.248 E200.70338
G1 X115.216 Y156.348 E200.74717
G1 X116.545 Y156.404 E200.79142
G1 X117.5 Y156.413 E200.82318
G1 F2700 E195.82318
G0 F9000 X117.506 Y155.705
G0 X117.503 Y154.68
G0 X117.5 Y153.97
G1 F2700 E200.82318
G1 F1500 X117.106 Y153.972 E200.83628
G1 X115.827 Y153.936 E200.87884
G1 X114.556 Y153.856 E200.9212
G1 X113.28 Y153.731 E200.96384
G1 X111.958 Y153.55 E201.00822
G1 X110.691 Y153.332 E201.05098
G1 X109.416 Y153.067 E201.09429
G1 X108.136 Y152.75 E201.13815
G1 X106.926 Y152.407 E201.17998
G1 X105.684 Y152.005 E201.2234
G1 X104.477 Y151.57 E201.26608
G1 X103.277 Y151.086 E201.30911
G1 X102.374 Y150.675 E201.34211
G1 X102.356 Y150.686 E201.34281
G1 X100.929 Y149.993 E201.39557
G1 X99.792 Y149.382 E201.43851
G1 X98.661 Y148.73 E201.48193
G1 X97.567 Y148.042 E201.52491
G1 X96.493 Y147.314 E201.56806
G1 X95.452 Y146.55 E201.61101
G1 X94.442 Y145.757 E201.65372
G1 X93.445 Y144.912 E201.69719
G1 X92.5 Y144.051 E201.73971
G1 X91.567 Y143.139 E201.78311
G1 X90.67 Y142.201 E201.82627
G1 X89.813 Y141.232 E201.8693
G1 X88.987 Y140.232 E201.91244
G1 X88.209 Y139.217 E201.95497
G1 X87.449 Y138.155 E201.99841
G1 X86.741 Y137.088 E202.041
G1 X86.061 Y135.971 E202.08449
G1 X85.426 Y134.844 E202.12752
G1 X84.831 Y133.694 E202.17058
G1 X84.276 Y132.524 E202.21365
G1 X83.709 Y131.208 E202.26131
G1 X83.299 Y130.13 E202.29967
G1 X82.913 Y129.024 E202.33864
G1 X82.491 Y127.673 E202.38571
G1 X82.149 Y126.422 E202.42885
G1 X81.859 Y125.175 E202.47143
G1 X81.61 Y123.896 E202.51477
G1 X81.405 Y122.617 E202.55785
G1 X81.236 Y121.258 E202.6034
G1 X81.132 Y120.042 E202.64399
G1 X81.068 Y118.748 E202.68708
G1 X81.048 Y117.476 E202.72939
G1 X81.076 Y116.173 E202.77274
G1 X81.144 Y114.882 E202.81574
G1 X81.261 Y113.578 E202.85929
G1 X81.426 Y112.308 E202.90188
G1 X81.631 Y111.032 E202.94486
G1 X81.889 Y109.75 E202.98836
G1 X82.183 Y108.503 E203.03097
G1 X82.525 Y107.256 E203.07398
G1 X82.911 Y106.021 E203.11701
G1 X83.341 Y104.798 E203.16013
G1 X83.816 Y103.596 E203.20312
G1 X84.335 Y102.398 E203.24654
G1 X84.886 Y101.238 E203.28926
G1 X85.493 Y100.085 E203.3326
G1 X86.125 Y98.967 E203.37531
G1 X86.801 Y97.868 E203.41822
G1 X87.521 Y96.791 E203.46131
G1 X88.281 Y95.729 E203.50475
G1 X89.066 Y94.716 E203.54737
G1 X89.902 Y93.71 E203.59088
G1 X90.755 Y92.757 E203.63342
G1 X91.652 Y91.824 E203.67647
G1 X92.589 Y90.915 E203.71989
G1 X93.543 Y90.054 E203.76263
G1 X94.532 Y89.222 E203.80561
G1 X95.562 Y88.414 E203.84915
G1 X96.596 Y87.662 E203.89168
G1 X97.67 Y86.938 E203.93476
G1 X98.78 Y86.246 E203.97826
G1 X99.89 Y85.606 E204.02088
G1 X101.038 Y85.002 E204.06402
G1 X102.211 Y84.432 E204.1074
G1 X103.381 Y83.918 E204.14991
G1 X104.592 Y83.436 E204.19326
G1 X105.702 Y83.037 E204.23249
G1 X107.033 Y82.607 E204.27901
G1 X108.281 Y82.257 E204.32212
G1 X109.551 Y81.952 E204.36556
G1 X110.814 Y81.69 E204.40846
G1 X112.081 Y81.477 E204.4512
G1 X113.377 Y81.304 E204.49468
G1 X114.656 Y81.184 E204.53741
G1 X115.943 Y81.108 E204.58029
G1 X117.246 Y81.076 E204.62364
G1 X118.534 Y81.088 E204.66648
G1 X119.837 Y81.148 E204.70987
G1 X121.112 Y81.253 E204.75242
G1 X122.411 Y81.406 E204.79592
G1 X123.682 Y81.603 E204.8387
G1 X124.949 Y81.845 E204.8816
G1 X126.219 Y82.134 E204.92492
G1 X127.463 Y82.46 E204.96769
G1 X128.714 Y82.842 E205.0112
G1 X129.932 Y83.261 E205.05404
G1 X131.135 Y83.719 E205.09685
G1 X132.333 Y84.23 E205.14017
G1 X133.507 Y84.777 E205.18325
G1 X134.662 Y85.365 E205.22636
G1 X135.78 Y85.989 E205.26894
G1 X136.898 Y86.664 E205.31238
G1 X137.972 Y87.364 E205.35502
G1 X139.03 Y88.112 E205.39811
G1 X140.059 Y88.896 E205.44114
G1 X141.073 Y89.721 E205.48462
G1 X142.042 Y90.574 E205.52755
G1 X142.975 Y91.455 E205.57023
G1 X143.884 Y92.376 E205.61327
G1 X144.76 Y93.329 E205.65633
G1 X145.609 Y94.319 E205.69971
G1 X146.417 Y95.333 E205.74283
G1 X147.177 Y96.362 E205.78538
G1 X147.909 Y97.428 E205.82839
G1 X148.605 Y98.522 E205.87151
G1 X149.264 Y99.648 E205.91491
G1 X149.876 Y100.775 E205.95756
G1 X150.446 Y101.937 E206.00061
G1 X150.986 Y103.128 E206.0441
G1 X151.47 Y104.311 E206.08661
G1 X151.919 Y105.529 E206.12979
G1 X152.325 Y106.768 E206.17316
G1 X152.682 Y107.998 E206.21575
G1 X153 Y109.254 E206.25885
G1 X153.269 Y110.516 E206.30176
G1 X153.494 Y111.791 E206.34483
G1 X153.679 Y113.087 E206.38837
G1 X153.812 Y114.362 E206.431
G1 X153.9 Y115.662 E206.47434
G1 X153.944 Y116.945 E206.51704
G1 X153.94 Y118.24 E206.56011
G1 X153.892 Y119.547 E206.60361
G1 X153.799 Y120.826 E206.64626
G1 X153.659 Y122.113 E206.68932
G1 X153.475 Y123.385 E206.73207
G1 X153.264 Y124.575 E206.77227
G1 X152.938 Y126.059 E206.8228
G1 X152.644 Y127.185 E206.86151
G1 X152.276 Y128.432 E206.90475
G1 X151.872 Y129.654 E206.94756
G1 X151.421 Y130.866 E206.99057
G1 X150.923 Y132.059 E207.03357
G1 X150.387 Y133.238 E207.07664
G1 X149.808 Y134.396 E207.11971
G1 X149.185 Y135.543 E207.16312
G1 X148.529 Y136.645 E207.20577
G1 X147.825 Y137.742 E207.24913
G1 X147.089 Y138.808 E207.29221
G1 X146.321 Y139.834 E207.33484
G1 X145.512 Y140.843 E207.37785
G1 X144.659 Y141.833 E207.42132
G1 X143.786 Y142.774 E207.46401
G1 X142.873 Y143.69 E207.50703
G1 X141.932 Y144.575 E207.54999
G1 X140.946 Y145.432 E207.59344
G1 X139.95 Y146.24 E207.6361
G1 X138.975 Y146.981 E207.67683
G1 X137.857 Y147.76 E207.72215
G1 X136.768 Y148.464 E207.76528
G1 X135.649 Y149.136 E207.80869
G1 X134.515 Y149.759 E207.85173
G1 X133.372 Y150.338 E207.89434
G1 X132.186 Y150.885 E207.93778
G1 X130.974 Y151.391 E207.98147
G1 X129.792 Y151.838 E208.0235
G1 X128.662 Y152.218 E208.06315
G1 X127.327 Y152.626 E208.10958
G1 X126.072 Y152.952 E208.15271
G1 X124.801 Y153.237 E208.19603
G1 X123.538 Y153.47 E208.23875
G1 X122.263 Y153.663 E208.28164
G1 X121.097 Y153.796 E208.32067
G1 X119.653 Y153.912 E208.36885
G1 X118.37 Y153.964 E208.41156
G1 X117.5 Y153.97 E208.4405
G0 F9000 X117.505 Y154.98
;MESH:NONMESH
G0 F300 X117.505 Y154.98 Z1
G0 F9000 X117.5 Y154.369
;TIME_ELAPSED:298.881831
;LAYER:4
;TYPE:WALL-INNER
;MESH:Led Ring.stl
G1 F1500 X117.074 Y154.372 E208.45467
G1 X115.785 Y154.335 E208.49756
G1 X114.513 Y154.254 E208.53995
G1 X113.218 Y154.127 E208.58323
G1 X111.878 Y153.944 E208.62821
G1 X110.6 Y153.724 E208.67134
G1 X109.304 Y153.451 E208.71539
G1 X108.032 Y153.137 E208.75897
G1 X106.791 Y152.783 E208.80189
G1 X105.551 Y152.384 E208.84522
G1 X104.304 Y151.929 E208.88937
G1 X103.091 Y151.441 E208.93285
G1 X101.904 Y150.912 E208.97608
G1 X100.727 Y150.337 E209.01964
G1 X99.595 Y149.729 E209.06238
G1 X98.436 Y149.061 E209.10687
G1 X97.348 Y148.377 E209.14962
G1 X96.245 Y147.629 E209.19395
G1 X95.187 Y146.855 E209.23755
G1 X94.172 Y146.05 E209.28063
G1 X93.163 Y145.196 E209.3246
G1 X92.208 Y144.325 E209.36759
G1 X91.265 Y143.402 E209.41148
G1 X90.363 Y142.455 E209.45498
G1 X89.494 Y141.475 E209.49854
G1 X88.667 Y140.478 E209.54162
G1 X87.875 Y139.446 E209.58489
G1 X87.107 Y138.363 E209.62905
G1 X86.391 Y137.281 E209.6722
G1 X85.705 Y136.154 E209.71609
G1 X85.063 Y135.012 E209.75966
G1 X84.461 Y133.849 E209.80322
G1 X83.904 Y132.669 E209.84662
G1 X83.392 Y131.479 E209.8897
G1 X82.917 Y130.258 E209.93328
G1 X82.482 Y129.013 E209.97714
G1 X82.1 Y127.773 E210.0203
G1 X81.791 Y126.627 E210.05977
G1 X81.463 Y125.235 E210.10734
G1 X81.211 Y123.943 E210.15112
G1 X81.008 Y122.662 E210.19426
G1 X80.847 Y121.366 E210.2377
G1 X80.732 Y120.046 E210.28177
G1 X80.668 Y118.738 E210.32532
G1 X80.648 Y117.466 E210.36763
G1 X80.676 Y116.136 E210.41188
G1 X80.746 Y114.828 E210.45545
G1 X80.868 Y113.512 E210.49941
G1 X81.028 Y112.248 E210.54178
G1 X81.243 Y110.937 E210.58597
G1 X81.503 Y109.647 E210.62974
G1 X81.795 Y108.402 E210.67227
G1 X82.147 Y107.12 E210.71649
G1 X82.542 Y105.86 E210.76041
G1 X82.968 Y104.648 E210.80313
G1 X83.457 Y103.42 E210.8471
G1 X83.981 Y102.214 E210.89083
G1 X84.544 Y101.029 E210.93447
G1 X85.146 Y99.878 E210.97767
G1 X85.782 Y98.762 E211.02039
G1 X86.49 Y97.616 E211.0652
G1 X87.204 Y96.541 E211.10812
G1 X87.978 Y95.467 E211.15215
G1 X88.77 Y94.448 E211.19507
G1 X89.615 Y93.432 E211.23903
G1 X90.48 Y92.463 E211.28223
G1 X91.385 Y91.526 E211.32556
G1 X92.334 Y90.601 E211.36963
G1 X93.297 Y89.736 E211.41269
G1 X94.306 Y88.887 E211.45655
G1 X95.332 Y88.085 E211.49986
G1 X96.387 Y87.323 E211.54314
G1 X97.482 Y86.582 E211.58712
G1 X98.585 Y85.895 E211.63034
G1 X99.72 Y85.244 E211.67386
G1 X100.886 Y84.631 E211.71767
G1 X102.064 Y84.063 E211.76117
G1 X103.25 Y83.538 E211.80431
G1 X104.478 Y83.05 E211.84826
G1 X105.709 Y82.612 E211.89172
G1 X106.945 Y82.218 E211.93486
G1 X108.216 Y81.86 E211.97878
G1 X109.486 Y81.556 E212.02222
G1 X110.764 Y81.292 E212.06562
G1 X112.049 Y81.077 E212.10895
G1 X113.342 Y80.906 E212.15233
G1 X114.603 Y80.785 E212.19447
G1 X115.955 Y80.704 E212.23952
G1 X117.27 Y80.676 E212.28326
G1 X118.572 Y80.688 E212.32657
G1 X119.873 Y80.748 E212.36989
G1 X121.179 Y80.86 E212.41348
G1 X122.491 Y81.014 E212.45742
G1 X123.779 Y81.21 E212.50075
G1 X125.039 Y81.454 E212.54344
G1 X126.322 Y81.746 E212.5872
G1 X127.594 Y82.085 E212.63099
G1 X128.859 Y82.468 E212.67495
G1 X130.092 Y82.892 E212.71831
G1 X131.307 Y83.359 E212.76161
G1 X132.522 Y83.876 E212.80552
G1 X133.704 Y84.429 E212.84893
G1 X134.873 Y85.024 E212.89256
G1 X136.01 Y85.658 E212.93585
G1 X137.126 Y86.334 E212.97925
G1 X138.218 Y87.052 E213.02272
G1 X139.288 Y87.805 E213.06624
G1 X140.326 Y88.594 E213.1096
G1 X141.341 Y89.426 E213.15325
G1 X142.321 Y90.291 E213.19673
G1 X143.271 Y91.189 E213.24021
G1 X144.203 Y92.13 E213.28426
G1 X145.076 Y93.085 E213.32729
G1 X145.881 Y94.025 E213.36846
G1 X146.729 Y95.085 E213.4136
G1 X147.52 Y96.153 E213.45781
G1 X148.258 Y97.232 E213.50129
G1 X148.962 Y98.336 E213.54484
G1 X149.629 Y99.475 E213.58874
G1 X150.243 Y100.619 E213.63192
G1 X150.819 Y101.792 E213.67539
G1 X151.363 Y102.995 E213.7193
G1 X151.855 Y104.192 E213.76234
G1 X152.307 Y105.421 E213.8059
G1 X152.717 Y106.678 E213.84987
G1 X153.074 Y107.92 E213.89285
G1 X153.395 Y109.19 E213.93642
G1 X153.672 Y110.48 E213.98031
G1 X153.895 Y111.755 E214.02336
G1 X154.081 Y113.067 E214.06743
G1 X154.211 Y114.353 E214.11042
G1 X154.304 Y115.661 E214.15403
G1 X154.344 Y116.97 E214.19759
G1 X154.34 Y118.275 E214.241
G1 X154.291 Y119.598 E214.28503
G1 X154.193 Y120.89 E214.32813
G1 X154.05 Y122.19 E214.37163
G1 X153.863 Y123.481 E214.41501
G1 X153.654 Y124.67 E214.45516
G1 X153.325 Y126.169 E214.50621
G1 X153.06 Y127.205 E214.54178
G1 X152.658 Y128.558 E214.58872
G1 X152.239 Y129.809 E214.6326
G1 X151.789 Y131.024 E214.67569
G1 X151.274 Y132.258 E214.72017
G1 X150.737 Y133.433 E214.76314
G1 X150.151 Y134.604 E214.80669
G1 X149.528 Y135.748 E214.85002
G1 X148.854 Y136.88 E214.89383
G1 X148.142 Y137.99 E214.9377
G1 X147.405 Y139.056 E214.9808
G1 X146.621 Y140.104 E215.02433
G1 X145.801 Y141.126 E215.06791
G1 X144.941 Y142.116 E215.11153
G1 X144.058 Y143.068 E215.15471
G1 X143.123 Y144.006 E215.19876
G1 X142.177 Y144.895 E215.24194
G1 X141.191 Y145.746 E215.28526
G1 X140.183 Y146.565 E215.32846
G1 X139.137 Y147.356 E215.37208
G1 X138.047 Y148.112 E215.4162
G1 X136.949 Y148.824 E215.45972
G1 X135.834 Y149.49 E215.50292
G1 X134.686 Y150.121 E215.54649
G1 X133.508 Y150.713 E215.59034
G1 X132.32 Y151.262 E215.63387
G1 X131.114 Y151.765 E215.67733
G1 X129.9 Y152.225 E215.72051
G1 X128.767 Y152.607 E215.76028
G1 X127.399 Y153.021 E215.80781
G1 X126.144 Y153.346 E215.85093
G1 X124.855 Y153.634 E215.89486
G1 X123.48 Y153.891 E215.94139
G1 X122.126 Y154.081 E215.98686
G1 X120.91 Y154.215 E216.02755
G1 X119.641 Y154.312 E216.06988
G1 X118.348 Y154.364 E216.11292
G1 X117.5 Y154.369 E216.14113
G0 F9000 X117.501 Y154.68
G0 X117.502 Y155.947
G0 X117.5 Y156.254
G1 F1500 X117.836 Y156.256 E216.1523
G1 X119.133 Y156.223 E216.19545
G1 X120.365 Y156.156 E216.23649
G1 X121.78 Y156.021 E216.28377
G1 X123.036 Y155.86 E216.32588
G1 X124.309 Y155.654 E216.36877
G1 X125.586 Y155.405 E216.41205
G1 X126.862 Y155.11 E216.45561
G1 X128.106 Y154.779 E216.49842
G1 X129.385 Y154.387 E216.54292
G1 X130.592 Y153.978 E216.5853
G1 X131.822 Y153.515 E216.62902
G1 X133.005 Y153.02 E216.67167
G1 X134.194 Y152.475 E216.71517
G1 X135.364 Y151.892 E216.75865
G1 X136.506 Y151.273 E216.80185
G1 X137.702 Y150.574 E216.84793
G1 X138.717 Y149.927 E216.88796
G1 X139.719 Y149.248 E216.92822
G1 X140.843 Y148.436 E216.97434
G1 X141.886 Y147.619 E217.0184
G1 X142.874 Y146.792 E217.06126
G1 X143.844 Y145.915 E217.10475
G1 X144.783 Y145.014 E217.14803
G1 X145.687 Y144.092 E217.19098
G1 X146.562 Y143.128 E217.23428
G1 X147.414 Y142.129 E217.27795
G1 X148.216 Y141.122 E217.32077
G1 X148.992 Y140.078 E217.36403
G1 X149.732 Y139.007 E217.40733
G1 X150.458 Y137.873 E217.45212
G1 X151.058 Y136.864 E217.49116
G1 X151.729 Y135.651 E217.53727
G1 X152.318 Y134.488 E217.58063
G1 X152.874 Y133.3 E217.62425
G1 X153.386 Y132.102 E217.66758
G1 X153.852 Y130.888 E217.71084
G1 X154.283 Y129.659 E217.75415
G1 X154.667 Y128.417 E217.79739
G1 X155.013 Y127.163 E217.84066
G1 X155.337 Y125.818 E217.88667
G1 X155.575 Y124.625 E217.92713
G1 X155.792 Y123.339 E217.97051
G1 X155.969 Y122.049 E218.01382
G1 X156.098 Y120.766 E218.05671
G1 X156.184 Y119.455 E218.1004
G1 X156.228 Y118.154 E218.1437
G1 X156.228 Y116.852 E218.187
G1 X156.184 Y115.552 E218.23027
G1 X156.091 Y114.192 E218.27561
G1 X155.966 Y112.968 E218.31653
G1 X155.788 Y111.669 E218.36014
G1 X155.571 Y110.388 E218.40335
G1 X155.334 Y109.213 E218.44322
G1 X155.011 Y107.867 E218.48926
G1 X154.66 Y106.605 E218.53283
G1 X154.269 Y105.346 E218.57667
G1 X153.84 Y104.122 E218.61981
G1 X153.37 Y102.908 E218.66311
G1 X152.858 Y101.713 E218.70635
G1 X152.305 Y100.529 E218.74981
G1 X151.718 Y99.376 E218.79285
G1 X151.047 Y98.157 E218.83913
G1 X150.422 Y97.117 E218.87948
G1 X149.716 Y96.021 E218.92284
G1 X148.984 Y94.962 E218.96566
G1 X148.199 Y93.907 E219.0094
G1 X147.336 Y92.821 E219.05554
G1 X146.569 Y91.925 E219.09477
G1 X145.665 Y90.938 E219.13928
G1 X144.754 Y90.004 E219.18268
G1 X143.827 Y89.112 E219.22546
G1 X142.855 Y88.24 E219.2689
G1 X141.855 Y87.407 E219.31218
G1 X140.838 Y86.611 E219.35514
G1 X139.696 Y85.778 E219.40215
G1 X138.716 Y85.115 E219.44151
G1 X137.677 Y84.463 E219.4823
G1 X136.493 Y83.763 E219.52805
G1 X135.339 Y83.143 E219.57162
G1 X134.159 Y82.556 E219.61546
G1 X132.977 Y82.017 E219.65867
G1 X131.776 Y81.518 E219.70192
G1 X130.567 Y81.061 E219.74491
G1 X129.335 Y80.644 E219.78817
G1 X128.199 Y80.298 E219.82767
G1 X126.717 Y79.9 E219.87871
G1 X125.558 Y79.637 E219.91823
G1 X124.274 Y79.385 E219.96175
G1 X123.003 Y79.181 E220.00457
G1 X121.848 Y79.036 E220.04329
G1 X120.328 Y78.891 E220.09407
G1 X119.107 Y78.824 E220.13474
G1 X117.806 Y78.788 E220.17803
G1 X116.513 Y78.801 E220.22104
G1 X115.213 Y78.856 E220.26432
G1 X113.904 Y78.955 E220.30798
G1 X112.609 Y79.098 E220.35131
G1 X111.321 Y79.283 E220.39459
G1 X110.041 Y79.512 E220.43784
G1 X108.78 Y79.781 E220.48072
G1 X107.517 Y80.096 E220.52402
G1 X106.251 Y80.455 E220.56779
G1 X105.03 Y80.852 E220.61049
G1 X103.763 Y81.306 E220.65525
G1 X102.582 Y81.776 E220.69753
G1 X101.4 Y82.292 E220.74043
G1 X100.228 Y82.856 E220.78369
G1 X99.059 Y83.461 E220.82747
G1 X97.927 Y84.098 E220.87067
G1 X96.829 Y84.768 E220.91345
G1 X95.731 Y85.483 E220.95703
G1 X94.663 Y86.238 E221.00053
G1 X93.622 Y87.024 E221.04392
G1 X92.618 Y87.835 E221.08684
G1 X91.631 Y88.693 E221.13034
G1 X90.673 Y89.58 E221.17376
G1 X89.751 Y90.494 E221.21694
G1 X88.858 Y91.444 E221.26031
G1 X88 Y92.421 E221.30356
G1 X87.177 Y93.422 E221.34666
G1 X86.382 Y94.458 E221.39009
G1 X85.62 Y95.517 E221.43348
G1 X84.896 Y96.613 E221.47717
G1 X84.224 Y97.692 E221.51945
G1 X83.578 Y98.822 E221.56274
G1 X82.961 Y99.987 E221.60659
G1 X82.399 Y101.143 E221.64934
G1 X81.863 Y102.343 E221.69305
G1 X81.372 Y103.552 E221.73646
G1 X80.927 Y104.758 E221.77921
G1 X80.553 Y105.889 E221.81883
G1 X80.151 Y107.249 E221.866
G1 X79.829 Y108.5 E221.90896
G1 X79.548 Y109.772 E221.95229
G1 X79.306 Y111.068 E221.99614
G1 X79.111 Y112.34 E222.03894
G1 X78.961 Y113.642 E222.08253
G1 X78.851 Y114.933 E222.12563
G1 X78.785 Y116.245 E222.16932
G1 X78.765 Y117.542 E222.21246
G1 X78.783 Y118.803 E222.25441
G1 X78.854 Y120.173 E222.30004
G1 X78.962 Y121.428 E222.34193
G1 X79.111 Y122.708 E222.38479
G1 X79.311 Y124.01 E222.42861
G1 X79.548 Y125.275 E222.47141
G1 X79.831 Y126.56 E222.51518
G1 X80.159 Y127.831 E222.55883
G1 X80.558 Y129.188 E222.60588
G1 X80.931 Y130.301 E222.64492
G1 X81.382 Y131.526 E222.68834
G1 X81.874 Y132.734 E222.73172
G1 X82.41 Y133.931 E222.77534
G1 X82.975 Y135.089 E222.8182
G1 X83.586 Y136.238 E222.86148
G1 X84.232 Y137.366 E222.90472
G1 X84.921 Y138.475 E222.94814
G1 X85.641 Y139.561 E222.99148
G1 X86.399 Y140.612 E223.03458
G1 X87.199 Y141.654 E223.07827
G1 X88.06 Y142.697 E223.12325
G1 X88.868 Y143.615 E223.16393
G1 X89.762 Y144.561 E223.20722
G1 X90.697 Y145.49 E223.25106
G1 X91.652 Y146.375 E223.29436
G1 X92.643 Y147.233 E223.33796
G1 X93.646 Y148.044 E223.38086
G1 X94.685 Y148.827 E223.42413
G1 X95.745 Y149.575 E223.46728
G1 X96.84 Y150.287 E223.51073
G1 X97.955 Y150.966 E223.55415
G1 X99.096 Y151.607 E223.59767
G1 X100.228 Y152.195 E223.6401
G1 X101.414 Y152.762 E223.68382
G1 X102.61 Y153.283 E223.72721
G1 X103.819 Y153.763 E223.77048
G1 X105.045 Y154.204 E223.81381
G1 X106.266 Y154.593 E223.85644
G1 X107.553 Y154.961 E223.90096
G1 X108.795 Y155.267 E223.9435
G1 X110.073 Y155.541 E223.98697
G1 X111.351 Y155.769 E224.03015
G1 X112.624 Y155.952 E224.07293
G1 X113.935 Y156.094 E224.11679
G1 X115.243 Y156.193 E224.16041
G1 X116.543 Y156.248 E224.20369
G1 X117.5 Y156.254 E224.23552
G0 F9000 X117.5 Y156.654
;TYPE:WALL-OUTER
G1 F1500 X117.846 Y156.656 E224.24703
G1 X119.155 Y156.623 E224.29058
G1 X120.402 Y156.554 E224.33212
G1 X121.831 Y156.418 E224.37986
G1 X123.099 Y156.255 E224.42238
G1 X124.385 Y156.047 E224.46571
G1 X125.676 Y155.795 E224.50946
G1 X126.922 Y155.507 E224.552
G1 X128.222 Y155.161 E224.59674
G1 X129.513 Y154.766 E224.64164
G1 X130.732 Y154.352 E224.68446
G1 X131.976 Y153.884 E224.72867
G1 X133.131 Y153.402 E224.7703
G1 X134.353 Y152.843 E224.81499
G1 X135.554 Y152.244 E224.85963
G1 X136.708 Y151.619 E224.90328
G1 X137.916 Y150.912 E224.94983
G1 X138.941 Y150.259 E224.99025
G1 X139.953 Y149.572 E225.03094
G1 X141.083 Y148.756 E225.07729
G1 X142.126 Y147.94 E225.12134
G1 X143.142 Y147.089 E225.16542
G1 X144.12 Y146.204 E225.20929
G1 X145.055 Y145.309 E225.25234
G1 X145.994 Y144.349 E225.297
G1 X146.866 Y143.388 E225.34016
G1 X147.713 Y142.396 E225.38355
G1 X148.533 Y141.366 E225.42734
G1 X149.317 Y140.311 E225.47105
G1 X150.065 Y139.229 E225.5148
G1 X150.801 Y138.078 E225.56024
G1 X151.408 Y137.058 E225.59972
G1 X152.083 Y135.838 E225.6461
G1 X152.68 Y134.658 E225.69008
G1 X153.242 Y133.458 E225.73415
G1 X153.759 Y132.246 E225.77798
G1 X154.23 Y131.02 E225.82166
G1 X154.665 Y129.778 E225.86543
G1 X155.053 Y128.524 E225.90909
G1 X155.398 Y127.277 E225.95212
G1 X155.728 Y125.904 E225.99909
G1 X155.969 Y124.692 E226.04019
G1 X156.186 Y123.413 E226.08334
G1 X156.365 Y122.112 E226.12702
G1 X156.496 Y120.815 E226.17037
G1 X156.584 Y119.49 E226.21454
G1 X156.628 Y118.154 E226.259
G1 X156.628 Y116.839 E226.30274
G1 X156.583 Y115.526 E226.34643
G1 X156.489 Y114.152 E226.39224
G1 X156.362 Y112.914 E226.43363
G1 X156.186 Y111.623 E226.47697
G1 X155.963 Y110.309 E226.5213
G1 X155.723 Y109.12 E226.56164
G1 X155.392 Y107.744 E226.60871
G1 X155.042 Y106.487 E226.65211
G1 X154.647 Y105.214 E226.69644
G1 X154.213 Y103.978 E226.74001
G1 X153.756 Y102.795 E226.78219
G1 X153.229 Y101.562 E226.82679
G1 X152.662 Y100.348 E226.87136
G1 X152.079 Y99.202 E226.91412
G1 X151.39 Y97.951 E226.96162
G1 X150.759 Y96.901 E227.00237
G1 X150.045 Y95.794 E227.04618
G1 X149.309 Y94.729 E227.08924
G1 X148.513 Y93.659 E227.13359
G1 X147.64 Y92.561 E227.18025
G1 X146.844 Y91.633 E227.22091
G1 X145.952 Y90.659 E227.26484
G1 X145.032 Y89.716 E227.30866
G1 X144.083 Y88.804 E227.35244
G1 X143.111 Y87.933 E227.39585
G1 X142.118 Y87.104 E227.43887
G1 X141.062 Y86.28 E227.48342
G1 X139.94 Y85.46 E227.52964
G1 X138.916 Y84.769 E227.57073
G1 X137.881 Y84.119 E227.61138
G1 X136.689 Y83.415 E227.65742
G1 X135.518 Y82.785 E227.70165
G1 X134.325 Y82.192 E227.74596
G1 X133.152 Y81.656 E227.78886
G1 X131.938 Y81.151 E227.83259
G1 X130.695 Y80.682 E227.87678
G1 X129.47 Y80.267 E227.91979
G1 X128.324 Y79.917 E227.95965
G1 X126.831 Y79.515 E228.01107
G1 X125.654 Y79.248 E228.05122
G1 X124.338 Y78.99 E228.09582
G1 X123.053 Y78.784 E228.1391
G1 X121.905 Y78.639 E228.17759
G1 X120.376 Y78.492 E228.22868
G1 X119.118 Y78.424 E228.27058
G1 X117.802 Y78.388 E228.31437
G1 X116.497 Y78.401 E228.35778
G1 X115.183 Y78.457 E228.40152
G1 X113.861 Y78.557 E228.44561
G1 X112.552 Y78.702 E228.48942
G1 X111.251 Y78.889 E228.53313
G1 X110.001 Y79.112 E228.57537
G1 X108.706 Y79.387 E228.6194
G1 X107.408 Y79.711 E228.66389
G1 X106.128 Y80.075 E228.70816
G1 X104.884 Y80.48 E228.75167
G1 X103.615 Y80.934 E228.7965
G1 X102.441 Y81.401 E228.83852
G1 X101.227 Y81.932 E228.88259
G1 X100.044 Y82.5 E228.92624
G1 X98.863 Y83.112 E228.97048
G1 X97.719 Y83.756 E229.01414
G1 X96.6 Y84.44 E229.05776
G1 X95.501 Y85.156 E229.10139
G1 X94.422 Y85.918 E229.14532
G1 X93.37 Y86.712 E229.18916
G1 X92.356 Y87.533 E229.23255
G1 X91.359 Y88.399 E229.27648
G1 X90.392 Y89.296 E229.32035
G1 X89.461 Y90.22 E229.36397
G1 X88.558 Y91.18 E229.40781
G1 X87.705 Y92.15 E229.45077
G1 X86.86 Y93.178 E229.49503
G1 X86.069 Y94.208 E229.53823
G1 X85.286 Y95.296 E229.58281
G1 X84.556 Y96.401 E229.62686
G1 X83.88 Y97.487 E229.66941
G1 X83.218 Y98.647 E229.71383
G1 X82.601 Y99.812 E229.75767
G1 X82.034 Y100.979 E229.80083
G1 X81.501 Y102.171 E229.84426
G1 X81.003 Y103.393 E229.88815
G1 X80.549 Y104.626 E229.93185
G1 X80.175 Y105.756 E229.97144
G1 X79.769 Y107.126 E230.01896
G1 X79.435 Y108.43 E230.06373
G1 X79.156 Y109.692 E230.10672
G1 X78.911 Y111.007 E230.15121
G1 X78.712 Y112.31 E230.19505
G1 X78.564 Y113.589 E230.23787
G1 X78.451 Y114.912 E230.28204
G1 X78.385 Y116.215 E230.32543
G1 X78.365 Y117.548 E230.36977
G1 X78.383 Y118.809 E230.41172
G1 X78.456 Y120.207 E230.45828
G1 X78.565 Y121.474 E230.50057
G1 X78.711 Y122.736 E230.54283
G1 X78.917 Y124.084 E230.58818
G1 X79.156 Y125.355 E230.6312
G1 X79.444 Y126.659 E230.67562
G1 X79.775 Y127.943 E230.71972
G1 X80.178 Y129.314 E230.76725
G1 X80.555 Y130.439 E230.80671
G1 X81.011 Y131.676 E230.85056
G1 X81.509 Y132.897 E230.89442
G1 X82.05 Y134.105 E230.93844
G1 X82.621 Y135.276 E230.98177
G1 X83.238 Y136.437 E231.0255
G1 X83.892 Y137.576 E231.06918
G1 X84.587 Y138.695 E231.113
G1 X85.316 Y139.795 E231.15689
G1 X86.081 Y140.856 E231.20039
G1 X86.89 Y141.908 E231.24453
G1 X87.719 Y142.914 E231.28789
G1 X88.572 Y143.885 E231.33088
G1 X89.49 Y144.854 E231.37527
G1 X90.425 Y145.784 E231.41914
G1 X91.39 Y146.677 E231.46287
G1 X92.373 Y147.53 E231.50615
G1 X93.405 Y148.363 E231.55026
G1 X94.454 Y149.153 E231.59394
G1 X95.521 Y149.906 E231.63738
G1 X96.631 Y150.628 E231.68142
G1 X97.738 Y151.303 E231.72454
G1 X98.912 Y151.961 E231.76931
G1 X100.05 Y152.553 E231.81197
G1 X101.269 Y153.134 E231.85688
G1 X102.462 Y153.655 E231.90018
G1 X103.683 Y154.139 E231.94387
G1 X104.923 Y154.585 E231.9877
G1 X106.184 Y154.985 E232.0317
G1 X107.428 Y155.342 E232.07474
G1 X108.705 Y155.657 E232.11849
G1 X109.979 Y155.931 E232.16183
G1 X111.294 Y156.165 E232.20626
G1 X112.595 Y156.351 E232.24997
G1 X113.883 Y156.492 E232.29306
G1 X115.225 Y156.593 E232.33782
G1 X116.517 Y156.648 E232.38083
G1 X117.5 Y156.654 E232.41353
G1 F2700 E227.41353
G0 F9000 X117.506 Y155.947
G0 X117.503 Y154.68
G0 X117.5 Y153.969
G1 F2700 E232.41353
G1 F1500 X117.086 Y153.972 E232.4273
G1 X115.811 Y153.936 E232.46972
G1 X114.552 Y153.856 E232.51168
G1 X113.272 Y153.731 E232.55446
G1 X111.946 Y153.55 E232.59897
G1 X110.682 Y153.332 E232.64163
G1 X109.4 Y153.063 E232.6852
G1 X108.142 Y152.752 E232.7283
G1 X106.914 Y152.403 E232.77076
G1 X105.667 Y152 E232.81435
G1 X104.453 Y151.558 E232.85732
G1 X103.254 Y151.075 E232.90031
G1 X102.08 Y150.552 E232.94306
G1 X100.917 Y149.985 E232.98609
G1 X99.78 Y149.374 E233.02902
G1 X98.649 Y148.722 E233.07244
G1 X97.555 Y148.034 E233.11543
G1 X96.481 Y147.306 E233.15858
G1 X95.435 Y146.541 E233.20168
G1 X94.43 Y145.745 E233.24432
G1 X93.436 Y144.904 E233.28763
G1 X92.488 Y144.039 E233.33031
G1 X91.555 Y143.126 E233.37373
G1 X90.662 Y142.189 E233.41678
G1 X89.802 Y141.22 E233.45988
G1 X88.985 Y140.234 E233.50246
G1 X88.188 Y139.196 E233.54599
G1 X87.441 Y138.143 E233.58893
G1 X86.733 Y137.073 E233.63161
G1 X86.053 Y135.958 E233.67504
G1 X85.418 Y134.828 E233.71816
G1 X84.823 Y133.678 E233.76122
G1 X84.272 Y132.511 E233.80414
G1 X83.765 Y131.333 E233.8468
G1 X83.295 Y130.126 E233.88988
G1 X82.864 Y128.895 E233.93326
G1 X82.486 Y127.669 E233.97593
G1 X82.181 Y126.535 E234.01499
G1 X81.855 Y125.159 E234.06202
G1 X81.606 Y123.88 E234.10536
G1 X81.405 Y122.613 E234.14803
G1 X81.244 Y121.314 E234.19156
G1 X81.132 Y120.026 E234.23456
G1 X81.068 Y118.732 E234.27766
G1 X81.048 Y117.46 E234.31997
G1 X81.076 Y116.157 E234.36332
G1 X81.144 Y114.865 E234.40635
G1 X81.265 Y113.562 E234.44987
G1 X81.426 Y112.291 E234.49248
G1 X81.635 Y111.016 E234.53546
G1 X81.893 Y109.738 E234.57882
G1 X82.187 Y108.487 E234.62156
G1 X82.529 Y107.24 E234.66457
G1 X82.919 Y105.993 E234.70803
G1 X83.346 Y104.782 E234.75073
G1 X83.824 Y103.58 E234.79376
G1 X84.343 Y102.386 E234.83706
G1 X84.898 Y101.215 E234.88016
G1 X85.494 Y100.076 E234.92292
G1 X86.133 Y98.955 E234.96583
G1 X86.823 Y97.838 E235.0095
G1 X87.529 Y96.775 E235.05194
G1 X88.294 Y95.713 E235.09548
G1 X89.078 Y94.704 E235.13798
G1 X89.914 Y93.698 E235.18148
G1 X90.768 Y92.741 E235.22414
G1 X91.664 Y91.812 E235.26707
G1 X92.602 Y90.899 E235.31061
G1 X93.555 Y90.042 E235.35323
G1 X94.552 Y89.202 E235.3966
G1 X95.566 Y88.409 E235.43941
G1 X96.611 Y87.654 E235.48229
G1 X97.694 Y86.922 E235.52577
G1 X98.784 Y86.242 E235.5685
G1 X99.906 Y85.598 E235.61152
G1 X101.06 Y84.991 E235.65489
G1 X102.226 Y84.429 E235.69794
G1 X103.398 Y83.91 E235.74058
G1 X104.612 Y83.427 E235.78403
G1 X105.831 Y82.993 E235.82707
G1 X107.053 Y82.603 E235.86973
G1 X108.309 Y82.249 E235.91313
G1 X109.567 Y81.948 E235.95616
G1 X110.83 Y81.686 E235.99906
G1 X112.101 Y81.473 E236.04192
G1 X113.38 Y81.304 E236.08483
G1 X114.627 Y81.184 E236.1265
G1 X115.963 Y81.104 E236.17101
G1 X117.266 Y81.076 E236.21436
G1 X118.554 Y81.088 E236.2572
G1 X119.857 Y81.148 E236.30059
G1 X121.132 Y81.257 E236.34315
G1 X122.431 Y81.41 E236.38665
G1 X123.703 Y81.603 E236.42944
G1 X124.969 Y81.849 E236.47234
G1 X126.24 Y82.138 E236.51569
G1 X127.478 Y82.468 E236.5583
G1 X128.729 Y82.846 E236.60177
G1 X129.948 Y83.265 E236.64464
G1 X131.151 Y83.727 E236.6875
G1 X132.347 Y84.235 E236.73072
G1 X133.523 Y84.785 E236.7739
G1 X134.678 Y85.373 E236.81701
G1 X135.808 Y86.004 E236.86006
G1 X136.906 Y86.668 E236.90273
G1 X137.988 Y87.38 E236.94581
G1 X139.046 Y88.124 E236.98883
G1 X140.083 Y88.913 E237.03217
G1 X141.077 Y89.726 E237.07488
G1 X142.046 Y90.582 E237.11789
G1 X142.987 Y91.471 E237.16094
G1 X143.908 Y92.4 E237.20445
G1 X144.772 Y93.345 E237.24704
G1 X145.569 Y94.275 E237.28778
G1 X146.421 Y95.341 E237.33316
G1 X147.19 Y96.379 E237.37613
G1 X147.921 Y97.448 E237.4192
G1 X148.617 Y98.538 E237.46222
G1 X149.277 Y99.665 E237.50566
G1 X149.884 Y100.795 E237.54832
G1 X150.455 Y101.957 E237.59138
G1 X150.993 Y103.147 E237.63482
G1 X151.48 Y104.33 E237.67737
G1 X151.927 Y105.545 E237.72043
G1 X152.333 Y106.788 E237.76392
G1 X152.686 Y108.018 E237.80648
G1 X153.004 Y109.274 E237.84957
G1 X153.278 Y110.549 E237.89295
G1 X153.499 Y111.811 E237.93556
G1 X153.683 Y113.107 E237.9791
G1 X153.812 Y114.381 E238.02169
G1 X153.904 Y115.673 E238.06477
G1 X153.944 Y116.969 E238.1079
G1 X153.94 Y118.26 E238.15084
G1 X153.892 Y119.568 E238.19437
G1 X153.795 Y120.846 E238.237
G1 X153.654 Y122.133 E238.28006
G1 X153.469 Y123.411 E238.32301
G1 X153.26 Y124.595 E238.363
G1 X152.934 Y126.078 E238.4135
G1 X152.672 Y127.101 E238.44862
G1 X152.274 Y128.444 E238.49521
G1 X151.866 Y129.667 E238.53809
G1 X151.413 Y130.885 E238.58131
G1 X150.91 Y132.092 E238.62481
G1 X150.379 Y133.254 E238.6673
G1 X149.8 Y134.412 E238.71036
G1 X149.172 Y135.563 E238.75397
G1 X148.517 Y136.664 E238.79658
G1 X147.813 Y137.762 E238.83996
G1 X147.085 Y138.816 E238.88257
G1 X146.309 Y139.854 E238.92567
G1 X145.499 Y140.864 E238.96873
G1 X144.643 Y141.848 E239.01211
G1 X143.774 Y142.786 E239.05464
G1 X142.849 Y143.714 E239.09822
G1 X141.915 Y144.592 E239.14086
G1 X140.939 Y145.436 E239.18377
G1 X139.933 Y146.252 E239.22686
G1 X138.899 Y147.033 E239.26995
G1 X137.829 Y147.776 E239.31328
G1 X136.743 Y148.48 E239.35633
G1 X135.641 Y149.14 E239.39905
G1 X134.506 Y149.763 E239.44211
G1 X133.34 Y150.35 E239.48553
G1 X132.166 Y150.893 E239.52855
G1 X130.972 Y151.391 E239.57158
G1 X129.772 Y151.846 E239.61427
G1 X128.651 Y152.224 E239.65361
G1 X127.299 Y152.634 E239.7006
G1 X126.056 Y152.956 E239.74331
G1 X124.781 Y153.241 E239.78676
G1 X123.424 Y153.495 E239.83268
G1 X122.082 Y153.683 E239.87775
G1 X120.88 Y153.816 E239.91798
G1 X119.625 Y153.912 E239.95984
G1 X118.346 Y153.964 E240.00241
G1 X117.5 Y153.969 E240.03055
G0 F9000 X117.505 Y154.98
;MESH:NONMESH
G0 F300 X117.505 Y154.98 Z1.2
G0 F9000 X117.5 Y154.369
;TIME_ELAPSED:337.823623
;LAYER:5
;TYPE:WALL-INNER
;MESH:Led Ring.stl
G1 F1500 X117.054 Y154.372 E240.04539
G1 X115.769 Y154.335 E240.08814
G1 X114.503 Y154.254 E240.13034
G1 X113.215 Y154.123 E240.1734
G1 X111.862 Y153.94 E240.21881
G1 X110.584 Y153.72 E240.26194
G1 X109.292 Y153.447 E240.30586
G1 X108.024 Y153.134 E240.3493
G1 X106.775 Y152.779 E240.39249
G1 X105.519 Y152.372 E240.4364
G1 X104.318 Y151.937 E240.47889
G1 X103.073 Y151.436 E240.52352
G1 X101.884 Y150.9 E240.5669
G1 X100.716 Y150.329 E240.61014
G1 X99.563 Y149.712 E240.65364
G1 X98.425 Y149.053 E240.69738
G1 X97.314 Y148.357 E240.74098
G1 X96.232 Y147.62 E240.78452
G1 X95.176 Y146.844 E240.82811
G1 X94.098 Y145.993 E240.87379
G1 X93.155 Y145.188 E240.91503
G1 X92.196 Y144.313 E240.9582
G1 X91.253 Y143.39 E241.00209
G1 X90.35 Y142.442 E241.04564
G1 X89.457 Y141.429 E241.09055
G1 X88.66 Y140.466 E241.13213
G1 X87.854 Y139.416 E241.17616
G1 X87.099 Y138.351 E241.21958
G1 X86.383 Y137.265 E241.26284
G1 X85.697 Y136.14 E241.30667
G1 X85.102 Y135.088 E241.34686
G1 X84.457 Y133.838 E241.39365
G1 X83.896 Y132.653 E241.43725
G1 X83.384 Y131.461 E241.4804
G1 X82.909 Y130.234 E241.52416
G1 X82.478 Y128.998 E241.5677
G1 X82.06 Y127.638 E241.61502
G1 X81.787 Y126.609 E241.65043
G1 X81.463 Y125.221 E241.69784
G1 X81.207 Y123.925 E241.74178
G1 X81.008 Y122.646 E241.78483
G1 X80.846 Y121.333 E241.82883
G1 X80.732 Y120.022 E241.8726
G1 X80.668 Y118.722 E241.91589
G1 X80.648 Y117.427 E241.95897
G1 X80.676 Y116.107 E242.00288
G1 X80.748 Y114.779 E242.04711
G1 X80.869 Y113.494 E242.09004
G1 X81.035 Y112.211 E242.13307
G1 X81.247 Y110.917 E242.17668
G1 X81.508 Y109.626 E242.22049
G1 X81.805 Y108.363 E242.26364
G1 X82.155 Y107.106 E242.30704
G1 X82.546 Y105.843 E242.35102
G1 X82.981 Y104.619 E242.39422
G1 X83.461 Y103.405 E242.43764
G1 X83.983 Y102.204 E242.4812
G1 X84.397 Y101.342 E242.513
G1 X84.42 Y101.269 E242.51555
G1 X85.154 Y99.867 E242.56818
G1 X85.801 Y98.727 E242.61178
G1 X86.496 Y97.608 E242.65559
G1 X87.217 Y96.529 E242.69875
G1 X87.988 Y95.457 E242.74267
G1 X88.787 Y94.422 E242.78616
G1 X89.62 Y93.428 E242.8293
G1 X90.491 Y92.452 E242.87281
G1 X91.398 Y91.509 E242.91632
G1 X92.347 Y90.589 E242.96028
G1 X93.31 Y89.724 E243.00334
G1 X94.322 Y88.875 E243.04727
G1 X95.343 Y88.078 E243.09035
G1 X96.4 Y87.31 E243.13381
G1 X97.499 Y86.57 E243.17788
G1 X98.598 Y85.887 E243.22091
G1 X99.736 Y85.236 E243.26452
G1 X100.895 Y84.627 E243.30806
G1 X102.082 Y84.054 E243.3519
G1 X103.266 Y83.534 E243.39491
G1 X104.492 Y83.047 E243.43879
G1 X105.727 Y82.603 E243.48244
G1 X106.961 Y82.214 E243.52547
G1 X108.232 Y81.856 E243.56939
G1 X109.503 Y81.552 E243.61286
G1 X110.789 Y81.288 E243.65652
G1 X112.065 Y81.077 E243.69954
G1 X113.362 Y80.906 E243.74305
G1 X114.623 Y80.785 E243.78519
G1 X115.974 Y80.704 E243.8302
G1 X117.288 Y80.676 E243.87391
G1 X118.588 Y80.692 E243.91716
G1 X119.905 Y80.753 E243.96101
G1 X121.199 Y80.86 E244.00419
G1 X122.493 Y81.012 E244.04753
G1 X123.79 Y81.214 E244.09118
G1 X125.073 Y81.462 E244.13465
G1 X126.363 Y81.756 E244.17865
G1 X127.616 Y82.09 E244.22178
G1 X128.88 Y82.476 E244.26574
G1 X130.107 Y82.899 E244.30891
G1 X131.328 Y83.368 E244.35241
G1 X132.538 Y83.884 E244.39616
G1 X133.727 Y84.438 E244.43979
G1 X134.889 Y85.036 E244.48326
G1 X136.031 Y85.674 E244.52677
G1 X137.132 Y86.338 E244.56953
G1 X138.234 Y87.061 E244.61337
G1 X139.302 Y87.814 E244.65683
G1 X140.344 Y88.61 E244.70044
G1 X141.358 Y89.438 E244.74398
G1 X142.336 Y90.303 E244.78741
G1 X143.287 Y91.202 E244.83093
G1 X144.2 Y92.126 E244.87414
G1 X145.094 Y93.099 E244.91809
G1 X145.946 Y94.102 E244.96186
G1 X146.755 Y95.119 E245.00508
G1 X147.519 Y96.15 E245.04776
G1 X148.271 Y97.25 E245.09208
G1 X148.97 Y98.352 E245.13548
G1 X149.633 Y99.484 E245.17912
G1 X150.251 Y100.635 E245.22257
G1 X150.827 Y101.808 E245.26603
G1 X151.372 Y103.013 E245.31002
G1 X151.859 Y104.213 E245.35309
G1 X152.311 Y105.44 E245.39658
G1 X152.72 Y106.692 E245.44039
G1 X153.082 Y107.942 E245.48368
G1 X153.399 Y109.21 E245.52715
G1 X153.675 Y110.504 E245.57115
G1 X153.899 Y111.776 E245.61411
G1 X154.081 Y113.086 E245.6581
G1 X154.214 Y114.353 E245.70047
G1 X154.304 Y115.681 E245.74474
G1 X154.344 Y116.99 E245.7883
G1 X154.34 Y118.295 E245.83171
G1 X154.291 Y119.618 E245.87574
G1 X154.193 Y120.91 E245.91883
G1 X154.05 Y122.212 E245.9624
G1 X153.859 Y123.504 E246.00584
G1 X153.623 Y124.8 E246.04965
G1 X153.346 Y126.071 E246.09292
G1 X153.016 Y127.348 E246.13679
G1 X152.646 Y128.589 E246.17986
G1 X152.235 Y129.831 E246.22337
G1 X151.781 Y131.045 E246.26648
G1 X151.256 Y132.296 E246.3116
G1 X150.729 Y133.453 E246.35389
G1 X150.143 Y134.625 E246.39747
G1 X149.513 Y135.775 E246.44108
G1 X148.842 Y136.903 E246.48474
G1 X148.13 Y138.005 E246.52838
G1 X147.393 Y139.072 E246.57151
G1 X146.608 Y140.12 E246.61506
G1 X145.781 Y141.151 E246.65902
G1 X144.932 Y142.124 E246.70197
G1 X144.035 Y143.091 E246.74584
G1 X143.108 Y144.024 E246.78958
G1 X142.159 Y144.905 E246.83265
G1 X141.174 Y145.763 E246.8761
G1 X140.158 Y146.584 E246.91954
G1 X139.12 Y147.367 E246.96279
G1 X138.027 Y148.124 E247.00701
G1 X136.929 Y148.836 E247.05053
G1 X135.812 Y149.503 E247.09381
G1 X134.668 Y150.128 E247.13716
G1 X133.488 Y150.725 E247.18115
G1 X132.401 Y151.226 E247.22096
G1 X131.125 Y151.762 E247.26699
G1 X129.877 Y152.233 E247.31136
G1 X128.745 Y152.615 E247.35109
G1 X127.379 Y153.026 E247.39854
G1 X126.119 Y153.35 E247.44181
G1 X124.847 Y153.634 E247.48516
G1 X123.682 Y153.85 E247.52457
G1 X122.185 Y154.076 E247.57492
G1 X121.225 Y154.187 E247.60706
G1 X119.607 Y154.316 E247.66105
G1 X118.325 Y154.364 E247.70372
G1 X117.5 Y154.369 E247.73116
G0 F9000 X117.5 Y154.68
G0 X117.502 Y156.155
G0 X117.5 Y156.462
G1 F1500 X117.837 Y156.464 E247.74237
G1 X119.144 Y156.432 E247.78585
G1 X120.38 Y156.36 E247.82703
G1 X121.804 Y156.229 E247.87459
G1 X123.067 Y156.067 E247.91694
G1 X124.35 Y155.858 E247.96018
G1 X125.614 Y155.613 E248.003
G1 X126.91 Y155.31 E248.04727
G1 X128.129 Y154.984 E248.08924
G1 X129.433 Y154.588 E248.13457
G1 X130.663 Y154.173 E248.17774
G1 X131.887 Y153.711 E248.22126
G1 X133.071 Y153.214 E248.26396
G1 X134.275 Y152.663 E248.308
G1 X135.251 Y152.183 E248.34418
G1 X135.257 Y152.187 E248.34442
G1 X136.612 Y151.452 E248.39569
G1 X137.809 Y150.75 E248.44184
G1 X138.837 Y150.101 E248.48228
G1 X139.837 Y149.417 E248.52257
G1 X140.978 Y148.592 E248.56941
G1 X142.016 Y147.782 E248.6132
G1 X143.011 Y146.947 E248.6564
G1 X143.991 Y146.065 E248.70025
G1 X144.921 Y145.173 E248.74311
G1 X145.835 Y144.236 E248.78665
G1 X146.72 Y143.262 E248.83042
G1 X147.574 Y142.258 E248.87426
G1 X148.39 Y141.233 E248.91783
G1 X149.17 Y140.183 E248.96134
G1 X149.913 Y139.105 E249.00488
G1 X150.62 Y138 E249.04852
G1 X151.288 Y136.882 E249.09183
G1 X151.922 Y135.735 E249.13542
G1 X152.503 Y134.587 E249.17822
G1 X153.183 Y133.117 E249.23209
G1 X153.576 Y132.182 E249.26582
G1 X154.05 Y130.956 E249.30954
G1 X154.478 Y129.724 E249.35292
G1 X154.867 Y128.474 E249.39646
G1 X155.218 Y127.207 E249.44019
G1 X155.545 Y125.843 E249.48684
G1 X155.779 Y124.662 E249.52688
G1 X155.998 Y123.385 E249.56998
G1 X156.171 Y122.09 E249.61343
G1 X156.302 Y120.782 E249.65715
G1 X156.392 Y119.481 E249.70053
G1 X156.436 Y118.157 E249.74459
G1 X156.436 Y116.846 E249.78819
G1 X156.393 Y115.555 E249.83115
G1 X156.3 Y114.236 E249.87513
G1 X156.156 Y112.812 E249.92274
G1 X155.993 Y111.638 E249.96216
G1 X155.775 Y110.346 E250.00574
G1 X155.538 Y109.167 E250.04574
G1 X155.21 Y107.801 E250.09246
G1 X154.86 Y106.539 E250.13602
G1 X154.432 Y105.176 E250.18354
G1 X154.041 Y104.064 E250.22274
G1 X153.561 Y102.826 E250.2669
G1 X153.046 Y101.628 E250.31028
G1 X152.492 Y100.439 E250.3539
G1 X151.9 Y99.273 E250.3974
G1 X151.268 Y98.13 E250.44084
G1 X150.595 Y97 E250.48458
G1 X149.888 Y95.905 E250.52793
G1 X149.142 Y94.829 E250.57148
G1 X148.362 Y93.777 E250.61504
G1 X147.527 Y92.731 E250.65956
G1 X146.699 Y91.761 E250.70197
G1 X145.815 Y90.791 E250.74562
G1 X144.901 Y89.855 E250.78914
G1 X143.972 Y88.96 E250.83204
G1 X142.991 Y88.084 E250.87579
G1 X141.986 Y87.246 E250.91931
G1 X140.948 Y86.433 E250.96316
G1 X139.816 Y85.61 E251.00971
G1 X138.81 Y84.93 E251.0501
G1 X137.795 Y84.293 E251.08995
G1 X136.578 Y83.573 E251.13698
G1 X135.258 Y82.861 E251.18687
G1 X135.252 Y82.866 E251.18713
G1 X134.246 Y82.367 E251.22448
G1 X133.056 Y81.824 E251.26798
G1 X131.866 Y81.326 E251.31089
G1 X130.637 Y80.864 E251.35456
G1 X129.398 Y80.448 E251.39803
G1 X128.252 Y80.097 E251.43789
G1 X126.787 Y79.703 E251.48835
G1 X125.611 Y79.435 E251.52847
G1 X124.326 Y79.183 E251.57202
G1 X123.031 Y78.977 E251.61563
G1 X121.785 Y78.817 E251.65741
G1 X120.343 Y78.683 E251.70558
G1 X119.128 Y78.616 E251.74605
G1 X117.808 Y78.585 E251.78997
G1 X116.504 Y78.593 E251.83334
G1 X115.203 Y78.652 E251.87666
G1 X113.883 Y78.751 E251.92068
G1 X112.583 Y78.893 E251.96418
G1 X111.287 Y79.079 E252.00773
G1 X109.998 Y79.309 E252.05128
G1 X108.732 Y79.581 E252.09434
G1 X107.462 Y79.897 E252.13787
G1 X106.19 Y80.26 E252.18187
G1 X104.952 Y80.661 E252.22515
G1 X103.705 Y81.109 E252.26922
G1 X102.498 Y81.586 E252.31239
G1 X101.311 Y82.105 E252.35548
G1 X100.121 Y82.673 E252.39933
G1 X98.973 Y83.271 E252.44239
G1 X97.815 Y83.92 E252.48654
G1 X96.705 Y84.6 E252.52983
G1 X95.629 Y85.301 E252.57255
G1 X94.545 Y86.066 E252.61667
G1 X93.492 Y86.86 E252.66054
G1 X92.485 Y87.677 E252.70367
G1 X91.49 Y88.541 E252.7475
G1 X90.532 Y89.43 E252.79097
G1 X89.603 Y90.351 E252.83448
G1 X88.705 Y91.306 E252.87808
G1 X87.853 Y92.273 E252.92094
G1 X87.016 Y93.291 E252.96478
G1 X86.213 Y94.336 E253.00861
G1 X85.448 Y95.401 E253.05222
G1 X84.741 Y96.464 E253.09468
G1 X84.04 Y97.601 E253.13911
G1 X83.385 Y98.738 E253.18275
G1 X82.777 Y99.891 E253.22611
G1 X82.21 Y101.056 E253.2692
G1 X81.676 Y102.248 E253.31264
G1 X81.179 Y103.476 E253.3567
G1 X80.726 Y104.706 E253.4003
G1 X80.357 Y105.826 E253.43952
G1 X79.955 Y107.193 E253.48691
G1 X79.624 Y108.471 E253.53082
G1 X79.344 Y109.732 E253.57379
G1 X79.104 Y111.017 E253.61726
G1 X78.905 Y112.329 E253.6614
G1 X78.753 Y113.626 E253.70483
G1 X78.643 Y114.922 E253.74809
G1 X78.576 Y116.239 E253.79195
G1 X78.557 Y117.528 E253.83483
G1 X78.577 Y118.846 E253.87867
G1 X78.644 Y120.165 E253.9226
G1 X78.755 Y121.455 E253.96566
G1 X78.91 Y122.752 E254.00911
G1 X79.104 Y124.031 E254.05214
G1 X79.348 Y125.332 E254.09616
G1 X79.632 Y126.609 E254.13967
G1 X79.963 Y127.887 E254.18358
G1 X80.363 Y129.25 E254.23083
G1 X80.736 Y130.373 E254.27018
G1 X81.19 Y131.603 E254.31379
G1 X81.683 Y132.817 E254.35737
G1 X82.222 Y134.02 E254.40122
G1 X82.792 Y135.187 E254.44441
G1 X83.402 Y136.341 E254.48783
G1 X84.048 Y137.46 E254.5308
G1 X84.75 Y138.598 E254.57528
G1 X85.469 Y139.677 E254.6184
G1 X86.231 Y140.738 E254.66185
G1 X87.062 Y141.814 E254.70707
G1 X87.894 Y142.822 E254.75054
G1 X88.729 Y143.768 E254.79251
G1 X89.626 Y144.721 E254.83603
G1 X90.554 Y145.636 E254.87938
G1 X91.514 Y146.528 E254.92297
G1 X92.511 Y147.39 E254.9668
G1 X93.521 Y148.21 E255.01007
G1 X94.565 Y148.995 E255.05352
G1 X95.63 Y149.747 E255.09688
G1 X96.729 Y150.463 E255.1405
G1 X97.831 Y151.138 E255.18349
G1 X98.999 Y151.791 E255.22799
G1 X100.152 Y152.39 E255.27121
G1 X101.326 Y152.949 E255.31446
G1 X102.515 Y153.469 E255.35762
G1 X103.746 Y153.954 E255.40163
G1 X104.981 Y154.401 E255.44531
G1 X106.207 Y154.793 E255.48812
G1 X107.495 Y155.16 E255.53266
G1 X108.763 Y155.474 E255.57611
G1 X110.034 Y155.746 E255.61934
G1 X111.321 Y155.973 E255.66281
G1 X112.599 Y156.156 E255.70575
G1 X113.917 Y156.299 E255.74984
G1 X115.217 Y156.397 E255.7932
G1 X116.544 Y156.456 E255.83738
G1 X117.5 Y156.462 E255.86918
G0 F9000 X117.5 Y156.862
;TYPE:WALL-OUTER
G1 F1500 X117.847 Y156.864 E255.88072
G1 X119.166 Y156.831 E255.92461
G1 X120.416 Y156.758 E255.96625
G1 X121.854 Y156.626 E256.01428
G1 X123.131 Y156.462 E256.0571
G1 X124.426 Y156.251 E256.10074
G1 X125.724 Y155.998 E256.14473
G1 X127.013 Y155.696 E256.18876
G1 X128.279 Y155.357 E256.23235
G1 X129.561 Y154.967 E256.27692
G1 X130.803 Y154.547 E256.32053
G1 X132.018 Y154.09 E256.3637
G1 X133.21 Y153.59 E256.4067
G1 X134.452 Y153.022 E256.45212
G1 X135.401 Y152.554 E256.48731
G1 X135.409 Y152.56 E256.48765
G1 X136.814 Y151.798 E256.54081
G1 X138.003 Y151.101 E256.58665
G1 X139.062 Y150.431 E256.62833
G1 X140.057 Y149.752 E256.66839
G1 X141.224 Y148.908 E256.71629
G1 X142.272 Y148.089 E256.76053
G1 X143.278 Y147.245 E256.80421
G1 X144.267 Y146.354 E256.84848
G1 X145.203 Y145.457 E256.8916
G1 X146.142 Y144.493 E256.93636
G1 X147.024 Y143.522 E256.97999
G1 X147.887 Y142.507 E257.0243
G1 X148.71 Y141.472 E257.06828
G1 X149.499 Y140.411 E257.11226
G1 X150.237 Y139.341 E257.15549
G1 X150.964 Y138.205 E257.20035
G1 X151.638 Y137.076 E257.24408
G1 X152.267 Y135.938 E257.28733
G1 X152.863 Y134.761 E257.33121
G1 X153.525 Y133.314 E257.38414
G1 X153.535 Y133.312 E257.38448
G1 X153.949 Y132.326 E257.42004
G1 X154.428 Y131.088 E257.46419
G1 X154.86 Y129.844 E257.50799
G1 X155.253 Y128.581 E257.55199
G1 X155.602 Y127.325 E257.59535
G1 X155.932 Y125.949 E257.64241
G1 X156.171 Y124.747 E257.68317
G1 X156.394 Y123.445 E257.72711
G1 X156.569 Y122.136 E257.77103
G1 X156.7 Y120.831 E257.81465
G1 X156.792 Y119.501 E257.85899
G1 X156.836 Y118.157 E257.90372
G1 X156.836 Y116.833 E257.94776
G1 X156.794 Y115.562 E257.99005
G1 X156.698 Y114.196 E258.0356
G1 X156.553 Y112.764 E258.08347
G1 X156.387 Y111.572 E258.1235
G1 X156.167 Y110.268 E258.16748
G1 X155.927 Y109.074 E258.20799
G1 X155.596 Y107.695 E258.25516
G1 X155.242 Y106.42 E258.29917
G1 X154.81 Y105.044 E258.34714
G1 X154.408 Y103.906 E258.38728
G1 X153.929 Y102.668 E258.43143
G1 X153.417 Y101.478 E258.47452
G1 X152.86 Y100.28 E258.51846
G1 X152.263 Y99.102 E258.56239
G1 X151.612 Y97.926 E258.60709
G1 X150.931 Y96.784 E258.65132
G1 X150.217 Y95.677 E258.69513
G1 X149.464 Y94.591 E258.73908
G1 X148.675 Y93.528 E258.78311
G1 X147.831 Y92.471 E258.8281
G1 X146.995 Y91.492 E258.87092
G1 X146.101 Y90.512 E258.91504
G1 X145.179 Y89.567 E258.95895
G1 X144.225 Y88.65 E259.00296
G1 X143.247 Y87.777 E259.04657
G1 X142.233 Y86.931 E259.09049
G1 X141.184 Y86.11 E259.13479
G1 X140.061 Y85.292 E259.181
G1 X139.023 Y84.592 E259.22264
G1 X137.987 Y83.943 E259.26331
G1 X136.768 Y83.221 E259.31043
G1 X135.409 Y82.488 E259.36178
G1 X135.401 Y82.494 E259.36212
G1 X134.412 Y82.003 E259.39884
G1 X133.211 Y81.455 E259.44275
G1 X132.014 Y80.954 E259.48591
G1 X130.765 Y80.485 E259.53028
G1 X129.516 Y80.066 E259.5741
G1 X128.38 Y79.717 E259.61362
G1 X126.883 Y79.315 E259.66518
G1 X125.694 Y79.044 E259.70574
G1 X124.396 Y78.789 E259.74974
G1 X123.082 Y78.58 E259.79399
G1 X121.807 Y78.418 E259.83674
G1 X120.393 Y78.284 E259.88398
G1 X119.144 Y78.216 E259.92558
G1 X117.806 Y78.185 E259.9701
G1 X116.486 Y78.193 E260.014
G1 X115.214 Y78.25 E260.05635
G1 X113.84 Y78.353 E260.10218
G1 X112.527 Y78.497 E260.14611
G1 X111.217 Y78.685 E260.19013
G1 X109.964 Y78.907 E260.23245
G1 X108.658 Y79.187 E260.27688
G1 X107.353 Y79.512 E260.32161
G1 X106.067 Y79.879 E260.36609
G1 X104.818 Y80.285 E260.40977
G1 X103.558 Y80.737 E260.45429
G1 X102.338 Y81.219 E260.49792
G1 X101.139 Y81.744 E260.54145
G1 X99.937 Y82.318 E260.58576
G1 X98.778 Y82.922 E260.62923
G1 X97.607 Y83.579 E260.67388
G1 X96.487 Y84.264 E260.71755
G1 X95.405 Y84.97 E260.76052
G1 X94.305 Y85.747 E260.80531
G1 X93.241 Y86.549 E260.84963
G1 X92.223 Y87.375 E260.89323
G1 X91.218 Y88.247 E260.93749
G1 X90.25 Y89.146 E260.98143
G1 X89.312 Y90.077 E261.02538
G1 X88.42 Y91.023 E261.06863
G1 X87.549 Y92.014 E261.11251
G1 X86.713 Y93.029 E261.15625
G1 X85.888 Y94.102 E261.20126
G1 X85.115 Y95.179 E261.24536
G1 X84.405 Y96.248 E261.28804
G1 X83.694 Y97.401 E261.33309
G1 X83.032 Y98.551 E261.37723
G1 X82.417 Y99.716 E261.42104
G1 X81.845 Y100.892 E261.46454
G1 X81.308 Y102.091 E261.50823
G1 X80.811 Y103.317 E261.55223
G1 X80.353 Y104.558 E261.59623
G1 X79.973 Y105.712 E261.63664
G1 X79.573 Y107.07 E261.68373
G1 X79.239 Y108.359 E261.72802
G1 X78.949 Y109.674 E261.7728
G1 X78.706 Y110.974 E261.81679
G1 X78.508 Y112.282 E261.86079
G1 X78.354 Y113.592 E261.90466
G1 X78.244 Y114.878 E261.94759
G1 X78.176 Y116.207 E261.99185
G1 X78.157 Y117.528 E262.03579
G1 X78.177 Y118.866 E262.0803
G1 X78.246 Y120.199 E262.12469
G1 X78.355 Y121.479 E262.16742
G1 X78.507 Y122.765 E262.21049
G1 X78.705 Y124.074 E262.25452
G1 X78.957 Y125.418 E262.3
G1 X79.245 Y126.709 E262.344
G1 X79.579 Y127.999 E262.38832
G1 X79.983 Y129.376 E262.43605
G1 X80.361 Y130.511 E262.47584
G1 X80.82 Y131.753 E262.51988
G1 X81.318 Y132.98 E262.56392
G1 X81.862 Y134.194 E262.60817
G1 X82.438 Y135.374 E262.65184
G1 X83.03 Y136.495 E262.694
G1 X83.704 Y137.665 E262.73891
G1 X84.417 Y138.819 E262.78403
G1 X85.144 Y139.911 E262.82766
G1 X85.914 Y140.982 E262.87154
G1 X86.753 Y142.068 E262.91718
G1 X87.594 Y143.086 E262.9611
G1 X88.437 Y144.042 E263.00349
G1 X89.327 Y144.988 E263.04669
G1 X90.282 Y145.929 E263.09128
G1 X91.234 Y146.815 E263.13454
G1 X92.241 Y147.686 E263.17882
G1 X93.28 Y148.53 E263.22335
G1 X94.334 Y149.321 E263.26718
G1 X95.405 Y150.078 E263.3108
G1 X96.52 Y150.804 E263.35505
G1 X97.629 Y151.483 E263.3983
G1 X98.814 Y152.145 E263.44345
G1 X99.98 Y152.751 E263.48715
G1 X101.181 Y153.322 E263.53138
G1 X102.361 Y153.839 E263.57423
G1 X103.591 Y154.324 E263.61821
G1 X104.833 Y154.774 E263.66214
G1 X106.091 Y155.176 E263.70607
G1 X107.399 Y155.548 E263.7513
G1 X108.658 Y155.861 E263.79445
G1 X109.964 Y156.14 E263.83887
G1 X111.24 Y156.366 E263.88197
G1 X112.549 Y156.553 E263.92595
G1 X113.887 Y156.698 E263.97071
G1 X115.213 Y156.797 E264.01493
G1 X116.514 Y156.856 E264.05825
G1 X117.5 Y156.862 E264.09105
G1 F2700 E259.09105
G0 F9000 X117.506 Y156.155
G0 X117.502 Y154.68
G0 X117.5 Y153.969
G1 F2700 E264.09105
G1 F1500 X117.066 Y153.972 E264.10548
G1 X115.795 Y153.936 E264.14777
G1 X114.543 Y153.856 E264.1895
G1 X113.269 Y153.727 E264.23209
G1 X111.93 Y153.546 E264.27703
G1 X110.666 Y153.328 E264.31969
G1 X109.388 Y153.059 E264.36313
G1 X108.133 Y152.749 E264.40612
G1 X106.898 Y152.399 E264.44882
G1 X105.655 Y151.996 E264.49228
G1 X104.449 Y151.558 E264.53495
G1 X103.237 Y151.071 E264.5784
G1 X102.06 Y150.54 E264.62134
G1 X100.905 Y149.977 E264.66408
G1 X99.763 Y149.366 E264.70716
G1 X98.637 Y148.714 E264.75044
G1 X97.539 Y148.026 E264.79353
G1 X96.469 Y147.298 E264.83658
G1 X95.424 Y146.53 E264.87971
G1 X94.358 Y145.689 E264.92487
G1 X93.425 Y144.892 E264.96568
G1 X92.476 Y144.027 E265.00839
G1 X91.543 Y143.114 E265.05181
G1 X90.65 Y142.177 E265.09486
G1 X89.765 Y141.174 E265.13935
G1 X88.977 Y140.222 E265.18045
G1 X88.18 Y139.184 E265.22398
G1 X87.433 Y138.131 E265.26692
G1 X86.725 Y137.057 E265.30971
G1 X86.045 Y135.943 E265.35311
G1 X85.458 Y134.904 E265.39281
G1 X84.819 Y133.666 E265.43914
G1 X84.264 Y132.495 E265.48224
G1 X83.757 Y131.317 E265.5249
G1 X83.287 Y130.102 E265.56823
G1 X82.86 Y128.88 E265.61128
G1 X82.446 Y127.536 E265.65806
G1 X82.177 Y126.518 E265.69308
G1 X81.855 Y125.143 E265.74005
G1 X81.602 Y123.863 E265.78344
G1 X81.405 Y122.597 E265.82606
G1 X81.244 Y121.298 E265.86959
G1 X81.132 Y120.002 E265.91286
G1 X81.068 Y118.716 E265.95568
G1 X81.048 Y117.435 E265.9983
G1 X81.076 Y116.129 E266.04174
G1 X81.148 Y114.793 E266.08624
G1 X81.265 Y113.546 E266.1279
G1 X81.43 Y112.275 E266.17053
G1 X81.639 Y110.996 E266.21363
G1 X81.897 Y109.718 E266.257
G1 X82.191 Y108.47 E266.29964
G1 X82.537 Y107.224 E266.34265
G1 X82.923 Y105.977 E266.38607
G1 X83.353 Y104.766 E266.42881
G1 X83.828 Y103.564 E266.4718
G1 X84.343 Y102.377 E266.51483
G1 X84.777 Y101.475 E266.54813
G1 X84.771 Y101.466 E266.54849
G1 X85.502 Y100.065 E266.60105
G1 X86.141 Y98.938 E266.64414
G1 X86.829 Y97.829 E266.68754
G1 X87.541 Y96.763 E266.73018
G1 X88.305 Y95.701 E266.77369
G1 X89.094 Y94.679 E266.81664
G1 X89.918 Y93.694 E266.85935
G1 X90.779 Y92.729 E266.90236
G1 X91.676 Y91.796 E266.94541
G1 X92.614 Y90.887 E266.98885
G1 X93.567 Y90.03 E267.03148
G1 X94.568 Y89.19 E267.07494
G1 X95.578 Y88.402 E267.11755
G1 X96.624 Y87.642 E267.16056
G1 X97.71 Y86.91 E267.20412
G1 X98.796 Y86.234 E267.24666
G1 X99.922 Y85.59 E267.28981
G1 X101.069 Y84.987 E267.33291
G1 X102.243 Y84.42 E267.37627
G1 X103.414 Y83.906 E267.4188
G1 X104.628 Y83.423 E267.46226
G1 X105.847 Y82.985 E267.50534
G1 X107.069 Y82.599 E267.54796
G1 X108.325 Y82.245 E267.59137
G1 X109.583 Y81.944 E267.63439
G1 X110.855 Y81.682 E267.67758
G1 X112.117 Y81.473 E267.72013
G1 X113.4 Y81.304 E267.76317
G1 X114.647 Y81.184 E267.80484
G1 X115.983 Y81.104 E267.84935
G1 X117.283 Y81.076 E267.8926
G1 X118.57 Y81.092 E267.93541
G1 X119.873 Y81.152 E267.97879
G1 X121.152 Y81.257 E268.02148
G1 X122.447 Y81.41 E268.06485
G1 X123.714 Y81.607 E268.1075
G1 X124.985 Y81.852 E268.15055
G1 X126.26 Y82.142 E268.19404
G1 X127.499 Y82.472 E268.23668
G1 X128.75 Y82.854 E268.28019
G1 X129.964 Y83.273 E268.3229
G1 X131.171 Y83.736 E268.3659
G1 X132.369 Y84.246 E268.40921
G1 X133.544 Y84.794 E268.45233
G1 X134.694 Y85.385 E268.49533
G1 X135.824 Y86.016 E268.53838
G1 X136.922 Y86.68 E268.58106
G1 X138.004 Y87.388 E268.62407
G1 X139.07 Y88.141 E268.66747
G1 X140.091 Y88.92 E268.71019
G1 X141.093 Y89.738 E268.75321
G1 X142.062 Y90.594 E268.79621
G1 X143.003 Y91.483 E268.83927
G1 X143.92 Y92.412 E268.88269
G1 X144.789 Y93.358 E268.92541
G1 X145.633 Y94.351 E268.96876
G1 X146.433 Y95.357 E269.0115
G1 X147.201 Y96.395 E269.05445
G1 X147.933 Y97.464 E269.09754
G1 X148.625 Y98.554 E269.14049
G1 X149.281 Y99.673 E269.18363
G1 X149.892 Y100.811 E269.22659
G1 X150.463 Y101.973 E269.26965
G1 X151.002 Y103.164 E269.31313
G1 X151.484 Y104.351 E269.35574
G1 X151.931 Y105.565 E269.39877
G1 X152.336 Y106.804 E269.44212
G1 X152.694 Y108.039 E269.48489
G1 X153.008 Y109.294 E269.52792
G1 X153.281 Y110.573 E269.57142
G1 X153.503 Y111.832 E269.61394
G1 X153.683 Y113.127 E269.65742
G1 X153.816 Y114.402 E269.70006
G1 X153.904 Y115.693 E269.7431
G1 X153.944 Y116.989 E269.78623
G1 X153.94 Y118.28 E269.82916
G1 X153.892 Y119.588 E269.8727
G1 X153.795 Y120.866 E269.91533
G1 X153.654 Y122.154 E269.95842
G1 X153.465 Y123.432 E270.00139
G1 X153.232 Y124.715 E270.04476
G1 X152.958 Y125.971 E270.08752
G1 X152.632 Y127.234 E270.1309
G1 X152.268 Y128.46 E270.17344
G1 X151.86 Y129.691 E270.21657
G1 X151.405 Y130.906 E270.25972
G1 X150.892 Y132.13 E270.30387
G1 X150.371 Y133.274 E270.34568
G1 X149.792 Y134.433 E270.38877
G1 X149.169 Y135.571 E270.43192
G1 X148.506 Y136.686 E270.47506
G1 X147.801 Y137.778 E270.51829
G1 X147.073 Y138.832 E270.5609
G1 X146.296 Y139.87 E270.60403
G1 X145.479 Y140.888 E270.64744
G1 X144.639 Y141.852 E270.68997
G1 X143.751 Y142.809 E270.73339
G1 X142.836 Y143.731 E270.77659
G1 X141.896 Y144.603 E270.81924
G1 X140.922 Y145.452 E270.86221
G1 X139.917 Y146.264 E270.90519
G1 X138.882 Y147.045 E270.94831
G1 X137.809 Y147.788 E270.99172
G1 X136.723 Y148.492 E271.03477
G1 X135.62 Y149.152 E271.07752
G1 X134.487 Y149.771 E271.12046
G1 X133.32 Y150.362 E271.16397
G1 X132.246 Y150.857 E271.2033
G1 X130.963 Y151.396 E271.24959
G1 X129.749 Y151.854 E271.29274
G1 X128.63 Y152.232 E271.33203
G1 X127.279 Y152.638 E271.37895
G1 X126.032 Y152.96 E271.42178
G1 X124.769 Y153.241 E271.46482
G1 X123.622 Y153.454 E271.50362
G1 X122.131 Y153.679 E271.55377
G1 X121.193 Y153.788 E271.58518
G1 X119.592 Y153.916 E271.6386
G1 X118.322 Y153.964 E271.68087
G1 X117.5 Y153.969 E271.70821
G0 F9000 X117.503 Y154.98
;MESH:NONMESH
G0 F300 X117.503 Y154.98 Z1.4
G0 F9000 X117.5 Y154.367
;TIME_ELAPSED:376.998039
;LAYER:6
;TYPE:WALL-INNER
;MESH:Led Ring.stl
G1 F1500 X117.038 Y154.368 E271.72357
G1 X115.757 Y154.331 E271.7662
G1 X114.501 Y154.25 E271.80806
G1 X113.205 Y154.123 E271.85137
G1 X111.85 Y153.936 E271.89687
G1 X110.574 Y153.716 E271.93993
G1 X109.274 Y153.447 E271.98409
G1 X108.008 Y153.13 E272.02749
G1 X106.759 Y152.775 E272.07068
G1 X105.502 Y152.368 E272.11463
G1 X104.286 Y151.925 E272.15767
G1 X103.063 Y151.429 E272.20157
G1 X101.868 Y150.895 E272.2451
G1 X100.703 Y150.325 E272.28824
G1 X99.559 Y149.709 E272.33145
G1 X98.42 Y149.05 E272.37522
G1 X97.315 Y148.353 E272.41867
G1 X96.22 Y147.612 E272.46265
G1 X95.163 Y146.835 E272.50628
G1 X94.148 Y146.031 E272.54935
G1 X93.143 Y145.18 E272.59315
G1 X92.183 Y144.304 E272.63637
G1 X91.241 Y143.378 E272.68031
G1 X90.338 Y142.43 E272.72385
G1 X89.457 Y141.432 E272.76813
G1 X88.647 Y140.45 E272.81047
G1 X87.847 Y139.404 E272.85427
G1 X87.094 Y138.346 E272.89746
G1 X86.372 Y137.245 E272.94125
G1 X85.688 Y136.126 E272.98487
G1 X85.099 Y135.074 E273.02497
G1 X84.452 Y133.832 E273.07155
G1 X83.892 Y132.641 E273.11532
G1 X83.38 Y131.445 E273.15859
G1 X82.905 Y130.218 E273.20235
G1 X82.474 Y128.981 E273.24592
G1 X82.056 Y127.622 E273.29321
G1 X81.783 Y126.593 E273.32862
G1 X81.459 Y125.205 E273.37603
G1 X81.203 Y123.909 E273.41997
G1 X81.004 Y122.63 E273.46302
G1 X80.842 Y121.315 E273.50708
G1 X80.732 Y120.014 E273.55051
G1 X80.668 Y118.706 E273.59407
G1 X80.648 Y117.43 E273.63651
G1 X80.677 Y116.089 E273.68112
G1 X80.754 Y114.74 E273.72607
G1 X80.872 Y113.479 E273.76819
G1 X81.056 Y112.051 E273.81608
G1 X81.251 Y110.903 E273.85481
G1 X81.508 Y109.608 E273.89872
G1 X81.809 Y108.347 E273.94184
G1 X82.159 Y107.088 E273.9853
G1 X82.553 Y105.828 E274.02921
G1 X82.986 Y104.602 E274.07246
G1 X83.469 Y103.389 E274.11588
G1 X83.991 Y102.187 E274.15947
G1 X84.406 Y101.325 E274.19129
G1 X84.428 Y101.252 E274.19382
G1 X85.216 Y99.748 E274.2503
G1 X85.817 Y98.704 E274.29036
G1 X86.504 Y97.59 E274.33389
G1 X87.212 Y96.53 E274.37629
G1 X87.998 Y95.439 E274.42101
G1 X88.798 Y94.412 E274.46431
G1 X89.629 Y93.41 E274.50761
G1 X90.503 Y92.44 E274.55103
G1 X91.418 Y91.489 E274.59493
G1 X92.351 Y90.585 E274.63814
G1 X93.326 Y89.712 E274.68167
G1 X94.334 Y88.867 E274.72541
G1 X95.369 Y88.057 E274.76913
G1 X96.415 Y87.303 E274.81201
G1 X97.511 Y86.562 E274.85602
G1 X98.614 Y85.878 E274.89918
G1 X99.752 Y85.228 E274.94277
G1 X100.918 Y84.615 E274.98659
G1 X102.066 Y84.059 E275.02901
G1 X103.282 Y83.526 E275.07317
G1 X104.51 Y83.038 E275.11712
G1 X105.731 Y82.603 E275.16023
G1 X106.989 Y82.206 E275.20411
G1 X108.252 Y81.852 E275.24773
G1 X109.524 Y81.548 E275.29123
G1 X110.804 Y81.288 E275.33467
G1 X112.085 Y81.073 E275.37788
G1 X113.382 Y80.902 E275.42139
G1 X114.63 Y80.781 E275.46309
G1 X115.99 Y80.704 E275.5084
G1 X117.304 Y80.676 E275.55211
G1 X118.604 Y80.692 E275.59535
G1 X119.927 Y80.754 E275.6394
G1 X121.219 Y80.864 E275.68253
G1 X122.512 Y81.016 E275.72583
G1 X123.796 Y81.215 E275.76905
G1 X125.094 Y81.466 E275.81302
G1 X126.379 Y81.759 E275.85686
G1 X127.632 Y82.093 E275.89999
G1 X128.897 Y82.48 E275.94399
G1 X130.128 Y82.908 E275.98733
G1 X131.344 Y83.375 E276.03066
G1 X132.554 Y83.892 E276.07442
G1 X133.73 Y84.441 E276.11759
G1 X134.905 Y85.043 E276.1615
G1 X136.047 Y85.682 E276.20502
G1 X137.148 Y86.347 E276.2478
G1 X138.258 Y87.081 E276.29207
G1 X139.33 Y87.835 E276.33566
G1 X140.356 Y88.623 E276.37868
G1 X141.369 Y89.449 E276.42216
G1 X142.352 Y90.316 E276.46575
G1 X143.292 Y91.202 E276.50872
G1 X144.226 Y92.158 E276.55317
G1 X145.105 Y93.114 E276.59636
G1 X145.958 Y94.114 E276.64008
G1 X146.833 Y95.214 E276.68683
G1 X147.548 Y96.193 E276.72715
G1 X148.286 Y97.274 E276.77068
G1 X148.983 Y98.37 E276.81388
G1 X149.641 Y99.499 E276.85735
G1 X150.264 Y100.656 E276.90105
G1 X150.834 Y101.828 E276.9444
G1 X151.377 Y103.021 E276.988
G1 X151.871 Y104.241 E277.03177
G1 X152.319 Y105.461 E277.075
G1 X152.729 Y106.718 E277.11898
G1 X153.087 Y107.962 E277.16203
G1 X153.403 Y109.23 E277.2055
G1 X153.68 Y110.524 E277.24951
G1 X153.9 Y111.776 E277.29179
G1 X154.086 Y113.107 E277.33649
G1 X154.215 Y114.394 E277.37951
G1 X154.304 Y115.701 E277.42308
G1 X154.344 Y117.01 E277.46664
G1 X154.34 Y118.321 E277.51024
G1 X154.287 Y119.637 E277.55405
G1 X154.189 Y120.929 E277.59714
G1 X154.047 Y122.244 E277.64113
G1 X153.85 Y123.565 E277.68556
G1 X153.619 Y124.827 E277.72823
G1 X153.337 Y126.09 E277.77127
G1 X153.008 Y127.366 E277.8151
G1 X152.642 Y128.611 E277.85826
G1 X152.226 Y129.853 E277.90182
G1 X151.764 Y131.074 E277.94524
G1 X151.258 Y132.295 E277.9892
G1 X150.718 Y133.473 E278.03231
G1 X150.13 Y134.646 E278.07595
G1 X149.5 Y135.791 E278.11941
G1 X148.826 Y136.925 E278.16329
G1 X148.126 Y138.013 E278.20632
G1 X147.38 Y139.093 E278.24998
G1 X146.596 Y140.137 E278.2934
G1 X145.765 Y141.167 E278.33742
G1 X144.916 Y142.141 E278.38039
G1 X144.018 Y143.108 E278.42429
G1 X143.101 Y144.028 E278.46749
G1 X142.135 Y144.925 E278.51133
G1 X141.158 Y145.775 E278.55441
G1 X140.137 Y146.601 E278.59809
G1 X139.091 Y147.385 E278.64156
G1 X138.011 Y148.136 E278.68532
G1 X136.91 Y148.848 E278.72892
G1 X135.794 Y149.51 E278.77208
G1 X134.65 Y150.14 E278.81552
G1 X133.478 Y150.73 E278.85916
G1 X132.28 Y151.278 E278.90298
G1 X131.083 Y151.778 E278.94612
G1 X129.86 Y152.237 E278.98957
G1 X128.608 Y152.659 E279.03352
G1 X127.355 Y153.033 E279.07701
G1 X126.098 Y153.358 E279.12019
G1 X124.719 Y153.663 E279.16716
G1 X123.662 Y153.854 E279.20289
G1 X122.151 Y154.081 E279.25371
G1 X121.095 Y154.199 E279.28905
G1 X119.575 Y154.316 E279.33976
G1 X118.299 Y154.364 E279.38223
G1 X117.5 Y154.367 E279.4088
G0 F9000 X117.5 Y154.68
G0 X117.502 Y156.333
G0 X117.5 Y156.641
G1 F1500 X117.841 Y156.644 E279.42014
G1 X119.153 Y156.612 E279.46379
G1 X120.398 Y156.54 E279.50527
G1 X121.905 Y156.399 E279.55561
G1 X123.093 Y156.243 E279.59547
G1 X124.379 Y156.034 E279.6388
G1 X125.668 Y155.781 E279.68249
G1 X126.847 Y155.513 E279.7227
G1 X128.341 Y155.116 E279.77412
G1 X129.471 Y154.765 E279.81347
G1 X130.723 Y154.34 E279.85745
G1 X131.949 Y153.878 E279.90103
G1 X133.144 Y153.378 E279.94411
G1 X134.359 Y152.825 E279.98851
G1 X135.334 Y152.34 E280.02473
G1 X135.34 Y152.344 E280.02497
G1 X136.701 Y151.608 E280.07643
G1 X137.903 Y150.901 E280.12281
G1 X138.933 Y150.248 E280.16338
G1 X139.946 Y149.561 E280.20409
G1 X141.085 Y148.733 E280.25092
G1 X142.128 Y147.918 E280.29495
G1 X143.134 Y147.077 E280.33856
G1 X144.112 Y146.196 E280.38234
G1 X145.058 Y145.288 E280.42595
G1 X145.979 Y144.343 E280.46984
G1 X146.846 Y143.395 E280.51257
G1 X147.716 Y142.372 E280.55723
G1 X148.534 Y141.34 E280.60103
G1 X149.359 Y140.227 E280.64711
G1 X150.061 Y139.205 E280.68835
G1 X150.761 Y138.116 E280.73141
G1 X151.444 Y136.97 E280.77578
G1 X152.073 Y135.831 E280.81906
G1 X152.668 Y134.656 E280.86286
G1 X153.226 Y133.455 E280.90691
G1 X153.743 Y132.244 E280.9507
G1 X154.212 Y131.036 E280.9938
G1 X154.646 Y129.796 E281.0375
G1 X155.039 Y128.522 E281.08184
G1 X155.391 Y127.254 E281.12561
G1 X155.717 Y125.879 E281.17261
G1 X155.954 Y124.71 E281.21228
G1 X156.174 Y123.41 E281.25614
G1 X156.349 Y122.093 E281.30033
G1 X156.482 Y120.813 E281.34313
G1 X156.568 Y119.489 E281.38726
G1 X156.616 Y118.153 E281.43172
G1 X156.615 Y116.844 E281.47526
G1 X156.568 Y115.529 E281.51902
G1 X156.479 Y114.202 E281.56326
G1 X156.346 Y112.919 E281.60616
G1 X156.171 Y111.609 E281.65012
G1 X155.947 Y110.317 E281.69373
G1 X155.709 Y109.128 E281.73406
G1 X155.379 Y107.753 E281.78109
G1 X155.03 Y106.481 E281.82496
G1 X154.637 Y105.234 E281.86845
G1 X154.216 Y104.02 E281.91119
G1 X153.725 Y102.759 E281.9562
G1 X153.295 Y101.749 E281.99271
G1 X153.3 Y101.742 E281.99299
G1 X152.657 Y100.373 E282.0433
G1 X152.055 Y99.187 E282.08753
G1 X151.423 Y98.045 E282.13095
G1 X150.747 Y96.907 E282.17497
G1 X150.034 Y95.803 E282.21868
G1 X149.345 Y94.802 E282.2591
G1 X148.524 Y93.69 E282.30507
G1 X147.673 Y92.626 E282.35039
G1 X146.832 Y91.639 E282.39352
G1 X145.947 Y90.672 E282.43712
G1 X145.024 Y89.726 E282.48108
G1 X144.091 Y88.832 E282.52405
G1 X143.099 Y87.941 E282.5684
G1 X142.1 Y87.108 E282.61167
G1 X141.056 Y86.293 E282.65572
G1 X139.916 Y85.459 E282.7027
G1 X138.921 Y84.792 E282.74254
G1 X137.874 Y84.133 E282.78369
G1 X136.664 Y83.416 E282.83046
G1 X135.341 Y82.705 E282.88042
G1 X135.335 Y82.709 E282.88066
G1 X134.323 Y82.206 E282.91825
G1 X133.132 Y81.664 E282.96177
G1 X131.93 Y81.162 E283.00509
G1 X130.695 Y80.696 E283.049
G1 X129.469 Y80.28 E283.09206
G1 X128.183 Y79.894 E283.13672
G1 X126.939 Y79.559 E283.17957
G1 X125.63 Y79.26 E283.22422
G1 X124.358 Y79.011 E283.26733
G1 X123.051 Y78.8 E283.31137
G1 X121.806 Y78.641 E283.35311
G1 X120.358 Y78.506 E283.40148
G1 X119.135 Y78.436 E283.44223
G1 X117.806 Y78.404 E283.48644
G1 X116.502 Y78.417 E283.52982
G1 X115.186 Y78.472 E283.57362
G1 X113.864 Y78.572 E283.61772
G1 X112.56 Y78.718 E283.66136
G1 X111.257 Y78.904 E283.70514
G1 X109.964 Y79.133 E283.74881
G1 X108.689 Y79.406 E283.79218
G1 X107.414 Y79.725 E283.8359
G1 X106.142 Y80.088 E283.87989
G1 X104.887 Y80.492 E283.92374
G1 X103.652 Y80.937 E283.9674
G1 X102.429 Y81.422 E284.01116
G1 X101.238 Y81.945 E284.05443
G1 X100.041 Y82.518 E284.09857
G1 X98.898 Y83.108 E284.14135
G1 X97.728 Y83.768 E284.18603
G1 X96.605 Y84.45 E284.22973
G1 X95.513 Y85.164 E284.27312
G1 X94.432 Y85.928 E284.31715
G1 X93.384 Y86.72 E284.36084
G1 X92.372 Y87.54 E284.40416
G1 X91.366 Y88.409 E284.44838
G1 X90.42 Y89.289 E284.49135
G1 X89.474 Y90.228 E284.53568
G1 X88.572 Y91.186 E284.57944
G1 X87.706 Y92.171 E284.62307
G1 X86.881 Y93.17 E284.66616
G1 X86.078 Y94.214 E284.70997
G1 X85.304 Y95.296 E284.75421
G1 X84.589 Y96.369 E284.7971
G1 X83.865 Y97.542 E284.84295
G1 X83.22 Y98.668 E284.88611
G1 X82.615 Y99.813 E284.92918
G1 X82.053 Y100.966 E284.97184
G1 X81.506 Y102.196 E285.01661
G1 X81.009 Y103.416 E285.06043
G1 X80.557 Y104.648 E285.10408
G1 X80.19 Y105.775 E285.1435
G1 X79.782 Y107.148 E285.19114
G1 X79.452 Y108.431 E285.2352
G1 X79.165 Y109.717 E285.27902
G1 X78.925 Y111.006 E285.32263
G1 X78.73 Y112.306 E285.36636
G1 X78.576 Y113.61 E285.41003
G1 X78.467 Y114.889 E285.45272
G1 X78.4 Y116.231 E285.49741
G1 X78.376 Y117.528 E285.54056
G1 X78.401 Y118.849 E285.5845
G1 X78.467 Y120.159 E285.62813
G1 X78.579 Y121.473 E285.67199
G1 X78.734 Y122.777 E285.71567
G1 X78.931 Y124.077 E285.7594
G1 X79.172 Y125.371 E285.80318
G1 X79.46 Y126.652 E285.84685
G1 X79.783 Y127.908 E285.88998
G1 X80.159 Y129.185 E285.93426
G1 X80.57 Y130.437 E285.97809
G1 X81.016 Y131.65 E286.02107
G1 X81.52 Y132.884 E286.06541
G1 X82.061 Y134.094 E286.10949
G1 X82.631 Y135.263 E286.15275
G1 X83.247 Y136.426 E286.19652
G1 X83.902 Y137.568 E286.24031
G1 X84.599 Y138.695 E286.28438
G1 X85.324 Y139.776 E286.32767
G1 X86.09 Y140.845 E286.37141
G1 X86.909 Y141.91 E286.4161
G1 X87.745 Y142.922 E286.45976
G1 X88.597 Y143.889 E286.50262
G1 X89.499 Y144.846 E286.54636
G1 X90.432 Y145.77 E286.59004
G1 X91.397 Y146.666 E286.63383
G1 X92.399 Y147.529 E286.67782
G1 X93.413 Y148.35 E286.72121
G1 X94.461 Y149.141 E286.76488
G1 X95.546 Y149.906 E286.80904
G1 X96.635 Y150.617 E286.85229
G1 X97.759 Y151.298 E286.896
G1 X98.897 Y151.94 E286.93946
G1 X100.071 Y152.545 E286.98339
G1 X101.254 Y153.11 E287.02699
G1 X102.466 Y153.641 E287.071
G1 X103.685 Y154.124 E287.11461
G1 X104.924 Y154.569 E287.1584
G1 X106.172 Y154.97 E287.202
G1 X107.43 Y155.328 E287.2455
G1 X108.725 Y155.646 E287.28985
G1 X110.002 Y155.917 E287.33327
G1 X111.276 Y156.147 E287.37633
G1 X112.576 Y156.332 E287.42001
G1 X113.884 Y156.478 E287.46378
G1 X115.203 Y156.577 E287.50777
G1 X116.538 Y156.632 E287.55221
G1 X117.5 Y156.641 E287.58421
G0 F9000 X117.5 Y157.041
;TYPE:WALL-OUTER
G1 F1500 X117.851 Y157.044 E287.59589
G1 X119.175 Y157.011 E287.63994
G1 X120.435 Y156.938 E287.68191
G1 X121.949 Y156.797 E287.73249
G1 X123.157 Y156.638 E287.77301
G1 X124.432 Y156.431 E287.81597
G1 X125.756 Y156.171 E287.86085
G1 X126.949 Y155.899 E287.90155
G1 X128.459 Y155.498 E287.95351
G1 X129.599 Y155.144 E287.99322
G1 X130.864 Y154.714 E288.03765
G1 X132.078 Y154.258 E288.08079
G1 X133.352 Y153.722 E288.12676
G1 X134.538 Y153.183 E288.17009
G1 X135.484 Y152.71 E288.20526
G1 X135.493 Y152.716 E288.20562
G1 X136.903 Y151.953 E288.25895
G1 X138.117 Y151.239 E288.30579
G1 X139.157 Y150.58 E288.34674
G1 X140.161 Y149.9 E288.38707
G1 X141.311 Y149.064 E288.43436
G1 X142.384 Y148.225 E288.47966
G1 X143.401 Y147.375 E288.52375
G1 X144.388 Y146.485 E288.56795
G1 X145.344 Y145.568 E288.61201
G1 X146.274 Y144.613 E288.65635
G1 X147.162 Y143.64 E288.70016
G1 X148.029 Y142.621 E288.74466
G1 X148.841 Y141.598 E288.7881
G1 X149.685 Y140.459 E288.83525
G1 X150.385 Y139.441 E288.87634
G1 X151.114 Y138.305 E288.92124
G1 X151.794 Y137.164 E288.96541
G1 X152.427 Y136.018 E289.00896
G1 X153.02 Y134.848 E289.05259
G1 X153.585 Y133.634 E289.09712
G1 X154.115 Y132.389 E289.14213
G1 X154.588 Y131.174 E289.18549
G1 X155.026 Y129.921 E289.22964
G1 X155.425 Y128.629 E289.27461
G1 X155.774 Y127.374 E289.31794
G1 X156.109 Y125.959 E289.3663
G1 X156.347 Y124.783 E289.40621
G1 X156.57 Y123.47 E289.45051
G1 X156.747 Y122.135 E289.4953
G1 X156.882 Y120.819 E289.5393
G1 X156.968 Y119.509 E289.58296
G1 X157.016 Y118.153 E289.62809
G1 X157.015 Y116.83 E289.67209
G1 X156.967 Y115.502 E289.71629
G1 X156.883 Y114.23 E289.75869
G1 X156.742 Y112.867 E289.80427
G1 X156.565 Y111.541 E289.84876
G1 X156.339 Y110.239 E289.89271
G1 X156.098 Y109.035 E289.93355
G1 X155.765 Y107.648 E289.981
G1 X155.412 Y106.361 E290.02538
G1 X155.015 Y105.103 E290.06926
G1 X154.574 Y103.836 E290.11388
G1 X154.093 Y102.602 E290.15793
G1 X153.674 Y101.621 E290.19341
G1 X153.681 Y101.611 E290.19381
G1 X153.014 Y100.192 E290.24596
G1 X152.419 Y99.018 E290.28974
G1 X151.767 Y97.841 E290.33449
G1 X151.083 Y96.691 E290.379
G1 X150.364 Y95.576 E290.42312
G1 X149.667 Y94.565 E290.46397
G1 X148.841 Y93.446 E290.51023
G1 X147.978 Y92.367 E290.55618
G1 X147.128 Y91.369 E290.59978
G1 X146.234 Y90.393 E290.6438
G1 X145.301 Y89.437 E290.68823
G1 X144.346 Y88.523 E290.7322
G1 X143.355 Y87.634 E290.77648
G1 X142.366 Y86.808 E290.81934
G1 X141.311 Y85.984 E290.86386
G1 X140.165 Y85.144 E290.91112
G1 X139.121 Y84.446 E290.95289
G1 X138.078 Y83.789 E290.99389
G1 X136.854 Y83.064 E291.0412
G1 X135.493 Y82.332 E291.0926
G1 X135.485 Y82.338 E291.09294
G1 X134.489 Y81.842 E291.12994
G1 X133.286 Y81.295 E291.1739
G1 X132.054 Y80.782 E291.21828
G1 X130.848 Y80.325 E291.26118
G1 X129.591 Y79.899 E291.30532
G1 X128.309 Y79.513 E291.34985
G1 X127.035 Y79.171 E291.39373
G1 X125.73 Y78.872 E291.43826
G1 X124.428 Y78.617 E291.48238
G1 X123.102 Y78.404 E291.52705
G1 X121.85 Y78.243 E291.56904
G1 X120.408 Y78.108 E291.61721
G1 X119.151 Y78.036 E291.65908
G1 X117.802 Y78.004 E291.70396
G1 X116.486 Y78.017 E291.74774
G1 X115.156 Y78.074 E291.79201
G1 X113.82 Y78.174 E291.83657
G1 X112.504 Y78.322 E291.88062
G1 X111.187 Y78.51 E291.92487
G1 X109.933 Y78.731 E291.96722
G1 X108.618 Y79.011 E292.01194
G1 X107.305 Y79.34 E292.05696
G1 X106.02 Y79.707 E292.1014
G1 X104.751 Y80.115 E292.14574
G1 X103.504 Y80.565 E292.18983
G1 X102.319 Y81.034 E292.23222
G1 X101.066 Y81.584 E292.27773
G1 X99.857 Y82.162 E292.3223
G1 X98.685 Y82.769 E292.3662
G1 X97.541 Y83.413 E292.40987
G1 X96.387 Y84.115 E292.45479
G1 X95.283 Y84.837 E292.49867
G1 X94.191 Y85.608 E292.54313
G1 X93.133 Y86.409 E292.58726
G1 X92.111 Y87.237 E292.63101
G1 X91.094 Y88.116 E292.67572
G1 X90.126 Y89.018 E292.71973
G1 X89.183 Y89.954 E292.76392
G1 X88.288 Y90.903 E292.80731
G1 X87.398 Y91.916 E292.85216
G1 X86.569 Y92.921 E292.89549
G1 X85.742 Y93.997 E292.94062
G1 X84.985 Y95.054 E292.98387
G1 X84.24 Y96.174 E293.02861
G1 X83.548 Y97.291 E293.07231
G1 X82.875 Y98.464 E293.11729
G1 X82.256 Y99.637 E293.1614
G1 X81.69 Y100.797 E293.20433
G1 X81.136 Y102.044 E293.24972
G1 X80.643 Y103.253 E293.29314
G1 X80.185 Y104.498 E293.33726
G1 X79.806 Y105.661 E293.37795
G1 X79.401 Y107.022 E293.42518
G1 X79.067 Y108.319 E293.46972
G1 X78.772 Y109.643 E293.51484
G1 X78.53 Y110.946 E293.55892
G1 X78.332 Y112.259 E293.60308
G1 X78.178 Y113.576 E293.64718
G1 X78.068 Y114.862 E293.69011
G1 X78 Y116.199 E293.73464
G1 X77.976 Y117.528 E293.77885
G1 X78.001 Y118.869 E293.82346
G1 X78.07 Y120.212 E293.86819
G1 X78.182 Y121.519 E293.91182
G1 X78.338 Y122.837 E293.95596
G1 X78.529 Y124.1 E293.99844
G1 X78.782 Y125.458 E294.04439
G1 X79.072 Y126.752 E294.08849
G1 X79.397 Y128.014 E294.13184
G1 X79.779 Y129.309 E294.17674
G1 X80.194 Y130.575 E294.22106
G1 X80.643 Y131.795 E294.26429
G1 X81.154 Y133.047 E294.30927
G1 X81.701 Y134.27 E294.35383
G1 X82.277 Y135.449 E294.39748
G1 X82.899 Y136.624 E294.44169
G1 X83.548 Y137.757 E294.48512
G1 X84.267 Y138.917 E294.53051
G1 X84.998 Y140.008 E294.57419
G1 X85.772 Y141.089 E294.61841
G1 X86.573 Y142.131 E294.66213
G1 X87.445 Y143.186 E294.70765
G1 X88.305 Y144.163 E294.75094
G1 X89.217 Y145.13 E294.79515
G1 X90.16 Y146.063 E294.83927
G1 X91.114 Y146.95 E294.8826
G1 X92.129 Y147.826 E294.92719
G1 X93.172 Y148.669 E294.9718
G1 X94.23 Y149.468 E295.01589
G1 X95.305 Y150.226 E295.05964
G1 X96.427 Y150.959 E295.10422
G1 X97.563 Y151.646 E295.14837
G1 X98.707 Y152.292 E295.19207
G1 X99.899 Y152.906 E295.23667
G1 X101.109 Y153.482 E295.28124
G1 X102.318 Y154.013 E295.32516
G1 X103.549 Y154.5 E295.36919
G1 X104.777 Y154.942 E295.4126
G1 X106.038 Y155.348 E295.45666
G1 X107.328 Y155.714 E295.50126
G1 X108.641 Y156.037 E295.54623
G1 X109.907 Y156.307 E295.58929
G1 X111.24 Y156.545 E295.63432
G1 X112.526 Y156.729 E295.67753
G1 X113.874 Y156.878 E295.72264
G1 X115.204 Y156.977 E295.767
G1 X116.534 Y157.032 E295.81127
G1 X117.5 Y157.041 E295.8434
G1 F2700 E290.8434
G0 F9000 X117.506 Y156.333
G0 X117.502 Y154.68
G0 X117.5 Y153.967
G1 F2700 E295.8434
G1 F1500 X117.05 Y153.968 E295.85837
G1 X115.783 Y153.932 E295.90053
G1 X114.54 Y153.852 E295.94195
G1 X113.26 Y153.727 E295.98473
G1 X111.918 Y153.542 E296.02979
G1 X110.655 Y153.324 E296.07241
G1 X109.371 Y153.059 E296.11602
G1 X108.117 Y152.745 E296.15902
G1 X106.882 Y152.395 E296.20171
G1 X105.639 Y151.992 E296.24517
G1 X104.436 Y151.554 E296.28775
G1 X103.226 Y151.063 E296.33119
G1 X102.044 Y150.536 E296.37423
G1 X100.893 Y149.973 E296.41685
G1 X99.743 Y149.354 E296.46028
G1 X98.625 Y148.706 E296.50326
G1 X97.539 Y148.022 E296.54595
G1 X96.457 Y147.29 E296.5894
G1 X95.411 Y146.521 E296.63258
G1 X94.406 Y145.725 E296.67522
G1 X93.413 Y144.884 E296.7185
G1 X92.463 Y144.019 E296.76124
G1 X91.531 Y143.102 E296.80472
G1 X90.638 Y142.165 E296.84777
G1 X89.766 Y141.178 E296.89158
G1 X88.965 Y140.206 E296.93347
G1 X88.173 Y139.172 E296.97679
G1 X87.428 Y138.126 E297.0195
G1 X86.713 Y137.037 E297.06283
G1 X86.037 Y135.93 E297.10597
G1 X85.454 Y134.889 E297.14566
G1 X84.811 Y133.654 E297.19197
G1 X84.26 Y132.483 E297.23501
G1 X83.753 Y131.301 E297.27779
G1 X83.283 Y130.086 E297.32112
G1 X82.856 Y128.863 E297.3642
G1 X82.442 Y127.52 E297.41094
G1 X82.173 Y126.502 E297.44597
G1 X81.851 Y125.127 E297.49294
G1 X81.598 Y123.847 E297.53633
G1 X81.401 Y122.581 E297.57895
G1 X81.24 Y121.281 E297.62252
G1 X81.132 Y119.994 E297.66547
G1 X81.068 Y118.7 E297.70856
G1 X81.048 Y117.424 E297.75101
G1 X81.076 Y116.112 E297.79465
G1 X81.152 Y114.777 E297.83913
G1 X81.269 Y113.53 E297.88079
G1 X81.45 Y112.118 E297.92813
G1 X81.643 Y110.981 E297.96649
G1 X81.897 Y109.701 E298.0099
G1 X82.195 Y108.454 E298.05254
G1 X82.541 Y107.208 E298.09555
G1 X82.931 Y105.961 E298.13901
G1 X83.358 Y104.75 E298.18171
G1 X83.836 Y103.548 E298.22474
G1 X84.351 Y102.361 E298.26777
G1 X84.785 Y101.459 E298.30107
G1 X84.779 Y101.45 E298.30143
G1 X85.563 Y99.948 E298.35778
G1 X86.157 Y98.914 E298.39744
G1 X86.837 Y97.812 E298.44051
G1 X87.549 Y96.747 E298.48312
G1 X88.314 Y95.685 E298.52665
G1 X89.106 Y94.668 E298.56952
G1 X89.927 Y93.678 E298.6123
G1 X90.791 Y92.717 E298.65528
G1 X91.696 Y91.776 E298.69871
G1 X92.618 Y90.883 E298.7414
G1 X93.583 Y90.018 E298.7845
G1 X94.58 Y89.182 E298.82777
G1 X95.603 Y88.381 E298.87099
G1 X96.639 Y87.634 E298.91347
G1 X97.722 Y86.902 E298.95695
G1 X98.812 Y86.226 E298.99961
G1 X99.938 Y85.582 E299.04275
G1 X101.092 Y84.975 E299.08612
G1 X102.247 Y84.416 E299.1288
G1 X103.43 Y83.898 E299.17175
G1 X104.644 Y83.415 E299.21521
G1 X105.851 Y82.985 E299.25782
G1 X107.097 Y82.591 E299.30129
G1 X108.345 Y82.241 E299.3444
G1 X109.604 Y81.94 E299.38745
G1 X110.87 Y81.682 E299.43042
G1 X112.137 Y81.469 E299.47316
G1 X113.42 Y81.3 E299.5162
G1 X114.664 Y81.18 E299.55777
G1 X115.999 Y81.104 E299.60224
G1 X117.299 Y81.076 E299.64549
G1 X118.586 Y81.092 E299.6883
G1 X119.893 Y81.152 E299.73181
G1 X121.172 Y81.261 E299.77451
G1 X122.467 Y81.414 E299.81788
G1 X123.739 Y81.611 E299.86069
G1 X125.005 Y81.856 E299.90358
G1 X126.276 Y82.146 E299.94694
G1 X127.515 Y82.476 E299.98958
G1 X128.766 Y82.858 E300.03309
G1 X129.984 Y83.281 E300.07597
G1 X131.187 Y83.743 E300.11884
G1 X132.385 Y84.254 E300.16215
G1 X133.548 Y84.797 E300.20484
G1 X134.71 Y85.393 E300.24828
G1 X135.84 Y86.024 E300.29133
G1 X136.939 Y86.689 E300.33405
G1 X138.028 Y87.408 E300.37745
G1 X139.086 Y88.153 E300.42049
G1 X140.103 Y88.933 E300.46312
G1 X141.105 Y89.749 E300.5061
G1 X142.078 Y90.606 E300.54922
G1 X143.019 Y91.496 E300.5923
G1 X143.932 Y92.428 E300.6357
G1 X144.801 Y93.374 E300.67842
G1 X145.645 Y94.363 E300.72167
G1 X146.51 Y95.45 E300.76787
G1 X147.218 Y96.419 E300.80778
G1 X147.945 Y97.483 E300.85065
G1 X148.637 Y98.571 E300.89353
G1 X149.289 Y99.689 E300.93658
G1 X149.904 Y100.832 E300.97975
G1 X150.47 Y101.993 E301.02271
G1 X151.006 Y103.172 E301.06578
G1 X151.496 Y104.379 E301.10911
G1 X151.939 Y105.585 E301.15184
G1 X152.345 Y106.828 E301.19533
G1 X152.699 Y108.059 E301.23794
G1 X153.012 Y109.314 E301.28096
G1 X153.286 Y110.593 E301.32446
G1 X153.506 Y111.845 E301.36674
G1 X153.688 Y113.147 E301.41047
G1 X153.816 Y114.422 E301.45309
G1 X153.904 Y115.713 E301.49613
G1 X153.944 Y117.009 E301.53925
G1 X153.94 Y118.305 E301.58236
G1 X153.888 Y119.607 E301.6257
G1 X153.791 Y120.886 E301.66836
G1 X153.651 Y122.186 E301.71185
G1 X153.457 Y123.493 E301.75579
G1 X153.228 Y124.74 E301.79796
G1 X152.95 Y125.99 E301.84055
G1 X152.624 Y127.253 E301.88394
G1 X152.262 Y128.484 E301.92661
G1 X151.852 Y129.711 E301.96964
G1 X151.394 Y130.921 E302.01267
G1 X150.894 Y132.128 E302.05613
G1 X150.36 Y133.294 E302.09878
G1 X149.78 Y134.453 E302.14189
G1 X149.156 Y135.587 E302.18494
G1 X148.493 Y136.703 E302.22811
G1 X147.797 Y137.786 E302.27093
G1 X147.06 Y138.853 E302.31406
G1 X146.284 Y139.886 E302.35703
G1 X145.463 Y140.904 E302.40053
G1 X144.623 Y141.869 E302.44308
G1 X143.734 Y142.826 E302.48653
G1 X142.829 Y143.735 E302.52919
G1 X141.872 Y144.623 E302.57261
G1 X140.906 Y145.464 E302.61521
G1 X139.897 Y146.281 E302.65839
G1 X138.863 Y147.057 E302.70139
G1 X137.793 Y147.8 E302.74472
G1 X136.706 Y148.504 E302.78779
G1 X135.601 Y149.16 E302.83054
G1 X134.47 Y149.783 E302.87348
G1 X133.312 Y150.366 E302.9166
G1 X132.126 Y150.909 E302.95999
G1 X130.943 Y151.404 E303.00264
G1 X129.732 Y151.858 E303.04565
G1 X128.494 Y152.276 E303.08911
G1 X127.255 Y152.646 E303.13212
G1 X126.012 Y152.968 E303.17483
G1 X124.648 Y153.269 E303.22129
G1 X123.602 Y153.458 E303.25664
G1 X122.107 Y153.683 E303.30692
G1 X121.064 Y153.8 E303.34183
G1 X119.56 Y153.916 E303.392
G1 X118.297 Y153.964 E303.43404
G1 X117.5 Y153.967 E303.46055
G0 F9000 X117.503 Y154.98
;MESH:NONMESH
G0 F300 X117.503 Y154.98 Z1.6
G0 F9000 X117.5 Y154.366
;TIME_ELAPSED:416.289439
;LAYER:7
;TYPE:WALL-INNER
;MESH:Led Ring.stl
G1 F1500 X117.018 Y154.368 E303.47658
G1 X115.745 Y154.331 E303.51894
G1 X114.489 Y154.25 E303.5608
G1 X113.356 Y154.139 E303.59867
G1 X111.832 Y153.936 E303.6498
G1 X110.557 Y153.712 E303.69286
G1 X109.262 Y153.443 E303.73685
G1 X107.996 Y153.126 E303.78026
G1 X106.745 Y152.771 E303.82351
G1 X105.509 Y152.367 E303.86676
G1 X104.291 Y151.925 E303.90985
G1 X103.045 Y151.423 E303.95453
G1 X101.856 Y150.887 E303.99791
G1 X100.693 Y150.318 E304.04098
G1 X99.525 Y149.695 E304.085
G1 X98.405 Y149.042 E304.12812
G1 X97.29 Y148.337 E304.172
G1 X96.21 Y147.601 E304.21547
G1 X95.151 Y146.827 E304.2591
G1 X94.135 Y146.022 E304.30221
G1 X93.138 Y145.175 E304.34572
G1 X92.169 Y144.286 E304.38946
G1 X91.228 Y143.369 E304.43316
G1 X90.325 Y142.417 E304.4768
G1 X89.459 Y141.432 E304.52042
G1 X88.64 Y140.439 E304.56324
G1 X87.834 Y139.391 E304.60721
G1 X87.078 Y138.322 E304.65076
G1 X86.367 Y137.24 E304.69382
G1 X85.681 Y136.11 E304.73779
G1 X85.091 Y135.061 E304.77782
G1 X84.441 Y133.809 E304.82474
G1 X83.879 Y132.624 E304.86836
G1 X83.372 Y131.433 E304.91141
G1 X82.896 Y130.2 E304.95537
G1 X82.47 Y128.965 E304.99882
G1 X82.055 Y127.62 E305.04564
G1 X81.747 Y126.452 E305.08581
G1 X81.45 Y125.174 E305.12945
G1 X81.202 Y123.892 E305.17288
G1 X81.004 Y122.611 E305.21599
G1 X80.843 Y121.319 E305.2593
G1 X80.728 Y119.996 E305.30347
G1 X80.668 Y118.69 E305.34695
G1 X80.648 Y117.414 E305.3894
G1 X80.676 Y116.073 E305.43401
G1 X80.754 Y114.724 E305.47895
G1 X80.872 Y113.463 E305.52107
G1 X81.056 Y112.035 E305.56896
G1 X81.251 Y110.885 E305.60776
G1 X81.512 Y109.592 E305.65163
G1 X81.813 Y108.331 E305.69475
G1 X82.163 Y107.072 E305.73821
G1 X82.558 Y105.81 E305.78219
G1 X82.994 Y104.59 E305.82529
G1 X83.477 Y103.373 E305.86883
G1 X83.999 Y102.172 E305.91239
G1 X84.415 Y101.307 E305.94431
G1 X84.41 Y101.3 E305.9446
G1 X85.205 Y99.766 E306.00207
G1 X85.838 Y98.673 E306.04408
G1 X86.459 Y97.664 E306.08348
G1 X87.233 Y96.496 E306.13009
G1 X88.001 Y95.436 E306.17362
G1 X88.803 Y94.403 E306.21712
G1 X89.642 Y93.398 E306.26066
G1 X90.515 Y92.428 E306.30407
G1 X91.43 Y91.477 E306.34796
G1 X92.363 Y90.572 E306.39119
G1 X93.338 Y89.7 E306.4347
G1 X94.346 Y88.855 E306.47845
G1 X95.362 Y88.06 E306.52135
G1 X96.432 Y87.29 E306.5652
G1 X97.52 Y86.557 E306.60883
G1 X98.559 Y85.916 E306.64944
G1 X99.777 Y85.212 E306.69623
G1 X100.923 Y84.611 E306.73927
G1 X102.103 Y84.042 E306.78284
G1 X103.303 Y83.518 E306.82639
G1 X104.529 Y83.035 E306.87022
G1 X105.755 Y82.595 E306.91354
G1 X107.002 Y82.202 E306.95703
G1 X108.268 Y81.848 E307.00075
G1 X109.539 Y81.544 E307.04422
G1 X110.911 Y81.263 E307.0908
G1 X112.114 Y81.068 E307.13133
G1 X113.398 Y80.902 E307.17439
G1 X114.661 Y80.78 E307.2166
G1 X116.009 Y80.704 E307.2615
G1 X117.326 Y80.672 E307.30532
G1 X118.624 Y80.692 E307.3485
G1 X119.943 Y80.753 E307.39241
G1 X121.241 Y80.864 E307.43574
G1 X122.549 Y81.023 E307.47957
G1 X123.831 Y81.222 E307.52272
G1 X125.091 Y81.466 E307.5654
G1 X126.379 Y81.762 E307.60936
G1 X127.677 Y82.109 E307.65405
G1 X128.916 Y82.488 E307.69714
G1 X130.144 Y82.911 E307.74034
G1 X131.361 Y83.38 E307.78372
G1 X132.57 Y83.9 E307.82749
G1 X133.737 Y84.444 E307.87032
G1 X134.909 Y85.048 E307.91417
G1 X136.064 Y85.691 E307.95814
G1 X137.174 Y86.366 E308.00135
G1 X138.275 Y87.089 E308.04515
G1 X139.346 Y87.847 E308.08879
G1 X140.373 Y88.635 E308.13185
G1 X141.385 Y89.465 E308.17538
G1 X142.366 Y90.328 E308.21884
G1 X143.313 Y91.227 E308.26227
G1 X144.235 Y92.162 E308.30594
G1 X145.129 Y93.14 E308.35001
G1 X145.968 Y94.124 E308.39302
G1 X146.782 Y95.158 E308.43679
G1 X147.556 Y96.201 E308.47999
G1 X148.298 Y97.287 E308.52374
G1 X148.991 Y98.389 E308.56704
G1 X149.648 Y99.515 E308.61039
G1 X150.271 Y100.671 E308.65407
G1 X150.848 Y101.845 E308.69758
G1 X151.385 Y103.038 E308.74109
G1 X151.876 Y104.248 E308.78453
G1 X152.323 Y105.465 E308.82765
G1 X152.733 Y106.734 E308.872
G1 X153.091 Y107.982 E308.91519
G1 X153.407 Y109.251 E308.95868
G1 X153.677 Y110.518 E309.00177
G1 X153.903 Y111.817 E309.04562
G1 X154.085 Y113.125 E309.08955
G1 X154.22 Y114.416 E309.13272
G1 X154.304 Y115.721 E309.17621
G1 X154.344 Y117.03 E309.21977
G1 X154.34 Y118.34 E309.26334
G1 X154.287 Y119.658 E309.30721
G1 X154.189 Y120.951 E309.35034
G1 X154.042 Y122.265 E309.39432
G1 X153.83 Y123.686 E309.44211
G1 X153.615 Y124.846 E309.48134
G1 X153.334 Y126.11 E309.52441
G1 X153.004 Y127.388 E309.56831
G1 X152.633 Y128.631 E309.61146
G1 X152.218 Y129.871 E309.65495
G1 X151.765 Y131.081 E309.69792
G1 X151.261 Y132.289 E309.74146
G1 X150.717 Y133.478 E309.78494
G1 X150.122 Y134.662 E309.82902
G1 X149.474 Y135.838 E309.87368
G1 X148.817 Y136.941 E309.91638
G1 X148.114 Y138.034 E309.9596
G1 X147.382 Y139.091 E310.00236
G1 X146.58 Y140.152 E310.0466
G1 X145.753 Y141.182 E310.09053
G1 X144.908 Y142.153 E310.13335
G1 X144.092 Y143.03 E310.17319
G1 X143.085 Y144.043 E310.2207
G1 X142.13 Y144.934 E310.26414
G1 X141.141 Y145.792 E310.30768
G1 X140.121 Y146.612 E310.35121
G1 X139.078 Y147.398 E310.39465
G1 X138.012 Y148.138 E310.43781
G1 X136.917 Y148.842 E310.48111
G1 X135.765 Y149.526 E310.52567
G1 X134.649 Y150.139 E310.56802
G1 X133.458 Y150.738 E310.61236
G1 X132.26 Y151.286 E310.65618
G1 X131.063 Y151.786 E310.69932
G1 X129.837 Y152.245 E310.74286
G1 X128.587 Y152.668 E310.78676
G1 X127.335 Y153.037 E310.83017
G1 X126.078 Y153.362 E310.87335
G1 X124.697 Y153.667 E310.92039
G1 X123.54 Y153.878 E310.95951
G1 X122.217 Y154.073 E311.00398
G1 X120.795 Y154.227 E311.05156
G1 X119.543 Y154.316 E311.0933
G1 X118.27 Y154.364 E311.13567
G1 X117.5 Y154.366 E311.16128
G0 F9000 X117.5 Y154.68
G0 X117.502 Y156.478
G0 X117.5 Y156.785
G1 F1500 X117.846 Y156.788 E311.17279
G1 X119.163 Y156.755 E311.21661
G1 X120.408 Y156.684 E311.25809
G1 X121.921 Y156.543 E311.30863
G1 X123.114 Y156.387 E311.34864
G1 X124.409 Y156.177 E311.39228
G1 X125.7 Y155.925 E311.43603
G1 X126.885 Y155.656 E311.47644
G1 X128.354 Y155.263 E311.52702
G1 X129.502 Y154.909 E311.56698
G1 X130.77 Y154.476 E311.61154
G1 X132.015 Y154.01 E311.65576
G1 X133.231 Y153.501 E311.6996
G1 X134.429 Y152.95 E311.74346
G1 X135.614 Y152.361 E311.78747
G1 X136.685 Y151.78 E311.828
G1 X137.964 Y151.035 E311.87723
G1 X139.012 Y150.369 E311.91853
G1 X140.032 Y149.68 E311.95947
G1 X141.174 Y148.848 E312.00646
G1 X142.221 Y148.029 E312.05068
G1 X143.224 Y147.187 E312.09423
G1 X144.216 Y146.3 E312.13849
G1 X145.148 Y145.402 E312.18154
G1 X146.071 Y144.456 E312.2255
G1 X146.967 Y143.475 E312.26969
G1 X147.829 Y142.462 E312.31393
G1 X148.647 Y141.43 E312.35773
G1 X149.429 Y140.371 E312.40151
G1 X150.182 Y139.282 E312.44555
G1 X150.905 Y138.159 E312.48997
G1 X151.567 Y137.042 E312.53316
G1 X152.211 Y135.879 E312.57737
G1 X152.8 Y134.716 E312.62073
G1 X153.359 Y133.514 E312.66482
G1 X153.872 Y132.317 E312.70814
G1 X154.354 Y131.066 E312.75273
G1 X154.782 Y129.843 E312.79582
G1 X155.176 Y128.582 E312.83976
G1 X155.526 Y127.31 E312.88364
G1 X155.861 Y125.909 E312.93155
G1 X156.1 Y124.717 E312.97199
G1 X156.321 Y123.412 E313.01601
G1 X156.493 Y122.109 E313.05972
G1 X156.627 Y120.805 E313.10332
G1 X156.717 Y119.477 E313.1476
G1 X156.76 Y118.158 E313.19149
G1 X156.76 Y116.84 E313.23533
G1 X156.718 Y115.562 E313.27785
G1 X156.624 Y114.205 E313.3231
G1 X156.489 Y112.906 E313.36653
G1 X156.318 Y111.624 E313.40955
G1 X156.09 Y110.285 E313.45473
G1 X155.853 Y109.095 E313.49509
G1 X155.522 Y107.715 E313.54229
G1 X155.171 Y106.443 E313.58617
G1 X154.775 Y105.182 E313.63013
G1 X154.338 Y103.934 E313.67411
G1 X153.86 Y102.705 E313.71797
G1 X153.341 Y101.493 E313.76183
G1 X152.783 Y100.292 E313.80587
G1 X152.184 Y99.121 E313.84962
G1 X151.546 Y97.967 E313.89348
G1 X150.87 Y96.831 E313.93744
G1 X150.169 Y95.737 E313.98066
G1 X149.465 Y94.723 E314.02172
G1 X148.623 Y93.586 E314.06877
G1 X147.791 Y92.541 E314.1132
G1 X146.954 Y91.558 E314.15614
G1 X146.051 Y90.571 E314.20064
G1 X145.127 Y89.626 E314.2446
G1 X144.175 Y88.71 E314.28854
G1 X143.211 Y87.85 E314.3315
G1 X142.185 Y86.99 E314.37603
G1 X141.142 Y86.176 E314.42004
G1 X140 Y85.343 E314.46705
G1 X139 Y84.671 E314.50712
G1 X137.948 Y84.008 E314.54848
G1 X136.758 Y83.304 E314.59447
G1 X135.298 Y82.531 E314.64941
G1 X135.297 Y82.523 E314.64968
G1 X134.388 Y82.076 E314.68337
G1 X133.203 Y81.534 E314.72671
G1 X131.967 Y81.019 E314.77125
G1 X130.744 Y80.559 E314.81471
G1 X129.492 Y80.134 E314.85868
G1 X128.32 Y79.782 E314.89938
G1 X126.863 Y79.387 E314.94959
G1 X125.664 Y79.117 E314.99047
G1 X124.382 Y78.867 E315.03391
G1 X123.09 Y78.659 E315.07744
G1 X121.921 Y78.509 E315.11664
G1 X120.386 Y78.363 E315.16792
G1 X119.143 Y78.292 E315.20933
G1 X117.81 Y78.26 E315.25368
G1 X116.493 Y78.269 E315.29749
G1 X115.179 Y78.328 E315.34123
G1 X113.846 Y78.428 E315.38569
G1 X112.543 Y78.574 E315.4293
G1 X111.23 Y78.76 E315.47341
G1 X109.938 Y78.993 E315.51708
G1 X108.655 Y79.266 E315.5607
G1 X107.377 Y79.585 E315.60451
G1 X106.094 Y79.949 E315.64887
G1 X104.845 Y80.354 E315.69254
G1 X103.598 Y80.8 E315.73659
G1 X102.371 Y81.287 E315.7805
G1 X101.179 Y81.813 E315.82383
G1 X99.974 Y82.387 E315.86823
G1 X98.812 Y82.99 E315.91177
G1 X97.654 Y83.641 E315.95595
G1 X96.529 Y84.326 E315.99976
G1 X95.434 Y85.044 E316.04331
G1 X94.361 Y85.797 E316.08691
G1 X93.29 Y86.606 E316.13155
G1 X92.275 Y87.429 E316.17502
G1 X91.271 Y88.301 E316.21924
G1 X90.32 Y89.185 E316.26243
G1 X89.369 Y90.129 E316.307
G1 X88.461 Y91.089 E316.35095
G1 X87.594 Y92.078 E316.39469
G1 X86.762 Y93.09 E316.43827
G1 X85.962 Y94.13 E316.48191
G1 X85.194 Y95.201 E316.52574
G1 X84.459 Y96.305 E316.56985
G1 X83.768 Y97.419 E316.61345
G1 X83.106 Y98.581 E316.65793
G1 X82.487 Y99.751 E316.70196
G1 X81.924 Y100.906 E316.7447
G1 X81.373 Y102.142 E316.7897
G1 X80.877 Y103.364 E316.83357
G1 X80.427 Y104.582 E316.87676
G1 X80.048 Y105.732 E316.91703
G1 X79.643 Y107.109 E316.96477
G1 X79.312 Y108.376 E317.00832
G1 X79.025 Y109.686 E317.05293
G1 X78.782 Y110.986 E317.09691
G1 X78.586 Y112.288 E317.14071
G1 X78.432 Y113.596 E317.18451
G1 X78.323 Y114.881 E317.2274
G1 X78.256 Y116.228 E317.27226
G1 X78.232 Y117.528 E317.31551
G1 X78.257 Y118.858 E317.35975
G1 X78.323 Y120.167 E317.40334
G1 X78.436 Y121.49 E317.44751
G1 X78.59 Y122.798 E317.49131
G1 X78.788 Y124.104 E317.53525
G1 X79.032 Y125.397 E317.57901
G1 X79.317 Y126.688 E317.62298
G1 X79.651 Y127.973 E317.66714
G1 X80.052 Y129.352 E317.71491
G1 X80.432 Y130.481 E317.75453
G1 X80.89 Y131.72 E317.79846
G1 X81.388 Y132.942 E317.84235
G1 X81.933 Y134.159 E317.8867
G1 X82.505 Y135.334 E317.93017
G1 X83.114 Y136.482 E317.97339
G1 X83.779 Y137.642 E318.01786
G1 X84.48 Y138.77 E318.06204
G1 X85.207 Y139.864 E318.10572
G1 X85.973 Y140.932 E318.14944
G1 X86.788 Y141.991 E318.19388
G1 X87.624 Y143.003 E318.23754
G1 X88.491 Y143.991 E318.28126
G1 X89.382 Y144.932 E318.32436
G1 X90.32 Y145.863 E318.36832
G1 X91.285 Y146.761 E318.41216
G1 X92.29 Y147.632 E318.4564
G1 X93.323 Y148.467 E318.50057
G1 X94.375 Y149.256 E318.54431
G1 X95.467 Y150.026 E318.58875
G1 X96.561 Y150.742 E318.63224
G1 X97.686 Y151.421 E318.67594
G1 X98.83 Y152.068 E318.71966
G1 X100.01 Y152.679 E318.76385
G1 X101.21 Y153.249 E318.80804
G1 X102.392 Y153.77 E318.851
G1 X103.616 Y154.254 E318.89478
G1 X104.879 Y154.705 E318.93939
G1 X106.132 Y155.106 E318.98314
G1 X107.396 Y155.468 E319.02687
G1 X108.675 Y155.787 E319.07072
G1 X109.974 Y156.061 E319.11487
G1 X111.273 Y156.293 E319.15876
G1 X112.56 Y156.476 E319.202
G1 X113.872 Y156.622 E319.2459
G1 X115.214 Y156.721 E319.29066
G1 X116.535 Y156.776 E319.33463
G1 X117.5 Y156.785 E319.36673
G0 F9000 X117.5 Y157.185
;TYPE:WALL-OUTER
G1 F1500 X117.856 Y157.188 E319.37857
G1 X119.185 Y157.155 E319.42279
G1 X120.444 Y157.082 E319.46473
G1 X121.965 Y156.941 E319.51554
G1 X123.178 Y156.782 E319.55623
G1 X124.485 Y156.57 E319.60027
G1 X125.788 Y156.315 E319.64443
G1 X126.988 Y156.042 E319.68536
G1 X128.464 Y155.647 E319.73618
G1 X129.647 Y155.282 E319.77736
G1 X130.91 Y154.851 E319.82174
G1 X132.169 Y154.379 E319.86646
G1 X133.337 Y153.892 E319.90855
G1 X134.607 Y153.308 E319.95505
G1 X135.804 Y152.713 E319.99951
G1 X136.886 Y152.126 E320.04045
G1 X138.172 Y151.377 E320.08995
G1 X139.235 Y150.701 E320.13185
G1 X140.267 Y150.004 E320.17326
G1 X141.399 Y149.18 E320.21983
G1 X142.458 Y148.352 E320.26454
G1 X143.49 Y147.485 E320.30937
G1 X144.472 Y146.609 E320.35314
G1 X145.43 Y145.686 E320.39739
G1 X146.362 Y144.73 E320.4418
G1 X147.271 Y143.735 E320.48662
G1 X148.142 Y142.711 E320.53133
G1 X148.953 Y141.69 E320.5747
G1 X149.745 Y140.619 E320.619
G1 X150.505 Y139.52 E320.66345
G1 X151.249 Y138.363 E320.7092
G1 X151.917 Y137.236 E320.75277
G1 X152.555 Y136.086 E320.79651
G1 X153.152 Y134.908 E320.84044
G1 X153.727 Y133.672 E320.88578
G1 X154.242 Y132.468 E320.92933
G1 X154.724 Y131.222 E320.97377
G1 X155.162 Y129.969 E321.01791
G1 X155.56 Y128.695 E321.06231
G1 X155.914 Y127.41 E321.10664
G1 X156.248 Y126.016 E321.15432
G1 X156.491 Y124.807 E321.19533
G1 X156.714 Y123.494 E321.23963
G1 X156.891 Y122.15 E321.28472
G1 X157.026 Y120.833 E321.32875
G1 X157.117 Y119.491 E321.37349
G1 X157.16 Y118.158 E321.41784
G1 X157.16 Y116.827 E321.46211
G1 X157.116 Y115.519 E321.50564
G1 X157.027 Y114.217 E321.54905
G1 X156.886 Y112.853 E321.59466
G1 X156.71 Y111.543 E321.63862
G1 X156.487 Y110.229 E321.68295
G1 X156.242 Y109.002 E321.72456
G1 X155.908 Y107.609 E321.77221
G1 X155.553 Y106.324 E321.81655
G1 X155.162 Y105.075 E321.86008
G1 X154.711 Y103.79 E321.90537
G1 X154.228 Y102.547 E321.94973
G1 X153.704 Y101.325 E321.99395
G1 X153.139 Y100.11 E322.03852
G1 X152.547 Y98.95 E322.08183
G1 X151.89 Y97.763 E322.12696
G1 X151.207 Y96.615 E322.17139
G1 X150.486 Y95.493 E322.21574
G1 X149.787 Y94.485 E322.25654
G1 X148.953 Y93.358 E322.30318
G1 X148.096 Y92.282 E322.34893
G1 X147.222 Y91.258 E322.3937
G1 X146.337 Y90.292 E322.43728
G1 X145.423 Y89.354 E322.48084
G1 X144.464 Y88.431 E322.52511
G1 X143.456 Y87.534 E322.56999
G1 X142.454 Y86.692 E322.61352
G1 X141.399 Y85.868 E322.65804
G1 X140.249 Y85.028 E322.70541
G1 X139.2 Y84.325 E322.74741
G1 X138.152 Y83.664 E322.78862
G1 X136.954 Y82.955 E322.83492
G1 X135.512 Y82.193 E322.88917
G1 X135.511 Y82.182 E322.88953
G1 X134.554 Y81.712 E322.92499
G1 X133.339 Y81.158 E322.96941
G1 X132.134 Y80.654 E323.01285
G1 X130.873 Y80.181 E323.05765
G1 X129.608 Y79.751 E323.10208
G1 X128.472 Y79.409 E323.14154
G1 X126.959 Y78.999 E323.19368
G1 X125.762 Y78.728 E323.2345
G1 X124.452 Y78.473 E323.27889
G1 X123.122 Y78.26 E323.32369
G1 X121.965 Y78.111 E323.36249
G1 X120.416 Y77.964 E323.41424
G1 X119.159 Y77.892 E323.45612
G1 X117.808 Y77.86 E323.50106
G1 X116.475 Y77.869 E323.5454
G1 X115.15 Y77.929 E323.58951
G1 X113.802 Y78.03 E323.63447
G1 X112.487 Y78.178 E323.67849
G1 X111.16 Y78.366 E323.72307
G1 X109.855 Y78.601 E323.76717
G1 X108.585 Y78.871 E323.81035
G1 X107.269 Y79.2 E323.85547
G1 X105.999 Y79.56 E323.89937
G1 X104.711 Y79.978 E323.94441
G1 X103.452 Y80.428 E323.98888
G1 X102.21 Y80.921 E324.03333
G1 X101.007 Y81.452 E324.07706
G1 X99.79 Y82.032 E324.1219
G1 X98.616 Y82.641 E324.16589
G1 X97.446 Y83.299 E324.21054
G1 X96.31 Y83.991 E324.25478
G1 X95.204 Y84.716 E324.29876
G1 X94.106 Y85.489 E324.34342
G1 X93.038 Y86.295 E324.38793
G1 X92.013 Y87.127 E324.43184
G1 X91.018 Y87.989 E324.47562
G1 X90.026 Y88.914 E324.52073
G1 X89.079 Y89.854 E324.56511
G1 X88.18 Y90.803 E324.60859
G1 X87.286 Y91.824 E324.65373
G1 X86.445 Y92.846 E324.69775
G1 X85.626 Y93.913 E324.74249
G1 X84.865 Y94.974 E324.78592
G1 X84.119 Y96.094 E324.83067
G1 X83.424 Y97.215 E324.87454
G1 X82.753 Y98.393 E324.91963
G1 X82.127 Y99.575 E324.96412
G1 X81.562 Y100.737 E325.00709
G1 X81.012 Y101.967 E325.05191
G1 X80.502 Y103.225 E325.09706
G1 X80.049 Y104.45 E325.1405
G1 X79.671 Y105.596 E325.18063
G1 X79.261 Y106.982 E325.22871
G1 X78.923 Y108.283 E325.27341
G1 X78.632 Y109.612 E325.31866
G1 X78.39 Y110.898 E325.36219
G1 X78.188 Y112.241 E325.40736
G1 X78.034 Y113.562 E325.45159
G1 X77.924 Y114.854 E325.49472
G1 X77.856 Y116.195 E325.53938
G1 X77.832 Y117.528 E325.58372
G1 X77.857 Y118.878 E325.62863
G1 X77.929 Y120.259 E325.67463
G1 X78.038 Y121.536 E325.71725
G1 X78.194 Y122.858 E325.76153
G1 X78.394 Y124.178 E325.80593
G1 X78.641 Y125.483 E325.85011
G1 X78.93 Y126.788 E325.89456
G1 X79.267 Y128.084 E325.9391
G1 X79.673 Y129.479 E325.98743
G1 X80.057 Y130.619 E326.02744
G1 X80.52 Y131.87 E326.0718
G1 X81.012 Y133.081 E326.11528
G1 X81.573 Y134.334 E326.16094
G1 X82.151 Y135.521 E326.20485
G1 X82.776 Y136.697 E326.24915
G1 X83.424 Y137.829 E326.29253
G1 X84.146 Y138.992 E326.33806
G1 X84.881 Y140.097 E326.3822
G1 X85.656 Y141.176 E326.42638
G1 X86.479 Y142.245 E326.47125
G1 X87.323 Y143.267 E326.51534
G1 X88.18 Y144.245 E326.55859
G1 X89.096 Y145.212 E326.60289
G1 X90.061 Y146.168 E326.64807
G1 X91.018 Y147.059 E326.69156
G1 X92.033 Y147.938 E326.73622
G1 X93.06 Y148.77 E326.78018
G1 X94.126 Y149.57 E326.82451
G1 X95.225 Y150.346 E326.86926
G1 X96.354 Y151.084 E326.91412
G1 X97.489 Y151.769 E326.95821
G1 X98.64 Y152.42 E327.00219
G1 X99.838 Y153.04 E327.04706
G1 X101.048 Y153.615 E327.09161
G1 X102.265 Y154.15 E327.13583
G1 X103.5 Y154.637 E327.17998
G1 X104.733 Y155.078 E327.22354
G1 X105.999 Y155.484 E327.26776
G1 X107.292 Y155.854 E327.31249
G1 X108.585 Y156.177 E327.35682
G1 X109.879 Y156.451 E327.40081
G1 X111.188 Y156.686 E327.44504
G1 X112.51 Y156.873 E327.48945
G1 X113.835 Y157.02 E327.53379
G1 X115.197 Y157.121 E327.57922
G1 X116.506 Y157.176 E327.62279
G1 X117.5 Y157.185 E327.65585
G1 F2700 E322.65585
G0 F9000 X117.506 Y156.478
G0 X117.501 Y154.68
G0 X117.5 Y153.966
G1 F2700 E327.65585
G1 F1500 X117.03 Y153.968 E327.67149
G1 X115.771 Y153.932 E327.71338
G1 X114.528 Y153.852 E327.75481
G1 X113.409 Y153.743 E327.7922
G1 X111.901 Y153.542 E327.8428
G1 X110.639 Y153.32 E327.88542
G1 X109.359 Y153.055 E327.92889
G1 X108.105 Y152.741 E327.97189
G1 X106.869 Y152.391 E328.01462
G1 X105.627 Y151.984 E328.05809
G1 X104.421 Y151.546 E328.10076
G1 X103.209 Y151.059 E328.14421
G1 X102.032 Y150.528 E328.18715
G1 X100.881 Y149.965 E328.22977
G1 X99.727 Y149.349 E328.27328
G1 X98.612 Y148.7 E328.31619
G1 X97.515 Y148.006 E328.35936
G1 X96.446 Y147.278 E328.40238
G1 X95.399 Y146.513 E328.44551
G1 X94.394 Y145.717 E328.48815
G1 X93.408 Y144.88 E328.53117
G1 X92.448 Y144 E328.57448
G1 X91.518 Y143.094 E328.61766
G1 X90.625 Y142.153 E328.66081
G1 X89.768 Y141.178 E328.70399
G1 X88.957 Y140.195 E328.74637
G1 X88.16 Y139.16 E328.78982
G1 X87.412 Y138.102 E328.83292
G1 X86.709 Y137.032 E328.8755
G1 X86.029 Y135.914 E328.91902
G1 X85.446 Y134.877 E328.95859
G1 X84.803 Y133.638 E329.00502
G1 X84.247 Y132.467 E329.04813
G1 X83.745 Y131.289 E329.09072
G1 X83.274 Y130.07 E329.13419
G1 X82.852 Y128.847 E329.17722
G1 X82.439 Y127.508 E329.22382
G1 X82.394 Y127.313 E329.23048
G1 X82.137 Y126.362 E329.26324
G1 X81.843 Y125.098 E329.30641
G1 X81.598 Y123.831 E329.34933
G1 X81.401 Y122.561 E329.39207
G1 X81.24 Y121.266 E329.43548
G1 X81.128 Y119.978 E329.47848
G1 X81.068 Y118.684 E329.52156
G1 X81.048 Y117.408 E329.56401
G1 X81.076 Y116.096 E329.60765
G1 X81.152 Y114.761 E329.65213
G1 X81.269 Y113.514 E329.69379
G1 X81.45 Y112.102 E329.74113
G1 X81.643 Y110.964 E329.77952
G1 X81.901 Y109.685 E329.82292
G1 X82.199 Y108.438 E329.86556
G1 X82.545 Y107.192 E329.90857
G1 X82.935 Y105.944 E329.95206
G1 X83.366 Y104.738 E329.99466
G1 X83.844 Y103.532 E330.03781
G1 X84.359 Y102.345 E330.08084
G1 X84.794 Y101.443 E330.11415
G1 X84.787 Y101.433 E330.11456
G1 X85.562 Y99.948 E330.17027
G1 X86.178 Y98.883 E330.21119
G1 X86.793 Y97.885 E330.25018
G1 X87.557 Y96.73 E330.29624
G1 X88.317 Y95.681 E330.33932
G1 X89.11 Y94.659 E330.38235
G1 X89.939 Y93.666 E330.42537
G1 X90.803 Y92.705 E330.46835
G1 X91.708 Y91.764 E330.51178
G1 X92.63 Y90.87 E330.55449
G1 X93.595 Y90.006 E330.59757
G1 X94.592 Y89.17 E330.64085
G1 X95.607 Y88.377 E330.68369
G1 X96.656 Y87.622 E330.72667
G1 X97.73 Y86.897 E330.76977
G1 X98.759 Y86.262 E330.80999
G1 X99.963 Y85.566 E330.85624
G1 X101.097 Y84.971 E330.89884
G1 X102.263 Y84.408 E330.9419
G1 X103.45 Y83.89 E330.98498
G1 X104.664 Y83.411 E331.02839
G1 X105.875 Y82.977 E331.07117
G1 X107.11 Y82.587 E331.11425
G1 X108.361 Y82.237 E331.15745
G1 X109.619 Y81.936 E331.20048
G1 X110.975 Y81.658 E331.24652
G1 X112.166 Y81.465 E331.28665
G1 X113.436 Y81.3 E331.32924
G1 X114.684 Y81.18 E331.37094
G1 X116.019 Y81.104 E331.41541
G1 X117.32 Y81.072 E331.4587
G1 X118.606 Y81.092 E331.50148
G1 X119.909 Y81.152 E331.54486
G1 X121.193 Y81.261 E331.58772
G1 X122.487 Y81.418 E331.63107
G1 X123.755 Y81.615 E331.67375
G1 X125.021 Y81.861 E331.71665
G1 X126.296 Y82.154 E331.76016
G1 X127.56 Y82.491 E331.80367
G1 X128.786 Y82.866 E331.84631
G1 X130 Y83.285 E331.88903
G1 X131.203 Y83.748 E331.9319
G1 X132.401 Y84.262 E331.97526
G1 X133.564 Y84.806 E332.01796
G1 X134.726 Y85.405 E332.06144
G1 X135.856 Y86.033 E332.10444
G1 X136.954 Y86.7 E332.14717
G1 X138.044 Y87.416 E332.19055
G1 X139.102 Y88.165 E332.23366
G1 X140.119 Y88.945 E332.27629
G1 X141.121 Y89.765 E332.31935
G1 X142.09 Y90.618 E332.36229
G1 X143.039 Y91.519 E332.40582
G1 X143.94 Y92.432 E332.44848
G1 X144.825 Y93.4 E332.4921
G1 X145.654 Y94.372 E332.53459
G1 X146.461 Y95.396 E332.57796
G1 X147.226 Y96.427 E332.62066
G1 X147.962 Y97.505 E332.66407
G1 X148.645 Y98.591 E332.70674
G1 X149.296 Y99.703 E332.7496
G1 X149.912 Y100.847 E332.79281
G1 X150.483 Y102.009 E332.83588
G1 X151.014 Y103.188 E332.87888
G1 X151.5 Y104.386 E332.92188
G1 X151.947 Y105.602 E332.96497
G1 X152.349 Y106.844 E333.00839
G1 X152.703 Y108.079 E333.05112
G1 X153.016 Y109.334 E333.09414
G1 X153.285 Y110.596 E333.13706
G1 X153.507 Y111.872 E333.18014
G1 X153.687 Y113.167 E333.22362
G1 X153.82 Y114.442 E333.26626
G1 X153.904 Y115.733 E333.30929
G1 X153.944 Y117.029 E333.35241
G1 X153.94 Y118.324 E333.39549
G1 X153.888 Y119.628 E333.43889
G1 X153.791 Y120.907 E333.48155
G1 X153.646 Y122.206 E333.52503
G1 X153.437 Y123.613 E333.57234
G1 X153.224 Y124.76 E333.61114
G1 X152.946 Y126.01 E333.65373
G1 X152.622 Y127.27 E333.697
G1 X152.254 Y128.504 E333.73983
G1 X151.844 Y129.731 E333.78286
G1 X151.389 Y130.942 E333.82589
G1 X150.89 Y132.136 E333.86893
G1 X150.351 Y133.314 E333.91201
G1 X149.772 Y134.469 E333.95499
G1 X149.148 Y135.603 E333.99804
G1 X148.481 Y136.725 E334.04145
G1 X147.785 Y137.806 E334.08421
G1 X147.053 Y138.863 E334.12698
G1 X146.268 Y139.902 E334.17029
G1 X145.451 Y140.92 E334.2137
G1 X144.611 Y141.885 E334.25625
G1 X143.795 Y142.761 E334.29607
G1 X142.813 Y143.751 E334.34245
G1 X141.868 Y144.632 E334.38542
G1 X140.89 Y145.48 E334.42848
G1 X139.881 Y146.292 E334.47155
G1 X138.839 Y147.077 E334.51494
G1 X137.784 Y147.809 E334.55765
G1 X136.695 Y148.508 E334.60069
G1 X135.573 Y149.176 E334.64412
G1 X134.45 Y149.791 E334.68671
G1 X133.292 Y150.374 E334.72983
G1 X132.106 Y150.917 E334.77321
G1 X130.923 Y151.412 E334.81587
G1 X129.709 Y151.866 E334.85898
G1 X128.473 Y152.284 E334.90237
G1 X127.235 Y152.65 E334.94531
G1 X125.992 Y152.972 E334.98802
G1 X124.625 Y153.273 E335.03457
G1 X123.482 Y153.482 E335.07322
G1 X122.174 Y153.675 E335.1172
G1 X120.767 Y153.828 E335.16427
G1 X119.528 Y153.916 E335.20558
G1 X118.269 Y153.964 E335.24749
G1 X117.5 Y153.966 E335.27306
G0 F9000 X117.502 Y154.98
;MESH:NONMESH
G0 F300 X117.502 Y154.98 Z1.8
G0 F9000 X117.5 Y154.366
;TIME_ELAPSED:455.601867
;LAYER:8
;TYPE:WALL-INNER
;MESH:Led Ring.stl
G1 F1500 X116.998 Y154.368 E335.28976
G1 X115.732 Y154.331 E335.33189
G1 X114.485 Y154.25 E335.37345
G1 X113.193 Y154.123 E335.41663
G1 X111.822 Y153.932 E335.46267
G1 X110.536 Y153.712 E335.50606
G1 X109.24 Y153.438 E335.55012
G1 X107.984 Y153.122 E335.5932
G1 X106.729 Y152.767 E335.63658
G1 X105.474 Y152.356 E335.6805
G1 X104.258 Y151.913 E335.72354
G1 X103.034 Y151.416 E335.76748
G1 X101.84 Y150.879 E335.81103
G1 X100.676 Y150.31 E335.85412
G1 X99.513 Y149.687 E335.898
G1 X98.384 Y149.028 E335.94148
G1 X97.285 Y148.336 E335.98468
G1 X96.196 Y147.592 E336.02854
G1 X95.152 Y146.824 E336.07165
G1 X94.114 Y146.005 E336.11562
G1 X93.126 Y145.163 E336.1588
G1 X92.157 Y144.274 E336.20254
G1 X91.215 Y143.357 E336.24626
G1 X90.318 Y142.406 E336.28974
G1 X89.391 Y141.356 E336.33633
G1 X88.623 Y140.417 E336.37668
G1 X87.826 Y139.376 E336.42028
G1 X87.07 Y138.31 E336.46375
G1 X86.351 Y137.216 E336.50729
G1 X85.676 Y136.106 E336.5505
G1 X85.034 Y134.96 E336.59419
G1 X84.433 Y133.792 E336.63788
G1 X83.741 Y132.325 E336.69183
G1 X83.754 Y132.304 E336.69265
G1 X83.364 Y131.405 E336.72524
G1 X82.893 Y130.186 E336.76871
G1 X82.462 Y128.948 E336.81231
G1 X82.084 Y127.712 E336.8553
G1 X81.743 Y126.435 E336.89926
G1 X81.451 Y125.16 E336.94276
G1 X81.199 Y123.876 E336.98628
G1 X81 Y122.592 E337.0295
G1 X80.842 Y121.285 E337.07329
G1 X80.728 Y119.976 E337.11699
G1 X80.668 Y118.674 E337.16034
G1 X80.648 Y117.375 E337.20355
G1 X80.676 Y116.057 E337.2474
G1 X80.752 Y114.729 E337.29164
G1 X80.861 Y113.53 E337.33168
G1 X81.06 Y112.015 E337.3825
G1 X81.255 Y110.869 E337.42117
G1 X81.516 Y109.576 E337.46504
G1 X81.817 Y108.315 E337.50816
G1 X82.167 Y107.055 E337.55165
G1 X82.562 Y105.808 E337.59516
G1 X82.998 Y104.574 E337.63869
G1 X83.485 Y103.349 E337.68253
G1 X84.003 Y102.155 E337.72582
G1 X84.572 Y100.977 E337.76934
G1 X85.224 Y99.732 E337.81608
G1 X85.833 Y98.678 E337.85657
G1 X86.513 Y97.579 E337.89955
G1 X87.245 Y96.484 E337.94336
G1 X88.013 Y95.424 E337.9869
G1 X88.815 Y94.391 E338.03039
G1 X89.654 Y93.386 E338.07394
G1 X90.536 Y92.407 E338.11776
G1 X91.446 Y91.465 E338.16133
G1 X92.419 Y90.521 E338.20642
G1 X93.359 Y89.679 E338.24839
G1 X94.363 Y88.842 E338.29186
G1 X95.388 Y88.045 E338.33505
G1 X96.457 Y87.273 E338.37891
G1 X97.536 Y86.549 E338.42212
G1 X98.575 Y85.908 E338.46273
G1 X99.793 Y85.204 E338.50952
G1 X100.939 Y84.603 E338.55256
G1 X102.12 Y84.033 E338.59618
G1 X103.323 Y83.51 E338.63981
G1 X104.489 Y83.047 E338.68153
G1 X105.771 Y82.591 E338.72679
G1 X107.018 Y82.198 E338.77027
G1 X108.284 Y81.844 E338.814
G1 X109.555 Y81.54 E338.85746
G1 X110.934 Y81.259 E338.90427
G1 X112.132 Y81.069 E338.94462
G1 X113.42 Y80.898 E338.98783
G1 X114.681 Y80.78 E339.02995
G1 X116.025 Y80.704 E339.07473
G1 X117.342 Y80.672 E339.11854
G1 X118.646 Y80.692 E339.16192
G1 X119.946 Y80.756 E339.20521
G1 X121.257 Y80.868 E339.24897
G1 X122.548 Y81.024 E339.29222
G1 X123.85 Y81.226 E339.33605
G1 X125.159 Y81.481 E339.3804
G1 X126.419 Y81.772 E339.42341
G1 X127.673 Y82.106 E339.46658
G1 X128.933 Y82.492 E339.51041
G1 X130.159 Y82.917 E339.55356
G1 X131.387 Y83.391 E339.59735
G1 X132.584 Y83.9 E339.64061
G1 X133.768 Y84.458 E339.68414
G1 X134.937 Y85.064 E339.72794
G1 X136.08 Y85.703 E339.77149
G1 X137.19 Y86.378 E339.8147
G1 X138.291 Y87.101 E339.85851
G1 X139.361 Y87.859 E339.90212
G1 X140.388 Y88.647 E339.94518
G1 X141.41 Y89.482 E339.98907
G1 X142.434 Y90.389 E340.03457
G1 X143.326 Y91.236 E340.07548
G1 X144.293 Y92.22 E340.12137
G1 X145.137 Y93.15 E340.16314
G1 X145.979 Y94.14 E340.20636
G1 X146.787 Y95.163 E340.24972
G1 X147.519 Y96.156 E340.29075
G1 X148.291 Y97.28 E340.33611
G1 X149.003 Y98.405 E340.38039
G1 X149.661 Y99.537 E340.42394
G1 X150.283 Y100.698 E340.46774
G1 X150.856 Y101.862 E340.5109
G1 X151.393 Y103.058 E340.5545
G1 X151.884 Y104.27 E340.59799
G1 X152.326 Y105.483 E340.64093
G1 X152.738 Y106.742 E340.68499
G1 X153.095 Y107.998 E340.72842
G1 X153.411 Y109.271 E340.77205
G1 X153.681 Y110.537 E340.8151
G1 X153.907 Y111.837 E340.85899
G1 X154.087 Y113.124 E340.90221
G1 X154.219 Y114.435 E340.94604
G1 X154.308 Y115.743 E340.98964
G1 X154.344 Y117.052 E341.0332
G1 X154.336 Y118.359 E341.07667
G1 X154.287 Y119.684 E341.12077
G1 X154.185 Y120.971 E341.16371
G1 X154.039 Y122.283 E341.20761
G1 X153.831 Y123.708 E341.25551
G1 X153.61 Y124.868 E341.29479
G1 X153.326 Y126.13 E341.33781
G1 X152.996 Y127.408 E341.38171
G1 X152.625 Y128.651 E341.42486
G1 X152.21 Y129.891 E341.46835
G1 X151.75 Y131.115 E341.51184
G1 X151.242 Y132.334 E341.55576
G1 X150.709 Y133.498 E341.59834
G1 X150.072 Y134.753 E341.64515
G1 X149.475 Y135.838 E341.68634
G1 X148.823 Y136.934 E341.72876
G1 X148.101 Y138.051 E341.77299
G1 X147.348 Y139.133 E341.81684
G1 X146.58 Y140.154 E341.85933
G1 X145.738 Y141.197 E341.90392
G1 X144.906 Y142.158 E341.94619
G1 X144.004 Y143.126 E341.9902
G1 X142.992 Y144.138 E342.0378
G1 X142.101 Y144.958 E342.07808
G1 X141.125 Y145.804 E342.12104
G1 X140.105 Y146.624 E342.16457
G1 X139.05 Y147.418 E342.20848
G1 X137.993 Y148.15 E342.25125
G1 X136.883 Y148.864 E342.29514
G1 X135.748 Y149.539 E342.33906
G1 X134.601 Y150.165 E342.38253
G1 X133.439 Y150.746 E342.42574
G1 X132.251 Y151.29 E342.46919
G1 X131.031 Y151.798 E342.51315
G1 X129.815 Y152.253 E342.55633
G1 X128.579 Y152.668 E342.5997
G1 X127.315 Y153.041 E342.64353
G1 X126.042 Y153.37 E342.68726
G1 X124.777 Y153.651 E342.73036
G1 X123.518 Y153.882 E342.77293
G1 X122.194 Y154.073 E342.81743
G1 X120.759 Y154.231 E342.86544
G1 X119.514 Y154.32 E342.90696
G1 X118.246 Y154.364 E342.94916
G1 X117.5 Y154.366 E342.97397
G0 F9000 X117.5 Y154.68
G0 X117.502 Y156.61
G0 X117.5 Y156.917
G1 F1500 X117.847 Y156.92 E342.98551
G1 X119.168 Y156.887 E343.02946
G1 X120.421 Y156.815 E343.0712
G1 X121.961 Y156.673 E343.12264
G1 X123.132 Y156.516 E343.16194
G1 X124.438 Y156.309 E343.20592
G1 X125.727 Y156.053 E343.24963
G1 X126.919 Y155.783 E343.29028
G1 X128.389 Y155.391 E343.34088
G1 X129.556 Y155.028 E343.38153
G1 X130.819 Y154.603 E343.42585
G1 X132.034 Y154.146 E343.46903
G1 X133.279 Y153.623 E343.51394
G1 X134.603 Y153.02 E343.56233
G1 X135.46 Y152.588 E343.59425
G1 X135.466 Y152.593 E343.59451
G1 X136.821 Y151.861 E343.64573
G1 X138.055 Y151.139 E343.69328
G1 X139.083 Y150.481 E343.73388
G1 X140.108 Y149.788 E343.77503
G1 X141.257 Y148.954 E343.82225
G1 X142.3 Y148.134 E343.86638
G1 X143.299 Y147.298 E343.90971
G1 X144.303 Y146.397 E343.95458
G1 X145.256 Y145.482 E343.99852
G1 X146.18 Y144.533 E344.04257
G1 X147.053 Y143.579 E344.08558
G1 X147.928 Y142.548 E344.13056
G1 X148.758 Y141.507 E344.17484
G1 X149.528 Y140.462 E344.21801
G1 X150.297 Y139.354 E344.26287
G1 X151.012 Y138.235 E344.30704
G1 X151.686 Y137.105 E344.3508
G1 X152.327 Y135.943 E344.39494
G1 X152.916 Y134.776 E344.43842
G1 X153.472 Y133.582 E344.48222
G1 X153.996 Y132.365 E344.52629
G1 X154.478 Y131.114 E344.57088
G1 X154.87 Y129.999 E344.61019
G1 X155.306 Y128.603 E344.65884
G1 X155.659 Y127.32 E344.7031
G1 X155.985 Y125.959 E344.74964
G1 X156.228 Y124.741 E344.79095
G1 X156.449 Y123.433 E344.83507
G1 X156.624 Y122.141 E344.87844
G1 X156.759 Y120.815 E344.92277
G1 X156.849 Y119.484 E344.96714
G1 X156.892 Y118.182 E345.01047
G1 X156.892 Y116.835 E345.05527
G1 X156.85 Y115.559 E345.09773
G1 X156.753 Y114.159 E345.14441
G1 X156.622 Y112.889 E345.18687
G1 X156.443 Y111.561 E345.23144
G1 X156.222 Y110.259 E345.27537
G1 X155.981 Y109.063 E345.31594
G1 X155.649 Y107.681 E345.36322
G1 X155.295 Y106.408 E345.40716
G1 X154.866 Y105.025 E345.45532
G1 X154.463 Y103.888 E345.49545
G1 X153.983 Y102.65 E345.53961
G1 X153.461 Y101.437 E345.58353
G1 X152.899 Y100.237 E345.6276
G1 X152.299 Y99.054 E345.67172
G1 X151.664 Y97.9 E345.71553
G1 X150.994 Y96.777 E345.75902
G1 X150.266 Y95.65 E345.80365
G1 X149.559 Y94.628 E345.84498
G1 X148.729 Y93.504 E345.89145
G1 X147.899 Y92.462 E345.93576
G1 X147.037 Y91.455 E345.97985
G1 X146.145 Y90.477 E346.02388
G1 X145.218 Y89.528 E346.068
G1 X144.264 Y88.614 E346.11194
G1 X143.288 Y87.741 E346.1555
G1 X142.262 Y86.882 E346.2
G1 X141.238 Y86.079 E346.24328
G1 X140.095 Y85.248 E346.29029
G1 X139.058 Y84.551 E346.33184
G1 X138.016 Y83.89 E346.37288
G1 X136.821 Y83.187 E346.419
G1 X135.466 Y82.455 E346.47022
G1 X135.46 Y82.459 E346.47046
G1 X134.537 Y82.001 E346.50473
G1 X133.236 Y81.406 E346.55231
G1 X132.034 Y80.902 E346.59566
G1 X130.806 Y80.442 E346.63928
G1 X129.533 Y80.01 E346.68399
G1 X128.378 Y79.661 E346.72412
G1 X126.895 Y79.259 E346.77523
G1 X125.663 Y78.983 E346.81722
G1 X124.384 Y78.732 E346.86057
G1 X123.11 Y78.527 E346.90349
G1 X121.937 Y78.377 E346.94282
G1 X120.398 Y78.231 E346.99424
G1 X119.148 Y78.16 E347.03588
G1 X117.808 Y78.128 E347.08046
G1 X116.489 Y78.137 E347.12433
G1 X115.17 Y78.196 E347.16825
G1 X113.833 Y78.296 E347.21284
G1 X112.526 Y78.442 E347.25658
G1 X111.209 Y78.629 E347.30082
G1 X109.907 Y78.861 E347.34481
G1 X108.624 Y79.138 E347.38847
G1 X107.339 Y79.457 E347.4325
G1 X106.056 Y79.824 E347.47689
G1 X104.792 Y80.228 E347.52102
G1 X103.552 Y80.677 E347.56489
G1 X102.339 Y81.158 E347.60829
G1 X101.118 Y81.691 E347.6526
G1 X99.913 Y82.267 E347.69702
G1 X98.766 Y82.864 E347.74003
G1 X97.586 Y83.529 E347.78508
G1 X96.454 Y84.216 E347.82912
G1 X95.357 Y84.936 E347.87276
G1 X94.282 Y85.693 E347.91649
G1 X93.226 Y86.489 E347.96048
G1 X92.191 Y87.329 E348.00481
G1 X91.197 Y88.191 E348.04857
G1 X90.213 Y89.104 E348.09322
G1 X89.272 Y90.038 E348.13732
G1 X88.38 Y90.985 E348.18059
G1 X87.492 Y91.994 E348.22529
G1 X86.658 Y93.009 E348.26898
G1 X85.858 Y94.05 E348.31265
G1 X85.074 Y95.143 E348.35739
G1 X84.342 Y96.244 E348.40136
G1 X83.656 Y97.356 E348.44482
G1 X82.998 Y98.502 E348.48877
G1 X82.379 Y99.672 E348.5328
G1 X81.796 Y100.869 E348.57708
G1 X81.257 Y102.068 E348.6208
G1 X80.754 Y103.315 E348.66553
G1 X80.296 Y104.559 E348.70962
G1 X79.884 Y105.813 E348.75352
G1 X79.515 Y107.068 E348.79703
G1 X79.184 Y108.349 E348.84103
G1 X78.893 Y109.661 E348.88573
G1 X78.652 Y110.94 E348.92902
G1 X78.455 Y112.248 E348.97301
G1 X78.3 Y113.583 E349.01771
G1 X78.191 Y114.893 E349.06144
G1 X78.125 Y116.225 E349.10579
G1 X78.1 Y117.528 E349.14914
G1 X78.125 Y118.863 E349.19355
G1 X78.194 Y120.217 E349.23864
G1 X78.303 Y121.503 E349.28157
G1 X78.458 Y122.816 E349.32554
G1 X78.656 Y124.129 E349.36971
G1 X78.9 Y125.427 E349.41363
G1 X79.188 Y126.72 E349.45769
G1 X79.515 Y127.98 E349.50099
G1 X79.895 Y129.271 E349.54575
G1 X80.31 Y130.53 E349.58984
G1 X80.767 Y131.769 E349.63376
G1 X81.256 Y132.98 E349.6772
G1 X81.812 Y134.214 E349.72222
G1 X82.388 Y135.393 E349.76586
G1 X82.998 Y136.546 E349.80925
G1 X83.666 Y137.709 E349.85385
G1 X84.366 Y138.842 E349.89815
G1 X85.098 Y139.94 E349.94204
G1 X85.87 Y141.013 E349.98601
G1 X86.671 Y142.054 E350.02969
G1 X87.505 Y143.071 E350.07344
G1 X88.394 Y144.079 E350.11814
G1 X89.286 Y145.025 E350.16139
G1 X90.243 Y145.973 E350.20619
G1 X91.212 Y146.869 E350.25008
G1 X92.206 Y147.732 E350.29387
G1 X93.226 Y148.559 E350.33754
G1 X94.298 Y149.366 E350.38217
G1 X95.391 Y150.134 E350.4266
G1 X96.473 Y150.844 E350.46964
G1 X97.621 Y151.539 E350.51428
G1 X98.778 Y152.19 E350.55843
G1 X99.96 Y152.798 E350.60264
G1 X101.157 Y153.37 E350.64677
G1 X102.36 Y153.898 E350.69046
G1 X103.589 Y154.386 E350.73445
G1 X104.835 Y154.828 E350.77842
G1 X106.075 Y155.23 E350.82177
G1 X107.361 Y155.596 E350.86624
G1 X108.67 Y155.92 E350.9111
G1 X109.936 Y156.191 E350.95416
G1 X111.231 Y156.423 E350.99791
G1 X112.543 Y156.608 E351.04198
G1 X113.86 Y156.754 E351.08606
G1 X115.206 Y156.853 E351.13094
G1 X116.512 Y156.908 E351.17442
G1 X117.5 Y156.917 E351.20728
G0 F9000 X117.5 Y157.317
;TYPE:WALL-OUTER
G1 F1500 X117.857 Y157.32 E351.21916
G1 X119.19 Y157.287 E351.26351
G1 X120.429 Y157.216 E351.30478
G1 X121.981 Y157.073 E351.35662
G1 X123.194 Y156.911 E351.39733
G1 X124.485 Y156.707 E351.4408
G1 X125.815 Y156.443 E351.4859
G1 X126.992 Y156.177 E351.52603
G1 X128.5 Y155.775 E351.57794
G1 X129.684 Y155.407 E351.61918
G1 X130.959 Y154.977 E351.66393
G1 X132.182 Y154.518 E351.70738
G1 X133.444 Y153.987 E351.75292
G1 X134.783 Y153.377 E351.80186
G1 X135.612 Y152.958 E351.83275
G1 X135.62 Y152.964 E351.83308
G1 X137.041 Y152.196 E351.88681
G1 X138.243 Y151.493 E351.93312
G1 X139.307 Y150.813 E351.97512
G1 X140.343 Y150.112 E352.01672
G1 X141.479 Y149.288 E352.0634
G1 X142.556 Y148.441 E352.10897
G1 X143.581 Y147.582 E352.15345
G1 X144.56 Y146.705 E352.19717
G1 X145.542 Y145.762 E352.24245
G1 X146.458 Y144.822 E352.2861
G1 X147.372 Y143.821 E352.33119
G1 X148.24 Y142.798 E352.37581
G1 X149.08 Y141.745 E352.42061
G1 X149.853 Y140.695 E352.46398
G1 X150.634 Y139.57 E352.50953
G1 X151.355 Y138.441 E352.55408
G1 X152.022 Y137.324 E352.59736
G1 X152.671 Y136.15 E352.64197
G1 X153.268 Y134.968 E352.68602
G1 X153.837 Y133.746 E352.73085
G1 X154.366 Y132.516 E352.77538
G1 X154.848 Y131.27 E352.81982
G1 X155.25 Y130.125 E352.86018
G1 X155.691 Y128.71 E352.90947
G1 X156.042 Y127.441 E352.95327
G1 X156.376 Y126.045 E353.00101
G1 X156.619 Y124.831 E353.04219
G1 X156.842 Y123.513 E353.08665
G1 X157.024 Y122.162 E353.13199
G1 X157.158 Y120.843 E353.17608
G1 X157.249 Y119.498 E353.22092
G1 X157.292 Y118.161 E353.26541
G1 X157.292 Y116.822 E353.30995
G1 X157.248 Y115.515 E353.35344
G1 X157.159 Y114.206 E353.39708
G1 X157.018 Y112.836 E353.44289
G1 X156.842 Y111.522 E353.48698
G1 X156.614 Y110.181 E353.53222
G1 X156.37 Y108.97 E353.57331
G1 X156.035 Y107.575 E353.62103
G1 X155.677 Y106.29 E353.6654
G1 X155.254 Y104.923 E353.71299
G1 X154.836 Y103.744 E353.75459
G1 X154.351 Y102.492 E353.79925
G1 X153.823 Y101.268 E353.84359
G1 X153.268 Y100.08 E353.8872
G1 X152.65 Y98.862 E353.93263
G1 X152.008 Y97.695 E353.97693
G1 X151.334 Y96.566 E354.02066
G1 X150.596 Y95.423 E354.06591
G1 X149.881 Y94.391 E354.10767
G1 X149.061 Y93.278 E354.15365
G1 X148.203 Y92.202 E354.19942
G1 X147.333 Y91.186 E354.24391
G1 X146.431 Y90.198 E354.28841
G1 X145.515 Y89.259 E354.33204
G1 X144.531 Y88.316 E354.37737
G1 X143.545 Y87.435 E354.42135
G1 X142.53 Y86.584 E354.4654
G1 X141.479 Y85.76 E354.50982
G1 X140.325 Y84.92 E354.55729
G1 X139.272 Y84.213 E354.59948
G1 X138.243 Y83.559 E354.64003
G1 X137.017 Y82.839 E354.68732
G1 X135.62 Y82.084 E354.74014
G1 X135.612 Y82.089 E354.74045
G1 X134.703 Y81.637 E354.77422
G1 X133.391 Y81.038 E354.82219
G1 X132.182 Y80.53 E354.8658
G1 X130.916 Y80.057 E354.91075
G1 X129.674 Y79.635 E354.95438
G1 X128.508 Y79.281 E354.99491
G1 X126.991 Y78.871 E355.04718
G1 X125.79 Y78.6 E355.08813
G1 X124.448 Y78.337 E355.13361
G1 X123.167 Y78.131 E355.17676
G1 X121.981 Y77.979 E355.21653
G1 X120.428 Y77.832 E355.26842
G1 X119.164 Y77.76 E355.31053
G1 X117.806 Y77.728 E355.35571
G1 X116.471 Y77.737 E355.40011
G1 X115.141 Y77.797 E355.44439
G1 X113.789 Y77.898 E355.48948
G1 X112.519 Y78.039 E355.53198
G1 X111.139 Y78.235 E355.57834
G1 X109.823 Y78.47 E355.6228
G1 X108.554 Y78.743 E355.66598
G1 X107.23 Y79.073 E355.71136
G1 X105.935 Y79.443 E355.75616
G1 X104.656 Y79.852 E355.80082
G1 X103.404 Y80.305 E355.8451
G1 X102.127 Y80.814 E355.89083
G1 X100.946 Y81.33 E355.93369
G1 X99.729 Y81.912 E355.97856
G1 X98.553 Y82.525 E356.02267
G1 X97.401 Y83.173 E356.06663
G1 X96.259 Y83.866 E356.11106
G1 X95.127 Y84.609 E356.15609
G1 X94.046 Y85.37 E356.20006
G1 X92.957 Y86.192 E356.24545
G1 X91.929 Y87.027 E356.28949
G1 X90.93 Y87.893 E356.33347
G1 X89.931 Y88.82 E356.3788
G1 X88.981 Y89.764 E356.42334
G1 X88.084 Y90.715 E356.46682
G1 X87.201 Y91.718 E356.51127
G1 X86.341 Y92.765 E356.55633
G1 X85.522 Y93.833 E356.6011
G1 X84.757 Y94.898 E356.64471
G1 X84.017 Y96.009 E356.68911
G1 X83.312 Y97.151 E356.73374
G1 X82.648 Y98.309 E356.77814
G1 X82.023 Y99.491 E356.82261
G1 X81.442 Y100.681 E356.86666
G1 X80.889 Y101.911 E356.91151
G1 X80.378 Y103.177 E356.95692
G1 X79.925 Y104.406 E357.00049
G1 X79.5 Y105.7 E357.04579
G1 X79.129 Y106.962 E357.08954
G1 X78.795 Y108.255 E357.13395
G1 X78.5 Y109.587 E357.17933
G1 X78.258 Y110.874 E357.22289
G1 X78.059 Y112.195 E357.26732
G1 X77.902 Y113.549 E357.31265
G1 X77.792 Y114.846 E357.35595
G1 X77.725 Y116.191 E357.40074
G1 X77.7 Y117.528 E357.44521
G1 X77.725 Y118.883 E357.49029
G1 X77.796 Y120.25 E357.53582
G1 X77.906 Y121.549 E357.57918
G1 X78.062 Y122.875 E357.62358
G1 X78.252 Y124.143 E357.66623
G1 X78.51 Y125.514 E357.71263
G1 X78.801 Y126.82 E357.75713
G1 X79.129 Y128.086 E357.80063
G1 X79.515 Y129.396 E357.84605
G1 X79.925 Y130.642 E357.88968
G1 X80.396 Y131.919 E357.93495
G1 X80.888 Y133.137 E357.97864
G1 X81.452 Y134.39 E358.02434
G1 X82.034 Y135.579 E358.06837
G1 X82.661 Y136.763 E358.11293
G1 X83.312 Y137.897 E358.15642
G1 X84.033 Y139.064 E358.20205
G1 X84.773 Y140.173 E358.24639
G1 X85.553 Y141.257 E358.29081
G1 X86.357 Y142.303 E358.33469
G1 X87.201 Y143.33 E358.3789
G1 X88.084 Y144.333 E358.42335
G1 X89.019 Y145.323 E358.46864
G1 X89.971 Y146.266 E358.51321
G1 X90.93 Y147.154 E358.55668
G1 X91.949 Y148.038 E358.60155
G1 X92.98 Y148.874 E358.6457
G1 X94.046 Y149.678 E358.6901
G1 X95.149 Y150.454 E358.73496
G1 X96.259 Y151.182 E358.77911
G1 X97.402 Y151.875 E358.82357
G1 X98.595 Y152.546 E358.86909
G1 X99.765 Y153.148 E358.91286
G1 X100.972 Y153.726 E358.95737
G1 X102.212 Y154.27 E359.0024
G1 X103.427 Y154.752 E359.04588
G1 X104.689 Y155.202 E359.09044
G1 X105.959 Y155.612 E359.13483
G1 X107.257 Y155.982 E359.17972
G1 X108.554 Y156.305 E359.22418
G1 X109.885 Y156.588 E359.26944
G1 X111.168 Y156.818 E359.31279
G1 X112.493 Y157.005 E359.35729
G1 X113.823 Y157.152 E359.4018
G1 X115.189 Y157.253 E359.44736
G1 X116.502 Y157.308 E359.49107
G1 X117.5 Y157.317 E359.52426
G1 F2700 E354.52426
G0 F9000 X117.506 Y156.61
G0 X117.501 Y154.68
G0 X117.5 Y153.966
G1 F2700 E359.52426
G1 F1500 X117.01 Y153.968 E359.54056
G1 X115.758 Y153.932 E359.58222
G1 X114.524 Y153.852 E359.62335
G1 X113.248 Y153.727 E359.66599
G1 X111.89 Y153.538 E359.71159
G1 X110.618 Y153.32 E359.75452
G1 X109.338 Y153.05 E359.79803
G1 X108.093 Y152.737 E359.84072
G1 X106.853 Y152.387 E359.88358
G1 X105.611 Y151.98 E359.92705
G1 X104.408 Y151.542 E359.96963
G1 X103.198 Y151.051 E360.01306
G1 X102.016 Y150.52 E360.05616
G1 X100.865 Y149.957 E360.09878
G1 X99.715 Y149.341 E360.14217
G1 X98.597 Y148.69 E360.1852
G1 X97.511 Y148.006 E360.22788
G1 X96.433 Y147.27 E360.2713
G1 X95.4 Y146.51 E360.31395
G1 X94.374 Y145.701 E360.35741
G1 X93.396 Y144.868 E360.40014
G1 X92.436 Y143.988 E360.44345
G1 X91.506 Y143.082 E360.48664
G1 X90.618 Y142.141 E360.52967
G1 X89.701 Y141.103 E360.57574
G1 X88.941 Y140.174 E360.61566
G1 X88.152 Y139.144 E360.65881
G1 X87.404 Y138.09 E360.7018
G1 X86.693 Y137.008 E360.74486
G1 X86.025 Y135.91 E360.78761
G1 X85.39 Y134.776 E360.83084
G1 X84.795 Y133.622 E360.87402
G1 X84.131 Y132.207 E360.92601
G1 X84.141 Y132.191 E360.92663
G1 X83.737 Y131.261 E360.96036
G1 X83.271 Y130.054 E361.00339
G1 X82.844 Y128.831 E361.04648
G1 X82.47 Y127.608 E361.08901
G1 X82.133 Y126.345 E361.13249
G1 X81.843 Y125.083 E361.17556
G1 X81.594 Y123.815 E361.21854
G1 X81.397 Y122.544 E361.26132
G1 X81.24 Y121.25 E361.30467
G1 X81.128 Y119.958 E361.3478
G1 X81.068 Y118.668 E361.39076
G1 X81.048 Y117.383 E361.4335
G1 X81.076 Y116.08 E361.47685
G1 X81.152 Y114.746 E361.52129
G1 X81.257 Y113.582 E361.56016
G1 X81.454 Y112.082 E361.61048
G1 X81.647 Y110.948 E361.64874
G1 X81.905 Y109.669 E361.69214
G1 X82.203 Y108.422 E361.73478
G1 X82.549 Y107.175 E361.77782
G1 X82.939 Y105.941 E361.82087
G1 X83.37 Y104.722 E361.86387
G1 X83.852 Y103.508 E361.90731
G1 X84.363 Y102.329 E361.95005
G1 X84.926 Y101.163 E361.99312
G1 X85.57 Y99.932 E362.03932
G1 X86.173 Y98.889 E362.0794
G1 X86.857 Y97.784 E362.12262
G1 X87.569 Y96.718 E362.16526
G1 X88.329 Y95.669 E362.20834
G1 X89.122 Y94.647 E362.25136
G1 X89.951 Y93.654 E362.29439
G1 X90.824 Y92.685 E362.33777
G1 X91.724 Y91.752 E362.38088
G1 X92.686 Y90.819 E362.42546
G1 X93.615 Y89.986 E362.46696
G1 X94.605 Y89.16 E362.50984
G1 X95.622 Y88.369 E362.55269
G1 X96.68 Y87.605 E362.5961
G1 X97.746 Y86.889 E362.63881
G1 X98.775 Y86.254 E362.67903
G1 X99.979 Y85.558 E362.72528
G1 X101.113 Y84.963 E362.76787
G1 X102.28 Y84.4 E362.81097
G1 X103.47 Y83.882 E362.85414
G1 X104.636 Y83.419 E362.89586
G1 X105.891 Y82.973 E362.94016
G1 X107.126 Y82.583 E362.98324
G1 X108.377 Y82.233 E363.02644
G1 X109.635 Y81.932 E363.06947
G1 X110.996 Y81.654 E363.11567
G1 X112.185 Y81.465 E363.15571
G1 X113.457 Y81.296 E363.19839
G1 X114.704 Y81.18 E363.24004
G1 X116.035 Y81.104 E363.28439
G1 X117.336 Y81.072 E363.32767
G1 X118.626 Y81.092 E363.37058
G1 X119.929 Y81.156 E363.41397
G1 X121.209 Y81.265 E363.4567
G1 X122.503 Y81.422 E363.50005
G1 X123.774 Y81.619 E363.54283
G1 X125.069 Y81.871 E363.58671
G1 X126.316 Y82.158 E363.62927
G1 X127.556 Y82.488 E363.67195
G1 X128.802 Y82.87 E363.71529
G1 X130.02 Y83.293 E363.75818
G1 X131.231 Y83.759 E363.80134
G1 X132.414 Y84.262 E363.84409
G1 X133.584 Y84.814 E363.88712
G1 X134.742 Y85.413 E363.93048
G1 X135.872 Y86.045 E363.97355
G1 X136.964 Y86.709 E364.01605
G1 X138.06 Y87.428 E364.05965
G1 X139.118 Y88.177 E364.10276
G1 X140.135 Y88.957 E364.14539
G1 X141.145 Y89.782 E364.18877
G1 X142.154 Y90.674 E364.23356
G1 X143.055 Y91.531 E364.27492
G1 X143.997 Y92.489 E364.31961
G1 X144.833 Y93.41 E364.36098
G1 X145.665 Y94.388 E364.40368
G1 X146.465 Y95.401 E364.44662
G1 X147.189 Y96.382 E364.48717
G1 X147.965 Y97.513 E364.53279
G1 X148.657 Y98.607 E364.57584
G1 X149.309 Y99.725 E364.61889
G1 X149.924 Y100.875 E364.66226
G1 X150.491 Y102.026 E364.70494
G1 X151.022 Y103.208 E364.74804
G1 X151.508 Y104.407 E364.79107
G1 X151.95 Y105.621 E364.83404
G1 X152.357 Y106.865 E364.87757
G1 X152.707 Y108.095 E364.92011
G1 X153.02 Y109.354 E364.96326
G1 X153.289 Y110.616 E365.00617
G1 X153.511 Y111.892 E365.04925
G1 X153.691 Y113.187 E365.09274
G1 X153.82 Y114.462 E365.13536
G1 X153.908 Y115.754 E365.17843
G1 X153.944 Y117.05 E365.22155
G1 X153.936 Y118.344 E365.26459
G1 X153.888 Y119.652 E365.30813
G1 X153.787 Y120.927 E365.35067
G1 X153.643 Y122.225 E365.3941
G1 X153.437 Y123.634 E365.44146
G1 X153.22 Y124.78 E365.48026
G1 X152.938 Y126.03 E365.52288
G1 X152.612 Y127.294 E365.56629
G1 X152.246 Y128.524 E365.60898
G1 X151.836 Y129.751 E365.65201
G1 X151.381 Y130.961 E365.695
G1 X150.878 Y132.168 E365.73849
G1 X150.343 Y133.335 E365.78119
G1 X149.756 Y134.497 E365.82449
G1 X149.131 Y135.633 E365.86762
G1 X148.476 Y136.733 E365.9102
G1 X147.773 Y137.823 E365.95334
G1 X147.028 Y138.893 E365.9967
G1 X146.256 Y139.918 E366.03938
G1 X145.436 Y140.935 E366.08283
G1 X144.604 Y141.896 E366.12511
G1 X143.706 Y142.858 E366.16888
G1 X142.72 Y143.844 E366.21526
G1 X141.839 Y144.656 E366.25511
G1 X140.874 Y145.492 E366.29757
G1 X139.865 Y146.304 E366.34065
G1 X138.822 Y147.089 E366.38407
G1 X137.765 Y147.821 E366.42683
G1 X136.679 Y148.52 E366.46979
G1 X135.556 Y149.188 E366.51325
G1 X134.422 Y149.807 E366.55622
G1 X133.272 Y150.382 E366.59898
G1 X132.097 Y150.921 E366.64198
G1 X130.891 Y151.424 E366.68544
G1 X129.688 Y151.874 E366.72816
G1 X128.465 Y152.284 E366.77106
G1 X127.215 Y152.654 E366.81442
G1 X125.956 Y152.98 E366.85767
G1 X124.705 Y153.257 E366.90029
G1 X123.461 Y153.486 E366.94236
G1 X122.15 Y153.675 E366.98642
G1 X120.731 Y153.832 E367.0339
G1 X119.5 Y153.92 E367.07495
G1 X118.245 Y153.964 E367.11671
G1 X117.5 Y153.966 E367.14149
G0 F9000 X117.502 Y154.98
;MESH:NONMESH
G0 F300 X117.502 Y154.98 Z2
G0 F9000 X117.5 Y154.368
;TIME_ELAPSED:495.028800
;LAYER:9
;TYPE:WALL-INNER
;MESH:Led Ring.stl
G1 F1500 X116.978 Y154.368 E367.15886
G1 X115.716 Y154.331 E367.20085
G1 X114.477 Y154.25 E367.24214
G1 X113.185 Y154.123 E367.28532
G1 X111.825 Y153.935 E367.33099
G1 X110.524 Y153.708 E367.37491
G1 X109.229 Y153.434 E367.41894
G1 X107.968 Y153.118 E367.46218
G1 X106.717 Y152.763 E367.50543
G1 X105.481 Y152.359 E367.54868
G1 X104.262 Y151.917 E367.5918
G1 X103.017 Y151.412 E367.63649
G1 X101.845 Y150.884 E367.67924
G1 X100.664 Y150.305 E367.72299
G1 X99.497 Y149.679 E367.76704
G1 X98.367 Y149.02 E367.81055
G1 X97.273 Y148.328 E367.8536
G1 X96.183 Y147.583 E367.89751
G1 X95.131 Y146.807 E367.94099
G1 X94.103 Y145.994 E367.98458
G1 X93.115 Y145.156 E368.02767
G1 X92.183 Y144.304 E368.06967
G1 X91.208 Y143.346 E368.11514
G1 X90.306 Y142.394 E368.15875
G1 X89.379 Y141.344 E368.20534
G1 X88.61 Y140.404 E368.24573
G1 X87.826 Y139.376 E368.28873
G1 X87.062 Y138.298 E368.33268
G1 X86.343 Y137.204 E368.37622
G1 X85.664 Y136.085 E368.41976
G1 X85.026 Y134.944 E368.46324
G1 X84.285 Y133.495 E368.51737
G1 X84.291 Y133.487 E368.5177
G1 X83.877 Y132.618 E368.54971
G1 X83.356 Y131.393 E368.59399
G1 X82.884 Y130.172 E368.63753
G1 X82.462 Y128.944 E368.68072
G1 X82.076 Y127.683 E368.72458
G1 X81.739 Y126.419 E368.76809
G1 X81.447 Y125.144 E368.81159
G1 X81.195 Y123.857 E368.85521
G1 X80.996 Y122.577 E368.8983
G1 X80.838 Y121.267 E368.94218
G1 X80.728 Y119.962 E368.98574
G1 X80.664 Y118.678 E369.0285
G1 X80.648 Y117.38 E369.07167
G1 X80.68 Y116.037 E369.11636
G1 X80.756 Y114.713 E369.16046
G1 X80.876 Y113.43 E369.20332
G1 X81.043 Y112.148 E369.24632
G1 X81.239 Y110.936 E369.28716
G1 X81.516 Y109.572 E369.33345
G1 X81.821 Y108.299 E369.37699
G1 X82.172 Y107.039 E369.42049
G1 X82.566 Y105.79 E369.46405
G1 X83.005 Y104.561 E369.50746
G1 X83.433 Y103.468 E369.5465
G1 X84.011 Y102.143 E369.59458
G1 X84.58 Y100.966 E369.63806
G1 X85.186 Y99.806 E369.68159
G1 X85.883 Y98.585 E369.72835
G1 X86.533 Y97.55 E369.769
G1 X87.257 Y96.468 E369.8123
G1 X88.03 Y95.399 E369.85618
G1 X88.828 Y94.374 E369.89939
G1 X89.665 Y93.375 E369.94273
G1 X90.548 Y92.391 E369.98671
G1 X91.447 Y91.46 E370.02975
G1 X92.391 Y90.549 E370.07339
G1 X93.375 Y89.667 E370.11734
G1 X94.367 Y88.838 E370.16033
G1 X95.4 Y88.033 E370.20389
G1 X96.471 Y87.26 E370.24782
G1 X97.55 Y86.542 E370.29093
G1 X98.589 Y85.895 E370.33164
G1 X99.809 Y85.196 E370.37841
G1 X100.955 Y84.595 E370.42145
G1 X102.148 Y84.021 E370.46548
G1 X103.476 Y83.445 E370.51362
G1 X104.564 Y83.018 E370.5525
G1 X105.786 Y82.587 E370.5956
G1 X107.022 Y82.195 E370.63872
G1 X108.293 Y81.84 E370.68262
G1 X109.575 Y81.536 E370.72644
G1 X110.95 Y81.255 E370.77312
G1 X112.008 Y81.089 E370.80873
G1 X113.52 Y80.886 E370.85948
G1 X114.697 Y80.776 E370.89879
G1 X116.046 Y80.7 E370.94373
G1 X117.362 Y80.672 E370.98751
G1 X118.662 Y80.692 E371.03076
G1 X119.966 Y80.756 E371.07418
G1 X121.272 Y80.868 E371.11778
G1 X122.569 Y81.024 E371.16123
G1 X123.868 Y81.227 E371.20495
G1 X125.159 Y81.48 E371.24871
G1 X126.435 Y81.775 E371.29227
G1 X127.701 Y82.114 E371.33586
G1 X128.94 Y82.496 E371.37898
G1 X130.181 Y82.924 E371.42265
G1 X131.409 Y83.4 E371.46645
G1 X132.699 Y83.953 E371.51313
G1 X133.473 Y84.322 E371.54165
G1 X133.48 Y84.317 E371.54194
G1 X134.938 Y85.063 E371.59641
G1 X136.096 Y85.711 E371.64055
G1 X137.207 Y86.387 E371.6838
G1 X138.308 Y87.114 E371.72768
G1 X139.373 Y87.87 E371.77112
G1 X140.406 Y88.66 E371.81437
G1 X141.422 Y89.498 E371.85818
G1 X142.393 Y90.355 E371.90125
G1 X143.34 Y91.25 E371.94459
G1 X144.254 Y92.184 E371.98806
G1 X145.146 Y93.159 E372.03201
G1 X145.991 Y94.155 E372.07545
G1 X146.808 Y95.188 E372.11926
G1 X147.576 Y96.233 E372.16239
G1 X148.318 Y97.319 E372.20614
G1 X149.011 Y98.421 E372.24943
G1 X149.669 Y99.552 E372.29295
G1 X150.295 Y100.72 E372.33703
G1 X150.864 Y101.881 E372.38003
G1 X151.401 Y103.075 E372.42358
G1 X151.885 Y104.27 E372.46646
G1 X152.339 Y105.519 E372.51066
G1 X152.745 Y106.774 E372.55453
G1 X153.103 Y108.018 E372.59759
G1 X153.416 Y109.271 E372.64054
G1 X153.685 Y110.557 E372.68424
G1 X153.911 Y111.86 E372.72823
G1 X154.094 Y113.169 E372.77219
G1 X154.219 Y114.454 E372.81513
G1 X154.308 Y115.763 E372.85877
G1 X154.344 Y117.072 E372.90232
G1 X154.336 Y118.379 E372.94579
G1 X154.286 Y119.687 E372.98933
G1 X154.185 Y120.991 E373.03283
G1 X154.04 Y122.297 E373.07653
G1 X153.826 Y123.728 E373.12466
G1 X153.606 Y124.887 E373.1639
G1 X153.321 Y126.163 E373.20738
G1 X152.996 Y127.416 E373.25043
G1 X152.621 Y128.673 E373.29406
G1 X152.202 Y129.911 E373.33753
G1 X151.738 Y131.148 E373.38148
G1 X151.189 Y132.458 E373.42872
G1 X150.689 Y133.529 E373.46803
G1 X150.102 Y134.703 E373.51169
G1 X149.472 Y135.843 E373.55501
G1 X148.8 Y136.971 E373.59868
G1 X148.09 Y138.066 E373.64208
G1 X147.339 Y139.15 E373.68595
G1 X146.555 Y140.185 E373.72913
G1 X145.758 Y141.174 E373.77138
G1 X144.876 Y142.19 E373.81613
G1 X143.98 Y143.15 E373.8598
G1 X143.054 Y144.072 E373.90326
G1 X142.097 Y144.962 E373.94673
G1 X141.097 Y145.828 E373.99073
G1 X140.105 Y146.628 E374.03312
G1 X139.031 Y147.429 E374.07768
G1 X137.964 Y148.17 E374.12089
G1 X136.855 Y148.88 E374.16468
G1 X135.741 Y149.543 E374.2078
G1 X134.582 Y150.177 E374.25174
G1 X133.414 Y150.762 E374.29519
G1 X132.23 Y151.303 E374.33848
G1 X131.011 Y151.806 E374.38234
G1 X129.815 Y152.255 E374.42483
G1 X128.555 Y152.676 E374.46902
G1 X127.293 Y153.05 E374.5128
G1 X126.023 Y153.374 E374.55639
G1 X124.755 Y153.655 E374.59959
G1 X123.467 Y153.886 E374.64311
G1 X122.168 Y154.076 E374.68678
G1 X121.349 Y154.174 E374.71421
G1 X120.872 Y154.219 E374.73015
G1 X119.484 Y154.32 E374.77643
G1 X118.22 Y154.368 E374.8185
G1 X117.5 Y154.368 E374.84245
G0 F9000 X117.5 Y154.68
G0 X117.502 Y156.721
G0 X117.5 Y157.029
G1 F1500 X117.85 Y157.032 E374.85409
G1 X119.168 Y156.995 E374.89795
G1 X120.433 Y156.927 E374.94008
G1 X121.872 Y156.792 E374.98815
G1 X123.154 Y156.627 E375.03114
G1 X124.457 Y156.417 E375.07504
G1 X125.754 Y156.161 E375.11901
G1 X126.92 Y155.893 E375.1588
G1 X128.446 Y155.488 E375.21132
G1 X129.598 Y155.134 E375.2514
G1 X130.853 Y154.708 E375.29548
G1 X132.1 Y154.237 E375.33982
G1 X133.317 Y153.726 E375.38372
G1 X134.506 Y153.182 E375.42721
G1 X135.511 Y152.685 E375.4645
G1 X135.518 Y152.689 E375.46476
G1 X136.892 Y151.946 E375.51672
G1 X138.11 Y151.231 E375.56369
G1 X139.154 Y150.568 E375.60483
G1 X140.171 Y149.877 E375.64572
G1 X141.321 Y149.042 E375.69299
G1 X142.376 Y148.218 E375.73751
G1 X143.385 Y147.369 E375.78137
G1 X144.364 Y146.491 E375.82511
G1 X145.338 Y145.56 E375.86993
G1 X146.26 Y144.609 E375.91398
G1 X147.134 Y143.651 E375.95711
G1 X148.005 Y142.63 E376.00175
G1 X148.846 Y141.575 E376.04662
G1 X149.692 Y140.432 E376.09392
G1 X150.376 Y139.436 E376.13411
G1 X151.1 Y138.305 E376.17877
G1 X151.775 Y137.165 E376.22284
G1 X152.423 Y135.994 E376.26735
G1 X153.016 Y134.832 E376.31074
G1 X153.657 Y133.46 E376.36111
G1 X153.652 Y133.453 E376.36139
G1 X154.103 Y132.387 E376.39989
G1 X154.583 Y131.147 E376.44411
G1 X154.98 Y130.014 E376.48404
G1 X155.413 Y128.632 E376.53221
G1 X155.762 Y127.37 E376.57576
G1 X156.098 Y125.959 E376.62401
G1 X156.336 Y124.762 E376.6646
G1 X156.558 Y123.469 E376.70823
G1 X156.718 Y122.281 E376.7481
G1 X156.866 Y120.845 E376.79612
G1 X156.957 Y119.488 E376.84135
G1 X157.004 Y118.158 E376.88562
G1 X157.003 Y116.832 E376.92972
G1 X156.958 Y115.55 E376.97238
G1 X156.863 Y114.177 E377.01816
G1 X156.72 Y112.744 E377.06606
G1 X156.552 Y111.551 E377.10613
G1 X156.33 Y110.238 E377.15042
G1 X156.088 Y109.037 E377.19117
G1 X155.754 Y107.651 E377.23859
G1 X155.402 Y106.372 E377.28271
G1 X154.97 Y104.99 E377.33087
G1 X154.566 Y103.851 E377.37106
G1 X154.092 Y102.631 E377.41459
G1 X153.652 Y101.595 E377.45203
G1 X153.657 Y101.588 E377.45232
G1 X153.016 Y100.215 E377.50271
G1 X152.399 Y99.002 E377.54798
G1 X151.757 Y97.846 E377.59196
G1 X151.074 Y96.702 E377.63627
G1 X150.355 Y95.582 E377.68054
G1 X149.658 Y94.58 E377.72114
G1 X148.831 Y93.453 E377.76763
G1 X147.982 Y92.389 E377.8129
G1 X147.093 Y91.352 E377.85833
G1 X146.199 Y90.375 E377.90238
G1 X145.297 Y89.451 E377.94533
G1 X144.34 Y88.534 E377.98941
G1 X143.355 Y87.653 E378.03337
G1 X142.354 Y86.811 E378.07687
G1 X141.302 Y85.991 E378.12123
G1 X140.137 Y85.141 E378.1692
G1 X139.117 Y84.458 E378.21003
G1 X138.074 Y83.798 E378.25108
G1 X136.852 Y83.08 E378.29822
G1 X135.707 Y82.461 E378.34151
G1 X134.491 Y81.858 E378.38666
G1 X133.299 Y81.311 E378.43028
G1 X132.055 Y80.795 E378.47507
G1 X130.824 Y80.331 E378.51883
G1 X129.57 Y79.906 E378.56287
G1 X128.406 Y79.553 E378.60332
G1 X126.923 Y79.151 E378.65443
G1 X125.707 Y78.879 E378.69587
G1 X124.426 Y78.627 E378.73929
G1 X123.125 Y78.418 E378.78312
G1 X121.826 Y78.251 E378.82668
G1 X120.407 Y78.119 E378.87408
G1 X119.152 Y78.048 E378.91589
G1 X117.807 Y78.016 E378.96064
G1 X116.487 Y78.029 E379.00454
G1 X115.18 Y78.083 E379.04805
G1 X113.828 Y78.188 E379.09315
G1 X112.504 Y78.331 E379.13744
G1 X111.195 Y78.52 E379.18143
G1 X109.885 Y78.754 E379.22569
G1 X108.6 Y79.03 E379.26941
G1 X107.31 Y79.35 E379.31361
G1 X106.022 Y79.717 E379.35816
G1 X104.761 Y80.124 E379.40223
G1 X103.514 Y80.573 E379.44631
G1 X102.273 Y81.064 E379.4907
G1 X101.09 Y81.582 E379.53365
G1 X99.864 Y82.168 E379.57885
G1 X98.698 Y82.777 E379.6226
G1 X97.527 Y83.435 E379.66728
G1 X96.394 Y84.124 E379.71138
G1 X95.298 Y84.844 E379.755
G1 X94.218 Y85.601 E379.79886
G1 X93.143 Y86.418 E379.84377
G1 X92.117 Y87.247 E379.88764
G1 X91.109 Y88.122 E379.93204
G1 X90.137 Y89.025 E379.97617
G1 X89.19 Y89.96 E380.02043
G1 X88.281 Y90.925 E380.06452
G1 X87.409 Y91.921 E380.10855
G1 X86.582 Y92.926 E380.15184
G1 X85.753 Y94.004 E380.19707
G1 X84.982 Y95.081 E380.24113
G1 X84.251 Y96.181 E380.28505
G1 X83.56 Y97.296 E380.32868
G1 X82.888 Y98.469 E380.37365
G1 X82.271 Y99.639 E380.41764
G1 X81.696 Y100.822 E380.46139
G1 X81.148 Y102.049 E380.50608
G1 X80.656 Y103.257 E380.54947
G1 X80.199 Y104.502 E380.59358
G1 X79.775 Y105.785 E380.63852
G1 X79.407 Y107.036 E380.68189
G1 X79.076 Y108.321 E380.72602
G1 X78.785 Y109.637 E380.77085
G1 X78.544 Y110.92 E380.81427
G1 X78.345 Y112.255 E380.85916
G1 X78.19 Y113.553 E380.90264
G1 X78.079 Y114.886 E380.94713
G1 X78.012 Y116.222 E380.99162
G1 X77.988 Y117.528 E381.03507
G1 X78.013 Y118.867 E381.07961
G1 X78.08 Y120.205 E381.12417
G1 X78.191 Y121.517 E381.16796
G1 X78.35 Y122.83 E381.21195
G1 X78.548 Y124.147 E381.25625
G1 X78.792 Y125.448 E381.30027
G1 X79.076 Y126.728 E381.34388
G1 X79.413 Y128.033 E381.38871
G1 X79.788 Y129.306 E381.43285
G1 X80.206 Y130.566 E381.477
G1 X80.664 Y131.812 E381.52116
G1 X81.165 Y133.04 E381.56527
G1 X81.713 Y134.264 E381.60987
G1 X82.289 Y135.448 E381.65366
G1 X82.908 Y136.617 E381.69766
G1 X83.572 Y137.771 E381.74194
G1 X84.261 Y138.883 E381.78545
G1 X85.007 Y140 E381.83013
G1 X85.78 Y141.08 E381.8743
G1 X86.595 Y142.138 E381.91872
G1 X87.421 Y143.143 E381.96199
G1 X88.311 Y144.152 E382.00674
G1 X89.221 Y145.116 E382.05083
G1 X90.168 Y146.053 E382.09514
G1 X91.141 Y146.954 E382.13924
G1 X92.151 Y147.829 E382.18369
G1 X93.174 Y148.655 E382.22742
G1 X94.238 Y149.461 E382.27182
G1 X95.313 Y150.215 E382.31549
G1 X96.432 Y150.948 E382.35998
G1 X97.567 Y151.636 E382.40413
G1 X98.732 Y152.289 E382.44855
G1 X99.903 Y152.895 E382.4924
G1 X101.111 Y153.475 E382.53697
G1 X102.316 Y154.002 E382.58071
G1 X103.558 Y154.494 E382.62515
G1 X104.801 Y154.938 E382.66905
G1 X106.064 Y155.343 E382.71316
G1 X107.331 Y155.704 E382.75698
G1 X108.639 Y156.027 E382.80179
G1 X109.93 Y156.302 E382.84569
G1 X111.211 Y156.531 E382.88897
G1 X112.546 Y156.718 E382.93381
G1 X113.848 Y156.862 E382.97738
G1 X115.202 Y156.965 E383.02254
G1 X116.529 Y157.02 E383.06672
G1 X117.5 Y157.029 E383.09901
G0 F9000 X117.5 Y157.429
;TYPE:WALL-OUTER
G1 F1500 X117.86 Y157.432 E383.11099
G1 X119.189 Y157.395 E383.15521
G1 X120.402 Y157.331 E383.19561
G1 X121.893 Y157.193 E383.24541
G1 X123.217 Y157.022 E383.28981
G1 X124.504 Y156.815 E383.33317
G1 X125.843 Y156.551 E383.37856
G1 X127.042 Y156.274 E383.41949
G1 X128.563 Y155.87 E383.47183
G1 X129.726 Y155.513 E383.5123
G1 X130.994 Y155.082 E383.55684
G1 X132.226 Y154.618 E383.60063
G1 X133.483 Y154.09 E383.64597
G1 X134.678 Y153.543 E383.68969
G1 X135.663 Y153.055 E383.72625
G1 X135.672 Y153.06 E383.72659
G1 X137.094 Y152.291 E383.78036
G1 X138.299 Y151.585 E383.82681
G1 X139.378 Y150.899 E383.86934
G1 X140.406 Y150.201 E383.91066
G1 X141.567 Y149.358 E383.95838
G1 X142.61 Y148.544 E384.00239
G1 X143.652 Y147.667 E384.04769
G1 X144.636 Y146.785 E384.09164
G1 X145.625 Y145.839 E384.13716
G1 X146.556 Y144.879 E384.18164
G1 X147.451 Y143.895 E384.22588
G1 X148.33 Y142.863 E384.27097
G1 X149.149 Y141.838 E384.3146
G1 X150.005 Y140.683 E384.36242
G1 X150.709 Y139.657 E384.4038
G1 X151.444 Y138.509 E384.44914
G1 X152.114 Y137.38 E384.49281
G1 X152.767 Y136.202 E384.53761
G1 X153.376 Y135.008 E384.58219
G1 X154.037 Y133.592 E384.63416
G1 X154.03 Y133.583 E384.63454
G1 X154.466 Y132.556 E384.67165
G1 X154.952 Y131.306 E384.71626
G1 X155.354 Y130.16 E384.75665
G1 X155.792 Y128.767 E384.80522
G1 X156.15 Y127.47 E384.84997
G1 X156.484 Y126.069 E384.89787
G1 X156.727 Y124.851 E384.93918
G1 X156.954 Y123.529 E384.98379
G1 X157.116 Y122.322 E385.0243
G1 X157.266 Y120.85 E385.07351
G1 X157.357 Y119.502 E385.11845
G1 X157.404 Y118.188 E385.16218
G1 X157.403 Y116.818 E385.20775
G1 X157.356 Y115.507 E385.25138
G1 X157.267 Y114.197 E385.29505
G1 X157.117 Y112.696 E385.34522
G1 X156.946 Y111.485 E385.3859
G1 X156.722 Y110.16 E385.43059
G1 X156.477 Y108.944 E385.47185
G1 X156.14 Y107.545 E385.51971
G1 X155.784 Y106.253 E385.56429
G1 X155.358 Y104.888 E385.61185
G1 X154.939 Y103.706 E385.65356
G1 X154.462 Y102.48 E385.69731
G1 X154.03 Y101.465 E385.734
G1 X154.037 Y101.456 E385.73438
G1 X153.376 Y100.04 E385.78635
G1 X152.749 Y98.808 E385.83233
G1 X152.101 Y97.641 E385.87673
G1 X151.411 Y96.486 E385.92148
G1 X150.701 Y95.38 E385.96519
G1 X149.98 Y94.344 E386.00717
G1 X149.149 Y93.21 E386.05393
G1 X148.286 Y92.129 E386.09994
G1 X147.389 Y91.083 E386.14577
G1 X146.53 Y90.142 E386.18815
G1 X145.595 Y89.182 E386.23272
G1 X144.607 Y88.236 E386.27821
G1 X143.654 Y87.382 E386.32077
G1 X142.606 Y86.5 E386.36633
G1 X141.543 Y85.672 E386.41115
G1 X140.389 Y84.828 E386.4587
G1 X139.331 Y84.12 E386.50104
G1 X138.277 Y83.454 E386.54251
G1 X137.042 Y82.728 E386.59016
G1 X135.891 Y82.106 E386.63367
G1 X134.658 Y81.494 E386.67946
G1 X133.459 Y80.944 E386.72333
G1 X132.222 Y80.43 E386.76788
G1 X130.98 Y79.961 E386.81204
G1 X129.687 Y79.524 E386.85744
G1 X128.536 Y79.173 E386.89746
G1 X127.019 Y78.763 E386.94972
G1 X125.814 Y78.492 E386.9908
G1 X124.496 Y78.233 E387.03548
G1 X123.158 Y78.02 E387.08054
G1 X121.893 Y77.855 E387.12297
G1 X120.437 Y77.72 E387.17161
G1 X119.168 Y77.648 E387.21388
G1 X117.803 Y77.616 E387.25929
G1 X116.471 Y77.629 E387.3036
G1 X115.127 Y77.686 E387.34834
G1 X113.786 Y77.79 E387.39308
G1 X112.447 Y77.935 E387.43787
G1 X111.125 Y78.126 E387.4823
G1 X109.801 Y78.363 E387.52703
G1 X108.53 Y78.635 E387.57027
G1 X107.201 Y78.965 E387.61581
G1 X105.9 Y79.336 E387.66081
G1 X104.625 Y79.748 E387.70537
G1 X103.368 Y80.201 E387.74981
G1 X102.141 Y80.685 E387.79368
G1 X100.924 Y81.218 E387.83787
G1 X99.735 Y81.785 E387.88169
G1 X98.502 Y82.428 E387.92794
G1 X97.345 Y83.077 E387.97206
G1 X96.199 Y83.774 E388.01667
G1 X95.068 Y84.516 E388.06166
G1 X93.982 Y85.278 E388.10579
G1 X92.892 Y86.106 E388.15131
G1 X91.855 Y86.945 E388.19568
G1 X90.837 Y87.828 E388.2405
G1 X89.895 Y88.701 E388.28322
G1 X88.899 Y89.686 E388.32981
G1 X88 Y90.639 E388.37338
G1 X87.117 Y91.646 E388.41793
G1 X86.269 Y92.677 E388.46233
G1 X85.445 Y93.748 E388.50727
G1 X84.665 Y94.834 E388.55175
G1 X83.911 Y95.97 E388.59709
G1 X83.216 Y97.091 E388.64096
G1 X82.548 Y98.257 E388.68566
G1 X81.911 Y99.463 E388.73102
G1 X81.342 Y100.633 E388.77429
G1 X80.778 Y101.898 E388.82036
G1 X80.273 Y103.14 E388.86495
G1 X79.821 Y104.37 E388.90854
G1 X79.399 Y105.644 E388.95317
G1 X79.021 Y106.93 E388.99776
G1 X78.687 Y108.227 E389.0423
G1 X78.392 Y109.563 E389.08781
G1 X78.145 Y110.884 E389.13251
G1 X77.948 Y112.207 E389.177
G1 X77.792 Y113.513 E389.22074
G1 X77.68 Y114.838 E389.26497
G1 X77.612 Y116.187 E389.30989
G1 X77.588 Y117.528 E389.3545
G1 X77.613 Y118.887 E389.39971
G1 X77.682 Y120.238 E389.4447
G1 X77.794 Y121.564 E389.48896
G1 X77.954 Y122.889 E389.53335
G1 X78.144 Y124.159 E389.57606
G1 X78.402 Y125.534 E389.62259
G1 X78.694 Y126.849 E389.6674
G1 X79.029 Y128.145 E389.71192
G1 X79.408 Y129.432 E389.75654
G1 X79.83 Y130.704 E389.80112
G1 X80.294 Y131.962 E389.84571
G1 X80.788 Y133.177 E389.88934
G1 X81.353 Y134.439 E389.93533
G1 X81.935 Y135.634 E389.97953
G1 X82.532 Y136.763 E390.02201
G1 X83.216 Y137.957 E390.06778
G1 X83.94 Y139.122 E390.1134
G1 X84.665 Y140.21 E390.15689
G1 X85.463 Y141.324 E390.20246
G1 X86.286 Y142.392 E390.24731
G1 X87.117 Y143.402 E390.29081
G1 X88 Y144.405 E390.33526
G1 X88.939 Y145.4 E390.38076
G1 X89.875 Y146.327 E390.42457
G1 X90.858 Y147.238 E390.46915
G1 X91.899 Y148.14 E390.51496
G1 X92.932 Y148.973 E390.5591
G1 X93.982 Y149.77 E390.60294
G1 X95.089 Y150.546 E390.64791
G1 X96.224 Y151.29 E390.69305
G1 X97.345 Y151.971 E390.73667
G1 X98.548 Y152.644 E390.78252
G1 X99.729 Y153.255 E390.82675
G1 X100.924 Y153.83 E390.87085
G1 X102.168 Y154.374 E390.91601
G1 X103.423 Y154.87 E390.9609
G1 X104.678 Y155.318 E391.00522
G1 X105.954 Y155.728 E391.04979
G1 X107.228 Y156.09 E391.09384
G1 X108.529 Y156.413 E391.13843
G1 X109.831 Y156.691 E391.18271
G1 X111.148 Y156.926 E391.22721
G1 X112.502 Y157.116 E391.27268
G1 X113.838 Y157.262 E391.31738
G1 X115.156 Y157.364 E391.36135
G1 X116.498 Y157.42 E391.40602
G1 X117.5 Y157.429 E391.43935
G1 F2700 E386.43935
G0 F9000 X117.506 Y156.721
G0 X117.501 Y154.68
G0 X117.5 Y153.968
G1 F2700 E391.43935
G1 F1500 X116.99 Y153.968 E391.45631
G1 X115.742 Y153.932 E391.49784
G1 X114.516 Y153.852 E391.5387
G1 X113.24 Y153.727 E391.58135
G1 X111.88 Y153.539 E391.62701
G1 X110.606 Y153.316 E391.67003
G1 X109.327 Y153.046 E391.71351
G1 X108.077 Y152.733 E391.75636
G1 X106.841 Y152.383 E391.79909
G1 X105.599 Y151.976 E391.84256
G1 X104.399 Y151.541 E391.88501
G1 X103.181 Y151.047 E391.92873
G1 X102.004 Y150.516 E391.97168
G1 X100.853 Y149.953 E392.01429
G1 X99.699 Y149.333 E392.05786
G1 X98.581 Y148.682 E392.10089
G1 X97.499 Y147.998 E392.14347
G1 X96.421 Y147.261 E392.1869
G1 X95.379 Y146.493 E392.22996
G1 X94.362 Y145.689 E392.27307
G1 X93.385 Y144.86 E392.31569
G1 X92.463 Y144.019 E392.3572
G1 X91.498 Y143.07 E392.40221
G1 X90.606 Y142.129 E392.44534
G1 X89.689 Y141.091 E392.49141
G1 X88.928 Y140.162 E392.53135
G1 X88.152 Y139.144 E392.57392
G1 X87.396 Y138.078 E392.61739
G1 X86.685 Y136.996 E392.66045
G1 X86.013 Y135.89 E392.70349
G1 X85.382 Y134.76 E392.74654
G1 X84.663 Y133.363 E392.7988
G1 X84.67 Y133.353 E392.7992
G1 X84.236 Y132.439 E392.83286
G1 X83.729 Y131.249 E392.87588
G1 X83.262 Y130.042 E392.91892
G1 X82.844 Y128.827 E392.96166
G1 X82.462 Y127.58 E393.00504
G1 X82.129 Y126.329 E393.04809
G1 X81.839 Y125.067 E393.09116
G1 X81.59 Y123.795 E393.13427
G1 X81.393 Y122.529 E393.17689
G1 X81.235 Y121.217 E393.22084
G1 X81.128 Y119.942 E393.26339
G1 X81.064 Y118.651 E393.30639
G1 X81.048 Y117.375 E393.34883
G1 X81.08 Y116.06 E393.39258
G1 X81.156 Y114.729 E393.43692
G1 X81.273 Y113.482 E393.47858
G1 X81.438 Y112.212 E393.52117
G1 X81.631 Y111.016 E393.56147
G1 X81.905 Y109.665 E393.60732
G1 X82.207 Y108.406 E393.65038
G1 X82.553 Y107.159 E393.69342
G1 X82.943 Y105.924 E393.7365
G1 X83.377 Y104.707 E393.77947
G1 X83.8 Y103.628 E393.81802
G1 X84.371 Y102.317 E393.86558
G1 X84.934 Y101.151 E393.90864
G1 X85.534 Y100.004 E393.9517
G1 X86.222 Y98.797 E393.99791
G1 X86.865 Y97.772 E394.03815
G1 X87.581 Y96.702 E394.08097
G1 X88.341 Y95.65 E394.12414
G1 X89.134 Y94.631 E394.16708
G1 X89.963 Y93.642 E394.21001
G1 X90.836 Y92.669 E394.25348
G1 X91.725 Y91.748 E394.29606
G1 X92.658 Y90.847 E394.3392
G1 X93.631 Y89.974 E394.38268
G1 X94.613 Y89.154 E394.42523
G1 X95.634 Y88.357 E394.46831
G1 X96.693 Y87.593 E394.51174
G1 X97.762 Y86.882 E394.55444
G1 X98.788 Y86.242 E394.59466
G1 X99.995 Y85.55 E394.64094
G1 X101.129 Y84.955 E394.68353
G1 X102.331 Y84.378 E394.72788
G1 X103.622 Y83.817 E394.77469
G1 X104.697 Y83.395 E394.8131
G1 X105.907 Y82.969 E394.85577
G1 X107.15 Y82.575 E394.89914
G1 X108.385 Y82.229 E394.9418
G1 X109.655 Y81.928 E394.98521
G1 X111.012 Y81.65 E395.03128
G1 X112.061 Y81.485 E395.0666
G1 X113.557 Y81.284 E395.1168
G1 X114.72 Y81.176 E395.15565
G1 X116.055 Y81.1 E395.20013
G1 X117.356 Y81.072 E395.24341
G1 X118.642 Y81.092 E395.28618
G1 X119.949 Y81.156 E395.32971
G1 X121.224 Y81.265 E395.37227
G1 X122.523 Y81.422 E395.41579
G1 X123.791 Y81.619 E395.45847
G1 X125.069 Y81.87 E395.50179
G1 X126.332 Y82.162 E395.5449
G1 X127.583 Y82.496 E395.58797
G1 X128.81 Y82.874 E395.63067
G1 X130.037 Y83.297 E395.67384
G1 X131.251 Y83.768 E395.71715
G1 X132.527 Y84.315 E395.76332
G1 X133.337 Y84.701 E395.79317
G1 X133.348 Y84.695 E395.79358
G1 X134.75 Y85.417 E395.84603
G1 X135.888 Y86.053 E395.88939
G1 X136.987 Y86.721 E395.93217
G1 X138.076 Y87.44 E395.97557
G1 X139.13 Y88.188 E396.01856
G1 X140.152 Y88.969 E396.06134
G1 X141.157 Y89.798 E396.10467
G1 X142.118 Y90.646 E396.1473
G1 X143.067 Y91.544 E396.19075
G1 X143.972 Y92.469 E396.2338
G1 X144.841 Y93.418 E396.27659
G1 X145.677 Y94.403 E396.31956
G1 X146.486 Y95.425 E396.36292
G1 X147.246 Y96.459 E396.4056
G1 X147.982 Y97.537 E396.44901
G1 X148.665 Y98.623 E396.49168
G1 X149.317 Y99.741 E396.53473
G1 X149.936 Y100.896 E396.57831
G1 X150.499 Y102.045 E396.62087
G1 X151.03 Y103.225 E396.66391
G1 X151.516 Y104.427 E396.70703
G1 X151.959 Y105.642 E396.75004
G1 X152.361 Y106.884 E396.79346
G1 X152.715 Y108.115 E396.83607
G1 X153.028 Y109.371 E396.87912
G1 X153.293 Y110.636 E396.92211
G1 X153.515 Y111.916 E396.96531
G1 X153.696 Y113.208 E397.00871
G1 X153.82 Y114.482 E397.05128
G1 X153.908 Y115.774 E397.09435
G1 X153.944 Y117.07 E397.13747
G1 X153.936 Y118.364 E397.18051
G1 X153.888 Y119.656 E397.22351
G1 X153.787 Y120.947 E397.26658
G1 X153.642 Y122.246 E397.31006
G1 X153.433 Y123.654 E397.3574
G1 X153.216 Y124.8 E397.39619
G1 X152.934 Y126.063 E397.43924
G1 X152.612 Y127.302 E397.48181
G1 X152.242 Y128.545 E397.52495
G1 X151.828 Y129.771 E397.56799
G1 X151.369 Y130.994 E397.61144
G1 X150.827 Y132.289 E397.65813
G1 X150.331 Y133.35 E397.69708
G1 X149.752 Y134.509 E397.74017
G1 X149.128 Y135.639 E397.78311
G1 X148.464 Y136.753 E397.82624
G1 X147.761 Y137.838 E397.86924
G1 X147.016 Y138.913 E397.91274
G1 X146.244 Y139.934 E397.95532
G1 X145.456 Y140.912 E397.99709
G1 X144.588 Y141.912 E398.04113
G1 X143.698 Y142.866 E398.08453
G1 X142.781 Y143.779 E398.12756
G1 X141.835 Y144.66 E398.17056
G1 X140.846 Y145.516 E398.21406
G1 X139.848 Y146.321 E398.25671
G1 X138.803 Y147.101 E398.30008
G1 X137.748 Y147.833 E398.34279
G1 X136.651 Y148.536 E398.38613
G1 X135.549 Y149.192 E398.42878
G1 X134.402 Y149.819 E398.47226
G1 X133.248 Y150.398 E398.5152
G1 X132.077 Y150.933 E398.55802
G1 X130.871 Y151.432 E398.60143
G1 X129.668 Y151.882 E398.64415
G1 X128.441 Y152.292 E398.68718
G1 X127.194 Y152.662 E398.73044
G1 X125.936 Y152.984 E398.77363
G1 X124.684 Y153.261 E398.81628
G1 X123.409 Y153.49 E398.85936
G1 X122.12 Y153.679 E398.9027
G1 X121.311 Y153.776 E398.9298
G1 X120.843 Y153.82 E398.94543
G1 X119.468 Y153.92 E398.99128
G1 X118.22 Y153.968 E399.03282
G1 X117.5 Y153.968 E399.05677
G0 F9000 X117.501 Y154.98
;MESH:NONMESH
G0 F300 X117.501 Y154.98 Z2.2
G0 F9000 X117.5 Y154.368
;TIME_ELAPSED:534.588682
;LAYER:10
;TYPE:WALL-INNER
;MESH:Led Ring.stl
G1 F1500 X116.962 Y154.368 E399.07466
G1 X115.704 Y154.331 E399.11652
G1 X114.467 Y154.249 E399.15776
G1 X113.178 Y154.119 E399.20085
G1 X111.788 Y153.928 E399.24751
G1 X110.528 Y153.708 E399.29005
G1 X109.218 Y153.431 E399.33459
G1 X107.952 Y153.114 E399.378
G1 X106.701 Y152.759 E399.42125
G1 X105.444 Y152.348 E399.46523
G1 X104.23 Y151.9 E399.50827
G1 X103.005 Y151.404 E399.55223
G1 X101.816 Y150.867 E399.59562
G1 X100.652 Y150.297 E399.63873
G1 X99.485 Y149.671 E399.68278
G1 X98.355 Y149.011 E399.7263
G1 X97.249 Y148.312 E399.76982
G1 X96.111 Y147.535 E399.81565
G1 X95.114 Y146.798 E399.85689
G1 X94.09 Y145.985 E399.90037
G1 X93.094 Y145.135 E399.94392
G1 X92.132 Y144.254 E399.98731
G1 X91.204 Y143.345 E400.03052
G1 X90.346 Y142.438 E400.07204
G1 X89.44 Y141.413 E400.11754
G1 X88.603 Y140.393 E400.16143
G1 X87.813 Y139.362 E400.20463
G1 X87.054 Y138.282 E400.24853
G1 X86.335 Y137.188 E400.29207
G1 X85.656 Y136.07 E400.33558
G1 X85.018 Y134.931 E400.379
G1 X84.424 Y133.776 E400.4222
G1 X83.868 Y132.59 E400.46577
G1 X83.352 Y131.377 E400.50961
G1 X82.88 Y130.156 E400.55315
G1 X82.454 Y128.918 E400.59669
G1 X82.071 Y127.678 E400.63986
G1 X81.735 Y126.403 E400.68371
G1 X81.443 Y125.128 E400.72722
G1 X81.19 Y123.839 E400.77091
G1 X80.996 Y122.561 E400.8139
G1 X80.838 Y121.251 E400.85779
G1 X80.728 Y119.946 E400.90135
G1 X80.664 Y118.662 E400.9441
G1 X80.648 Y117.364 E400.98728
G1 X80.68 Y116.021 E401.03196
G1 X80.756 Y114.697 E401.07607
G1 X80.88 Y113.415 E401.11891
G1 X81.047 Y112.127 E401.16211
G1 X81.243 Y110.925 E401.20261
G1 X81.52 Y109.556 E401.24907
G1 X81.826 Y108.281 E401.29268
G1 X82.179 Y107.023 E401.33614
G1 X82.578 Y105.762 E401.38013
G1 X83.014 Y104.543 E401.42319
G1 X83.375 Y103.63 E401.45584
G1 X83.369 Y103.623 E401.45615
G1 X84.019 Y102.127 E401.5104
G1 X84.588 Y100.949 E401.55391
G1 X85.195 Y99.788 E401.59748
G1 X85.894 Y98.575 E401.64405
G1 X86.542 Y97.533 E401.68486
G1 X87.265 Y96.456 E401.728
G1 X88.038 Y95.387 E401.77188
G1 X88.837 Y94.361 E401.81513
G1 X89.677 Y93.363 E401.85852
G1 X90.56 Y92.379 E401.90249
G1 X91.46 Y91.447 E401.94558
G1 X92.414 Y90.529 E401.98962
G1 X93.378 Y89.663 E402.03272
G1 X94.381 Y88.825 E402.07619
G1 X95.415 Y88.026 E402.11965
G1 X96.486 Y87.249 E402.16366
G1 X97.565 Y86.529 E402.20681
G1 X98.678 Y85.842 E402.25031
G1 X99.825 Y85.188 E402.29422
G1 X100.971 Y84.587 E402.33726
G1 X102.146 Y84.021 E402.38064
G1 X103.492 Y83.437 E402.42944
G1 X104.58 Y83.01 E402.46832
G1 X105.802 Y82.579 E402.51141
G1 X107.06 Y82.181 E402.5553
G1 X108.313 Y81.836 E402.59853
G1 X109.591 Y81.532 E402.64222
G1 X110.965 Y81.251 E402.68886
G1 X112.167 Y81.06 E402.72934
G1 X113.456 Y80.894 E402.77257
G1 X114.717 Y80.776 E402.81469
G1 X116.066 Y80.7 E402.85963
G1 X117.382 Y80.672 E402.90341
G1 X118.682 Y80.692 E402.94666
G1 X119.982 Y80.756 E402.98995
G1 X121.293 Y80.872 E403.03372
G1 X122.601 Y81.03 E403.07754
G1 X123.865 Y81.226 E403.12009
G1 X125.167 Y81.483 E403.16423
G1 X126.455 Y81.78 E403.20819
G1 X127.722 Y82.118 E403.2518
G1 X128.957 Y82.5 E403.2948
G1 X130.202 Y82.933 E403.33864
G1 X131.424 Y83.407 E403.38224
G1 X132.621 Y83.916 E403.4255
G1 X133.806 Y84.478 E403.46912
G1 X134.953 Y85.071 E403.51207
G1 X136.104 Y85.718 E403.55598
G1 X137.23 Y86.402 E403.5998
G1 X138.324 Y87.123 E403.64338
G1 X139.382 Y87.875 E403.68655
G1 X140.41 Y88.662 E403.72961
G1 X141.338 Y89.429 E403.76966
G1 X142.41 Y90.369 E403.81708
G1 X143.357 Y91.271 E403.86057
G1 X144.292 Y92.224 E403.90498
G1 X145.155 Y93.17 E403.94757
G1 X146.004 Y94.168 E403.99115
G1 X146.82 Y95.204 E404.03501
G1 X147.576 Y96.232 E404.07745
G1 X148.33 Y97.339 E404.122
G1 X149.023 Y98.442 E404.16533
G1 X149.682 Y99.572 E404.20884
G1 X150.303 Y100.736 E404.25272
G1 X150.873 Y101.899 E404.29579
G1 X151.404 Y103.094 E404.33929
G1 X151.896 Y104.306 E404.38279
G1 X152.343 Y105.534 E404.42626
G1 X152.754 Y106.795 E404.47037
G1 X153.107 Y108.038 E404.51335
G1 X153.423 Y109.31 E404.55694
G1 X153.688 Y110.581 E404.60012
G1 X153.913 Y111.864 E404.64345
G1 X154.093 Y113.187 E404.68786
G1 X154.223 Y114.476 E404.73094
G1 X154.308 Y115.781 E404.77444
G1 X154.348 Y117.094 E404.81813
G1 X154.336 Y118.401 E404.8616
G1 X154.283 Y119.707 E404.90508
G1 X154.181 Y121.011 E404.94858
G1 X154.036 Y122.317 E404.99229
G1 X153.822 Y123.748 E405.04041
G1 X153.602 Y124.907 E405.07965
G1 X153.318 Y126.184 E405.12316
G1 X152.991 Y127.437 E405.16623
G1 X152.58 Y128.808 E405.21383
G1 X152.19 Y129.939 E405.25363
G1 X151.73 Y131.168 E405.29727
G1 X151.188 Y132.462 E405.34393
G1 X150.681 Y133.55 E405.38386
G1 X150.076 Y134.749 E405.42852
G1 X149.46 Y135.865 E405.47092
G1 X148.8 Y136.969 E405.5137
G1 X148.077 Y138.083 E405.55787
G1 X147.328 Y139.156 E405.6014
G1 X146.535 Y140.214 E405.64537
G1 X145.716 Y141.223 E405.6886
G1 X144.856 Y142.209 E405.73211
G1 X143.967 Y143.167 E405.77558
G1 X143.029 Y144.095 E405.81947
G1 X142.098 Y144.964 E405.86183
G1 X141.08 Y145.84 E405.90649
G1 X140.068 Y146.654 E405.94969
G1 X139.011 Y147.441 E405.99352
G1 X137.945 Y148.181 E406.03668
G1 X136.838 Y148.893 E406.08046
G1 X135.739 Y149.545 E406.12296
G1 X134.557 Y150.185 E406.16767
G1 X133.387 Y150.77 E406.21117
G1 X132.211 Y151.31 E406.25422
G1 X130.989 Y151.819 E406.29824
G1 X129.775 Y152.269 E406.34131
G1 X128.533 Y152.684 E406.38486
G1 X127.273 Y153.054 E406.42854
G1 X126.127 Y153.346 E406.46787
G1 X124.631 Y153.679 E406.51885
G1 X123.442 Y153.894 E406.55903
G1 X122.143 Y154.08 E406.60268
G1 X121.519 Y154.153 E406.62358
G1 X120.692 Y154.235 E406.65122
G1 X119.45 Y154.324 E406.69263
G1 X118.192 Y154.368 E406.7345
G1 X117.5 Y154.368 E406.75751
G0 F9000 X117.5 Y154.68
G0 X117.502 Y156.815
G0 X117.5 Y157.122
G1 F1500 X117.846 Y157.124 E406.76902
G1 X119.177 Y157.091 E406.81331
G1 X120.439 Y157.019 E406.85535
G1 X121.881 Y156.884 E406.90352
G1 X123.166 Y156.719 E406.94661
G1 X124.473 Y156.509 E406.99064
G1 X125.755 Y156.257 E407.03409
G1 X126.966 Y155.98 E407.07541
G1 X128.446 Y155.587 E407.12634
G1 X129.607 Y155.229 E407.16675
G1 X130.886 Y154.795 E407.21167
G1 X132.132 Y154.325 E407.25597
G1 X133.376 Y153.805 E407.30081
G1 X134.643 Y153.227 E407.34713
G1 X135.552 Y152.769 E407.38098
G1 X135.558 Y152.773 E407.38122
G1 X136.943 Y152.028 E407.43353
G1 X138.16 Y151.314 E407.48046
G1 X139.206 Y150.647 E407.52172
G1 X140.313 Y149.896 E407.56621
G1 X141.373 Y149.117 E407.60997
G1 X142.438 Y148.288 E407.65485
G1 X143.448 Y147.443 E407.69865
G1 X144.444 Y146.548 E407.74319
G1 X145.385 Y145.642 E407.78664
G1 X146.315 Y144.688 E407.83095
G1 X147.206 Y143.711 E407.87493
G1 X148.077 Y142.69 E407.91956
G1 X148.904 Y141.65 E407.96376
G1 X149.747 Y140.515 E408.01078
G1 X150.462 Y139.471 E408.05287
G1 X151.185 Y138.347 E408.09732
G1 X151.851 Y137.229 E408.1406
G1 X152.517 Y136.018 E408.18657
G1 X153.1 Y134.873 E408.2293
G1 X153.742 Y133.499 E408.27975
G1 X153.736 Y133.492 E408.28005
G1 X154.192 Y132.42 E408.3188
G1 X154.664 Y131.2 E408.36231
G1 X155.108 Y129.927 E408.40715
G1 X155.506 Y128.656 E408.45145
G1 X155.86 Y127.37 E408.49581
G1 X156.19 Y125.982 E408.54326
G1 X156.428 Y124.781 E408.58398
G1 X156.65 Y123.481 E408.62785
G1 X156.83 Y122.143 E408.67275
G1 X156.962 Y120.853 E408.71588
G1 X157.053 Y119.491 E408.76128
G1 X157.096 Y118.16 E408.80558
G1 X157.095 Y116.829 E408.84984
G1 X157.054 Y115.549 E408.89244
G1 X156.96 Y114.174 E408.93828
G1 X156.825 Y112.863 E408.98211
G1 X156.643 Y111.53 E409.02686
G1 X156.422 Y110.222 E409.07098
G1 X156.18 Y109.016 E409.11189
G1 X155.845 Y107.63 E409.15932
G1 X155.49 Y106.346 E409.20363
G1 X155.095 Y105.075 E409.24789
G1 X154.652 Y103.81 E409.29247
G1 X154.172 Y102.575 E409.33654
G1 X153.736 Y101.556 E409.37341
G1 X153.742 Y101.549 E409.37371
G1 X153.091 Y100.156 E409.42486
G1 X152.479 Y98.958 E409.4696
G1 X151.837 Y97.797 E409.51373
G1 X151.165 Y96.668 E409.55742
G1 X150.434 Y95.529 E409.60244
G1 X149.679 Y94.441 E409.64649
G1 X148.883 Y93.369 E409.69089
G1 X148.054 Y92.329 E409.73513
G1 X147.194 Y91.32 E409.77923
G1 X146.294 Y90.338 E409.82353
G1 X145.362 Y89.384 E409.86789
G1 X144.401 Y88.46 E409.91223
G1 X143.431 Y87.59 E409.95557
G1 X142.4 Y86.729 E410.00024
G1 X141.341 Y85.903 E410.04491
G1 X140.191 Y85.066 E410.09222
G1 X139.166 Y84.377 E410.1333
G1 X138.123 Y83.72 E410.1743
G1 X136.92 Y83.007 E410.22081
G1 X135.558 Y82.275 E410.27224
G1 X135.551 Y82.279 E410.2725
G1 X134.549 Y81.778 E410.30977
G1 X133.317 Y81.219 E410.35476
G1 X132.11 Y80.714 E410.39828
G1 X130.873 Y80.249 E410.44223
G1 X129.616 Y79.82 E410.48641
G1 X128.312 Y79.429 E410.53169
G1 X127.033 Y79.085 E410.57574
G1 X125.751 Y78.791 E410.61949
G1 X124.442 Y78.535 E410.66385
G1 X123.137 Y78.326 E410.70781
G1 X121.934 Y78.171 E410.74815
G1 X120.414 Y78.027 E410.79893
G1 X119.155 Y77.956 E410.84087
G1 X117.803 Y77.92 E410.88585
G1 X116.486 Y77.933 E410.92966
G1 X115.176 Y77.991 E410.97327
G1 X113.816 Y78.092 E411.01863
G1 X112.494 Y78.238 E411.06287
G1 X111.178 Y78.428 E411.10709
G1 X109.869 Y78.661 E411.15132
G1 X108.6 Y78.933 E411.19448
G1 X107.307 Y79.256 E411.23881
G1 X105.992 Y79.63 E411.28428
G1 X104.749 Y80.028 E411.32769
G1 X103.497 Y80.477 E411.37193
G1 X102.238 Y80.979 E411.41701
G1 X101.029 Y81.51 E411.46093
G1 X99.84 Y82.074 E411.5047
G1 X98.651 Y82.694 E411.5493
G1 X97.48 Y83.354 E411.59401
G1 X96.345 Y84.044 E411.63818
G1 X95.246 Y84.768 E411.68196
G1 X94.142 Y85.541 E411.72678
G1 X93.08 Y86.343 E411.77104
G1 X92.057 Y87.174 E411.81488
G1 X91.045 Y88.054 E411.85949
G1 X90.066 Y88.96 E411.90385
G1 X89.128 Y89.894 E411.94788
G1 X88.213 Y90.866 E411.99228
G1 X87.349 Y91.845 E412.03571
G1 X86.497 Y92.884 E412.0804
G1 X85.682 Y93.947 E412.12495
G1 X84.918 Y95.01 E412.16849
G1 X84.173 Y96.128 E412.21317
G1 X83.469 Y97.267 E412.25771
G1 X82.818 Y98.402 E412.30123
G1 X82.187 Y99.599 E412.34623
G1 X81.616 Y100.763 E412.38935
G1 X81.06 Y102.009 E412.43474
G1 X80.568 Y103.221 E412.47824
G1 X80.107 Y104.471 E412.52255
G1 X79.724 Y105.635 E412.56331
G1 X79.313 Y107.023 E412.61146
G1 X78.979 Y108.323 E412.6561
G1 X78.693 Y109.622 E412.70034
G1 X78.452 Y110.905 E412.74376
G1 X78.248 Y112.248 E412.78894
G1 X78.097 Y113.544 E412.83234
G1 X77.987 Y114.878 E412.87686
G1 X77.916 Y116.197 E412.92079
G1 X77.896 Y117.528 E412.96506
G1 X77.917 Y118.872 E413.00977
G1 X77.988 Y120.211 E413.05437
G1 X78.1 Y121.525 E413.09823
G1 X78.251 Y122.823 E413.14169
G1 X78.455 Y124.161 E413.18671
G1 X78.701 Y125.47 E413.23101
G1 X78.984 Y126.748 E413.27455
G1 X79.318 Y128.048 E413.31919
G1 X79.732 Y129.45 E413.36781
G1 X80.114 Y130.598 E413.40805
G1 X80.576 Y131.852 E413.4525
G1 X81.077 Y133.081 E413.49664
G1 X81.626 Y134.301 E413.54114
G1 X82.205 Y135.487 E413.58503
G1 X82.829 Y136.666 E413.6294
G1 X83.491 Y137.819 E413.67362
G1 X84.181 Y138.935 E413.71726
G1 X84.931 Y140.056 E413.76212
G1 X85.694 Y141.118 E413.80561
G1 X86.524 Y142.2 E413.85097
G1 X87.349 Y143.203 E413.89417
G1 X88.243 Y144.216 E413.9391
G1 X89.157 Y145.184 E413.98338
G1 X90.103 Y146.124 E414.02774
G1 X91.076 Y147.022 E414.07178
G1 X92.091 Y147.902 E414.11646
G1 X93.099 Y148.719 E414.15961
G1 X94.182 Y149.536 E414.20473
G1 X95.277 Y150.301 E414.24916
G1 X96.385 Y151.029 E414.29326
G1 X97.519 Y151.717 E414.33737
G1 X98.67 Y152.364 E414.38129
G1 X99.859 Y152.979 E414.42581
G1 X101.054 Y153.55 E414.46986
G1 X102.26 Y154.078 E414.51365
G1 X103.527 Y154.582 E414.559
G1 X104.749 Y155.019 E414.60217
G1 X106.036 Y155.432 E414.64712
G1 X107.328 Y155.796 E414.69177
G1 X108.6 Y156.115 E414.73538
G1 X109.915 Y156.394 E414.7801
G1 X111.221 Y156.626 E414.82421
G1 X112.516 Y156.812 E414.86773
G1 X113.839 Y156.958 E414.912
G1 X115.196 Y157.057 E414.95725
G1 X116.508 Y157.116 E415.00093
G1 X117.5 Y157.122 E415.03393
G0 F9000 X117.5 Y157.522
;TYPE:WALL-OUTER
G1 F1500 X117.855 Y157.524 E415.04573
G1 X119.199 Y157.491 E415.09045
G1 X120.412 Y157.423 E415.13086
G1 X121.902 Y157.285 E415.18063
G1 X123.229 Y157.114 E415.22513
G1 X124.52 Y156.907 E415.26862
G1 X125.864 Y156.642 E415.31418
G1 X127.068 Y156.366 E415.35526
G1 X128.59 Y155.961 E415.40765
G1 X129.751 Y155.602 E415.44806
G1 X131 Y155.179 E415.49192
G1 X132.258 Y154.706 E415.53663
G1 X133.542 Y154.169 E415.58292
G1 X134.817 Y153.587 E415.62953
G1 X135.704 Y153.139 E415.66258
G1 X135.712 Y153.144 E415.6629
G1 X137.118 Y152.389 E415.71598
G1 X138.374 Y151.652 E415.76441
G1 X139.41 Y150.992 E415.80527
G1 X140.549 Y150.218 E415.85107
G1 X141.618 Y149.433 E415.89518
G1 X142.67 Y148.616 E415.93948
G1 X143.715 Y147.741 E415.98482
G1 X144.675 Y146.88 E416.02771
G1 X145.685 Y145.906 E416.07437
G1 X146.626 Y144.941 E416.1192
G1 X147.523 Y143.955 E416.16354
G1 X148.404 Y142.921 E416.20872
G1 X149.238 Y141.871 E416.25332
G1 X150.073 Y140.747 E416.29989
G1 X150.785 Y139.709 E416.34176
G1 X151.513 Y138.578 E416.38649
G1 X152.198 Y137.428 E416.43101
G1 X152.851 Y136.246 E416.47593
G1 X153.46 Y135.048 E416.52063
G1 X154.121 Y133.632 E416.5726
G1 X154.114 Y133.622 E416.57301
G1 X154.565 Y132.564 E416.61126
G1 X155.04 Y131.338 E416.65499
G1 X155.482 Y130.073 E416.69956
G1 X155.884 Y128.791 E416.74424
G1 X156.242 Y127.494 E416.789
G1 X156.576 Y126.093 E416.8369
G1 X156.819 Y124.871 E416.87834
G1 X157.046 Y123.541 E416.92322
G1 X157.228 Y122.184 E416.96875
G1 X157.362 Y120.858 E417.01308
G1 X157.452 Y119.534 E417.05722
G1 X157.496 Y118.16 E417.10294
G1 X157.495 Y116.816 E417.14764
G1 X157.45 Y115.473 E417.19234
G1 X157.358 Y114.134 E417.23698
G1 X157.225 Y112.837 E417.28034
G1 X157.042 Y111.491 E417.32552
G1 X156.814 Y110.144 E417.37096
G1 X156.569 Y108.923 E417.41238
G1 X156.231 Y107.524 E417.46025
G1 X155.88 Y106.253 E417.50411
G1 X155.473 Y104.943 E417.54973
G1 X155.036 Y103.694 E417.59374
G1 X154.54 Y102.417 E417.63931
G1 X154.114 Y101.426 E417.67518
G1 X154.121 Y101.416 E417.67559
G1 X153.447 Y99.974 E417.72853
G1 X152.843 Y98.79 E417.77274
G1 X152.181 Y97.593 E417.81824
G1 X151.49 Y96.434 E417.86311
G1 X150.781 Y95.327 E417.90684
G1 X150.017 Y94.225 E417.95144
G1 X149.196 Y93.12 E417.99722
G1 X148.359 Y92.07 E418.04189
G1 X147.51 Y91.073 E418.08544
G1 X146.58 Y90.059 E418.1312
G1 X145.64 Y89.096 E418.17596
G1 X144.668 Y88.162 E418.2208
G1 X143.693 Y87.288 E418.26435
G1 X142.67 Y86.432 E418.30871
G1 X141.577 Y85.58 E418.35481
G1 X140.415 Y84.734 E418.40261
G1 X139.402 Y84.052 E418.44323
G1 X138.347 Y83.387 E418.48471
G1 X137.117 Y82.659 E418.53225
G1 X135.712 Y81.904 E418.5853
G1 X135.703 Y81.909 E418.58564
G1 X134.721 Y81.417 E418.62217
G1 X133.496 Y80.86 E418.66693
G1 X132.258 Y80.342 E418.71156
G1 X131.008 Y79.873 E418.75597
G1 X129.738 Y79.439 E418.80061
G1 X128.441 Y79.049 E418.84565
G1 X127.123 Y78.695 E418.89104
G1 X125.834 Y78.4 E418.93502
G1 X124.512 Y78.141 E418.97983
G1 X123.17 Y77.928 E419.02502
G1 X122.001 Y77.775 E419.06424
G1 X120.412 Y77.626 E419.11732
G1 X119.171 Y77.556 E419.15866
G1 X117.799 Y77.52 E419.20431
G1 X116.468 Y77.533 E419.24858
G1 X115.128 Y77.594 E419.29319
G1 X113.772 Y77.694 E419.33842
G1 X112.438 Y77.842 E419.38306
G1 X111.108 Y78.034 E419.42775
G1 X109.786 Y78.27 E419.47242
G1 X108.51 Y78.543 E419.51582
G1 X107.179 Y78.877 E419.56146
G1 X105.898 Y79.24 E419.60574
G1 X104.593 Y79.66 E419.65134
G1 X103.327 Y80.114 E419.69607
G1 X102.078 Y80.613 E419.74081
G1 X100.858 Y81.148 E419.78512
G1 X99.693 Y81.7 E419.82799
G1 X98.455 Y82.346 E419.87444
G1 X97.272 Y83.012 E419.91959
G1 X96.151 Y83.693 E419.96322
G1 X95.017 Y84.44 E420.00838
G1 X93.926 Y85.202 E420.05264
G1 X92.828 Y86.033 E420.09844
G1 X91.795 Y86.872 E420.14271
G1 X90.774 Y87.76 E420.18771
G1 X89.807 Y88.653 E420.23149
G1 X88.837 Y89.62 E420.27705
G1 X87.932 Y90.579 E420.3209
G1 X87.045 Y91.586 E420.36554
G1 X86.179 Y92.64 E420.41091
G1 X85.358 Y93.713 E420.45584
G1 X84.589 Y94.782 E420.49964
G1 X83.833 Y95.918 E420.54503
G1 X83.136 Y97.043 E420.58905
G1 X82.468 Y98.209 E420.63374
G1 X81.839 Y99.399 E420.67851
G1 X81.254 Y100.593 E420.72273
G1 X80.701 Y101.831 E420.76783
G1 X80.195 Y103.077 E420.81256
G1 X79.729 Y104.339 E420.8573
G1 X79.34 Y105.521 E420.89869
G1 X78.933 Y106.894 E420.94632
G1 X78.595 Y108.207 E420.99142
G1 X78.3 Y109.548 E421.03708
G1 X78.058 Y110.838 E421.08074
G1 X77.851 Y112.202 E421.12662
G1 X77.699 Y113.504 E421.17022
G1 X77.588 Y114.83 E421.21448
G1 X77.516 Y116.183 E421.25954
G1 X77.496 Y117.528 E421.30428
G1 X77.517 Y118.893 E421.34969
G1 X77.59 Y120.244 E421.39469
G1 X77.702 Y121.571 E421.43898
G1 X77.85 Y122.844 E421.48161
G1 X78.062 Y124.234 E421.52837
G1 X78.304 Y125.528 E421.57216
G1 X78.602 Y126.869 E421.61785
G1 X78.941 Y128.182 E421.66295
G1 X79.352 Y129.576 E421.71129
G1 X79.738 Y130.736 E421.75195
G1 X80.206 Y132.002 E421.79684
G1 X80.712 Y133.245 E421.84148
G1 X81.266 Y134.476 E421.88638
G1 X81.825 Y135.623 E421.92882
G1 X82.452 Y136.811 E421.9735
G1 X83.136 Y138.005 E422.01926
G1 X83.861 Y139.176 E422.06507
G1 X84.589 Y140.266 E422.10867
G1 X85.389 Y141.377 E422.1542
G1 X86.215 Y142.454 E422.19935
G1 X87.045 Y143.462 E422.24277
G1 X87.932 Y144.469 E422.28741
G1 X88.875 Y145.467 E422.33308
G1 X89.831 Y146.418 E422.37793
G1 X90.773 Y147.288 E422.42057
G1 X91.839 Y148.212 E422.4675
G1 X92.852 Y149.034 E422.51089
G1 X93.926 Y149.846 E422.55567
G1 X95.057 Y150.635 E422.60153
G1 X96.177 Y151.371 E422.64611
G1 X97.297 Y152.051 E422.68969
G1 X98.48 Y152.716 E422.73482
G1 X99.687 Y153.34 E422.78002
G1 X100.888 Y153.914 E422.82429
G1 X102.106 Y154.447 E422.86851
G1 X103.363 Y154.948 E422.91352
G1 X104.621 Y155.398 E422.95795
G1 X105.898 Y155.808 E423.00256
G1 X107.204 Y156.178 E423.04771
G1 X108.51 Y156.505 E423.09249
G1 X109.815 Y156.783 E423.13687
G1 X111.164 Y157.022 E423.18243
G1 X112.494 Y157.212 E423.22712
G1 X113.803 Y157.356 E423.27092
G1 X115.178 Y157.457 E423.31678
G1 X116.498 Y157.516 E423.36072
G1 X117.5 Y157.522 E423.39405
G1 F2700 E418.39405
G0 F9000 X117.506 Y156.815
G0 X117.5 Y154.68
G0 X117.5 Y153.968
G1 F2700 E423.39405
G1 F1500 X116.974 Y153.968 E423.41154
G1 X115.73 Y153.932 E423.45294
G1 X114.507 Y153.851 E423.4937
G1 X113.232 Y153.723 E423.53632
G1 X111.857 Y153.534 E423.58249
G1 X110.59 Y153.312 E423.62527
G1 X109.315 Y153.043 E423.66861
G1 X108.061 Y152.729 E423.7116
G1 X106.825 Y152.379 E423.75433
G1 X105.582 Y151.972 E423.79783
G1 X104.38 Y151.53 E423.84043
G1 X103.169 Y151.039 E423.88389
G1 X101.992 Y150.508 E423.92684
G1 X100.841 Y149.945 E423.96946
G1 X99.687 Y149.325 E424.01303
G1 X98.569 Y148.673 E424.05607
G1 X97.475 Y147.982 E424.09911
G1 X96.349 Y147.213 E424.14446
G1 X95.363 Y146.485 E424.18523
G1 X94.35 Y145.681 E424.22824
G1 X93.364 Y144.84 E424.27134
G1 X92.412 Y143.968 E424.31428
G1 X91.494 Y143.07 E424.35699
G1 X90.646 Y142.173 E424.39805
G1 X89.749 Y141.159 E424.44308
G1 X88.921 Y140.15 E424.48649
G1 X88.14 Y139.132 E424.52917
G1 X87.388 Y138.062 E424.57266
G1 X86.677 Y136.98 E424.61573
G1 X86.005 Y135.874 E424.65877
G1 X85.374 Y134.748 E424.7017
G1 X84.786 Y133.606 E424.74442
G1 X84.232 Y132.423 E424.78787
G1 X83.725 Y131.233 E424.83089
G1 X83.258 Y130.026 E424.87394
G1 X82.836 Y128.8 E424.91706
G1 X82.458 Y127.576 E424.95967
G1 X82.125 Y126.313 E425.00311
G1 X81.835 Y125.051 E425.04618
G1 X81.586 Y123.779 E425.08929
G1 X81.393 Y122.513 E425.13189
G1 X81.236 Y121.217 E425.17531
G1 X81.128 Y119.926 E425.21839
G1 X81.064 Y118.635 E425.26139
G1 X81.048 Y117.359 E425.30383
G1 X81.08 Y116.044 E425.34758
G1 X81.156 Y114.712 E425.39195
G1 X81.277 Y113.466 E425.43359
G1 X81.442 Y112.191 E425.47635
G1 X81.635 Y111.004 E425.51635
G1 X81.909 Y109.649 E425.56233
G1 X82.211 Y108.389 E425.60542
G1 X82.561 Y107.143 E425.64847
G1 X82.955 Y105.896 E425.69197
G1 X83.386 Y104.69 E425.73456
G1 X83.762 Y103.739 E425.76858
G1 X83.755 Y103.73 E425.76895
G1 X84.379 Y102.301 E425.82082
G1 X84.942 Y101.135 E425.86388
G1 X85.542 Y99.988 E425.90694
G1 X86.234 Y98.786 E425.95307
G1 X86.874 Y97.756 E425.9934
G1 X87.589 Y96.69 E426.03609
G1 X88.354 Y95.633 E426.07949
G1 X89.143 Y94.619 E426.12222
G1 X89.975 Y93.63 E426.16521
G1 X90.848 Y92.657 E426.20869
G1 X91.737 Y91.735 E426.25129
G1 X92.682 Y90.827 E426.29487
G1 X93.635 Y89.97 E426.3375
G1 X94.625 Y89.141 E426.38045
G1 X95.65 Y88.35 E426.42351
G1 X96.708 Y87.581 E426.46701
G1 X97.775 Y86.869 E426.50968
G1 X98.87 Y86.193 E426.55248
G1 X100.011 Y85.542 E426.59617
G1 X101.145 Y84.947 E426.63877
G1 X102.329 Y84.378 E426.68246
G1 X103.638 Y83.809 E426.72993
G1 X104.713 Y83.387 E426.76834
G1 X105.923 Y82.961 E426.81101
G1 X107.166 Y82.567 E426.85438
G1 X108.405 Y82.225 E426.89713
G1 X109.671 Y81.924 E426.94041
G1 X111.028 Y81.646 E426.98648
G1 X112.218 Y81.457 E427.02656
G1 X113.493 Y81.292 E427.06932
G1 X114.74 Y81.176 E427.11097
G1 X116.075 Y81.1 E427.15544
G1 X117.376 Y81.072 E427.19873
G1 X118.662 Y81.092 E427.2415
G1 X119.966 Y81.156 E427.28493
G1 X121.245 Y81.269 E427.32763
G1 X122.539 Y81.426 E427.37099
G1 X123.811 Y81.623 E427.4138
G1 X125.077 Y81.873 E427.45672
G1 X126.352 Y82.166 E427.50023
G1 X127.604 Y82.5 E427.54333
G1 X128.826 Y82.878 E427.58587
G1 X130.057 Y83.305 E427.62921
G1 X131.267 Y83.775 E427.67238
G1 X132.458 Y84.283 E427.71545
G1 X133.628 Y84.838 E427.75852
G1 X134.766 Y85.425 E427.80111
G1 X135.896 Y86.06 E427.84422
G1 X137.01 Y86.736 E427.88756
G1 X138.092 Y87.449 E427.93066
G1 X139.133 Y88.188 E427.97312
G1 X140.168 Y88.981 E428.01649
G1 X141.088 Y89.741 E428.05618
G1 X142.134 Y90.659 E428.10246
G1 X143.071 Y91.551 E428.14549
G1 X143.996 Y92.494 E428.18943
G1 X144.861 Y93.442 E428.23211
G1 X145.69 Y94.416 E428.27465
G1 X146.498 Y95.441 E428.31806
G1 X147.258 Y96.475 E428.36074
G1 X147.994 Y97.557 E428.40427
G1 X148.677 Y98.643 E428.44694
G1 X149.329 Y99.761 E428.48998
G1 X149.944 Y100.912 E428.53339
G1 X150.507 Y102.062 E428.57597
G1 X151.034 Y103.244 E428.61902
G1 X151.52 Y104.443 E428.66205
G1 X151.963 Y105.658 E428.70506
G1 X152.369 Y106.905 E428.74868
G1 X152.719 Y108.135 E428.79121
G1 X153.032 Y109.391 E428.83427
G1 X153.297 Y110.669 E428.87768
G1 X153.519 Y111.936 E428.92046
G1 X153.695 Y113.227 E428.9638
G1 X153.824 Y114.502 E429.00642
G1 X153.908 Y115.793 E429.04945
G1 X153.948 Y117.09 E429.09261
G1 X153.936 Y118.385 E429.13568
G1 X153.884 Y119.676 E429.17866
G1 X153.783 Y120.967 E429.22173
G1 X153.638 Y122.266 E429.2652
G1 X153.429 Y123.674 E429.31254
G1 X153.212 Y124.82 E429.35134
G1 X152.93 Y126.083 E429.39438
G1 X152.608 Y127.322 E429.43696
G1 X152.202 Y128.678 E429.48403
G1 X151.816 Y129.799 E429.52347
G1 X151.361 Y131.014 E429.56662
G1 X150.826 Y132.293 E429.61273
G1 X150.323 Y133.37 E429.65227
G1 X149.726 Y134.555 E429.6964
G1 X149.116 Y135.659 E429.73835
G1 X148.452 Y136.769 E429.78137
G1 X147.752 Y137.849 E429.82418
G1 X147.008 Y138.916 E429.86744
G1 X146.224 Y139.962 E429.91092
G1 X145.415 Y140.96 E429.95365
G1 X144.559 Y141.94 E429.99693
G1 X143.685 Y142.883 E430.03969
G1 X142.757 Y143.803 E430.08315
G1 X141.819 Y144.676 E430.12577
G1 X140.83 Y145.528 E430.16919
G1 X139.828 Y146.333 E430.21194
G1 X138.783 Y147.113 E430.25531
G1 X137.729 Y147.845 E430.29799
G1 X136.634 Y148.549 E430.34129
G1 X135.528 Y149.204 E430.38404
G1 X134.378 Y149.827 E430.42754
G1 X133.22 Y150.406 E430.4706
G1 X132.057 Y150.941 E430.51318
G1 X130.85 Y151.444 E430.55667
G1 X129.648 Y151.89 E430.59932
G1 X128.421 Y152.3 E430.64234
G1 X127.174 Y152.666 E430.68557
G1 X126.04 Y152.956 E430.7245
G1 X124.56 Y153.285 E430.77493
G1 X123.385 Y153.498 E430.81464
G1 X122.096 Y153.683 E430.85796
G1 X121.48 Y153.755 E430.87858
G1 X120.663 Y153.836 E430.90589
G1 X119.436 Y153.924 E430.9468
G1 X118.192 Y153.968 E430.98821
G1 X117.5 Y153.968 E431.01122
G0 F9000 X117.5 Y154.98
;MESH:NONMESH
G0 F300 X117.5 Y154.98 Z2.4
G0 F9000 X117.5 Y154.368
;TIME_ELAPSED:574.203079
;LAYER:11
;TYPE:WALL-INNER
;MESH:Led Ring.stl
G1 F1500 X116.942 Y154.368 E431.02978
G1 X115.692 Y154.331 E431.07137
G1 X114.459 Y154.25 E431.11247
G1 X113.17 Y154.119 E431.15557
G1 X111.777 Y153.928 E431.20233
G1 X110.49 Y153.703 E431.24579
G1 X109.202 Y153.426 E431.2896
G1 X107.938 Y153.109 E431.33295
G1 X106.69 Y152.751 E431.37613
G1 X105.442 Y152.344 E431.41979
G1 X104.206 Y151.892 E431.46356
G1 X103.022 Y151.413 E431.50604
G1 X101.798 Y150.863 E431.55067
G1 X100.635 Y150.289 E431.59381
G1 X99.474 Y149.663 E431.63768
G1 X98.355 Y149.013 E431.68072
G1 X97.237 Y148.304 E431.72475
G1 X96.096 Y147.523 E431.77074
G1 X95.199 Y146.864 E431.80776
G1 X94.087 Y145.982 E431.85497
G1 X93.081 Y145.126 E431.8989
G1 X92.119 Y144.241 E431.94238
G1 X91.196 Y143.333 E431.98544
G1 X90.339 Y142.427 E432.02692
G1 X89.427 Y141.4 E432.07261
G1 X88.595 Y140.381 E432.11636
G1 X87.806 Y139.348 E432.15959
G1 X87.041 Y138.269 E432.20358
G1 X86.329 Y137.181 E432.24683
G1 X85.647 Y136.057 E432.29056
G1 X85.018 Y134.927 E432.33357
G1 X84.412 Y133.751 E432.37758
G1 X83.855 Y132.563 E432.42122
G1 X83.343 Y131.359 E432.46473
G1 X82.876 Y130.14 E432.50815
G1 X82.45 Y128.904 E432.55163
G1 X82.068 Y127.651 E432.5952
G1 X81.731 Y126.387 E432.63871
G1 X81.439 Y125.11 E432.68228
G1 X81.191 Y123.825 E432.72581
G1 X80.992 Y122.545 E432.76889
G1 X80.834 Y121.235 E432.81278
G1 X80.724 Y119.928 E432.8564
G1 X80.664 Y118.624 E432.89982
G1 X80.648 Y117.348 E432.94226
G1 X80.68 Y116.005 E432.98694
G1 X80.756 Y114.677 E433.03119
G1 X80.881 Y113.397 E433.07396
G1 X81.05 Y112.109 E433.11717
G1 X81.263 Y110.82 E433.16062
G1 X81.524 Y109.535 E433.20423
G1 X81.83 Y108.265 E433.24768
G1 X82.183 Y107.007 E433.29114
G1 X82.582 Y105.746 E433.33513
G1 X83.018 Y104.526 E433.37822
G1 X83.506 Y103.299 E433.42214
G1 X84.024 Y102.113 E433.46519
G1 X84.644 Y100.84 E433.51228
G1 X85.214 Y99.754 E433.55307
G1 X85.854 Y98.639 E433.59583
G1 X86.546 Y97.525 E433.63945
G1 X87.282 Y96.431 E433.68331
G1 X88.042 Y95.383 E433.72636
G1 X88.834 Y94.366 E433.76924
G1 X89.686 Y93.345 E433.81347
G1 X90.565 Y92.374 E433.85703
G1 X91.476 Y91.435 E433.90054
G1 X92.426 Y90.521 E433.94439
G1 X93.398 Y89.647 E433.98787
G1 X94.396 Y88.813 E434.03112
G1 X95.429 Y88.013 E434.07458
G1 X96.502 Y87.241 E434.11855
G1 X97.581 Y86.521 E434.16169
G1 X98.693 Y85.835 E434.20515
G1 X99.752 Y85.229 E434.24573
G1 X100.988 Y84.578 E434.29219
G1 X102.175 Y84.01 E434.33596
G1 X103.379 Y83.485 E434.37965
G1 X104.595 Y83.006 E434.42311
G1 X105.82 Y82.571 E434.46635
G1 X107.078 Y82.178 E434.51019
G1 X108.338 Y81.827 E434.55369
G1 X109.582 Y81.535 E434.59619
G1 X110.895 Y81.271 E434.64073
G1 X112.186 Y81.061 E434.68424
G1 X113.472 Y80.894 E434.72737
G1 X114.733 Y80.776 E434.76949
G1 X116.082 Y80.7 E434.81443
G1 X117.402 Y80.672 E434.85835
G1 X118.7 Y80.692 E434.90152
G1 X120.019 Y80.762 E434.94545
G1 X121.31 Y80.872 E434.98855
G1 X122.62 Y81.035 E435.03246
G1 X123.938 Y81.24 E435.07682
G1 X125.195 Y81.487 E435.11943
G1 X126.564 Y81.803 E435.16616
G1 X127.4 Y82.034 E435.195
G1 X127.602 Y82.08 E435.2019
G1 X128.973 Y82.509 E435.24968
G1 X130.216 Y82.939 E435.29342
G1 X131.442 Y83.412 E435.33713
G1 X132.734 Y83.97 E435.38394
G1 X133.828 Y84.491 E435.42424
G1 X134.99 Y85.092 E435.46775
G1 X136.121 Y85.728 E435.51091
G1 X137.237 Y86.408 E435.55437
G1 X138.34 Y87.135 E435.59831
G1 X139.397 Y87.886 E435.64144
G1 X140.434 Y88.678 E435.68484
G1 X141.441 Y89.513 E435.72835
G1 X142.434 Y90.389 E435.77239
G1 X143.373 Y91.284 E435.81553
G1 X144.288 Y92.22 E435.85907
G1 X145.178 Y93.195 E435.90298
G1 X146.024 Y94.193 E435.94649
G1 X146.823 Y95.211 E435.98953
G1 X147.601 Y96.267 E436.03316
G1 X148.34 Y97.36 E436.07704
G1 X149.031 Y98.457 E436.12016
G1 X149.689 Y99.588 E436.16368
G1 X150.308 Y100.744 E436.2073
G1 X150.881 Y101.918 E436.25075
G1 X151.408 Y103.099 E436.29376
G1 X151.904 Y104.326 E436.33778
G1 X152.347 Y105.541 E436.38079
G1 X152.753 Y106.796 E436.42466
G1 X153.111 Y108.058 E436.4683
G1 X153.428 Y109.33 E436.5119
G1 X153.696 Y110.62 E436.55572
G1 X153.919 Y111.898 E436.59887
G1 X154.098 Y113.209 E436.64288
G1 X154.223 Y114.496 E436.68588
G1 X154.308 Y115.801 E436.72938
G1 X154.348 Y117.114 E436.77307
G1 X154.336 Y118.421 E436.81654
G1 X154.283 Y119.731 E436.86015
G1 X154.182 Y121.027 E436.90338
G1 X154.032 Y122.338 E436.94727
G1 X153.839 Y123.625 E436.99056
G1 X153.602 Y124.917 E437.03425
G1 X153.313 Y126.191 E437.0777
G1 X152.983 Y127.456 E437.12118
G1 X152.609 Y128.708 E437.16464
G1 X152.195 Y129.94 E437.20787
G1 X151.729 Y131.169 E437.25158
G1 X151.229 Y132.364 E437.29467
G1 X150.682 Y133.552 E437.33817
G1 X150.084 Y134.729 E437.38208
G1 X149.451 Y135.886 E437.42594
G1 X148.776 Y137.007 E437.46947
G1 X148.06 Y138.112 E437.51326
G1 X147.267 Y139.246 E437.55928
G1 X146.523 Y140.23 E437.60031
G1 X145.705 Y141.239 E437.64352
G1 X144.835 Y142.235 E437.6875
G1 X143.951 Y143.179 E437.73052
G1 X143.013 Y144.107 E437.7744
G1 X142.064 Y144.991 E437.81754
G1 X141.064 Y145.852 E437.86143
G1 X140.051 Y146.665 E437.90463
G1 X138.995 Y147.453 E437.94845
G1 X137.928 Y148.194 E437.99166
G1 X136.818 Y148.905 E438.0355
G1 X135.699 Y149.568 E438.07876
G1 X134.504 Y150.216 E438.12398
G1 X133.369 Y150.783 E438.16618
G1 X132.191 Y151.318 E438.20921
G1 X130.969 Y151.827 E438.25324
G1 X129.753 Y152.278 E438.29637
G1 X128.515 Y152.688 E438.33975
G1 X127.253 Y153.062 E438.38353
G1 X126.107 Y153.354 E438.42286
G1 X124.607 Y153.687 E438.47397
G1 X123.42 Y153.894 E438.51404
G1 X122.116 Y154.085 E438.55788
G1 X120.654 Y154.239 E438.60677
G1 X119.418 Y154.324 E438.64798
G1 X118.168 Y154.368 E438.68958
G1 X117.5 Y154.368 E438.7118
G0 F9000 X117.5 Y154.68
G0 X117.502 Y156.898
G0 X117.5 Y157.205
G1 F1500 X117.854 Y157.208 E438.72357
G1 X119.181 Y157.175 E438.76772
G1 X120.444 Y157.103 E438.8098
G1 X121.895 Y156.969 E438.85826
G1 X123.176 Y156.799 E438.90124
G1 X124.462 Y156.593 E438.94456
G1 X125.792 Y156.332 E438.98964
G1 X126.988 Y156.059 E439.03044
G1 X128.497 Y155.659 E439.08236
G1 X129.648 Y155.303 E439.12244
G1 X130.893 Y154.883 E439.16614
G1 X132.158 Y154.402 E439.21115
G1 X133.389 Y153.888 E439.25552
G1 X134.593 Y153.338 E439.29955
G1 X135.844 Y152.713 E439.34606
G1 X136.962 Y152.112 E439.38827
G1 X138.204 Y151.382 E439.43619
G1 X139.25 Y150.715 E439.47745
G1 X140.363 Y149.962 E439.52215
G1 X141.41 Y149.197 E439.56528
G1 X142.489 Y148.353 E439.61084
G1 X143.501 Y147.501 E439.65484
G1 X144.484 Y146.623 E439.69867
G1 X145.461 Y145.685 E439.74372
G1 X146.394 Y144.726 E439.78822
G1 X147.269 Y143.767 E439.8314
G1 X148.141 Y142.746 E439.87606
G1 X148.972 Y141.702 E439.92044
G1 X149.819 Y140.559 E439.96776
G1 X150.536 Y139.516 E440.00985
G1 X151.253 Y138.396 E440.05408
G1 X151.885 Y137.331 E440.09527
G1 X152.586 Y136.066 E440.14338
G1 X153.168 Y134.917 E440.18622
G1 X153.736 Y133.699 E440.23091
G1 X154.268 Y132.45 E440.27607
G1 X154.747 Y131.209 E440.32031
G1 X155.181 Y129.975 E440.36382
G1 X155.581 Y128.68 E440.4089
G1 X155.94 Y127.388 E440.4535
G1 X156.265 Y126.023 E440.50017
G1 X156.513 Y124.789 E440.54203
G1 X156.733 Y123.477 E440.58628
G1 X156.911 Y122.177 E440.62992
G1 X157.042 Y120.862 E440.67387
G1 X157.133 Y119.495 E440.71944
G1 X157.18 Y118.16 E440.76387
G1 X157.179 Y116.827 E440.80821
G1 X157.134 Y115.543 E440.85094
G1 X157.04 Y114.166 E440.89684
G1 X156.909 Y112.845 E440.941
G1 X156.727 Y111.516 E440.98561
G1 X156.502 Y110.207 E441.02979
G1 X156.26 Y109 E441.07073
G1 X155.928 Y107.609 E441.1183
G1 X155.57 Y106.321 E441.16276
G1 X155.171 Y105.047 E441.20716
G1 X154.729 Y103.783 E441.2517
G1 X154.247 Y102.541 E441.29601
G1 X153.722 Y101.317 E441.34031
G1 X153.157 Y100.105 E441.38478
G1 X152.555 Y98.927 E441.42878
G1 X151.865 Y97.672 E441.47642
G1 X151.227 Y96.612 E441.51757
G1 X150.503 Y95.486 E441.56209
G1 X149.804 Y94.478 E441.60289
G1 X148.954 Y93.324 E441.65056
G1 X148.133 Y92.295 E441.69434
G1 X147.252 Y91.266 E441.7394
G1 X146.351 Y90.279 E441.78385
G1 X145.437 Y89.338 E441.82748
G1 X144.458 Y88.401 E441.87255
G1 X143.467 Y87.517 E441.91672
G1 X142.45 Y86.663 E441.96089
G1 X141.41 Y85.851 E442.00477
G1 X140.316 Y85.053 E442.04981
G1 X139.218 Y84.312 E442.09387
G1 X138.182 Y83.656 E442.13465
G1 X136.962 Y82.936 E442.18177
G1 X135.502 Y82.156 E442.23683
G1 X135.501 Y82.147 E442.23713
G1 X134.675 Y81.751 E442.2676
G1 X133.379 Y81.154 E442.31505
G1 X132.138 Y80.638 E442.35976
G1 X130.905 Y80.169 E442.40363
G1 X129.621 Y79.738 E442.44868
G1 X128.455 Y79.384 E442.48921
G1 X126.962 Y78.979 E442.54066
G1 X125.721 Y78.699 E442.58297
G1 X124.459 Y78.451 E442.62575
G1 X123.128 Y78.24 E442.67057
G1 X121.965 Y78.093 E442.70956
G1 X120.418 Y77.943 E442.76126
G1 X119.159 Y77.872 E442.8032
G1 X117.81 Y77.84 E442.84808
G1 X116.482 Y77.853 E442.89225
G1 X115.148 Y77.909 E442.93666
G1 X113.811 Y78.012 E442.98126
G1 X112.483 Y78.155 E443.02568
G1 X111.159 Y78.345 E443.07017
G1 X109.855 Y78.581 E443.11425
G1 X108.556 Y78.859 E443.15843
G1 X107.266 Y79.182 E443.20266
G1 X105.967 Y79.55 E443.24757
G1 X104.699 Y79.956 E443.29185
G1 X103.447 Y80.406 E443.3361
G1 X102.205 Y80.9 E443.38056
G1 X100.992 Y81.434 E443.42464
G1 X99.783 Y82.012 E443.46921
G1 X98.611 Y82.623 E443.51317
G1 X97.439 Y83.282 E443.55789
G1 X96.32 Y83.964 E443.60147
G1 X95.214 Y84.685 E443.64539
G1 X94.097 Y85.474 E443.69087
G1 X93.033 Y86.279 E443.73525
G1 X92.004 Y87.111 E443.77926
G1 X90.987 Y87.992 E443.82401
G1 X90.011 Y88.899 E443.86833
G1 X89.068 Y89.838 E443.91259
G1 X88.153 Y90.81 E443.95699
G1 X87.285 Y91.793 E444.0006
G1 X86.432 Y92.832 E444.04532
G1 X85.626 Y93.878 E444.08924
G1 X84.85 Y94.962 E444.13358
G1 X84.113 Y96.069 E444.17781
G1 X83.408 Y97.208 E444.22236
G1 X82.688 Y98.473 E444.27077
G1 X82.108 Y99.564 E444.31187
G1 X81.537 Y100.747 E444.35556
G1 X80.993 Y101.956 E444.39965
G1 X80.493 Y103.193 E444.44403
G1 X80.024 Y104.466 E444.48915
G1 X79.649 Y105.61 E444.52919
G1 X79.232 Y107.006 E444.57765
G1 X78.904 Y108.28 E444.62141
G1 X78.613 Y109.606 E444.66656
G1 X78.372 Y110.893 E444.71011
G1 X78.171 Y112.213 E444.75452
G1 X78.013 Y113.537 E444.79887
G1 X77.903 Y114.876 E444.84355
G1 X77.836 Y116.197 E444.88755
G1 X77.812 Y117.528 E444.93182
G1 X77.837 Y118.873 E444.97657
G1 X77.905 Y120.218 E445.02136
G1 X78.016 Y121.534 E445.06528
G1 X78.174 Y122.857 E445.1096
G1 X78.376 Y124.179 E445.15408
G1 X78.621 Y125.486 E445.19831
G1 X78.91 Y126.791 E445.24276
G1 X79.245 Y128.089 E445.28735
G1 X79.653 Y129.481 E445.3356
G1 X80.038 Y130.623 E445.37568
G1 X80.5 Y131.874 E445.42004
G1 X80.992 Y133.092 E445.46373
G1 X81.552 Y134.335 E445.50907
G1 X82.131 Y135.531 E445.55327
G1 X82.756 Y136.704 E445.59747
G1 X83.42 Y137.86 E445.64181
G1 X84.125 Y138.997 E445.68631
G1 X84.85 Y140.087 E445.72985
G1 X85.64 Y141.188 E445.77492
G1 X86.456 Y142.247 E445.81939
G1 X87.322 Y143.296 E445.86463
G1 X88.183 Y144.272 E445.90792
G1 X89.097 Y145.24 E445.9522
G1 X90.028 Y146.167 E445.9959
G1 X91.023 Y147.088 E446.04099
G1 X92.021 Y147.951 E446.08487
G1 X93.05 Y148.783 E446.12889
G1 X94.114 Y149.587 E446.17324
G1 X95.213 Y150.363 E446.21799
G1 X96.338 Y151.094 E446.26261
G1 X97.481 Y151.79 E446.30712
G1 X98.65 Y152.445 E446.35169
G1 X99.804 Y153.046 E446.39496
G1 X101.039 Y153.635 E446.44047
G1 X102.227 Y154.154 E446.48359
G1 X103.491 Y154.654 E446.5288
G1 X104.722 Y155.096 E446.57231
G1 X105.99 Y155.505 E446.61662
G1 X107.308 Y155.876 E446.66216
G1 X108.604 Y156.2 E446.70659
G1 X109.877 Y156.471 E446.74988
G1 X111.184 Y156.707 E446.79405
G1 X112.526 Y156.894 E446.83912
G1 X113.832 Y157.038 E446.88282
G1 X115.196 Y157.141 E446.92832
G1 X116.527 Y157.196 E446.97262
G1 X117.5 Y157.205 E447.00499
G0 F9000 X117.5 Y157.605
;TYPE:WALL-OUTER
G1 F1500 X117.863 Y157.608 E447.01706
G1 X119.203 Y157.575 E447.06164
G1 X120.415 Y157.507 E447.10202
G1 X121.947 Y157.365 E447.15319
G1 X123.239 Y157.194 E447.19654
G1 X124.532 Y156.987 E447.24009
G1 X125.881 Y156.722 E447.28582
G1 X127.09 Y156.446 E447.32706
G1 X128.615 Y156.041 E447.37954
G1 X129.776 Y155.682 E447.41996
G1 X131.028 Y155.259 E447.46392
G1 X132.286 Y154.782 E447.50866
G1 X133.555 Y154.252 E447.5544
G1 X134.765 Y153.699 E447.59865
G1 X135.972 Y153.098 E447.6435
G1 X137.158 Y152.461 E447.68828
G1 X138.418 Y151.72 E447.73689
G1 X139.474 Y151.047 E447.77854
G1 X140.599 Y150.285 E447.82374
G1 X141.673 Y149.499 E447.868
G1 X142.722 Y148.68 E447.91227
G1 X143.767 Y147.799 E447.95773
G1 X144.756 Y146.917 E448.0018
G1 X145.747 Y145.965 E448.04751
G1 X146.67 Y145.018 E448.09149
G1 X147.588 Y144.009 E448.13686
G1 X148.468 Y142.977 E448.18197
G1 X149.289 Y141.946 E448.2258
G1 X150.145 Y140.791 E448.27362
G1 X150.857 Y139.757 E448.31538
G1 X151.597 Y138.6 E448.36106
G1 X152.235 Y137.525 E448.40263
G1 X152.923 Y136.286 E448.44977
G1 X153.528 Y135.092 E448.49429
G1 X154.112 Y133.836 E448.54036
G1 X154.63 Y132.624 E448.5842
G1 X155.116 Y131.366 E448.62905
G1 X155.561 Y130.101 E448.67365
G1 X155.96 Y128.811 E448.71856
G1 X156.322 Y127.513 E448.76338
G1 X156.656 Y126.109 E448.81138
G1 X156.903 Y124.883 E448.85298
G1 X157.126 Y123.557 E448.8977
G1 X157.309 Y122.224 E448.94245
G1 X157.442 Y120.868 E448.98777
G1 X157.533 Y119.509 E449.03307
G1 X157.58 Y118.192 E449.0769
G1 X157.579 Y116.813 E449.12277
G1 X157.53 Y115.47 E449.16747
G1 X157.443 Y114.181 E449.21044
G1 X157.305 Y112.791 E449.2569
G1 X157.121 Y111.449 E449.30195
G1 X156.894 Y110.129 E449.3465
G1 X156.649 Y108.908 E449.38792
G1 X156.314 Y107.503 E449.43596
G1 X155.952 Y106.202 E449.48087
G1 X155.549 Y104.915 E449.52573
G1 X155.102 Y103.639 E449.5707
G1 X154.615 Y102.384 E449.61547
G1 X154.085 Y101.148 E449.6602
G1 X153.528 Y99.952 E449.70408
G1 X152.919 Y98.758 E449.74866
G1 X152.226 Y97.496 E449.79655
G1 X151.564 Y96.396 E449.83925
G1 X150.832 Y95.258 E449.88425
G1 X150.126 Y94.241 E449.92543
G1 X149.289 Y93.102 E449.97244
G1 X148.441 Y92.04 E450.01764
G1 X147.548 Y90.997 E450.06331
G1 X146.638 Y90.001 E450.10818
G1 X145.719 Y89.054 E450.15208
G1 X144.748 Y88.123 E450.19682
G1 X143.725 Y87.211 E450.2424
G1 X142.722 Y86.368 E450.28598
G1 X141.651 Y85.532 E450.33117
G1 X140.568 Y84.74 E450.37579
G1 X139.432 Y83.974 E450.42136
G1 X138.391 Y83.315 E450.46234
G1 X137.158 Y82.587 E450.50997
G1 X135.711 Y81.815 E450.56451
G1 X135.709 Y81.803 E450.56492
G1 X134.843 Y81.388 E450.59686
G1 X133.539 Y80.788 E450.6446
G1 X132.286 Y80.266 E450.68975
G1 X131.04 Y79.793 E450.73408
G1 X129.762 Y79.363 E450.77892
G1 X128.56 Y78.998 E450.8207
G1 X127.059 Y78.591 E450.87243
G1 X125.85 Y78.316 E450.91367
G1 X124.529 Y78.057 E450.95844
G1 X123.178 Y77.843 E451.00394
G1 X122.009 Y77.695 E451.04313
G1 X120.448 Y77.544 E451.09529
G1 X119.175 Y77.472 E451.1377
G1 X117.806 Y77.44 E451.18324
G1 X116.466 Y77.453 E451.22781
G1 X115.118 Y77.51 E451.27269
G1 X113.769 Y77.614 E451.31769
G1 X112.427 Y77.759 E451.36258
G1 X111.088 Y77.951 E451.40758
G1 X109.772 Y78.19 E451.45206
G1 X108.49 Y78.463 E451.49566
G1 X107.158 Y78.797 E451.54133
G1 X105.845 Y79.169 E451.58672
G1 X104.564 Y79.58 E451.63147
G1 X103.3 Y80.034 E451.67614
G1 X102.106 Y80.507 E451.71885
G1 X100.852 Y81.058 E451.76441
G1 X99.599 Y81.657 E451.8106
G1 X98.415 Y82.274 E451.85501
G1 X97.231 Y82.94 E451.90019
G1 X96.085 Y83.64 E451.94485
G1 X94.989 Y84.354 E451.98836
G1 X93.878 Y85.138 E452.03359
G1 X92.804 Y85.95 E452.07837
G1 X91.743 Y86.809 E452.12377
G1 X90.715 Y87.698 E452.16898
G1 X89.751 Y88.593 E452.21273
G1 X88.777 Y89.564 E452.25847
G1 X87.872 Y90.523 E452.30233
G1 X86.981 Y91.534 E452.34715
G1 X86.133 Y92.565 E452.39155
G1 X85.287 Y93.665 E452.4377
G1 X84.521 Y94.734 E452.48144
G1 X83.762 Y95.877 E452.52708
G1 X83.064 Y97.003 E452.57114
G1 X82.335 Y98.285 E452.62019
G1 X81.763 Y99.359 E452.66067
G1 X81.172 Y100.583 E452.70587
G1 X80.625 Y101.799 E452.75022
G1 X80.119 Y103.049 E452.79507
G1 X79.654 Y104.31 E452.83977
G1 X79.271 Y105.472 E452.88047
G1 X78.853 Y106.874 E452.92913
G1 X78.515 Y108.187 E452.97422
G1 X78.225 Y109.504 E453.01907
G1 X77.973 Y110.856 E453.06482
G1 X77.775 Y112.159 E453.10865
G1 X77.615 Y113.497 E453.15347
G1 X77.504 Y114.826 E453.19783
G1 X77.436 Y116.183 E453.24302
G1 X77.412 Y117.528 E453.28776
G1 X77.437 Y118.893 E453.33317
G1 X77.506 Y120.251 E453.37839
G1 X77.612 Y121.518 E453.42068
G1 X77.778 Y122.917 E453.46754
G1 X77.983 Y124.252 E453.51246
G1 X78.23 Y125.572 E453.55713
G1 X78.522 Y126.891 E453.60206
G1 X78.861 Y128.201 E453.64707
G1 X79.263 Y129.576 E453.69471
G1 X79.662 Y130.761 E453.7363
G1 X80.129 Y132.024 E453.78109
G1 X80.624 Y133.249 E453.82503
G1 X81.192 Y134.509 E453.871
G1 X81.778 Y135.719 E453.91572
G1 X82.409 Y136.903 E453.96034
G1 X83.064 Y138.045 E454.00413
G1 X83.792 Y139.219 E454.05007
G1 X84.538 Y140.338 E454.0948
G1 X85.323 Y141.432 E454.13959
G1 X86.147 Y142.501 E454.18448
G1 X86.985 Y143.518 E454.22831
G1 X87.872 Y144.525 E454.27294
G1 X88.815 Y145.523 E454.31861
G1 X89.751 Y146.455 E454.36254
G1 X90.761 Y147.39 E454.40832
G1 X91.787 Y148.276 E454.45341
G1 X92.826 Y149.115 E454.49783
G1 X93.878 Y149.91 E454.54168
G1 X94.989 Y150.694 E454.58691
G1 X96.13 Y151.436 E454.63218
G1 X97.258 Y152.123 E454.67611
G1 X98.44 Y152.788 E454.72121
G1 X99.653 Y153.417 E454.76666
G1 X100.852 Y153.99 E454.81086
G1 X102.073 Y154.523 E454.85517
G1 X103.327 Y155.02 E454.90003
G1 X104.593 Y155.474 E454.94477
G1 X105.874 Y155.888 E454.98954
G1 X107.184 Y156.258 E455.03482
G1 X108.49 Y156.585 E455.0796
G1 X109.826 Y156.868 E455.12502
G1 X111.12 Y157.102 E455.16876
G1 X112.482 Y157.292 E455.21449
G1 X113.795 Y157.436 E455.25843
G1 X115.148 Y157.54 E455.30356
G1 X116.494 Y157.596 E455.34837
G1 X117.5 Y157.605 E455.38183
G1 F2700 E450.38183
G0 F9000 X117.506 Y156.898
G0 X117.5 Y154.68
G0 X117.5 Y153.968
G1 F2700 E455.38183
G1 F1500 X116.954 Y153.968 E455.39999
G1 X115.718 Y153.932 E455.44112
G1 X114.499 Y153.852 E455.48175
G1 X113.224 Y153.723 E455.52437
G1 X111.845 Y153.534 E455.57066
G1 X110.574 Y153.312 E455.61358
G1 X109.299 Y153.038 E455.65695
G1 X108.048 Y152.725 E455.69984
G1 X106.814 Y152.371 E455.74254
G1 X105.579 Y151.968 E455.78575
G1 X104.356 Y151.522 E455.82905
G1 X103.166 Y151.039 E455.87176
G1 X101.975 Y150.504 E455.91519
G1 X100.825 Y149.937 E455.95783
G1 X99.675 Y149.317 E456.00129
G1 X98.561 Y148.669 E456.04415
G1 X97.463 Y147.974 E456.08737
G1 X96.333 Y147.201 E456.13291
G1 X95.431 Y146.537 E456.17016
G1 X94.346 Y145.677 E456.21621
G1 X93.352 Y144.832 E456.2596
G1 X92.399 Y143.955 E456.30268
G1 X91.486 Y143.058 E456.34525
G1 X90.638 Y142.161 E456.38631
G1 X89.737 Y141.147 E456.43142
G1 X88.913 Y140.138 E456.47475
G1 X88.132 Y139.116 E456.51753
G1 X87.376 Y138.05 E456.561
G1 X86.669 Y136.968 E456.60399
G1 X85.997 Y135.862 E456.64703
G1 X85.374 Y134.744 E456.6896
G1 X84.774 Y133.581 E456.73312
G1 X84.223 Y132.407 E456.77626
G1 X83.717 Y131.216 E456.8193
G1 X83.254 Y130.01 E456.86226
G1 X82.832 Y128.787 E456.90529
G1 X82.454 Y127.548 E456.94838
G1 X82.121 Y126.297 E456.99144
G1 X81.831 Y125.034 E457.03454
G1 X81.586 Y123.763 E457.07759
G1 X81.389 Y122.497 E457.1202
G1 X81.232 Y121.201 E457.16362
G1 X81.124 Y119.91 E457.20671
G1 X81.064 Y118.619 E457.2497
G1 X81.048 Y117.343 E457.29214
G1 X81.08 Y116.028 E457.33589
G1 X81.156 Y114.692 E457.3804
G1 X81.277 Y113.449 E457.42194
G1 X81.446 Y112.167 E457.46494
G1 X81.655 Y110.9 E457.50765
G1 X81.913 Y109.629 E457.55079
G1 X82.215 Y108.373 E457.59376
G1 X82.565 Y107.127 E457.6368
G1 X82.959 Y105.88 E457.6803
G1 X83.39 Y104.674 E457.72289
G1 X83.872 Y103.459 E457.76637
G1 X84.392 Y102.272 E457.80947
G1 X84.95 Y101.119 E457.85207
G1 X85.561 Y99.953 E457.89586
G1 X86.194 Y98.85 E457.93816
G1 X86.878 Y97.748 E457.98129
G1 X87.606 Y96.666 E458.02467
G1 X88.358 Y95.629 E458.06727
G1 X89.154 Y94.607 E458.11036
G1 X89.983 Y93.613 E458.15341
G1 X90.852 Y92.652 E458.1965
G1 X91.753 Y91.723 E458.23955
G1 X92.694 Y90.819 E458.28295
G1 X93.655 Y89.954 E458.32595
G1 X94.641 Y89.129 E458.36871
G1 X95.663 Y88.337 E458.41172
G1 X96.724 Y87.573 E458.4552
G1 X97.791 Y86.861 E458.49787
G1 X98.892 Y86.182 E458.54089
G1 X99.938 Y85.583 E458.58098
G1 X101.161 Y84.939 E458.62695
G1 X102.335 Y84.377 E458.67024
G1 X103.526 Y83.857 E458.71347
G1 X104.729 Y83.383 E458.75647
G1 X105.94 Y82.953 E458.79921
G1 X107.186 Y82.563 E458.84264
G1 X108.43 Y82.217 E458.88558
G1 X109.68 Y81.923 E458.92829
G1 X110.959 Y81.666 E458.97168
G1 X112.238 Y81.457 E459.01479
G1 X113.509 Y81.292 E459.05742
G1 X114.756 Y81.176 E459.09907
G1 X116.091 Y81.1 E459.14355
G1 X117.396 Y81.072 E459.18696
G1 X118.679 Y81.092 E459.22964
G1 X119.985 Y81.16 E459.27313
G1 X121.261 Y81.269 E459.31573
G1 X122.559 Y81.43 E459.35923
G1 X123.861 Y81.632 E459.40305
G1 X125.105 Y81.877 E459.44522
G1 X126.482 Y82.195 E459.49223
G1 X127.302 Y82.422 E459.52053
G1 X127.497 Y82.466 E459.52718
G1 X128.842 Y82.887 E459.57405
G1 X130.072 Y83.313 E459.61735
G1 X131.284 Y83.78 E459.66055
G1 X132.562 Y84.331 E459.70684
G1 X133.644 Y84.846 E459.74669
G1 X134.794 Y85.441 E459.78976
G1 X135.913 Y86.069 E459.83244
G1 X137.026 Y86.749 E459.87582
G1 X138.108 Y87.461 E459.9189
G1 X139.154 Y88.204 E459.96157
G1 X140.192 Y88.998 E460.00504
G1 X141.177 Y89.813 E460.04756
G1 X142.154 Y90.674 E460.09087
G1 X143.087 Y91.564 E460.13376
G1 X143.992 Y92.489 E460.1768
G1 X144.873 Y93.454 E460.22026
G1 X145.71 Y94.44 E460.26328
G1 X146.501 Y95.449 E460.30592
G1 X147.27 Y96.491 E460.34899
G1 X148.002 Y97.573 E460.39244
G1 X148.685 Y98.659 E460.43511
G1 X149.337 Y99.777 E460.47816
G1 X149.948 Y100.92 E460.52126
G1 X150.519 Y102.09 E460.56457
G1 X151.042 Y103.261 E460.60722
G1 X151.528 Y104.463 E460.65034
G1 X151.971 Y105.678 E460.69336
G1 X152.373 Y106.921 E460.73681
G1 X152.723 Y108.155 E460.77947
G1 X153.036 Y109.411 E460.82252
G1 X153.302 Y110.689 E460.86594
G1 X153.523 Y111.952 E460.90859
G1 X153.7 Y113.248 E460.95209
G1 X153.824 Y114.522 E460.99466
G1 X153.908 Y115.813 E461.03769
G1 X153.948 Y117.11 E461.08085
G1 X153.936 Y118.405 E461.12393
G1 X153.884 Y119.7 E461.16703
G1 X153.783 Y120.991 E461.2101
G1 X153.634 Y122.286 E461.25346
G1 X153.445 Y123.553 E461.29607
G1 X153.212 Y124.829 E461.33921
G1 X152.922 Y126.103 E461.38267
G1 X152.6 Y127.342 E461.42524
G1 X152.23 Y128.58 E461.46822
G1 X151.815 Y129.811 E461.51143
G1 X151.353 Y131.03 E461.55478
G1 X150.858 Y132.212 E461.59741
G1 X150.315 Y133.391 E461.64058
G1 X149.72 Y134.56 E461.68421
G1 X149.108 Y135.68 E461.72666
G1 X148.44 Y136.789 E461.76972
G1 X147.732 Y137.883 E461.81306
G1 X146.948 Y139.005 E461.85858
G1 X146.212 Y139.978 E461.89916
G1 X145.403 Y140.976 E461.94189
G1 X144.543 Y141.961 E461.98538
G1 X143.669 Y142.895 E462.02793
G1 X142.741 Y143.815 E462.07139
G1 X141.803 Y144.688 E462.11401
G1 X140.814 Y145.54 E462.15743
G1 X139.812 Y146.345 E462.20018
G1 X138.767 Y147.125 E462.24355
G1 X137.712 Y147.857 E462.28626
G1 X136.614 Y148.561 E462.32964
G1 X135.508 Y149.216 E462.37239
G1 X134.325 Y149.858 E462.41716
G1 X133.203 Y150.419 E462.45888
G1 X132.05 Y150.944 E462.50102
G1 X130.83 Y151.452 E462.54497
G1 X129.627 Y151.898 E462.58765
G1 X128.401 Y152.304 E462.6306
G1 X127.154 Y152.674 E462.67386
G1 X126.02 Y152.964 E462.71279
G1 X124.539 Y153.293 E462.76325
G1 X123.362 Y153.498 E462.80299
G1 X122.074 Y153.687 E462.84629
G1 X120.626 Y153.84 E462.89472
G1 X119.404 Y153.924 E462.93546
G1 X118.168 Y153.968 E462.97659
G1 X117.5 Y153.968 E462.99881
G0 F9000 X117.5 Y154.98
;MESH:NONMESH
G0 F300 X117.5 Y154.98 Z2.6
G0 F9000 X117.5 Y154.368
;TIME_ELAPSED:613.707329
;LAYER:12
;TYPE:WALL-INNER
;MESH:Led Ring.stl
G1 F1500 X116.92 Y154.368 E463.0181
G1 X115.68 Y154.327 E463.05936
G1 X114.453 Y154.246 E463.10026
G1 X113.165 Y154.119 E463.14331
G1 X111.781 Y153.927 E463.18978
G1 X110.479 Y153.7 E463.23374
G1 X109.211 Y153.432 E463.27685
G1 X107.922 Y153.105 E463.32108
G1 X106.673 Y152.747 E463.36429
G1 X105.418 Y152.336 E463.40821
G1 X104.188 Y151.888 E463.45175
G1 X102.985 Y151.395 E463.495
G1 X101.787 Y150.855 E463.5387
G1 X100.619 Y150.281 E463.58199
G1 X99.458 Y149.655 E463.62586
G1 X98.338 Y149.003 E463.66896
G1 X97.225 Y148.296 E463.71282
G1 X96.143 Y147.556 E463.75642
G1 X95.091 Y146.779 E463.79991
G1 X94.085 Y145.983 E463.84258
G1 X93.07 Y145.115 E463.887
G1 X92.106 Y144.232 E463.93048
G1 X91.183 Y143.321 E463.97362
G1 X90.278 Y142.362 E464.01747
G1 X89.411 Y141.381 E464.06102
G1 X88.582 Y140.368 E464.10455
G1 X87.798 Y139.336 E464.14766
G1 X87.034 Y138.258 E464.19161
G1 X86.314 Y137.163 E464.23519
G1 X85.639 Y136.044 E464.27866
G1 X85.01 Y134.912 E464.32173
G1 X84.404 Y133.735 E464.36576
G1 X83.855 Y132.561 E464.40887
G1 X83.34 Y131.349 E464.45267
G1 X82.872 Y130.136 E464.49591
G1 X82.441 Y128.886 E464.53989
G1 X82.064 Y127.635 E464.58335
G1 X81.727 Y126.371 E464.62685
G1 X81.434 Y125.094 E464.67043
G1 X81.187 Y123.809 E464.71395
G1 X80.988 Y122.527 E464.7571
G1 X80.834 Y121.229 E464.80058
G1 X80.724 Y119.913 E464.8445
G1 X80.664 Y118.608 E464.88795
G1 X80.648 Y117.332 E464.93039
G1 X80.68 Y115.989 E464.97508
G1 X80.756 Y114.661 E465.01932
G1 X80.884 Y113.379 E465.06217
G1 X81.052 Y112.084 E465.1056
G1 X81.268 Y110.804 E465.14878
G1 X81.528 Y109.52 E465.19235
G1 X81.834 Y108.245 E465.23596
G1 X82.187 Y106.991 E465.27929
G1 X82.587 Y105.728 E465.32335
G1 X83.026 Y104.51 E465.36641
G1 X83.514 Y103.283 E465.41033
G1 X84.031 Y102.1 E465.45327
G1 X84.605 Y100.916 E465.49704
G1 X85.218 Y99.751 E465.54082
G1 X85.862 Y98.622 E465.58405
G1 X86.555 Y97.511 E465.6276
G1 X87.293 Y96.42 E465.67141
G1 X88.054 Y95.367 E465.71462
G1 X88.86 Y94.334 E465.7582
G1 X89.698 Y93.333 E465.80162
G1 X90.577 Y92.362 E465.84519
G1 X91.487 Y91.423 E465.88868
G1 X92.438 Y90.509 E465.93255
G1 X93.41 Y89.635 E465.97602
G1 X94.409 Y88.801 E466.01931
G1 X95.444 Y88.001 E466.06282
G1 X96.501 Y87.237 E466.10619
G1 X97.594 Y86.508 E466.14989
G1 X98.707 Y85.826 E466.19331
G1 X99.857 Y85.172 E466.23731
G1 X101.048 Y84.549 E466.28201
G1 X102.185 Y84.005 E466.32394
G1 X103.394 Y83.482 E466.36775
G1 X104.612 Y82.997 E466.41135
G1 X105.836 Y82.567 E466.4545
G1 X107.095 Y82.173 E466.49838
G1 X108.355 Y81.823 E466.54188
G1 X109.621 Y81.527 E466.58512
G1 X110.914 Y81.267 E466.62898
G1 X112.202 Y81.056 E466.67239
G1 X113.491 Y80.89 E466.71562
G1 X114.755 Y80.772 E466.75784
G1 X116.103 Y80.7 E466.80274
G1 X117.42 Y80.672 E466.84656
G1 X118.718 Y80.696 E466.88974
G1 X120.037 Y80.762 E466.93366
G1 X121.329 Y80.876 E466.9768
G1 X122.643 Y81.035 E467.02082
G1 X123.94 Y81.242 E467.06451
G1 X125.215 Y81.491 E467.10771
G1 X126.609 Y81.813 E467.1553
G1 X127.753 Y82.13 E467.19478
G1 X128.994 Y82.513 E467.23798
G1 X130.233 Y82.944 E467.28161
G1 X131.464 Y83.421 E467.32552
G1 X132.66 Y83.941 E467.3689
G1 X133.837 Y84.495 E467.41216
G1 X134.983 Y85.09 E467.45511
G1 X136.144 Y85.743 E467.49942
G1 X137.246 Y86.412 E467.54229
G1 X138.345 Y87.138 E467.5861
G1 X139.415 Y87.896 E467.62972
G1 X140.459 Y88.701 E467.67356
G1 X141.459 Y89.527 E467.7167
G1 X142.439 Y90.397 E467.76029
G1 X143.371 Y91.285 E467.8031
G1 X144.308 Y92.243 E467.84767
G1 X145.182 Y93.203 E467.89085
G1 X145.983 Y94.147 E467.93203
G1 X146.836 Y95.224 E467.97773
G1 X147.613 Y96.283 E468.02141
G1 X148.348 Y97.368 E468.065
G1 X149.04 Y98.468 E468.10823
G1 X149.697 Y99.604 E468.15187
G1 X150.315 Y100.759 E468.19544
G1 X150.893 Y101.937 E468.23908
G1 X151.421 Y103.131 E468.28251
G1 X151.912 Y104.346 E468.32609
G1 X152.359 Y105.575 E468.36959
G1 X152.766 Y106.832 E468.41353
G1 X153.119 Y108.08 E468.45667
G1 X153.432 Y109.35 E468.50018
G1 X153.7 Y110.642 E468.54406
G1 X153.919 Y111.918 E468.58712
G1 X154.097 Y113.228 E468.63109
G1 X154.227 Y114.52 E468.67428
G1 X154.312 Y115.823 E468.71771
G1 X154.348 Y117.134 E468.76133
G1 X154.336 Y118.441 E468.80481
G1 X154.283 Y119.753 E468.84848
G1 X154.177 Y121.055 E468.89193
G1 X154.03 Y122.365 E468.93577
G1 X153.839 Y123.646 E468.97885
G1 X153.598 Y124.937 E469.02253
G1 X153.305 Y126.223 E469.0664
G1 X152.979 Y127.478 E469.10952
G1 X152.601 Y128.729 E469.15299
G1 X152.182 Y129.969 E469.19652
G1 X151.714 Y131.204 E469.24045
G1 X151.172 Y132.503 E469.28727
G1 X150.806 Y133.283 E469.31592
G1 X150.811 Y133.29 E469.31621
G1 X150.07 Y134.755 E469.37081
G1 X149.432 Y135.907 E469.41461
G1 X148.767 Y137.024 E469.45785
G1 X148.052 Y138.124 E469.50149
G1 X147.254 Y139.264 E469.54777
G1 X146.507 Y140.246 E469.58881
G1 X145.689 Y141.255 E469.63201
G1 X144.83 Y142.239 E469.67545
G1 X143.928 Y143.202 E469.71934
G1 X143.001 Y144.124 E469.76282
G1 X142.048 Y145.008 E469.80606
G1 X141.057 Y145.86 E469.84953
G1 X140.035 Y146.682 E469.89315
G1 X138.985 Y147.462 E469.93665
G1 X137.901 Y148.209 E469.98044
G1 X136.797 Y148.918 E470.02408
G1 X135.679 Y149.576 E470.06722
G1 X134.522 Y150.205 E470.11103
G1 X133.36 Y150.787 E470.15425
G1 X132.189 Y151.319 E470.19703
G1 X130.949 Y151.835 E470.2417
G1 X129.738 Y152.285 E470.28467
G1 X128.509 Y152.691 E470.32772
G1 X127.229 Y153.065 E470.37207
G1 X126.087 Y153.358 E470.41128
G1 X124.583 Y153.692 E470.46253
G1 X123.394 Y153.898 E470.50266
G1 X122.107 Y154.084 E470.54591
G1 X120.618 Y154.243 E470.59572
G1 X119.388 Y154.328 E470.63673
G1 X118.144 Y154.368 E470.67812
G1 X117.5 Y154.368 E470.69954
G0 F9000 X121.327 Y154.342
G0 X121.33 Y156.91
G0 X117.5 Y157.269
G1 F1500 X117.856 Y157.272 E470.71138
G1 X119.182 Y157.235 E470.7555
G1 X120.452 Y157.163 E470.79781
G1 X121.973 Y157.023 E470.84861
G1 X123.188 Y156.863 E470.88937
G1 X124.499 Y156.653 E470.93353
G1 X125.806 Y156.396 E470.97784
G1 X127.113 Y156.091 E471.02248
G1 X128.346 Y155.761 E471.06493
G1 X129.677 Y155.36 E471.11116
G1 X130.934 Y154.932 E471.15533
G1 X132.187 Y154.46 E471.19986
G1 X133.395 Y153.954 E471.24342
G1 X134.628 Y153.389 E471.28853
G1 X135.628 Y152.897 E471.3256
G1 X135.64 Y152.904 E471.32606
G1 X137.01 Y152.155 E471.378
G1 X138.239 Y151.436 E471.42535
G1 X139.277 Y150.772 E471.46634
G1 X140.309 Y150.071 E471.50783
G1 X141.447 Y149.248 E471.55454
G1 X142.529 Y148.401 E471.60024
G1 X143.542 Y147.549 E471.64427
G1 X144.546 Y146.65 E471.68909
G1 X145.489 Y145.745 E471.73256
G1 X146.423 Y144.788 E471.77704
G1 X147.328 Y143.794 E471.82175
G1 X148.204 Y142.766 E471.86667
G1 X149.033 Y141.721 E471.91104
G1 X149.887 Y140.572 E471.95865
G1 X150.576 Y139.568 E471.99915
G1 X151.31 Y138.423 E472.04439
G1 X151.985 Y137.283 E472.08846
G1 X152.625 Y136.126 E472.13243
G1 X153.231 Y134.939 E472.17676
G1 X153.913 Y133.445 E472.23138
G1 X153.925 Y133.442 E472.23179
G1 X154.319 Y132.5 E472.26576
G1 X154.8 Y131.252 E472.31024
G1 X155.242 Y129.995 E472.35456
G1 X155.641 Y128.703 E472.39953
G1 X156 Y127.405 E472.44432
G1 X156.329 Y126.035 E472.49119
G1 X156.572 Y124.804 E472.53292
G1 X156.794 Y123.505 E472.57675
G1 X156.953 Y122.309 E472.61688
G1 X157.106 Y120.864 E472.66521
G1 X157.197 Y119.499 E472.71071
G1 X157.244 Y118.16 E472.75527
G1 X157.243 Y116.826 E472.79964
G1 X157.198 Y115.54 E472.84244
G1 X157.104 Y114.161 E472.88841
G1 X156.96 Y112.721 E472.93655
G1 X156.772 Y111.414 E472.98047
G1 X156.574 Y110.236 E473.0202
G1 X156.33 Y109.009 E473.0618
G1 X155.995 Y107.615 E473.10949
G1 X155.63 Y106.306 E473.15469
G1 X155.23 Y105.026 E473.19929
G1 X154.789 Y103.762 E473.24382
G1 X154.316 Y102.538 E473.28746
G1 X153.873 Y101.498 E473.32506
G1 X153.878 Y101.49 E473.32537
G1 X153.233 Y100.112 E473.37598
G1 X152.61 Y98.893 E473.42151
G1 X151.964 Y97.724 E473.46593
G1 X151.277 Y96.572 E473.51054
G1 X150.555 Y95.45 E473.55492
G1 X149.868 Y94.457 E473.59508
G1 X149.005 Y93.291 E473.64333
G1 X148.184 Y92.254 E473.68732
G1 X147.3 Y91.222 E473.73252
G1 X146.399 Y90.235 E473.77697
G1 X145.464 Y89.278 E473.82147
G1 X144.502 Y88.357 E473.86576
G1 X143.507 Y87.469 E473.91012
G1 X142.505 Y86.622 E473.95376
G1 X141.451 Y85.8 E473.99821
G1 X140.295 Y84.959 E474.04576
G1 X139.337 Y84.311 E474.08423
G1 X138.136 Y83.549 E474.13154
G1 X136.995 Y82.885 E474.17544
G1 X135.525 Y82.097 E474.23092
G1 X135.525 Y82.087 E474.23125
G1 X134.599 Y81.642 E474.26542
G1 X133.395 Y81.094 E474.30942
G1 X132.161 Y80.578 E474.35391
G1 X130.901 Y80.102 E474.39871
G1 X129.638 Y79.673 E474.44307
G1 X128.473 Y79.32 E474.48356
G1 X126.98 Y78.919 E474.53497
G1 X125.75 Y78.642 E474.57691
G1 X124.47 Y78.391 E474.62029
G1 X123.162 Y78.182 E474.66435
G1 X121.95 Y78.027 E474.70499
G1 X120.427 Y77.879 E474.75588
G1 X119.164 Y77.812 E474.79795
G1 X117.806 Y77.776 E474.84313
G1 X116.481 Y77.789 E474.8872
G1 X115.143 Y77.845 E474.93175
G1 X113.801 Y77.948 E474.97651
G1 X112.477 Y78.095 E475.02082
G1 X111.152 Y78.285 E475.06534
G1 X109.839 Y78.518 E475.10969
G1 X108.544 Y78.795 E475.15374
G1 X107.249 Y79.118 E475.19813
G1 X105.954 Y79.489 E475.24293
G1 X104.677 Y79.897 E475.28752
G1 X103.424 Y80.35 E475.33184
G1 X102.203 Y80.834 E475.37552
G1 X100.97 Y81.375 E475.42031
G1 X99.755 Y81.956 E475.4651
G1 X98.582 Y82.567 E475.50909
G1 X97.427 Y83.215 E475.55314
G1 X96.264 Y83.921 E475.59839
G1 X95.158 Y84.647 E475.64239
G1 X94.064 Y85.419 E475.68693
G1 X93.01 Y86.213 E475.73082
G1 X91.965 Y87.063 E475.77562
G1 X90.949 Y87.946 E475.82039
G1 X89.966 Y88.856 E475.86494
G1 X89.018 Y89.797 E475.90937
G1 X88.105 Y90.766 E475.95365
G1 X87.237 Y91.749 E475.99727
G1 X86.38 Y92.792 E476.04217
G1 X85.574 Y93.842 E476.08619
G1 X84.786 Y94.946 E476.13131
G1 X84.057 Y96.037 E476.17495
G1 X83.352 Y97.175 E476.21947
G1 X82.68 Y98.353 E476.26458
G1 X82.053 Y99.535 E476.30908
G1 X81.475 Y100.724 E476.35305
G1 X80.928 Y101.953 E476.3978
G1 X80.432 Y103.169 E476.44148
G1 X79.964 Y104.444 E476.48665
G1 X79.589 Y105.572 E476.52618
G1 X79.179 Y106.96 E476.57432
G1 X78.844 Y108.265 E476.61913
G1 X78.548 Y109.594 E476.66442
G1 X78.308 Y110.88 E476.70793
G1 X78.105 Y112.228 E476.75327
G1 X77.952 Y113.55 E476.79753
G1 X77.84 Y114.849 E476.8409
G1 X77.772 Y116.193 E476.88566
G1 X77.748 Y117.528 E476.93007
G1 X77.773 Y118.878 E476.97498
G1 X77.841 Y120.224 E477.0198
G1 X77.951 Y121.498 E477.06233
G1 X78.117 Y122.913 E477.10972
G1 X78.308 Y124.167 E477.15191
G1 X78.557 Y125.499 E477.19698
G1 X78.849 Y126.806 E477.24152
G1 X79.185 Y128.112 E477.28637
G1 X79.593 Y129.497 E477.3344
G1 X79.978 Y130.644 E477.37464
G1 X80.441 Y131.901 E477.41919
G1 X80.945 Y133.137 E477.46359
G1 X81.494 Y134.367 E477.50839
G1 X82.074 Y135.557 E477.55242
G1 X82.69 Y136.714 E477.59601
G1 X83.365 Y137.893 E477.6412
G1 X84.07 Y139.031 E477.68572
G1 X84.798 Y140.122 E477.72935
G1 X85.589 Y141.224 E477.77446
G1 X86.394 Y142.274 E477.81847
G1 X87.253 Y143.316 E477.86338
G1 X88.136 Y144.316 E477.90776
G1 X89.05 Y145.285 E477.95206
G1 X89.983 Y146.21 E477.99576
G1 X90.981 Y147.13 E478.0409
G1 X91.982 Y148 E478.08501
G1 X93.03 Y148.85 E478.12989
G1 X94.1 Y149.655 E478.17443
G1 X95.198 Y150.429 E478.21911
G1 X96.305 Y151.152 E478.26309
G1 X97.448 Y151.845 E478.30754
G1 X98.621 Y152.501 E478.35225
G1 X99.798 Y153.113 E478.39637
G1 X101.011 Y153.69 E478.44104
G1 X102.227 Y154.223 E478.4852
G1 X103.467 Y154.715 E478.52957
G1 X104.725 Y155.162 E478.57398
G1 X105.999 Y155.572 E478.61849
G1 X107.291 Y155.937 E478.66315
G1 X108.568 Y156.259 E478.70695
G1 X109.863 Y156.534 E478.75098
G1 X111.175 Y156.767 E478.7953
G1 X112.5 Y156.956 E478.83982
G1 X113.824 Y157.102 E478.88412
G1 X115.192 Y157.205 E478.92975
G1 X116.526 Y157.26 E478.97416
G1 X117.5 Y157.269 E479.00655
G0 F9000 X117.5 Y157.669
;TYPE:WALL-OUTER
G1 F1500 X117.866 Y157.672 E479.01873
G1 X119.204 Y157.635 E479.06325
G1 X120.423 Y157.567 E479.10385
G1 X122.017 Y157.421 E479.15709
G1 X123.251 Y157.258 E479.19849
G1 X124.545 Y157.051 E479.24208
G1 X125.896 Y156.786 E479.28787
G1 X127.217 Y156.477 E479.33299
G1 X128.502 Y156.132 E479.37724
G1 X129.806 Y155.739 E479.42254
G1 X131.074 Y155.306 E479.46711
G1 X132.31 Y154.842 E479.51102
G1 X133.582 Y154.308 E479.5569
G1 X134.805 Y153.748 E479.60164
G1 X135.774 Y153.269 E479.63759
G1 X135.789 Y153.278 E479.63817
G1 X137.212 Y152.501 E479.6921
G1 X138.423 Y151.793 E479.73875
G1 X139.501 Y151.103 E479.78132
G1 X140.521 Y150.412 E479.8223
G1 X141.687 Y149.568 E479.87018
G1 X142.761 Y148.728 E479.91553
G1 X143.808 Y147.847 E479.96104
G1 X144.8 Y146.961 E480.00528
G1 X145.771 Y146.029 E480.05004
G1 X146.735 Y145.04 E480.09598
G1 X147.593 Y144.099 E480.13833
G1 X148.517 Y143.015 E480.1857
G1 X149.337 Y141.982 E480.22957
G1 X150.197 Y140.827 E480.27747
G1 X150.923 Y139.765 E480.32025
G1 X151.654 Y138.627 E480.36524
G1 X152.335 Y137.477 E480.40969
G1 X152.979 Y136.314 E480.45391
G1 X153.591 Y135.113 E480.49874
G1 X154.261 Y133.641 E480.55253
G1 X154.277 Y133.637 E480.55308
G1 X154.69 Y132.649 E480.5887
G1 X155.185 Y131.364 E480.6345
G1 X155.622 Y130.121 E480.67832
G1 X156.027 Y128.81 E480.72396
G1 X156.382 Y127.529 E480.76817
G1 X156.72 Y126.121 E480.81633
G1 X156.963 Y124.895 E480.8579
G1 X157.19 Y123.565 E480.90278
G1 X157.349 Y122.376 E480.94268
G1 X157.504 Y120.898 E480.9921
G1 X157.597 Y119.513 E481.03827
G1 X157.644 Y118.192 E481.08224
G1 X157.643 Y116.812 E481.12814
G1 X157.594 Y115.466 E481.17293
G1 X157.507 Y114.178 E481.21587
G1 X157.357 Y112.673 E481.26618
G1 X157.166 Y111.348 E481.3107
G1 X156.963 Y110.141 E481.35141
G1 X156.72 Y108.923 E481.39272
G1 X156.374 Y107.484 E481.44194
G1 X156.012 Y106.187 E481.48673
G1 X155.608 Y104.894 E481.53179
G1 X155.162 Y103.618 E481.57674
G1 X154.674 Y102.358 E481.62169
G1 X154.251 Y101.366 E481.65755
G1 X154.257 Y101.357 E481.65791
G1 X153.592 Y99.936 E481.7101
G1 X152.975 Y98.726 E481.75527
G1 X152.308 Y97.519 E481.80114
G1 X151.647 Y96.41 E481.84408
G1 X150.884 Y95.222 E481.89104
G1 X150.177 Y94.203 E481.93229
G1 X149.319 Y93.043 E481.98028
G1 X148.493 Y92 E482.02453
G1 X147.596 Y90.953 E482.07039
G1 X146.685 Y89.956 E482.1153
G1 X145.763 Y89.011 E482.15922
G1 X144.792 Y88.079 E482.20398
G1 X143.765 Y87.163 E482.24975
G1 X142.757 Y86.312 E482.29363
G1 X141.691 Y85.48 E482.3386
G1 X140.525 Y84.632 E482.38656
G1 X139.551 Y83.973 E482.42567
G1 X138.344 Y83.207 E482.47322
G1 X137.19 Y82.535 E482.51763
G1 X135.737 Y81.758 E482.57244
G1 X135.737 Y81.745 E482.57287
G1 X134.765 Y81.278 E482.60874
G1 X133.555 Y80.728 E482.65294
G1 X132.309 Y80.206 E482.69788
G1 X131.06 Y79.733 E482.7423
G1 X129.782 Y79.299 E482.78719
G1 X128.604 Y78.941 E482.82814
G1 X127.076 Y78.531 E482.88076
G1 X125.862 Y78.256 E482.92216
G1 X124.54 Y77.997 E482.96696
G1 X123.219 Y77.786 E483.01146
G1 X122.017 Y77.631 E483.05177
G1 X120.457 Y77.48 E483.10389
G1 X119.18 Y77.412 E483.14643
G1 X117.802 Y77.376 E483.19228
G1 X116.465 Y77.389 E483.23675
G1 X115.113 Y77.446 E483.28175
G1 X113.757 Y77.55 E483.32699
G1 X112.421 Y77.699 E483.3717
G1 X111.082 Y77.891 E483.41669
G1 X109.819 Y78.114 E483.45935
G1 X108.477 Y78.399 E483.50498
G1 X107.139 Y78.734 E483.55085
G1 X105.833 Y79.108 E483.59604
G1 X104.541 Y79.521 E483.64115
G1 X103.277 Y79.978 E483.68585
G1 X102.049 Y80.465 E483.72979
G1 X100.798 Y81.014 E483.77523
G1 X99.571 Y81.601 E483.82047
G1 X98.411 Y82.204 E483.86395
G1 X97.225 Y82.869 E483.90918
G1 X96.071 Y83.57 E483.95409
G1 X94.953 Y84.302 E483.99853
G1 X93.846 Y85.082 E484.04357
G1 X92.739 Y85.918 E484.08971
G1 X91.703 Y86.761 E484.13414
G1 X90.698 Y87.633 E484.17839
G1 X89.707 Y88.549 E484.22328
G1 X88.727 Y89.522 E484.26921
G1 X87.824 Y90.479 E484.31297
G1 X86.933 Y91.49 E484.35779
G1 X86.063 Y92.548 E484.40335
G1 X85.253 Y93.604 E484.44762
G1 X84.469 Y94.698 E484.49238
G1 X83.705 Y95.846 E484.53825
G1 X83.008 Y96.971 E484.58226
G1 X82.327 Y98.165 E484.62798
G1 X81.707 Y99.331 E484.6719
G1 X81.122 Y100.533 E484.71637
G1 X80.558 Y101.801 E484.76252
G1 X80.048 Y103.054 E484.80752
G1 X79.584 Y104.318 E484.8523
G1 X79.207 Y105.452 E484.89205
G1 X78.793 Y106.854 E484.94067
G1 X78.455 Y108.171 E484.98589
G1 X78.155 Y109.52 E485.03186
G1 X77.909 Y110.844 E485.07665
G1 X77.707 Y112.182 E485.12165
G1 X77.554 Y113.515 E485.16628
G1 X77.44 Y114.822 E485.20992
G1 X77.372 Y116.179 E485.25511
G1 X77.348 Y117.528 E485.29998
G1 X77.373 Y118.898 E485.34556
G1 X77.44 Y120.226 E485.38978
G1 X77.558 Y121.586 E485.43519
G1 X77.706 Y122.864 E485.47798
G1 X77.908 Y124.203 E485.52302
G1 X78.16 Y125.555 E485.56876
G1 X78.462 Y126.905 E485.61477
G1 X78.801 Y128.224 E485.66006
G1 X79.213 Y129.623 E485.70857
G1 X79.602 Y130.782 E485.74923
G1 X80.059 Y132.023 E485.79322
G1 X80.58 Y133.3 E485.83909
G1 X81.134 Y134.542 E485.88432
G1 X81.721 Y135.745 E485.92884
G1 X82.353 Y136.93 E485.97351
G1 X83.008 Y138.077 E486.01744
G1 X83.737 Y139.253 E486.06346
G1 X84.486 Y140.374 E486.10831
G1 X85.271 Y141.468 E486.15309
G1 X86.081 Y142.523 E486.19733
G1 X86.933 Y143.558 E486.24192
G1 X87.824 Y144.569 E486.28674
G1 X88.768 Y145.569 E486.33248
G1 X89.73 Y146.521 E486.37749
G1 X90.719 Y147.432 E486.42221
G1 X91.725 Y148.306 E486.46654
G1 X92.789 Y149.169 E486.5121
G1 X93.846 Y149.966 E486.55613
G1 X94.953 Y150.746 E486.60117
G1 X96.097 Y151.494 E486.64664
G1 X97.225 Y152.179 E486.69053
G1 X98.436 Y152.856 E486.73667
G1 X99.626 Y153.474 E486.78127
G1 X100.824 Y154.046 E486.82543
G1 X102.079 Y154.595 E486.87099
G1 X103.333 Y155.091 E486.91584
G1 X104.602 Y155.542 E486.96063
G1 X105.858 Y155.948 E487.00454
G1 X107.193 Y156.325 E487.05067
G1 X108.478 Y156.649 E487.09475
G1 X109.787 Y156.927 E487.13926
G1 X111.112 Y157.162 E487.18402
G1 X112.478 Y157.356 E487.22991
G1 X113.787 Y157.5 E487.27371
G1 X115.144 Y157.604 E487.31897
G1 X116.493 Y157.66 E487.36388
G1 X117.5 Y157.669 E487.39737
G1 F2700 E482.39737
G0 F9000 X117.502 Y157.361
G0 X121.33 Y156.91
G0 X121.327 Y154.342
G0 X117.5 Y154.28
G0 X117.5 Y153.968
G1 F2700 E487.39737
G1 F1500 X116.933 Y153.968 E487.41623
G1 X115.706 Y153.928 E487.45706
G1 X114.492 Y153.848 E487.49753
G1 X113.22 Y153.723 E487.54004
G1 X111.836 Y153.531 E487.58651
G1 X110.562 Y153.308 E487.62953
G1 X109.286 Y153.038 E487.67291
G1 X108.032 Y152.721 E487.71593
G1 X106.797 Y152.367 E487.75866
G1 X105.555 Y151.96 E487.80213
G1 X104.34 Y151.518 E487.84513
G1 X103.149 Y151.031 E487.88793
G1 X101.963 Y150.496 E487.9312
G1 X100.809 Y149.929 E487.97397
G1 X99.659 Y149.309 E488.01742
G1 X98.552 Y148.665 E488.06002
G1 X97.451 Y147.966 E488.1034
G1 X96.381 Y147.234 E488.14652
G1 X95.339 Y146.465 E488.18959
G1 X94.334 Y145.669 E488.23223
G1 X93.34 Y144.82 E488.27571
G1 X92.387 Y143.947 E488.31869
G1 X91.474 Y143.046 E488.36136
G1 X90.578 Y142.097 E488.40477
G1 X89.721 Y141.127 E488.44782
G1 X88.9 Y140.126 E488.49088
G1 X88.124 Y139.104 E488.53356
G1 X87.368 Y138.038 E488.57702
G1 X86.656 Y136.956 E488.6201
G1 X85.989 Y135.85 E488.66306
G1 X85.366 Y134.728 E488.70575
G1 X84.766 Y133.565 E488.74927
G1 X84.22 Y132.395 E488.79221
G1 X83.713 Y131.205 E488.83524
G1 X83.25 Y130.006 E488.87799
G1 X82.824 Y128.77 E488.92147
G1 X82.45 Y127.532 E488.96448
G1 X82.117 Y126.281 E489.00754
G1 X81.827 Y125.018 E489.05064
G1 X81.582 Y123.747 E489.09369
G1 X81.385 Y122.48 E489.13634
G1 X81.232 Y121.185 E489.17971
G1 X81.124 Y119.894 E489.2228
G1 X81.064 Y118.603 E489.26578
G1 X81.048 Y117.327 E489.30823
G1 X81.08 Y116.012 E489.35198
G1 X81.156 Y114.676 E489.39648
G1 X81.281 Y113.43 E489.43814
G1 X81.446 Y112.15 E489.48106
G1 X81.66 Y110.884 E489.52376
G1 X81.917 Y109.613 E489.56689
G1 X82.219 Y108.353 E489.60999
G1 X82.569 Y107.111 E489.65291
G1 X82.963 Y105.864 E489.6964
G1 X83.398 Y104.658 E489.73904
G1 X83.88 Y103.443 E489.78252
G1 X84.4 Y102.256 E489.82562
G1 X84.959 Y101.102 E489.86827
G1 X85.566 Y99.949 E489.91161
G1 X86.202 Y98.834 E489.9543
G1 X86.886 Y97.735 E489.99736
G1 X87.617 Y96.654 E490.04076
G1 X88.37 Y95.613 E490.08349
G1 X89.166 Y94.591 E490.12658
G1 X89.995 Y93.601 E490.16952
G1 X90.864 Y92.64 E490.21262
G1 X91.765 Y91.711 E490.25566
G1 X92.706 Y90.807 E490.29906
G1 X93.667 Y89.942 E490.34207
G1 X94.653 Y89.117 E490.38483
G1 X95.678 Y88.325 E490.42791
G1 X96.736 Y87.561 E490.47131
G1 X97.803 Y86.849 E490.51398
G1 X98.905 Y86.174 E490.55696
G1 X100.043 Y85.526 E490.60052
G1 X101.177 Y84.931 E490.64311
G1 X102.344 Y84.372 E490.68615
G1 X103.542 Y83.854 E490.72956
G1 X104.745 Y83.375 E490.77263
G1 X105.956 Y82.949 E490.81532
G1 X107.202 Y82.559 E490.85875
G1 X108.446 Y82.213 E490.90169
G1 X109.7 Y81.919 E490.94453
G1 X110.979 Y81.662 E490.98792
G1 X112.254 Y81.453 E491.0309
G1 X113.529 Y81.288 E491.07366
G1 X114.777 Y81.172 E491.11534
G1 X116.111 Y81.1 E491.15978
G1 X117.412 Y81.072 E491.20306
G1 X118.698 Y81.096 E491.24584
G1 X120.002 Y81.16 E491.28926
G1 X121.281 Y81.273 E491.33197
G1 X122.58 Y81.43 E491.37549
G1 X123.864 Y81.635 E491.41873
G1 X125.12 Y81.879 E491.46129
G1 X126.502 Y82.199 E491.50847
G1 X127.635 Y82.512 E491.54757
G1 X128.862 Y82.891 E491.59028
G1 X130.089 Y83.317 E491.63348
G1 X131.304 Y83.788 E491.67682
G1 X132.49 Y84.303 E491.71982
G1 X133.653 Y84.85 E491.76257
G1 X134.798 Y85.445 E491.80549
G1 X135.936 Y86.085 E491.84891
G1 X137.032 Y86.75 E491.89155
G1 X138.124 Y87.472 E491.93509
G1 X139.171 Y88.213 E491.97776
G1 X140.204 Y89.009 E492.02113
G1 X141.193 Y89.826 E492.0638
G1 X142.163 Y90.687 E492.10694
G1 X143.099 Y91.58 E492.14996
G1 X144.012 Y92.513 E492.19338
G1 X144.877 Y93.462 E492.23609
G1 X145.669 Y94.395 E492.27679
G1 X146.514 Y95.461 E492.32204
G1 X147.282 Y96.507 E492.3652
G1 X148.01 Y97.581 E492.40835
G1 X148.697 Y98.675 E492.45132
G1 X149.342 Y99.787 E492.49407
G1 X149.956 Y100.935 E492.53738
G1 X150.527 Y102.099 E492.5805
G1 X151.05 Y103.281 E492.62349
G1 X151.536 Y104.483 E492.66661
G1 X151.979 Y105.698 E492.70962
G1 X152.381 Y106.941 E492.75307
G1 X152.731 Y108.176 E492.79577
G1 X153.04 Y109.431 E492.83876
G1 X153.306 Y110.71 E492.88221
G1 X153.523 Y111.972 E492.9248
G1 X153.699 Y113.26 E492.96803
G1 X153.828 Y114.546 E493.01102
G1 X153.912 Y115.834 E493.05395
G1 X153.948 Y117.13 E493.09707
G1 X153.936 Y118.425 E493.14015
G1 X153.884 Y119.721 E493.18329
G1 X153.779 Y121.011 E493.22633
G1 X153.634 Y122.306 E493.26968
G1 X153.445 Y123.573 E493.31228
G1 X153.208 Y124.849 E493.35545
G1 X152.918 Y126.123 E493.39891
G1 X152.596 Y127.362 E493.44148
G1 X152.222 Y128.601 E493.48453
G1 X151.808 Y129.827 E493.52757
G1 X151.345 Y131.05 E493.57106
G1 X150.81 Y132.333 E493.6173
G1 X150.427 Y133.149 E493.64728
G1 X150.433 Y133.158 E493.64764
G1 X149.72 Y134.561 E493.69998
G1 X149.088 Y135.703 E493.74339
G1 X148.432 Y136.806 E493.78608
G1 X147.72 Y137.899 E493.82946
G1 X146.936 Y139.022 E493.87502
G1 X146.196 Y139.994 E493.91565
G1 X145.387 Y140.992 E493.95838
G1 X144.538 Y141.965 E494.00133
G1 X143.646 Y142.918 E494.04474
G1 X142.729 Y143.831 E494.08778
G1 X141.787 Y144.704 E494.1305
G1 X140.806 Y145.548 E494.17354
G1 X139.796 Y146.361 E494.21666
G1 X138.758 Y147.133 E494.25969
G1 X137.685 Y147.873 E494.30304
G1 X136.594 Y148.573 E494.34616
G1 X135.488 Y149.224 E494.38884
G1 X134.342 Y149.847 E494.43223
G1 X133.195 Y150.423 E494.47491
G1 X132.017 Y150.957 E494.51793
G1 X130.81 Y151.46 E494.56142
G1 X129.607 Y151.906 E494.6041
G1 X128.377 Y152.312 E494.64718
G1 X127.13 Y152.678 E494.6904
G1 X126 Y152.968 E494.72921
G1 X124.515 Y153.298 E494.7798
G1 X123.337 Y153.502 E494.81957
G1 X122.05 Y153.687 E494.86281
G1 X120.59 Y153.844 E494.91165
G1 X119.375 Y153.928 E494.95216
G1 X118.144 Y153.968 E494.99312
G1 X117.5 Y153.968 E495.01454
G0 F9000 X117.5 Y154.28
G0 X113.673 Y154.343
G0 X113.67 Y156.913
G0 X117.498 Y157.168
G0 X117.5 Y156.909
;TYPE:SKIN
G1 F1500 X116.535 Y156.9 E495.04664
G1 X115.193 Y156.844 E495.09131
G1 X113.857 Y156.739 E495.13589
G1 X113.856 Y154.549 E495.20873
G1 X114.408 Y154.604 E495.22718
G1 X115.651 Y154.684 E495.2686
G1 X116.909 Y154.728 E495.31047
G1 X118.136 Y154.728 E495.35128
G1 X119.403 Y154.688 E495.39344
G1 X120.639 Y154.6 E495.43466
G1 X121.14 Y154.547 E495.45141
G1 X121.14 Y156.737 E495.52425
G1 X120.439 Y156.799 E495.54766
G1 X119.175 Y156.875 E495.58978
G1 X117.861 Y156.912 E495.6335
G1 X117.5 Y156.909 E495.6455
G0 F9000 X117.498 Y157.168
G0 X113.67 Y156.913
G0 X113.599 Y156.483
G0 X114.056 Y156.483
G1 F1500 X114.133 Y156.56 E495.64913
G0 F9000 X114.747 Y156.608
G1 F1500 X114.056 Y155.917 E495.68163
G0 F9000 X114.056 Y155.351
G1 F1500 X115.355 Y156.65 E495.74273
G0 F9000 X115.946 Y156.675
G1 F1500 X114.056 Y154.786 E495.83161
G0 F9000 X114.657 Y154.821
G1 F1500 X116.537 Y156.701 E495.92004
G0 F9000 X117.107 Y156.705
G1 F1500 X115.262 Y154.86 E496.00682
G0 F9000 X115.859 Y154.892
G1 F1500 X117.677 Y156.71 E496.09233
G0 F9000 X118.234 Y156.701
G1 F1500 X116.446 Y154.912 E496.17646
G0 F9000 X117.027 Y154.928
G1 F1500 X118.785 Y156.686 E496.25915
G0 F9000 X119.329 Y156.664
G1 F1500 X117.593 Y154.928 E496.3408
G0 F9000 X118.158 Y154.928
G1 F1500 X119.863 Y156.633 E496.421
G0 F9000 X120.397 Y156.601
G1 F1500 X118.706 Y154.91 E496.50054
G0 F9000 X119.254 Y154.892
G1 F1500 X120.917 Y156.556 E496.57879
G0 F9000 X120.94 Y156.013
G1 F1500 X119.789 Y154.861 E496.63295
G0 F9000 X120.318 Y154.825
G1 F1500 X120.94 Y155.447 E496.66221
G0 F9000 X120.94 Y154.881
G1 F1500 X120.84 Y154.781 E496.66691
G0 F9000 X121.701 Y154.781
;MESH:NONMESH
G0 F300 X121.701 Y154.781 Z2.8
G0 F9000 X121.327 Y154.342
G0 X117.5 Y154.368
;TIME_ELAPSED:658.204218
;LAYER:13
;TYPE:WALL-INNER
;MESH:Led Ring.stl
G1 F1500 X116.9 Y154.368 E496.68687
G1 X115.664 Y154.327 E496.728
G1 X114.445 Y154.246 E496.76863
G1 X113.156 Y154.119 E496.81171
G1 X111.744 Y153.92 E496.85914
G1 X110.439 Y153.691 E496.90321
G1 X109.195 Y153.428 E496.9455
G1 X107.909 Y153.105 E496.9896
G1 X106.657 Y152.743 E497.03295
G1 X105.405 Y152.332 E497.07677
G1 X104.185 Y151.884 E497.12
G1 X102.964 Y151.387 E497.16385
G1 X101.776 Y150.847 E497.20725
G1 X100.604 Y150.273 E497.25066
G1 X99.452 Y149.654 E497.29415
G1 X98.322 Y148.991 E497.33773
G1 X97.299 Y148.341 E497.37804
G1 X96.135 Y147.551 E497.42483
G1 X95.078 Y146.77 E497.46854
G1 X94.062 Y145.961 E497.51174
G1 X93.062 Y145.107 E497.55548
G1 X92.102 Y144.227 E497.59879
G1 X91.163 Y143.3 E497.64268
G1 X90.266 Y142.35 E497.68613
G1 X89.398 Y141.367 E497.72975
G1 X88.575 Y140.353 E497.77319
G1 X87.781 Y139.314 E497.81668
G1 X87.035 Y138.255 E497.85976
G1 X86.305 Y137.15 E497.90381
G1 X85.632 Y136.029 E497.9473
G1 X84.993 Y134.885 E497.99088
G1 X84.4 Y133.723 E498.03427
G1 X83.843 Y132.535 E498.07791
G1 X83.331 Y131.331 E498.12143
G1 X82.864 Y130.108 E498.16497
G1 X82.446 Y128.899 E498.20752
G1 X82.055 Y127.617 E498.2521
G1 X81.723 Y126.355 E498.2955
G1 X81.43 Y125.078 E498.33908
G1 X81.182 Y123.791 E498.38267
G1 X80.988 Y122.511 E498.42573
G1 X80.834 Y121.203 E498.46953
G1 X80.724 Y119.897 E498.51312
G1 X80.664 Y118.588 E498.55671
G1 X80.648 Y117.316 E498.59902
G1 X80.681 Y115.971 E498.64377
G1 X80.762 Y114.622 E498.68872
G1 X80.884 Y113.362 E498.73082
G1 X81.052 Y112.075 E498.77399
G1 X81.272 Y110.788 E498.81741
G1 X81.532 Y109.508 E498.86086
G1 X81.838 Y108.229 E498.9046
G1 X82.192 Y106.973 E498.948
G1 X82.594 Y105.714 E498.99196
G1 X83.03 Y104.494 E499.03505
G1 X83.518 Y103.267 E499.07897
G1 X84.04 Y102.076 E499.12222
G1 X84.612 Y100.905 E499.16556
G1 X85.227 Y99.733 E499.20958
G1 X85.873 Y98.608 E499.25273
G1 X86.562 Y97.496 E499.29624
G1 X87.294 Y96.411 E499.33977
G1 X88.062 Y95.355 E499.3832
G1 X88.869 Y94.321 E499.42683
G1 X89.696 Y93.337 E499.46958
G1 X90.589 Y92.35 E499.51385
G1 X91.5 Y91.411 E499.55736
G1 X92.451 Y90.497 E499.60124
G1 X93.428 Y89.622 E499.64486
G1 X94.424 Y88.793 E499.68796
G1 X95.445 Y88.001 E499.73094
G1 X96.52 Y87.228 E499.77497
G1 X97.619 Y86.498 E499.81886
G1 X98.723 Y85.814 E499.86205
G1 X99.851 Y85.173 E499.9052
G1 X101.046 Y84.55 E499.95003
G1 X102.204 Y83.997 E499.99271
G1 X103.392 Y83.481 E500.03579
G1 X104.631 Y82.994 E500.08007
G1 X105.851 Y82.56 E500.12313
G1 X107.094 Y82.174 E500.16642
G1 X108.375 Y81.819 E500.21064
G1 X109.618 Y81.527 E500.2531
G1 X110.934 Y81.263 E500.29775
G1 X112.224 Y81.052 E500.34122
G1 X113.508 Y80.89 E500.38427
G1 X114.771 Y80.772 E500.42646
G1 X116.118 Y80.7 E500.47132
G1 X117.44 Y80.672 E500.5153
G1 X118.738 Y80.696 E500.55848
G1 X120.038 Y80.76 E500.60177
G1 X121.35 Y80.876 E500.64558
G1 X122.658 Y81.039 E500.68942
G1 X123.948 Y81.242 E500.73285
G1 X125.238 Y81.495 E500.77658
G1 X126.625 Y81.821 E500.82397
G1 X127.436 Y82.046 E500.85196
G1 X127.626 Y82.089 E500.85844
G1 X129.128 Y82.554 E500.91073
G1 X130.258 Y82.952 E500.95058
G1 X131.483 Y83.429 E500.9943
G1 X132.681 Y83.949 E501.03774
G1 X133.853 Y84.502 E501.08084
G1 X135.015 Y85.104 E501.12437
G1 X136.165 Y85.751 E501.16826
G1 X137.285 Y86.436 E501.21192
G1 X138.348 Y87.141 E501.25435
G1 X139.426 Y87.908 E501.29835
G1 X140.475 Y88.714 E501.34235
G1 X141.459 Y89.53 E501.38487
G1 X142.454 Y90.409 E501.42903
G1 X143.418 Y91.329 E501.47335
G1 X144.319 Y92.259 E501.51642
G1 X145.194 Y93.216 E501.55954
G1 X146.048 Y94.224 E501.60349
G1 X146.849 Y95.242 E501.64657
G1 X147.621 Y96.298 E501.69008
G1 X148.357 Y97.381 E501.73363
G1 X149.051 Y98.491 E501.77717
G1 X149.71 Y99.625 E501.82079
G1 X150.475 Y101.074 E501.87529
G1 X150.47 Y101.081 E501.87558
G1 X150.856 Y101.867 E501.9047
G1 X151.425 Y103.14 E501.95108
G1 X151.921 Y104.364 E501.995
G1 X152.364 Y105.595 E502.03852
G1 X152.77 Y106.852 E502.08245
G1 X153.123 Y108.1 E502.12559
G1 X153.436 Y109.369 E502.16906
G1 X153.704 Y110.651 E502.21262
G1 X153.924 Y111.949 E502.25641
G1 X154.102 Y113.249 E502.30005
G1 X154.227 Y114.54 E502.34319
G1 X154.312 Y115.843 E502.38662
G1 X154.348 Y117.154 E502.43024
G1 X154.336 Y118.462 E502.47375
G1 X154.278 Y119.771 E502.51733
G1 X154.177 Y121.077 E502.5609
G1 X154.026 Y122.389 E502.60482
G1 X153.834 Y123.672 E502.64797
G1 X153.59 Y124.956 E502.69144
G1 X153.301 Y126.245 E502.73538
G1 X152.972 Y127.496 E502.7784
G1 X152.593 Y128.761 E502.82232
G1 X152.137 Y130.104 E502.86949
G1 X151.706 Y131.224 E502.90941
G1 X151.204 Y132.422 E502.95261
G1 X150.652 Y133.607 E502.99609
G1 X150.061 Y134.776 E503.03966
G1 X149.427 Y135.916 E503.08304
G1 X148.756 Y137.039 E503.12655
G1 X148.035 Y138.149 E503.17058
G1 X147.284 Y139.217 E503.214
G1 X146.502 Y140.255 E503.25723
G1 X145.676 Y141.272 E503.3008
G1 X144.82 Y142.249 E503.34401
G1 X143.935 Y143.195 E503.38709
G1 X142.993 Y144.133 E503.43131
G1 X142.032 Y145.019 E503.47478
G1 X141.043 Y145.872 E503.51822
G1 X140.018 Y146.695 E503.56194
G1 X138.962 Y147.478 E503.60567
G1 X137.907 Y148.208 E503.64834
G1 X136.78 Y148.93 E503.69285
G1 X135.659 Y149.588 E503.73609
G1 X134.519 Y150.208 E503.77925
G1 X133.34 Y150.795 E503.82305
G1 X132.169 Y151.327 E503.86583
G1 X130.929 Y151.843 E503.9105
G1 X129.712 Y152.294 E503.95367
G1 X128.469 Y152.704 E503.9972
G1 X127.217 Y153.07 E504.04059
G1 X125.946 Y153.395 E504.08422
G1 X124.656 Y153.671 E504.1281
G1 X123.377 Y153.902 E504.17133
G1 X122.075 Y154.088 E504.21507
G1 X121.141 Y154.194 E504.24634
G1 X120.483 Y154.255 E504.26832
G1 X119.356 Y154.328 E504.30588
G1 X118.12 Y154.368 E504.34701
G1 X117.5 Y154.368 E504.36763
G0 F9000 X112.807 Y154.245
G0 X112.805 Y156.875
G0 X117.5 Y157.326
G1 F1500 X117.852 Y157.328 E504.37934
G1 X119.186 Y157.295 E504.42372
G1 X120.456 Y157.223 E504.46603
G1 X122.011 Y157.08 E504.51797
G1 X123.193 Y156.92 E504.55764
G1 X124.512 Y156.709 E504.60207
G1 X125.794 Y156.457 E504.64552
G1 X127.125 Y156.147 E504.69098
G1 X128.358 Y155.817 E504.73343
G1 X129.694 Y155.416 E504.77982
G1 X130.933 Y154.995 E504.82335
G1 X132.21 Y154.512 E504.86876
G1 X133.419 Y154.006 E504.91235
G1 X134.673 Y153.43 E504.95825
G1 X135.663 Y152.943 E504.99494
G1 X135.677 Y152.951 E504.99548
G1 X137.113 Y152.164 E505.04994
G1 X138.27 Y151.485 E505.09456
G1 X139.314 Y150.821 E505.13571
G1 X140.322 Y150.133 E505.1763
G1 X141.502 Y149.277 E505.22479
G1 X142.546 Y148.465 E505.26878
G1 X143.579 Y147.596 E505.31368
G1 X144.586 Y146.694 E505.35864
G1 X145.529 Y145.786 E505.40218
G1 X146.478 Y144.81 E505.44746
G1 X147.372 Y143.829 E505.49161
G1 X148.247 Y142.802 E505.53648
G1 X149.068 Y141.774 E505.58024
G1 X149.925 Y140.615 E505.62818
G1 X150.636 Y139.58 E505.66994
G1 X151.345 Y138.476 E505.71358
G1 X152.038 Y137.31 E505.7587
G1 X152.689 Y136.131 E505.80349
G1 X153.285 Y134.953 E505.8474
G1 X153.857 Y133.728 E505.89237
G1 X154.372 Y132.517 E505.93614
G1 X154.865 Y131.247 E505.98145
G1 X155.294 Y130.012 E506.02493
G1 X155.692 Y128.734 E506.06945
G1 X156.051 Y127.441 E506.11408
G1 X156.385 Y126.047 E506.16176
G1 X156.628 Y124.816 E506.20349
G1 X156.853 Y123.49 E506.24823
G1 X157.012 Y122.335 E506.28701
G1 X157.166 Y120.868 E506.33607
G1 X157.257 Y119.501 E506.38163
G1 X157.3 Y118.186 E506.42539
G1 X157.299 Y116.828 E506.47056
G1 X157.258 Y115.542 E506.51336
G1 X157.164 Y114.155 E506.55959
G1 X157.016 Y112.712 E506.60784
G1 X156.851 Y111.524 E506.64773
G1 X156.622 Y110.182 E506.69301
G1 X156.379 Y108.971 E506.73409
G1 X156.044 Y107.573 E506.78191
G1 X155.686 Y106.294 E506.82608
G1 X155.29 Y105.024 E506.87033
G1 X154.843 Y103.739 E506.91558
G1 X154.359 Y102.498 E506.95988
G1 X153.844 Y101.289 E507.00359
G1 X153.266 Y100.055 E507.04891
G1 X152.662 Y98.869 E507.09318
G1 X152.023 Y97.71 E507.1372
G1 X151.341 Y96.56 E507.18167
G1 X150.617 Y95.438 E507.22608
G1 X149.842 Y94.319 E507.27135
G1 X149.044 Y93.242 E507.31594
G1 X148.212 Y92.198 E507.36034
G1 X147.379 Y91.224 E507.40297
G1 X146.428 Y90.184 E507.44984
G1 X145.538 Y89.271 E507.49224
G1 X144.559 Y88.328 E507.53745
G1 X143.546 Y87.424 E507.58261
G1 X142.546 Y86.583 E507.62607
G1 X141.465 Y85.743 E507.6716
G1 X140.355 Y84.929 E507.71739
G1 X139.278 Y84.204 E507.76057
G1 X138.227 Y83.541 E507.8019
G1 X137.021 Y82.831 E507.84844
G1 X135.651 Y82.09 E507.90025
G1 X135.644 Y82.094 E507.90052
G1 X134.613 Y81.585 E507.93876
G1 X133.42 Y81.038 E507.98241
G1 X132.186 Y80.526 E508.02685
G1 X130.921 Y80.05 E508.0718
G1 X129.676 Y79.628 E508.11552
G1 X128.365 Y79.232 E508.16107
G1 X127.082 Y78.889 E508.20525
G1 X125.766 Y78.587 E508.25015
G1 X124.478 Y78.335 E508.2938
G1 X123.169 Y78.122 E508.33791
G1 X121.882 Y77.957 E508.38107
G1 X120.431 Y77.823 E508.42954
G1 X119.163 Y77.752 E508.47178
G1 X117.806 Y77.716 E508.51693
G1 X116.479 Y77.729 E508.56106
G1 X115.164 Y77.787 E508.60484
G1 X113.819 Y77.886 E508.6497
G1 X112.519 Y78.028 E508.6932
G1 X111.147 Y78.228 E508.73931
G1 X109.826 Y78.462 E508.78393
G1 X108.555 Y78.733 E508.82716
G1 X107.231 Y79.062 E508.87253
G1 X105.936 Y79.433 E508.91734
G1 X104.685 Y79.836 E508.96105
G1 X103.399 Y80.296 E509.00648
G1 X102.163 Y80.79 E509.05075
G1 X100.913 Y81.339 E509.09616
G1 X99.706 Y81.917 E509.14067
G1 X98.552 Y82.517 E509.18393
G1 X97.395 Y83.166 E509.22805
G1 X96.238 Y83.872 E509.27313
G1 X95.145 Y84.585 E509.31653
G1 X94.022 Y85.376 E509.36222
G1 X92.974 Y86.169 E509.40593
G1 X91.924 Y87.02 E509.45088
G1 X90.908 Y87.903 E509.49566
G1 X89.928 Y88.814 E509.54016
G1 X88.977 Y89.754 E509.58463
G1 X88.059 Y90.727 E509.62913
G1 X87.193 Y91.713 E509.67277
G1 X86.335 Y92.757 E509.71772
G1 X85.517 Y93.826 E509.76249
G1 X84.736 Y94.914 E509.80703
G1 X83.996 Y96.026 E509.85146
G1 X83.304 Y97.143 E509.89516
G1 X82.627 Y98.327 E509.94053
G1 X82.027 Y99.462 E509.98323
G1 X81.432 Y100.679 E510.02828
G1 X80.871 Y101.936 E510.07407
G1 X80.373 Y103.169 E510.11829
G1 X79.915 Y104.402 E510.16204
G1 X79.537 Y105.556 E510.20243
G1 X79.123 Y106.949 E510.25076
G1 X78.788 Y108.253 E510.29554
G1 X78.492 Y109.582 E510.34083
G1 X78.252 Y110.872 E510.38447
G1 X78.049 Y112.22 E510.42981
G1 X77.892 Y113.549 E510.47432
G1 X77.783 Y114.868 E510.51834
G1 X77.716 Y116.193 E510.56247
G1 X77.692 Y117.528 E510.60688
G1 X77.717 Y118.878 E510.65179
G1 X77.784 Y120.228 E510.69674
G1 X77.898 Y121.569 E510.74151
G1 X78.047 Y122.827 E510.78364
G1 X78.256 Y124.199 E510.8298
G1 X78.502 Y125.512 E510.87423
G1 X78.788 Y126.796 E510.91798
G1 X79.123 Y128.101 E510.96279
G1 X79.529 Y129.492 E511.01099
G1 X79.922 Y130.665 E511.05213
G1 X80.387 Y131.917 E511.09655
G1 X80.891 Y133.165 E511.14132
G1 X81.442 Y134.39 E511.186
G1 X82.025 Y135.584 E511.23019
G1 X82.65 Y136.764 E511.2746
G1 X83.317 Y137.926 E511.31916
G1 X84.022 Y139.063 E511.36366
G1 X84.764 Y140.174 E511.4081
G1 X85.545 Y141.261 E511.45261
G1 X86.362 Y142.326 E511.49726
G1 X87.209 Y143.351 E511.54148
G1 X88.093 Y144.358 E511.58605
G1 X89.012 Y145.33 E511.63054
G1 X89.959 Y146.265 E511.67481
G1 X90.942 Y147.176 E511.71938
G1 X91.961 Y148.06 E511.76425
G1 X92.995 Y148.891 E511.80837
G1 X94.071 Y149.705 E511.85325
G1 X95.167 Y150.477 E511.89783
G1 X96.276 Y151.2 E511.94187
G1 X97.378 Y151.869 E511.98474
G1 X98.596 Y152.555 E512.03124
G1 X99.752 Y153.154 E512.07454
G1 X100.988 Y153.743 E512.12008
G1 X102.205 Y154.273 E512.16423
G1 X103.45 Y154.772 E512.20884
G1 X104.685 Y155.211 E512.25244
G1 X105.983 Y155.628 E512.29778
G1 X107.276 Y155.993 E512.34247
G1 X108.556 Y156.315 E512.38637
G1 X109.875 Y156.595 E512.43121
G1 X111.167 Y156.823 E512.47485
G1 X112.492 Y157.012 E512.51937
G1 X113.82 Y157.158 E512.5638
G1 X115.187 Y157.261 E512.6094
G1 X116.503 Y157.32 E512.65321
G1 X117.5 Y157.326 E512.68637
G0 F9000 X117.5 Y157.726
;TYPE:WALL-OUTER
G1 F1500 X117.862 Y157.728 E512.69841
G1 X119.208 Y157.695 E512.74319
G1 X120.427 Y157.627 E512.7838
G1 X122.025 Y157.481 E512.83717
G1 X123.256 Y157.315 E512.87849
G1 X124.557 Y157.107 E512.92231
G1 X125.909 Y156.841 E512.96814
G1 X127.166 Y156.55 E513.01105
G1 X128.514 Y156.188 E513.05747
G1 X129.822 Y155.795 E513.1029
G1 X131.068 Y155.371 E513.14667
G1 X132.334 Y154.894 E513.19167
G1 X133.606 Y154.36 E513.23756
G1 X134.851 Y153.788 E513.28313
G1 X135.805 Y153.317 E513.31851
G1 X135.823 Y153.327 E513.3192
G1 X137.241 Y152.552 E513.37294
G1 X138.484 Y151.823 E513.42087
G1 X139.539 Y151.151 E513.46248
G1 X140.552 Y150.46 E513.50326
G1 X141.748 Y149.593 E513.55239
G1 X142.798 Y148.776 E513.59664
G1 X143.845 Y147.894 E513.64217
G1 X144.839 Y147.005 E513.68653
G1 X145.811 Y146.07 E513.73139
G1 X146.754 Y145.102 E513.77633
G1 X147.676 Y144.089 E513.82189
G1 X148.541 Y143.076 E513.8662
G1 X149.385 Y142.018 E513.91121
G1 X150.237 Y140.867 E513.95884
G1 X150.957 Y139.821 E514.00108
G1 X151.685 Y138.686 E514.04592
G1 X152.388 Y137.504 E514.09167
G1 X153.031 Y136.342 E514.13584
G1 X153.636 Y135.148 E514.18036
G1 X154.213 Y133.914 E514.22566
G1 X154.752 Y132.643 E514.27158
G1 X155.243 Y131.379 E514.31668
G1 X155.674 Y130.137 E514.36041
G1 X156.076 Y128.847 E514.40535
G1 X156.438 Y127.541 E514.45043
G1 X156.776 Y126.133 E514.49859
G1 X157.022 Y124.883 E514.54096
G1 X157.246 Y123.573 E514.58516
G1 X157.412 Y122.355 E514.62605
G1 X157.564 Y120.902 E514.67464
G1 X157.656 Y119.546 E514.71984
G1 X157.7 Y118.162 E514.7659
G1 X157.699 Y116.815 E514.8107
G1 X157.654 Y115.463 E514.85569
G1 X157.562 Y114.115 E514.90063
G1 X157.413 Y112.664 E514.94914
G1 X157.246 Y111.463 E514.98947
G1 X157.014 Y110.104 E515.03533
G1 X156.776 Y108.911 E515.07579
G1 X156.438 Y107.499 E515.12408
G1 X156.068 Y106.175 E515.1698
G1 X155.67 Y104.899 E515.21426
G1 X155.216 Y103.594 E515.26022
G1 X154.727 Y102.342 E515.30492
G1 X154.209 Y101.126 E515.34888
G1 X153.623 Y99.874 E515.39486
G1 X153.027 Y98.702 E515.43859
G1 X152.37 Y97.512 E515.4838
G1 X151.681 Y96.35 E515.52873
G1 X150.933 Y95.192 E515.57459
G1 X150.164 Y94.081 E515.61953
G1 X149.377 Y93.018 E515.66352
G1 X148.516 Y91.938 E515.70946
G1 X147.683 Y90.964 E515.75208
G1 X146.714 Y89.905 E515.79983
G1 X145.766 Y88.934 E515.84496
G1 X144.831 Y88.035 E515.8881
G1 X143.804 Y87.118 E515.93389
G1 X142.798 Y86.272 E515.97761
G1 X141.723 Y85.436 E516.02291
G1 X140.56 Y84.584 E516.07086
G1 X139.492 Y83.866 E516.11366
G1 X138.455 Y83.211 E516.15446
G1 X137.189 Y82.467 E516.2033
G1 X135.807 Y81.719 E516.25556
G1 X135.798 Y81.725 E516.25592
G1 X134.779 Y81.221 E516.29373
G1 X133.58 Y80.672 E516.33759
G1 X132.334 Y80.154 E516.38247
G1 X131.08 Y79.681 E516.42705
G1 X129.798 Y79.247 E516.47207
G1 X128.497 Y78.853 E516.51728
G1 X127.172 Y78.499 E516.5629
G1 X125.874 Y78.2 E516.6072
G1 X124.548 Y77.941 E516.65213
G1 X123.227 Y77.726 E516.69665
G1 X121.926 Y77.559 E516.74028
G1 X120.461 Y77.424 E516.78921
G1 X119.179 Y77.352 E516.83191
G1 X117.802 Y77.316 E516.87773
G1 X116.462 Y77.329 E516.9223
G1 X115.114 Y77.39 E516.96718
G1 X113.75 Y77.491 E517.01267
G1 X112.475 Y77.63 E517.05533
G1 X111.077 Y77.834 E517.10232
G1 X109.808 Y78.058 E517.14518
G1 X108.465 Y78.343 E517.19084
G1 X107.121 Y78.678 E517.23691
G1 X105.814 Y79.053 E517.28214
G1 X104.531 Y79.467 E517.32698
G1 X103.251 Y79.924 E517.37218
G1 X102.003 Y80.424 E517.4169
G1 X100.8 Y80.95 E517.46057
G1 X99.522 Y81.562 E517.5077
G1 X98.412 Y82.137 E517.54927
G1 X97.166 Y82.837 E517.59681
G1 X96.02 Y83.537 E517.64147
G1 X94.895 Y84.272 E517.68617
G1 X93.806 Y85.038 E517.73045
G1 X92.704 Y85.873 E517.77644
G1 X91.685 Y86.698 E517.82004
G1 X90.636 Y87.609 E517.86625
G1 X89.689 Y88.487 E517.90921
G1 X88.708 Y89.456 E517.95507
G1 X87.78 Y90.439 E518.00003
G1 X86.889 Y91.454 E518.04495
G1 X86.018 Y92.513 E518.09056
G1 X85.209 Y93.568 E518.13478
G1 X84.421 Y94.666 E518.17973
G1 X83.656 Y95.815 E518.22564
G1 X82.96 Y96.939 E518.26961
G1 X82.273 Y98.14 E518.31563
G1 X81.646 Y99.329 E518.36034
G1 X81.07 Y100.509 E518.40401
G1 X80.513 Y101.755 E518.4494
G1 X80.007 Y103.005 E518.49426
G1 X79.537 Y104.27 E518.53914
G1 X79.155 Y105.436 E518.57995
G1 X78.737 Y106.842 E518.62874
G1 X78.399 Y108.159 E518.67396
G1 X78.105 Y109.477 E518.71887
G1 X77.853 Y110.836 E518.76484
G1 X77.651 Y112.173 E518.80982
G1 X77.496 Y113.485 E518.85376
G1 X77.384 Y114.818 E518.89825
G1 X77.316 Y116.179 E518.94357
G1 X77.292 Y117.528 E518.98845
G1 X77.317 Y118.898 E519.03402
G1 X77.386 Y120.261 E519.07942
G1 X77.501 Y121.616 E519.12464
G1 X77.65 Y122.874 E519.16678
G1 X77.852 Y124.211 E519.21175
G1 X78.111 Y125.599 E519.25871
G1 X78.406 Y126.917 E519.30364
G1 X78.737 Y128.207 E519.34793
G1 X79.147 Y129.612 E519.39661
G1 X79.547 Y130.804 E519.43843
G1 X80.016 Y132.066 E519.48321
G1 X80.526 Y133.329 E519.52851
G1 X81.082 Y134.565 E519.57359
G1 X81.671 Y135.77 E519.6182
G1 X82.303 Y136.962 E519.66307
G1 X82.96 Y138.109 E519.70704
G1 X83.689 Y139.285 E519.75306
G1 X84.421 Y140.382 E519.79692
G1 X85.227 Y141.504 E519.84287
G1 X86.053 Y142.58 E519.88799
G1 X86.889 Y143.594 E519.9317
G1 X87.78 Y144.609 E519.97662
G1 X88.708 Y145.592 E520.02158
G1 X89.687 Y146.558 E520.06732
G1 X90.658 Y147.459 E520.11138
G1 X91.71 Y148.371 E520.15769
G1 X92.753 Y149.21 E520.20221
G1 X93.84 Y150.032 E520.24754
G1 X94.948 Y150.812 E520.2926
G1 X96.068 Y151.542 E520.33707
G1 X97.223 Y152.241 E520.38197
G1 X98.412 Y152.91 E520.42735
G1 X99.601 Y153.525 E520.47187
G1 X100.8 Y154.097 E520.51606
G1 X102.03 Y154.635 E520.56071
G1 X103.283 Y155.136 E520.60559
G1 X104.557 Y155.59 E520.65058
G1 X105.842 Y156.004 E520.69548
G1 X107.178 Y156.381 E520.74165
G1 X108.466 Y156.705 E520.78582
G1 X109.805 Y156.989 E520.83135
G1 X111.104 Y157.218 E520.87522
G1 X112.442 Y157.409 E520.92017
G1 X113.783 Y157.556 E520.96504
G1 X115.141 Y157.66 E521.01034
G1 X116.493 Y157.72 E521.05535
G1 X117.5 Y157.726 E521.08885
G1 F2700 E516.08885
G0 F9000 X117.502 Y157.419
G0 X122.196 Y156.882
G0 X122.192 Y154.249
G0 X117.5 Y154.28
G0 X117.5 Y153.968
G1 F2700 E521.08885
G1 F1500 X116.913 Y153.968 E521.10837
G1 X115.69 Y153.928 E521.14907
G1 X114.484 Y153.848 E521.18927
G1 X113.212 Y153.723 E521.23178
G1 X111.813 Y153.526 E521.27877
G1 X110.522 Y153.299 E521.32237
G1 X109.271 Y153.034 E521.3649
G1 X108.02 Y152.721 E521.40779
G1 X106.781 Y152.363 E521.45069
G1 X105.543 Y151.956 E521.49403
G1 X104.336 Y151.514 E521.53678
G1 X103.129 Y151.023 E521.58012
G1 X101.952 Y150.488 E521.62312
G1 X100.793 Y149.921 E521.66604
G1 X99.654 Y149.309 E521.70904
G1 X98.536 Y148.653 E521.75216
G1 X97.523 Y148.01 E521.79206
G1 X96.373 Y147.229 E521.8383
G1 X95.327 Y146.457 E521.88154
G1 X94.322 Y145.657 E521.92426
G1 X93.332 Y144.812 E521.96755
G1 X92.383 Y143.943 E522.01035
G1 X91.454 Y143.026 E522.05377
G1 X90.566 Y142.085 E522.0968
G1 X89.708 Y141.115 E522.13987
G1 X88.893 Y140.11 E522.18291
G1 X88.108 Y139.084 E522.22588
G1 X87.369 Y138.035 E522.26855
G1 X86.648 Y136.944 E522.31205
G1 X85.981 Y135.834 E522.35512
G1 X85.349 Y134.703 E522.39821
G1 X84.762 Y133.553 E522.44116
G1 X84.211 Y132.379 E522.48429
G1 X83.705 Y131.188 E522.52733
G1 X83.242 Y129.978 E522.57042
G1 X82.824 Y128.767 E522.61303
G1 X82.442 Y127.515 E522.65657
G1 X82.113 Y126.265 E522.69956
G1 X81.823 Y125.002 E522.74266
G1 X81.578 Y123.731 E522.78571
G1 X81.385 Y122.464 E522.82834
G1 X81.232 Y121.169 E522.87171
G1 X81.124 Y119.878 E522.9148
G1 X81.064 Y118.583 E522.95792
G1 X81.048 Y117.311 E523.00023
G1 X81.08 Y115.995 E523.04401
G1 X81.16 Y114.66 E523.08849
G1 X81.281 Y113.414 E523.13013
G1 X81.446 Y112.142 E523.17279
G1 X81.664 Y110.868 E523.21578
G1 X81.921 Y109.601 E523.25878
G1 X82.223 Y108.337 E523.302
G1 X82.573 Y107.095 E523.34492
G1 X82.971 Y105.848 E523.38846
G1 X83.402 Y104.642 E523.43105
G1 X83.884 Y103.427 E523.47453
G1 X84.4 Y102.252 E523.51721
G1 X84.966 Y101.091 E523.56017
G1 X85.574 Y99.932 E523.6037
G1 X86.213 Y98.818 E523.64642
G1 X86.894 Y97.72 E523.68939
G1 X87.618 Y96.646 E523.73247
G1 X88.378 Y95.601 E523.77545
G1 X89.175 Y94.579 E523.81855
G1 X90.007 Y93.589 E523.86156
G1 X90.876 Y92.628 E523.90466
G1 X91.777 Y91.699 E523.9477
G1 X92.718 Y90.795 E523.9911
G1 X93.684 Y89.93 E524.03423
G1 X94.669 Y89.109 E524.07688
G1 X95.691 Y88.317 E524.11988
G1 X96.741 Y87.561 E524.16292
G1 X97.83 Y86.838 E524.20639
G1 X98.921 Y86.162 E524.24908
G1 X100.055 Y85.518 E524.29245
G1 X101.218 Y84.911 E524.33609
G1 X102.364 Y84.364 E524.37832
G1 X103.558 Y83.845 E524.42162
G1 X104.765 Y83.371 E524.46475
G1 X105.976 Y82.941 E524.5075
G1 X107.218 Y82.555 E524.55075
G1 X108.466 Y82.209 E524.59383
G1 X109.716 Y81.915 E524.63654
G1 X110.999 Y81.658 E524.68006
G1 X112.274 Y81.449 E524.72303
G1 X113.545 Y81.288 E524.76564
G1 X114.793 Y81.172 E524.80733
G1 X116.127 Y81.1 E524.85176
G1 X117.432 Y81.072 E524.89518
G1 X118.718 Y81.096 E524.93796
G1 X120.022 Y81.16 E524.98138
G1 X121.301 Y81.273 E525.02409
G1 X122.596 Y81.434 E525.06749
G1 X123.871 Y81.635 E525.11042
G1 X125.146 Y81.885 E525.15364
G1 X126.518 Y82.207 E525.20051
G1 X127.338 Y82.434 E525.22881
G1 X127.54 Y82.48 E525.2357
G1 X128.995 Y82.931 E525.28636
G1 X130.113 Y83.325 E525.32579
G1 X131.324 Y83.796 E525.36901
G1 X132.51 Y84.311 E525.41201
G1 X133.669 Y84.858 E525.45464
G1 X134.819 Y85.453 E525.4977
G1 X135.957 Y86.093 E525.54113
G1 X137.063 Y86.769 E525.58424
G1 X138.128 Y87.476 E525.62676
G1 X139.182 Y88.225 E525.66976
G1 X140.22 Y89.022 E525.71329
G1 X141.209 Y89.842 E525.75602
G1 X142.174 Y90.694 E525.79884
G1 X143.131 Y91.607 E525.84283
G1 X144.024 Y92.529 E525.88552
G1 X144.889 Y93.474 E525.92813
G1 X145.734 Y94.472 E525.97162
G1 X146.526 Y95.478 E526.01421
G1 X147.29 Y96.523 E526.05726
G1 X148.018 Y97.593 E526.10031
G1 X148.705 Y98.691 E526.14339
G1 X149.361 Y99.822 E526.18687
G1 X150.1 Y101.214 E526.23929
G1 X150.094 Y101.222 E526.23962
G1 X150.491 Y102.03 E526.26957
G1 X151.058 Y103.3 E526.31583
G1 X151.545 Y104.5 E526.3589
G1 X151.983 Y105.718 E526.40195
G1 X152.385 Y106.961 E526.4454
G1 X152.735 Y108.196 E526.48809
G1 X153.044 Y109.451 E526.53108
G1 X153.31 Y110.718 E526.57414
G1 X153.528 Y112.003 E526.61749
G1 X153.704 Y113.288 E526.66063
G1 X153.828 Y114.566 E526.70334
G1 X153.912 Y115.854 E526.74627
G1 X153.948 Y117.15 E526.78939
G1 X153.936 Y118.445 E526.83246
G1 X153.88 Y119.74 E526.87557
G1 X153.779 Y121.031 E526.91864
G1 X153.63 Y122.33 E526.96213
G1 X153.441 Y123.598 E527.00477
G1 X153.2 Y124.868 E527.04777
G1 X152.914 Y126.143 E527.09123
G1 X152.588 Y127.382 E527.13384
G1 X152.214 Y128.633 E527.17727
G1 X151.763 Y129.96 E527.22388
G1 X151.337 Y131.07 E527.26343
G1 X150.842 Y132.253 E527.30608
G1 X150.295 Y133.427 E527.34916
G1 X149.711 Y134.582 E527.3922
G1 X149.084 Y135.711 E527.43516
G1 X148.42 Y136.821 E527.47818
G1 X147.708 Y137.919 E527.5217
G1 X146.964 Y138.977 E527.56472
G1 X146.192 Y140.003 E527.60743
G1 X145.375 Y141.008 E527.6505
G1 X144.522 Y141.981 E527.69354
G1 X143.638 Y142.926 E527.73658
G1 X142.712 Y143.847 E527.78002
G1 X141.771 Y144.716 E527.82262
G1 X140.782 Y145.568 E527.86604
G1 X139.78 Y146.373 E527.90879
G1 X138.734 Y147.149 E527.95211
G1 X137.676 Y147.881 E527.9949
G1 X136.578 Y148.585 E528.03828
G1 X135.468 Y149.236 E528.08108
G1 X134.298 Y149.872 E528.12537
G1 X133.175 Y150.431 E528.16709
G1 X131.997 Y150.965 E528.21011
G1 X130.79 Y151.468 E528.2536
G1 X129.587 Y151.914 E528.29628
G1 X128.357 Y152.32 E528.33936
G1 X127.118 Y152.682 E528.38229
G1 X125.862 Y153.004 E528.42542
G1 X124.584 Y153.277 E528.46888
G1 X123.321 Y153.506 E528.51157
G1 X122.031 Y153.691 E528.55492
G1 X121.103 Y153.796 E528.58598
G1 X120.457 Y153.856 E528.60756
G1 X119.343 Y153.928 E528.64469
G1 X118.12 Y153.968 E528.68539
G1 X117.5 Y153.968 E528.70601
G0 F9000 X117.5 Y154.28
G0 X112.807 Y154.245
G0 X112.805 Y156.875
G0 X114.149 Y157.002
G0 X117.499 Y157.225
G0 X117.5 Y156.966
;TYPE:SKIN
G1 F1500 X116.518 Y156.96 E528.73867
G1 X115.193 Y156.9 E528.78279
G1 X113.86 Y156.797 E528.82725
G1 X112.993 Y156.704 E528.85626
G1 X112.992 Y154.458 E528.93096
G1 X114.4 Y154.603 E528.97804
G1 X115.634 Y154.684 E529.01917
G1 X116.889 Y154.728 E529.06093
G1 X118.112 Y154.728 E529.10161
G1 X119.371 Y154.688 E529.14351
G1 X120.65 Y154.6 E529.18615
G1 X122.004 Y154.455 E529.23144
G1 X122.004 Y156.72 E529.30677
G1 X120.413 Y156.862 E529.3599
G1 X119.182 Y156.935 E529.40092
G1 X117.858 Y156.968 E529.44497
G1 X117.5 Y156.966 E529.45687
G0 F9000 X117.499 Y157.225
G0 X121.933 Y156.927
G0 X122.266 Y155.947
G0 X121.804 Y155.947
G1 F1500 X121.156 Y156.595 E529.48735
G0 F9000 X120.536 Y156.65
G1 F1500 X121.804 Y155.382 E529.547
G0 F9000 X121.804 Y154.816
G1 F1500 X119.931 Y156.689 E529.6351
G0 F9000 X119.329 Y156.725
G1 F1500 X121.326 Y154.728 E529.72903
G0 F9000 X120.693 Y154.796
G1 F1500 X118.743 Y156.746 E529.82075
G0 F9000 X118.163 Y156.76
G1 F1500 X120.084 Y154.839 E529.91111
G0 F9000 X119.476 Y154.882
G1 F1500 X117.591 Y156.766 E529.99975
G0 F9000 X117.028 Y156.763
G1 F1500 X118.889 Y154.903 E530.08726
G0 F9000 X118.305 Y154.921
G1 F1500 X116.468 Y156.758 E530.17367
G0 F9000 X115.927 Y156.733
G1 F1500 X117.733 Y154.928 E530.25859
G0 F9000 X117.167 Y154.928
G1 F1500 X115.386 Y156.708 E530.34234
G0 F9000 X114.856 Y156.673
G1 F1500 X116.61 Y154.919 E530.42485
G0 F9000 X116.064 Y154.9
G1 F1500 X114.331 Y156.633 E530.50636
G0 F9000 X113.807 Y156.591
G1 F1500 X115.521 Y154.877 E530.58698
G0 F9000 X114.99 Y154.842
G1 F1500 X113.296 Y156.536 E530.66666
G0 F9000 X113.193 Y156.073
G1 F1500 X114.459 Y154.807 E530.72621
G0 F9000 X113.942 Y154.758
G1 F1500 X113.193 Y155.508 E530.76147
G0 F9000 X113.193 Y154.942
G1 F1500 X113.428 Y154.706 E530.77254
G0 F9000 X112.433 Y154.706
;MESH:NONMESH
G0 F300 X112.433 Y154.706 Z3
G0 F9000 X112.805 Y156.875
G0 X113.896 Y157.203
;TIME_ELAPSED:703.481223
;LAYER:14
;TYPE:WALL-INNER
;MESH:Led Ring.stl
G1 F1500 X113.896 Y154.194 E530.87262
G1 X113.452 Y154.152 E530.88746
G1 X112.806 Y154.074 E530.9091
G1 X111.728 Y153.92 E530.94532
G1 X110.445 Y153.695 E530.98864
G1 X109.162 Y153.418 E531.0323
G1 X107.893 Y153.101 E531.0758
G1 X106.645 Y152.739 E531.11902
G1 X105.389 Y152.328 E531.16297
G1 X104.192 Y151.888 E531.20539
G1 X102.949 Y151.38 E531.25005
G1 X101.759 Y150.843 E531.29348
G1 X100.582 Y150.264 E531.3371
G1 X99.44 Y149.646 E531.38029
G1 X98.311 Y148.984 E531.42382
G1 X97.196 Y148.279 E531.4677
G1 X96.119 Y147.539 E531.51116
G1 X95.078 Y146.772 E531.55417
G1 X93.993 Y145.904 E531.60038
G1 X93.05 Y145.094 E531.64173
G1 X92.095 Y144.216 E531.68487
G1 X91.151 Y143.288 E531.7289
G1 X90.253 Y142.337 E531.77241
G1 X89.391 Y141.356 E531.81584
G1 X88.571 Y140.353 E531.85893
G1 X87.769 Y139.302 E531.9029
G1 X87.018 Y138.233 E531.94635
G1 X86.298 Y137.135 E531.99003
G1 X85.624 Y136.017 E532.03345
G1 X84.985 Y134.873 E532.07703
G1 X84.392 Y133.708 E532.12051
G1 X83.835 Y132.518 E532.16421
G1 X83.327 Y131.315 E532.20764
G1 X82.86 Y130.096 E532.25106
G1 X82.438 Y128.868 E532.29425
G1 X82.051 Y127.601 E532.33831
G1 X81.722 Y126.354 E532.3812
G1 X81.426 Y125.06 E532.42535
G1 X81.183 Y123.777 E532.46878
G1 X80.983 Y122.483 E532.51233
G1 X80.83 Y121.181 E532.55594
G1 X80.724 Y119.881 E532.59932
G1 X80.664 Y118.576 E532.64277
G1 X80.648 Y117.277 E532.68598
G1 X80.681 Y115.955 E532.72996
G1 X80.762 Y114.606 E532.77491
G1 X80.885 Y113.344 E532.81708
G1 X81.056 Y112.061 E532.86013
G1 X81.272 Y110.771 E532.90364
G1 X81.536 Y109.488 E532.9472
G1 X81.842 Y108.213 E532.99081
G1 X82.2 Y106.945 E533.03464
G1 X82.595 Y105.709 E533.07779
G1 X83.038 Y104.478 E533.12131
G1 X83.526 Y103.25 E533.16526
G1 X84.048 Y102.065 E533.20833
G1 X84.645 Y100.841 E533.25362
G1 X85.227 Y99.729 E533.29537
G1 X85.887 Y98.581 E533.33941
G1 X86.574 Y97.484 E533.38246
G1 X87.306 Y96.4 E533.42596
G1 X88.075 Y95.338 E533.46957
G1 X88.88 Y94.309 E533.51303
G1 X89.708 Y93.325 E533.5558
G1 X90.601 Y92.334 E533.60017
G1 X91.513 Y91.394 E533.64373
G1 X92.463 Y90.484 E533.68748
G1 X93.432 Y89.618 E533.73071
G1 X94.448 Y88.773 E533.77466
G1 X95.462 Y87.988 E533.81731
G1 X96.535 Y87.216 E533.86128
G1 X97.634 Y86.484 E533.9052
G1 X98.74 Y85.806 E533.94834
G1 X99.885 Y85.156 E533.99214
G1 X101.038 Y84.553 E534.03541
G1 X102.219 Y83.994 E534.07887
G1 X103.428 Y83.465 E534.12276
G1 X104.647 Y82.986 E534.16632
G1 X105.878 Y82.55 E534.20976
G1 X107.12 Y82.165 E534.25301
G1 X108.391 Y81.815 E534.29686
G1 X109.657 Y81.519 E534.3401
G1 X110.952 Y81.259 E534.38403
G1 X112.238 Y81.052 E534.42735
G1 X113.53 Y80.886 E534.47068
G1 X114.834 Y80.768 E534.51423
G1 X116.152 Y80.696 E534.55813
G1 X117.456 Y80.672 E534.60151
G1 X118.76 Y80.696 E534.64489
G1 X120.052 Y80.764 E534.68792
G1 X121.294 Y80.868 E534.72937
G1 X122.667 Y81.039 E534.77539
G1 X123.959 Y81.246 E534.81891
G1 X125.253 Y81.499 E534.86276
G1 X126.526 Y81.796 E534.90624
G1 X127.781 Y82.138 E534.9495
G1 X129.145 Y82.558 E534.99697
G1 X130.266 Y82.956 E535.03654
G1 X131.498 Y83.436 E535.08051
G1 X132.698 Y83.954 E535.12399
G1 X133.86 Y84.506 E535.16677
G1 X135.032 Y85.113 E535.21067
G1 X136.18 Y85.763 E535.25455
G1 X137.289 Y86.436 E535.2977
G1 X138.376 Y87.157 E535.34108
G1 X139.442 Y87.92 E535.38468
G1 X140.492 Y88.727 E535.42873
G1 X141.487 Y89.555 E535.47178
G1 X142.467 Y90.425 E535.51537
G1 X143.401 Y91.315 E535.55828
G1 X144.337 Y92.272 E535.6028
G1 X145.206 Y93.232 E535.64587
G1 X146.059 Y94.24 E535.68979
G1 X146.926 Y95.339 E535.73635
G1 X147.588 Y96.254 E535.77391
G1 X148.369 Y97.4 E535.82004
G1 X149.065 Y98.508 E535.86356
G1 X149.717 Y99.64 E535.90701
G1 X150.488 Y101.092 E535.96169
G1 X150.483 Y101.099 E535.96197
G1 X150.91 Y101.973 E535.99432
G1 X151.441 Y103.18 E536.03818
G1 X151.924 Y104.382 E536.08127
G1 X152.372 Y105.613 E536.12484
G1 X152.774 Y106.868 E536.16867
G1 X153.155 Y108.211 E536.2151
G1 X153.444 Y109.401 E536.25583
G1 X153.708 Y110.671 E536.29897
G1 X153.926 Y111.958 E536.34239
G1 X154.106 Y113.269 E536.3864
G1 X154.23 Y114.541 E536.42891
G1 X154.312 Y115.867 E536.4731
G1 X154.348 Y117.178 E536.51672
G1 X154.336 Y118.483 E536.56012
G1 X154.278 Y119.793 E536.60374
G1 X154.172 Y121.097 E536.64725
G1 X154.024 Y122.398 E536.6908
G1 X153.83 Y123.692 E536.73432
G1 X153.586 Y124.975 E536.77776
G1 X153.3 Y126.253 E536.82132
G1 X152.967 Y127.518 E536.86482
G1 X152.589 Y128.769 E536.90829
G1 X152.129 Y130.119 E536.95573
G1 X151.698 Y131.244 E536.9958
G1 X151.196 Y132.442 E537.039
G1 X150.63 Y133.657 E537.08358
G1 X150.054 Y134.791 E537.12588
G1 X149.418 Y135.938 E537.1695
G1 X148.744 Y137.059 E537.21301
G1 X148.031 Y138.158 E537.25658
G1 X147.271 Y139.239 E537.30053
G1 X146.49 Y140.271 E537.34358
G1 X145.664 Y141.288 E537.38715
G1 X144.801 Y142.272 E537.43069
G1 X143.896 Y143.234 E537.47462
G1 X142.975 Y144.149 E537.5178
G1 X142.016 Y145.035 E537.56122
G1 X141.024 Y145.889 E537.60476
G1 X140.001 Y146.707 E537.64832
G1 X138.942 Y147.49 E537.69213
G1 X137.872 Y148.23 E537.7354
G1 X136.727 Y148.962 E537.7806
G1 X135.631 Y149.604 E537.82284
G1 X134.485 Y150.225 E537.8662
G1 X133.32 Y150.807 E537.90951
G1 X132.13 Y151.347 E537.95298
G1 X130.908 Y151.852 E537.99695
G1 X129.694 Y152.297 E538.03996
G1 X128.448 Y152.713 E538.08365
G1 X127.188 Y153.078 E538.12728
G1 X125.924 Y153.399 E538.17065
G1 X124.634 Y153.679 E538.21456
G1 X123.358 Y153.906 E538.25767
G1 X122.053 Y154.093 E538.30151
G1 X121.1 Y154.19 E538.33337
G1 X121.1 Y157.2 E538.43349
G1 X121.843 Y157.13 E538.45831
G1 X123.182 Y156.958 E538.50321
G1 X124.515 Y156.745 E538.54811
G1 X125.826 Y156.487 E538.59255
G1 X127 Y156.221 E538.63259
G1 X128.418 Y155.843 E538.6814
G1 X129.7 Y155.45 E538.72599
G1 X130.967 Y155.02 E538.7705
G1 X132.198 Y154.558 E538.81423
G1 X133.431 Y154.042 E538.85868
G1 X134.685 Y153.471 E538.90451
G1 X135.878 Y152.873 E538.9489
G1 X137.06 Y152.236 E538.99356
G1 X138.286 Y151.517 E539.04083
G1 X139.331 Y150.851 E539.08204
G1 X140.368 Y150.149 E539.12369
G1 X141.525 Y149.305 E539.17133
G1 X142.585 Y148.477 E539.21606
G1 X143.608 Y147.619 E539.26047
G1 X144.61 Y146.722 E539.3052
G1 X145.557 Y145.814 E539.34884
G1 X146.506 Y144.835 E539.39419
G1 X147.401 Y143.853 E539.43838
G1 X148.277 Y142.826 E539.48327
G1 X149.109 Y141.776 E539.52783
G1 X149.96 Y140.631 E539.57528
G1 X150.662 Y139.604 E539.61666
G1 X151.392 Y138.471 E539.66149
G1 X152.069 Y137.327 E539.7057
G1 X152.709 Y136.171 E539.74965
G1 X153.317 Y134.969 E539.79445
G1 X153.88 Y133.766 E539.83863
G1 X154.408 Y132.534 E539.88321
G1 X154.895 Y131.264 E539.92845
G1 X155.297 Y130.117 E539.96887
G1 X155.728 Y128.749 E540.01658
G1 X156.093 Y127.428 E540.06216
G1 X156.422 Y126.034 E540.1098
G1 X156.662 Y124.842 E540.15024
G1 X156.889 Y123.494 E540.1957
G1 X157.07 Y122.167 E540.24025
G1 X157.203 Y120.848 E540.28434
G1 X157.293 Y119.501 E540.32924
G1 X157.336 Y118.162 E540.3738
G1 X157.335 Y116.823 E540.41834
G1 X157.294 Y115.538 E540.4611
G1 X157.2 Y114.151 E540.50734
G1 X157.052 Y112.708 E540.55558
G1 X156.883 Y111.493 E540.59638
G1 X156.658 Y110.177 E540.64079
G1 X156.418 Y108.989 E540.6811
G1 X156.08 Y107.568 E540.72968
G1 X155.721 Y106.275 E540.77431
G1 X155.285 Y104.884 E540.8228
G1 X154.878 Y103.733 E540.8634
G1 X154.394 Y102.482 E540.90802
G1 X153.866 Y101.252 E540.95254
G1 X153.299 Y100.039 E540.99707
G1 X152.72 Y98.893 E541.03977
G1 X152.045 Y97.677 E541.08603
G1 X151.357 Y96.525 E541.13066
G1 X150.633 Y95.395 E541.1753
G1 X149.871 Y94.301 E541.21964
G1 X149.072 Y93.222 E541.2643
G1 X148.239 Y92.173 E541.30885
G1 X147.407 Y91.2 E541.35143
G1 X146.462 Y90.166 E541.39802
G1 X145.522 Y89.204 E541.44275
G1 X144.584 Y88.3 E541.48608
G1 X143.577 Y87.403 E541.53094
G1 X142.558 Y86.551 E541.57511
G1 X141.505 Y85.727 E541.61959
G1 X140.351 Y84.884 E541.66712
G1 X139.298 Y84.176 E541.70932
G1 X138.263 Y83.521 E541.75006
G1 X137.037 Y82.799 E541.79738
G1 X135.834 Y82.15 E541.84285
G1 X134.631 Y81.552 E541.88753
G1 X133.443 Y81.01 E541.93096
G1 X132.198 Y80.49 E541.97584
G1 X130.957 Y80.022 E542.01995
G1 X129.665 Y79.585 E542.06531
G1 X128.518 Y79.237 E542.10518
G1 X127.003 Y78.827 E542.15738
G1 X125.779 Y78.552 E542.19911
G1 X124.486 Y78.299 E542.24293
G1 X123.173 Y78.086 E542.28717
G1 X121.886 Y77.921 E542.33032
G1 X120.431 Y77.787 E542.37892
G1 X119.167 Y77.716 E542.42103
G1 X117.805 Y77.68 E542.46635
G1 X116.476 Y77.693 E542.51055
G1 X115.16 Y77.751 E542.55436
G1 X113.815 Y77.85 E542.59922
G1 X112.488 Y77.995 E542.64362
G1 X111.138 Y78.192 E542.689
G1 X109.817 Y78.426 E542.73362
G1 X108.521 Y78.706 E542.77772
G1 X107.22 Y79.03 E542.82231
G1 X105.92 Y79.399 E542.86725
G1 X104.651 Y79.808 E542.9116
G1 X103.391 Y80.262 E542.95615
G1 X102.167 Y80.746 E542.99992
G1 X100.917 Y81.296 E543.04534
G1 X99.732 Y81.862 E543.08902
G1 X98.531 Y82.485 E543.13402
G1 X97.38 Y83.134 E543.17797
G1 X96.215 Y83.841 E543.2233
G1 X95.106 Y84.57 E543.26744
G1 X94.003 Y85.348 E543.31233
G1 X92.929 Y86.157 E543.35705
G1 X91.905 Y86.991 E543.40098
G1 X90.882 Y87.876 E543.44597
G1 X89.902 Y88.786 E543.49045
G1 X88.953 Y89.73 E543.53497
G1 X88.036 Y90.703 E543.57944
G1 X87.149 Y91.709 E543.62405
G1 X86.309 Y92.735 E543.66815
G1 X85.498 Y93.787 E543.71233
G1 X84.718 Y94.874 E543.75683
G1 X83.969 Y96.001 E543.80184
G1 X83.26 Y97.148 E543.84669
G1 X82.595 Y98.309 E543.89119
G1 X81.968 Y99.491 E543.93569
G1 X81.4 Y100.662 E543.97898
G1 X80.839 Y101.92 E544.02479
G1 X80.344 Y103.137 E544.06849
G1 X79.883 Y104.391 E544.11292
G1 X79.495 Y105.565 E544.15405
G1 X79.087 Y106.937 E544.20166
G1 X78.747 Y108.267 E544.24732
G1 X78.456 Y109.579 E544.29201
G1 X78.216 Y110.865 E544.33552
G1 X78.015 Y112.189 E544.38007
G1 X77.856 Y113.546 E544.42551
G1 X77.747 Y114.864 E544.46949
G1 X77.68 Y116.189 E544.51362
G1 X77.657 Y117.528 E544.55816
G1 X77.681 Y118.882 E544.6032
G1 X77.748 Y120.232 E544.64816
G1 X77.86 Y121.552 E544.69222
G1 X78.018 Y122.878 E544.73664
G1 X78.22 Y124.208 E544.78138
G1 X78.46 Y125.495 E544.82492
G1 X78.757 Y126.825 E544.87025
G1 X79.094 Y128.137 E544.9153
G1 X79.505 Y129.529 E544.96358
G1 X79.889 Y130.672 E545.00368
G1 X80.353 Y131.935 E545.04843
G1 X80.858 Y133.175 E545.09297
G1 X81.41 Y134.406 E545.13784
G1 X81.979 Y135.58 E545.18123
G1 X82.618 Y136.784 E545.22656
G1 X83.284 Y137.94 E545.27094
G1 X83.995 Y139.087 E545.31582
G1 X84.732 Y140.195 E545.36008
G1 X85.513 Y141.281 E545.40457
G1 X86.336 Y142.347 E545.44937
G1 X87.166 Y143.359 E545.4929
G1 X88.091 Y144.405 E545.53934
G1 X88.97 Y145.337 E545.58195
G1 X89.92 Y146.279 E545.62645
G1 X90.901 Y147.189 E545.67095
G1 X91.939 Y148.086 E545.71658
G1 X92.95 Y148.907 E545.7599
G1 X94.041 Y149.728 E545.80531
G1 X95.145 Y150.504 E545.85019
G1 X96.258 Y151.233 E545.89445
G1 X97.4 Y151.925 E545.93886
G1 X98.554 Y152.576 E545.98293
G1 X99.753 Y153.197 E546.02784
G1 X100.954 Y153.77 E546.0721
G1 X102.167 Y154.302 E546.11615
G1 X103.434 Y154.802 E546.16145
G1 X104.673 Y155.247 E546.20524
G1 X105.967 Y155.659 E546.25041
G1 X107.243 Y156.024 E546.29455
G1 X108.544 Y156.347 E546.33913
G1 X109.874 Y156.631 E546.38437
G1 X111.159 Y156.859 E546.42777
G1 X112.507 Y157.05 E546.47306
G1 X113.896 Y157.203 E546.51953
G0 F9000 X114.296 Y157.643
;TYPE:WALL-OUTER
G1 F1500 X114.296 Y153.83 E546.64636
G1 X113.5 Y153.755 E546.67295
G1 X112.863 Y153.678 E546.69429
G1 X111.797 Y153.526 E546.7301
G1 X110.529 Y153.303 E546.77292
G1 X109.259 Y153.03 E546.81613
G1 X108.004 Y152.717 E546.85915
G1 X106.769 Y152.359 E546.90192
G1 X105.527 Y151.952 E546.94539
G1 X104.324 Y151.51 E546.98801
G1 X103.113 Y151.015 E547.03153
G1 X101.935 Y150.484 E547.0745
G1 X100.772 Y149.912 E547.11761
G1 X99.642 Y149.301 E547.16034
G1 X98.525 Y148.646 E547.20341
G1 X97.422 Y147.949 E547.2468
G1 X96.357 Y147.217 E547.28978
G1 X95.315 Y146.449 E547.33284
G1 X94.253 Y145.6 E547.37806
G1 X93.32 Y144.8 E547.41894
G1 X92.375 Y143.931 E547.46164
G1 X91.442 Y143.014 E547.50515
G1 X90.553 Y142.073 E547.5482
G1 X89.701 Y141.103 E547.59114
G1 X88.889 Y140.11 E547.63381
G1 X88.096 Y139.072 E547.67725
G1 X87.352 Y138.014 E547.72027
G1 X86.64 Y136.928 E547.76346
G1 X85.973 Y135.822 E547.80642
G1 X85.341 Y134.691 E547.84951
G1 X84.754 Y133.538 E547.89255
G1 X84.203 Y132.362 E547.93574
G1 X83.701 Y131.172 E547.9787
G1 X83.238 Y129.966 E548.02166
G1 X82.82 Y128.751 E548.0644
G1 X82.438 Y127.499 E548.10794
G1 X82.109 Y126.249 E548.15093
G1 X81.819 Y124.986 E548.19403
G1 X81.578 Y123.715 E548.23706
G1 X81.38 Y122.437 E548.28007
G1 X81.228 Y121.149 E548.32321
G1 X81.124 Y119.862 E548.36615
G1 X81.064 Y118.571 E548.40914
G1 X81.048 Y117.287 E548.45184
G1 X81.08 Y115.979 E548.49536
G1 X81.16 Y114.644 E548.53984
G1 X81.281 Y113.397 E548.58151
G1 X81.45 Y112.127 E548.62413
G1 X81.664 Y110.851 E548.66716
G1 X81.925 Y109.581 E548.71028
G1 X82.227 Y108.321 E548.75338
G1 X82.581 Y107.067 E548.79672
G1 X82.971 Y105.844 E548.83941
G1 X83.41 Y104.626 E548.88247
G1 X83.892 Y103.411 E548.92595
G1 X84.408 Y102.24 E548.96851
G1 X84.974 Y101.075 E549.01159
G1 X85.574 Y99.928 E549.05464
G1 X86.226 Y98.793 E549.09818
G1 X86.906 Y97.708 E549.14077
G1 X87.63 Y96.634 E549.18385
G1 X88.39 Y95.584 E549.22696
G1 X89.186 Y94.567 E549.26991
G1 X90.019 Y93.578 E549.31292
G1 X90.888 Y92.612 E549.35614
G1 X91.789 Y91.683 E549.39918
G1 X92.73 Y90.782 E549.44251
G1 X93.688 Y89.926 E549.48524
G1 X94.693 Y89.089 E549.52874
G1 X95.707 Y88.305 E549.57137
G1 X96.757 Y87.549 E549.61441
G1 X97.843 Y86.825 E549.65782
G1 X98.937 Y86.154 E549.7005
G1 X100.071 Y85.51 E549.74388
G1 X101.21 Y84.915 E549.78662
G1 X102.379 Y84.36 E549.82966
G1 X103.574 Y83.837 E549.87305
G1 X104.781 Y83.363 E549.91617
G1 X105.996 Y82.932 E549.95905
G1 X107.226 Y82.551 E550.00188
G1 X108.482 Y82.205 E550.04521
G1 X109.736 Y81.911 E550.08805
G1 X111.016 Y81.654 E550.13147
G1 X112.29 Y81.449 E550.17439
G1 X113.566 Y81.284 E550.21719
G1 X114.856 Y81.168 E550.26026
G1 X116.16 Y81.096 E550.3037
G1 X117.448 Y81.072 E550.34655
G1 X118.739 Y81.096 E550.38949
G1 X120.037 Y81.164 E550.43272
G1 X121.245 Y81.265 E550.47304
G1 X122.604 Y81.434 E550.51859
G1 X123.883 Y81.639 E550.56167
G1 X125.162 Y81.889 E550.60502
G1 X126.421 Y82.182 E550.64801
G1 X127.663 Y82.52 E550.69082
G1 X129.011 Y82.935 E550.73774
G1 X130.121 Y83.329 E550.77691
G1 X131.34 Y83.804 E550.82042
G1 X132.524 Y84.313 E550.86329
G1 X133.684 Y84.866 E550.90603
G1 X134.835 Y85.461 E550.94913
G1 X135.972 Y86.105 E550.99259
G1 X137.079 Y86.777 E551.03566
G1 X138.157 Y87.493 E551.0787
G1 X139.198 Y88.237 E551.12126
G1 X140.236 Y89.034 E551.16479
G1 X141.221 Y89.854 E551.20741
G1 X142.191 Y90.715 E551.25055
G1 X143.137 Y91.618 E551.29405
G1 X144.041 Y92.541 E551.33702
G1 X144.901 Y93.49 E551.37962
G1 X145.745 Y94.488 E551.42309
G1 X146.602 Y95.574 E551.4691
G1 X147.258 Y96.479 E551.50628
G1 X148.03 Y97.613 E551.55191
G1 X148.718 Y98.708 E551.59492
G1 X149.369 Y99.837 E551.63826
G1 X150.112 Y101.23 E551.69077
G1 X150.106 Y101.239 E551.69113
G1 X150.544 Y102.135 E551.7243
G1 X151.07 Y103.329 E551.7677
G1 X151.548 Y104.519 E551.81035
G1 X151.991 Y105.735 E551.8534
G1 X152.389 Y106.977 E551.89678
G1 X152.771 Y108.324 E551.94334
G1 X153.052 Y109.483 E551.98301
G1 X153.314 Y110.738 E552.02565
G1 X153.53 Y112.012 E552.06863
G1 X153.708 Y113.308 E552.11214
G1 X153.832 Y114.587 E552.15488
G1 X153.912 Y115.878 E552.1979
G1 X153.948 Y117.174 E552.24102
G1 X153.936 Y118.465 E552.28396
G1 X153.88 Y119.761 E552.32711
G1 X153.775 Y121.051 E552.37015
G1 X153.626 Y122.346 E552.41351
G1 X153.437 Y123.618 E552.45628
G1 X153.196 Y124.888 E552.49928
G1 X152.914 Y126.151 E552.54232
G1 X152.584 Y127.402 E552.58535
G1 X152.206 Y128.653 E552.62882
G1 X151.755 Y129.976 E552.67531
G1 X151.329 Y131.09 E552.71497
G1 X150.834 Y132.273 E552.75763
G1 X150.273 Y133.476 E552.80178
G1 X149.704 Y134.597 E552.84359
G1 X149.076 Y135.732 E552.88673
G1 X148.408 Y136.841 E552.92979
G1 X147.704 Y137.928 E552.97287
G1 X146.952 Y138.997 E553.01634
G1 X146.18 Y140.019 E553.05894
G1 X145.363 Y141.024 E553.10202
G1 X144.51 Y141.998 E553.14508
G1 X143.614 Y142.95 E553.18856
G1 X142.704 Y143.855 E553.23125
G1 X141.755 Y144.732 E553.27422
G1 X140.774 Y145.577 E553.31729
G1 X139.763 Y146.385 E553.36033
G1 X138.714 Y147.161 E553.40373
G1 X137.656 Y147.893 E553.44652
G1 X136.558 Y148.597 E553.4899
G1 X135.44 Y149.252 E553.533
G1 X134.306 Y149.867 E553.57591
G1 X133.155 Y150.443 E553.61872
G1 X131.977 Y150.977 E553.66173
G1 X130.77 Y151.476 E553.70517
G1 X129.568 Y151.918 E553.74777
G1 X128.336 Y152.329 E553.79097
G1 X127.09 Y152.69 E553.83411
G1 X125.839 Y153.008 E553.87704
G1 X124.564 Y153.285 E553.92044
G1 X123.301 Y153.51 E553.96311
G1 X122.013 Y153.695 E554.00639
G1 X120.7 Y153.829 E554.05029
G1 X120.7 Y157.64 E554.17704
G1 X121.894 Y157.527 E554.21693
G1 X123.239 Y157.354 E554.26203
G1 X124.561 Y157.143 E554.30656
G1 X125.886 Y156.884 E554.35146
G1 X127.096 Y156.609 E554.39273
G1 X128.528 Y156.227 E554.44203
G1 X129.828 Y155.829 E554.48725
G1 X131.107 Y155.394 E554.53218
G1 X132.346 Y154.93 E554.57618
G1 X133.618 Y154.396 E554.62207
G1 X134.863 Y153.829 E554.66757
G1 X136.068 Y153.225 E554.7124
G1 X137.262 Y152.581 E554.75752
G1 X138.5 Y151.855 E554.80526
G1 X139.555 Y151.183 E554.84686
G1 X140.577 Y150.492 E554.88789
G1 X141.747 Y149.64 E554.93603
G1 X142.818 Y148.804 E554.98122
G1 X143.853 Y147.936 E555.02615
G1 X144.864 Y147.033 E555.07123
G1 X145.839 Y146.098 E555.11616
G1 X146.802 Y145.105 E555.16217
G1 X147.705 Y144.113 E555.20679
G1 X148.59 Y143.075 E555.25216
G1 X149.43 Y142.015 E555.29714
G1 X150.269 Y140.887 E555.3439
G1 X150.998 Y139.821 E555.38685
G1 X151.736 Y138.675 E555.43219
G1 X152.419 Y137.521 E555.47679
G1 X153.063 Y136.358 E555.521
G1 X153.668 Y135.164 E555.56552
G1 X154.257 Y133.902 E555.61184
G1 X154.778 Y132.684 E555.65591
G1 X155.273 Y131.396 E555.7018
G1 X155.67 Y130.264 E555.7417
G1 X156.112 Y128.863 E555.79056
G1 X156.474 Y127.554 E555.83573
G1 X156.808 Y126.145 E555.88389
G1 X157.055 Y124.915 E555.92562
G1 X157.282 Y123.577 E555.97076
G1 X157.465 Y122.24 E556.01564
G1 X157.6 Y120.907 E556.0602
G1 X157.692 Y119.546 E556.10557
G1 X157.736 Y118.162 E556.15163
G1 X157.735 Y116.81 E556.1966
G1 X157.69 Y115.458 E556.24159
G1 X157.598 Y114.111 E556.2865
G1 X157.449 Y112.66 E556.33501
G1 X157.277 Y111.426 E556.37645
G1 X157.05 Y110.098 E556.42126
G1 X156.801 Y108.873 E556.46284
G1 X156.474 Y107.494 E556.50997
G1 X156.103 Y106.156 E556.55616
G1 X155.674 Y104.784 E556.60397
G1 X155.251 Y103.589 E556.64613
G1 X154.762 Y102.325 E556.69121
G1 X154.241 Y101.11 E556.73518
G1 X153.656 Y99.859 E556.78111
G1 X153.059 Y98.678 E556.82512
G1 X152.389 Y97.473 E556.87098
G1 X151.694 Y96.309 E556.91607
G1 X150.981 Y95.195 E556.96006
G1 X150.193 Y94.063 E557.00594
G1 X149.386 Y92.974 E557.05102
G1 X148.543 Y91.913 E557.09609
G1 X147.711 Y90.94 E557.13867
G1 X146.748 Y89.887 E557.18613
G1 X145.83 Y88.946 E557.22985
G1 X144.856 Y88.007 E557.27485
G1 X143.857 Y87.116 E557.31937
G1 X142.81 Y86.24 E557.36478
G1 X141.747 Y85.408 E557.40968
G1 X140.581 Y84.556 E557.45771
G1 X139.512 Y83.838 E557.50054
G1 X138.471 Y83.179 E557.54152
G1 X137.203 Y82.434 E557.59043
G1 X136.012 Y81.792 E557.63543
G1 X134.797 Y81.188 E557.68056
G1 X133.603 Y80.644 E557.7242
G1 X132.346 Y80.118 E557.76952
G1 X131.092 Y79.645 E557.8141
G1 X129.81 Y79.211 E557.85912
G1 X128.603 Y78.846 E557.90106
G1 X127.099 Y78.439 E557.95288
G1 X125.856 Y78.16 E557.99525
G1 X124.556 Y77.905 E558.03931
G1 X123.231 Y77.69 E558.08396
G1 X121.93 Y77.523 E558.12758
G1 X120.461 Y77.388 E558.17665
G1 X119.183 Y77.316 E558.21922
G1 X117.801 Y77.28 E558.2652
G1 X116.458 Y77.293 E558.30988
G1 X115.11 Y77.354 E558.35476
G1 X113.745 Y77.455 E558.40028
G1 X112.471 Y77.594 E558.4429
G1 X111.069 Y77.798 E558.49003
G1 X109.733 Y78.035 E558.53516
G1 X108.425 Y78.318 E558.57967
G1 X107.112 Y78.645 E558.62467
G1 X105.798 Y79.018 E558.6701
G1 X104.516 Y79.432 E558.71491
G1 X103.244 Y79.89 E558.75988
G1 X102.013 Y80.377 E558.80391
G1 X100.788 Y80.914 E558.84839
G1 X99.583 Y81.489 E558.8928
G1 X98.364 Y82.12 E558.93845
G1 X97.178 Y82.789 E558.98374
G1 X95.996 Y83.507 E559.02974
G1 X94.876 Y84.243 E559.07432
G1 X93.762 Y85.028 E559.11964
G1 X92.677 Y85.847 E559.16486
G1 X91.643 Y86.688 E559.20919
G1 X90.61 Y87.583 E559.25465
G1 X89.621 Y88.502 E559.29955
G1 X88.662 Y89.455 E559.34452
G1 X87.756 Y90.415 E559.38842
G1 X86.84 Y91.455 E559.43452
G1 X86.009 Y92.469 E559.47812
G1 X85.177 Y93.548 E559.52344
G1 X84.389 Y94.646 E559.56839
G1 X83.629 Y95.79 E559.61407
G1 X82.928 Y96.923 E559.65838
G1 X82.241 Y98.121 E559.70432
G1 X81.608 Y99.317 E559.74932
G1 X81.026 Y100.519 E559.79374
G1 X80.481 Y101.739 E559.83818
G1 X79.971 Y102.993 E559.88321
G1 X79.505 Y104.259 E559.92808
G1 X79.119 Y105.424 E559.9689
G1 X78.701 Y106.83 E560.01768
G1 X78.363 Y108.151 E560.06304
G1 X78.069 Y109.473 E560.10808
G1 X77.817 Y110.829 E560.15395
G1 X77.619 Y112.135 E560.19789
G1 X77.46 Y113.481 E560.24297
G1 X77.348 Y114.814 E560.28746
G1 X77.28 Y116.175 E560.33278
G1 X77.257 Y117.528 E560.37779
G1 X77.281 Y118.902 E560.4235
G1 X77.35 Y120.265 E560.46889
G1 X77.459 Y121.567 E560.51234
G1 X77.622 Y122.938 E560.55827
G1 X77.816 Y124.219 E560.60136
G1 X78.068 Y125.575 E560.64723
G1 X78.369 Y126.924 E560.6932
G1 X78.71 Y128.25 E560.73874
G1 X79.115 Y129.623 E560.78635
G1 X79.513 Y130.81 E560.82799
G1 X79.983 Y132.085 E560.87319
G1 X80.48 Y133.309 E560.91713
G1 X81.05 Y134.58 E560.96346
G1 X81.638 Y135.79 E561.0082
G1 X82.271 Y136.983 E561.05312
G1 X82.928 Y138.125 E561.09694
G1 X83.661 Y139.309 E561.14326
G1 X84.407 Y140.428 E561.18799
G1 X85.196 Y141.525 E561.23293
G1 X86.026 Y142.6 E561.2781
G1 X86.861 Y143.618 E561.32189
G1 X87.756 Y144.633 E561.3669
G1 X88.728 Y145.661 E561.41396
G1 X89.643 Y146.567 E561.45679
G1 X90.634 Y147.487 E561.50176
G1 X91.687 Y148.396 E561.54803
G1 X92.704 Y149.222 E561.5916
G1 X93.786 Y150.038 E561.63668
G1 X94.925 Y150.838 E561.68297
G1 X96.05 Y151.575 E561.7277
G1 X97.178 Y152.259 E561.77158
G1 X98.364 Y152.928 E561.81687
G1 X99.554 Y153.545 E561.86145
G1 X100.788 Y154.134 E561.90693
G1 X102.013 Y154.671 E561.95142
G1 X103.299 Y155.178 E561.99739
G1 X104.545 Y155.626 E562.04143
G1 X105.83 Y156.036 E562.0863
G1 X107.171 Y156.418 E562.13267
G1 X108.454 Y156.737 E562.17664
G1 X109.767 Y157.019 E562.22131
G1 X111.096 Y157.254 E562.2662
G1 X112.463 Y157.448 E562.31212
G1 X114.296 Y157.643 E562.37343
G0 F9000 X114.023 Y157.343
G0 X112.474 Y156.875
G0 X112.404 Y154.905
G0 X113.099 Y154.906
;TYPE:SKIN
G1 F1257.9 X113.096 Y156.309 E562.42908
G0 F9000 X113.536 Y156.801
G1 F1500 X112.66 Y156.705 E562.45839
G1 X112.664 Y154.416 E562.53452
G1 X113.536 Y154.516 E562.56371
G1 X113.536 Y156.801 E562.63971
G1 F2700 E557.63971
G0 F9000 X113.796 Y156.801
G0 X114.06 Y154.049
G0 X111.77 Y153.774
G0 X109.211 Y153.275
G0 X106.695 Y152.598
G0 X104.233 Y151.742
G0 X101.838 Y150.715
G0 X99.522 Y149.519
G0 X97.296 Y148.162
G0 X95.174 Y146.651
G0 X93.162 Y144.993
G0 X91.274 Y143.197
G0 X89.518 Y141.27
G0 X87.903 Y139.225
G0 X86.438 Y137.07
G0 X85.129 Y134.816
G0 X83.984 Y132.476
G0 X83.008 Y130.059
G0 X82.205 Y127.579
G0 X81.579 Y125.049
G0 X81.137 Y122.481
G0 X80.877 Y119.887
G0 X80.441 Y117.281
G0 X80.912 Y114.679
G0 X80.849 Y112.043
G0 X81.683 Y109.528
G0 X82.341 Y107.005
G0 X83.176 Y104.537
G0 X84.185 Y102.134
G0 X85.361 Y99.807
G0 X86.7 Y97.572
G0 X88.194 Y95.435
G0 X89.835 Y93.412
G0 X91.617 Y91.508
G0 X93.528 Y89.738
G0 X95.561 Y88.105
G0 X97.704 Y86.623
G0 X99.947 Y85.296
G0 X102.279 Y84.132
G0 X104.687 Y83.135
G0 X107.161 Y82.313
G0 X109.686 Y81.666
G0 X112.25 Y81.203
G0 X114.822 Y80.561
G0 X117.446 Y80.465
G0 X120.049 Y80.916
G0 X122.641 Y81.189
G0 X125.207 Y81.644
G0 X127.734 Y82.282
G0 X130.21 Y83.097
G0 X132.621 Y84.086
G0 X134.957 Y85.244
G0 X137.203 Y86.564
G0 X139.35 Y88.041
G0 X141.389 Y89.666
G0 X143.305 Y91.431
G0 X145.093 Y93.329
G0 X146.74 Y95.347
G0 X148.241 Y97.48
G0 X149.585 Y99.711
G0 X150.77 Y102.034
G0 X151.785 Y104.434
G0 X152.628 Y106.9
G0 X153.647 Y109.348
G0 X153.778 Y111.98
G0 X154.081 Y114.569
G0 X154.198 Y117.173
G0 X154.129 Y119.778
G0 X153.876 Y122.372
G0 X153.442 Y124.941
G0 X152.825 Y127.473
G0 X152.029 Y129.955
G0 X151.06 Y132.375
G0 X149.922 Y134.719
G0 X148.62 Y136.977
G0 X147.16 Y139.136
G0 X145.552 Y141.186
G0 X143.802 Y143.118
G0 X141.92 Y144.92
G0 X139.913 Y146.585
G0 X137.795 Y148.103
G0 X135.573 Y149.466
G0 X133.261 Y150.668
G0 X131.323 Y151.507
G0 X122.595 Y154.904
G0 X121.895 Y154.904
G1 F2700 E562.63971
G1 F1268.5 X121.898 Y156.317 E562.69529
G0 F9000 X121.461 Y156.804
G1 F1500 X121.46 Y154.513 E562.77149
G1 X122.08 Y154.452 E562.79221
G1 X122.332 Y154.415 E562.80068
G1 X122.336 Y156.704 E562.87681
G1 X121.847 Y156.768 E562.89321
G1 X121.461 Y156.804 E562.90611
G0 F9000 X122.845 Y156.389
;MESH:NONMESH
G0 F300 X122.845 Y156.389 Z3.2
G0 F9000 X122.563 Y156.761
G0 X121.964 Y157.148
;TIME_ELAPSED:746.236779
;LAYER:15
;TYPE:WALL-INNER
;MESH:Led Ring.stl
G1 F1500 X123.204 Y156.991 E562.94768
G1 X124.521 Y156.777 E562.99206
G1 X125.834 Y156.519 E563.03656
G1 X127.008 Y156.253 E563.0766
G1 X128.424 Y155.876 E563.12534
G1 X129.683 Y155.49 E563.16914
G1 X130.953 Y155.062 E563.21371
G1 X132.247 Y154.575 E563.2597
G1 X133.469 Y154.063 E563.30376
G1 X134.785 Y153.462 E563.35188
G1 X135.676 Y153.014 E563.38505
G1 X135.683 Y153.019 E563.38534
G1 X137.108 Y152.245 E563.43927
G1 X138.283 Y151.559 E563.48453
G1 X139.351 Y150.879 E563.52664
G1 X140.388 Y150.177 E563.56829
G1 X141.549 Y149.33 E563.61609
G1 X142.59 Y148.517 E563.66002
G1 X143.625 Y147.65 E563.70493
G1 X144.616 Y146.763 E563.74916
G1 X145.58 Y145.838 E563.7936
G1 X146.53 Y144.858 E563.83899
G1 X147.425 Y143.877 E563.88316
G1 X148.289 Y142.865 E563.92742
G1 X149.14 Y141.797 E563.97284
G1 X149.987 Y140.652 E564.02021
G1 X150.68 Y139.64 E564.061
G1 X151.418 Y138.49 E564.10645
G1 X152.102 Y137.34 E564.15095
G1 X152.741 Y136.187 E564.1948
G1 X153.356 Y134.971 E564.24012
G1 X153.921 Y133.756 E564.28469
G1 X154.436 Y132.545 E564.32846
G1 X154.92 Y131.296 E564.37301
G1 X155.362 Y130.031 E564.41758
G1 X155.76 Y128.754 E564.46207
G1 X156.118 Y127.462 E564.50666
G1 X156.453 Y126.063 E564.5545
G1 X156.701 Y124.823 E564.59656
G1 X156.921 Y123.504 E564.64104
G1 X157.102 Y122.171 E564.68578
G1 X157.235 Y120.849 E564.72997
G1 X157.325 Y119.505 E564.77477
G1 X157.368 Y118.166 E564.81933
G1 X157.367 Y116.827 E564.86387
G1 X157.326 Y115.534 E564.9069
G1 X157.232 Y114.147 E564.95313
G1 X157.097 Y112.827 E564.99727
G1 X156.915 Y111.487 E565.04224
G1 X156.685 Y110.143 E565.08759
G1 X156.447 Y108.958 E565.1278
G1 X156.112 Y107.561 E565.17558
G1 X155.753 Y106.267 E565.22024
G1 X155.362 Y105.009 E565.26406
G1 X154.917 Y103.74 E565.30878
G1 X154.432 Y102.49 E565.35338
G1 X153.897 Y101.233 E565.39882
G1 X153.33 Y100.022 E565.44329
G1 X152.734 Y98.849 E565.48705
G1 X152.075 Y97.659 E565.53229
G1 X151.387 Y96.502 E565.57707
G1 X150.677 Y95.398 E565.62072
G1 X149.9 Y94.281 E565.66598
G1 X149.116 Y93.222 E565.7098
G1 X148.265 Y92.156 E565.75517
G1 X147.413 Y91.157 E565.79884
G1 X146.507 Y90.164 E565.84355
G1 X145.566 Y89.196 E565.88845
G1 X144.608 Y88.277 E565.9326
G1 X143.607 Y87.382 E565.97727
G1 X142.571 Y86.516 E566.02218
G1 X141.526 Y85.699 E566.06629
G1 X140.371 Y84.856 E566.11385
G1 X139.318 Y84.148 E566.15606
G1 X138.263 Y83.481 E566.19757
G1 X136.974 Y82.72 E566.24736
G1 X135.847 Y82.121 E566.28981
G1 X134.641 Y81.519 E566.33464
G1 X133.425 Y80.965 E566.37908
G1 X132.186 Y80.449 E566.42372
G1 X130.945 Y79.982 E566.46782
G1 X129.701 Y79.56 E566.51152
G1 X128.382 Y79.164 E566.55732
G1 X127.097 Y78.821 E566.60156
G1 X125.806 Y78.523 E566.64562
G1 X124.49 Y78.263 E566.69024
G1 X123.157 Y78.052 E566.73513
G1 X121.985 Y77.901 E566.77443
G1 X120.435 Y77.755 E566.82621
G1 X119.167 Y77.684 E566.86845
G1 X117.805 Y77.648 E566.91377
G1 X116.476 Y77.661 E566.95797
G1 X115.135 Y77.717 E567.00261
G1 X113.788 Y77.82 E567.04755
G1 X112.461 Y77.967 E567.09195
G1 X111.13 Y78.157 E567.13667
G1 X109.812 Y78.394 E567.18121
G1 X108.514 Y78.671 E567.22535
G1 X107.214 Y78.998 E567.26994
G1 X105.938 Y79.359 E567.31405
G1 X104.638 Y79.777 E567.35946
G1 X103.379 Y80.23 E567.40397
G1 X102.131 Y80.725 E567.44862
G1 X100.913 Y81.258 E567.49284
G1 X99.7 Y81.84 E567.53759
G1 X98.514 Y82.453 E567.58199
G1 X97.343 Y83.114 E567.62672
G1 X96.195 Y83.813 E567.67142
G1 X95.087 Y84.542 E567.71553
G1 X93.982 Y85.32 E567.76048
G1 X92.911 Y86.129 E567.80512
G1 X91.898 Y86.948 E567.84845
G1 X90.86 Y87.852 E567.89423
G1 X89.895 Y88.746 E567.93798
G1 X88.923 Y89.706 E567.98342
G1 X88.025 Y90.66 E568.027
G1 X87.129 Y91.685 E568.07228
G1 X86.294 Y92.694 E568.11584
G1 X85.457 Y93.786 E568.1616
G1 X84.676 Y94.875 E568.20617
G1 X83.95 Y95.964 E568.24971
G1 X83.244 Y97.107 E568.29439
G1 X82.578 Y98.27 E568.33896
G1 X81.928 Y99.5 E568.38524
G1 X81.368 Y100.646 E568.42766
G1 X80.807 Y101.907 E568.47356
G1 X80.312 Y103.125 E568.51729
G1 X79.844 Y104.404 E568.56259
G1 X79.469 Y105.536 E568.60225
G1 X79.055 Y106.928 E568.65056
G1 X78.715 Y108.259 E568.69625
G1 X78.428 Y109.545 E568.74007
G1 X78.184 Y110.861 E568.78459
G1 X77.98 Y112.185 E568.82914
G1 X77.824 Y113.537 E568.87441
G1 X77.711 Y114.841 E568.91794
G1 X77.644 Y116.189 E568.96283
G1 X77.621 Y117.554 E569.00824
G1 X77.645 Y118.883 E569.05245
G1 X77.713 Y120.233 E569.09741
G1 X77.825 Y121.531 E569.14074
G1 X77.983 Y122.886 E569.18611
G1 X78.187 Y124.209 E569.23064
G1 X78.428 Y125.503 E569.27441
G1 X78.72 Y126.812 E569.31902
G1 X79.062 Y128.146 E569.36483
G1 X79.473 Y129.537 E569.41307
G1 X79.858 Y130.685 E569.45334
G1 X80.312 Y131.923 E569.4972
G1 X80.827 Y133.187 E569.54259
G1 X81.378 Y134.419 E569.58748
G1 X81.963 Y135.618 E569.63185
G1 X82.589 Y136.798 E569.67628
G1 X83.257 Y137.961 E569.72089
G1 X83.967 Y139.108 E569.76576
G1 X84.705 Y140.216 E569.81004
G1 X85.47 Y141.282 E569.85368
G1 X86.31 Y142.373 E569.89947
G1 X87.125 Y143.36 E569.94205
G1 X88.055 Y144.417 E569.98887
G1 X88.976 Y145.395 E570.03355
G1 X89.895 Y146.302 E570.0765
G1 X90.878 Y147.213 E570.12108
G1 X91.917 Y148.116 E570.16686
G1 X92.95 Y148.95 E570.21102
G1 X94.002 Y149.743 E570.25484
G1 X95.105 Y150.52 E570.29971
G1 X96.216 Y151.248 E570.34389
G1 X97.382 Y151.952 E570.38919
G1 X98.538 Y152.604 E570.43333
G1 X99.72 Y153.218 E570.47763
G1 X100.938 Y153.798 E570.5225
G1 X102.156 Y154.334 E570.56676
G1 X103.423 Y154.834 E570.61207
G1 X104.661 Y155.279 E570.65582
G1 X105.959 Y155.691 E570.70112
G1 X107.259 Y156.062 E570.74608
G1 X108.54 Y156.383 E570.79
G1 X109.836 Y156.659 E570.83408
G1 X111.156 Y156.895 E570.87868
G1 X112.487 Y157.085 E570.92339
G1 X113.032 Y157.146 E570.94163
G1 X113.032 Y154.102 E571.04288
G1 X111.658 Y153.907 E571.08903
G1 X110.434 Y153.691 E571.13037
G1 X109.144 Y153.414 E571.17426
G1 X107.878 Y153.093 E571.2177
G1 X106.617 Y152.731 E571.26133
G1 X105.275 Y152.291 E571.30831
G1 X104.143 Y151.871 E571.34846
G1 X102.948 Y151.379 E571.39145
G1 X101.747 Y150.835 E571.4353
G1 X100.57 Y150.256 E571.47893
G1 X99.428 Y149.638 E571.52211
G1 X98.299 Y148.976 E571.56564
G1 X97.183 Y148.27 E571.60957
G1 X96.107 Y147.527 E571.65306
G1 X95.054 Y146.75 E571.69658
G1 X93.98 Y145.895 E571.74224
G1 X93.038 Y145.083 E571.78361
G1 X92.081 Y144.207 E571.82676
G1 X91.143 Y143.277 E571.87069
G1 X90.256 Y142.336 E571.9137
G1 X89.379 Y141.344 E571.95774
G1 X88.558 Y140.34 E572.00088
G1 X87.761 Y139.29 E572.04472
G1 X87.006 Y138.217 E572.08836
G1 X86.289 Y137.122 E572.13189
G1 X85.616 Y136.001 E572.17538
G1 X84.977 Y134.857 E572.21896
G1 X84.384 Y133.69 E572.2625
G1 X83.832 Y132.508 E572.30589
G1 X83.319 Y131.303 E572.34945
G1 X82.852 Y130.078 E572.39305
G1 X82.438 Y128.867 E572.43562
G1 X82.047 Y127.585 E572.4802
G1 X81.715 Y126.323 E572.5236
G1 X81.422 Y125.048 E572.56711
G1 X81.178 Y123.759 E572.61075
G1 X80.984 Y122.479 E572.65381
G1 X80.83 Y121.167 E572.69774
G1 X80.72 Y119.863 E572.74127
G1 X80.664 Y118.556 E572.78478
G1 X80.648 Y117.257 E572.82799
G1 X80.681 Y115.94 E572.8718
G1 X80.758 Y114.642 E572.91505
G1 X80.885 Y113.339 E572.95859
G1 X81.06 Y112.045 E573.00203
G1 X81.273 Y110.766 E573.04515
G1 X81.54 Y109.472 E573.0891
G1 X81.846 Y108.197 E573.13271
G1 X82.204 Y106.929 E573.17653
G1 X82.638 Y105.573 E573.22388
G1 X82.936 Y104.779 E573.25209
G1 X82.92 Y104.756 E573.25302
G1 X83.518 Y103.264 E573.30648
G1 X84.055 Y102.051 E573.35061
G1 X84.638 Y100.846 E573.39513
G1 X85.244 Y99.7 E573.43825
G1 X85.891 Y98.577 E573.48135
G1 X86.585 Y97.469 E573.52484
G1 X87.314 Y96.383 E573.56834
G1 X88.083 Y95.325 E573.61184
G1 X88.892 Y94.293 E573.65546
G1 X89.734 Y93.293 E573.69894
G1 X90.621 Y92.314 E573.74288
G1 X91.525 Y91.382 E573.78606
G1 X92.475 Y90.472 E573.82982
G1 X93.444 Y89.606 E573.87304
G1 X94.46 Y88.761 E573.91699
G1 X95.486 Y87.968 E573.96012
G1 X96.552 Y87.203 E574.00376
G1 X97.65 Y86.476 E574.04756
G1 X98.755 Y85.798 E574.09068
G1 X99.894 Y85.151 E574.13425
G1 X101.046 Y84.551 E574.17745
G1 X102.236 Y83.986 E574.22126
G1 X103.428 Y83.465 E574.26453
G1 X104.666 Y82.977 E574.30879
G1 X105.889 Y82.551 E574.35187
G1 X107.14 Y82.161 E574.39545
G1 X108.411 Y81.811 E574.4393
G1 X109.654 Y81.519 E574.48176
G1 X110.963 Y81.259 E574.52615
G1 X112.26 Y81.048 E574.56986
G1 X113.545 Y80.886 E574.61294
G1 X114.85 Y80.768 E574.65652
G1 X116.168 Y80.696 E574.70042
G1 X117.476 Y80.672 E574.74393
G1 X118.776 Y80.696 E574.78718
G1 X120.093 Y80.766 E574.83104
G1 X121.4 Y80.88 E574.87468
G1 X122.729 Y81.05 E574.91924
G1 X123.981 Y81.247 E574.96139
G1 X125.274 Y81.503 E575.00523
G1 X126.537 Y81.8 E575.04839
G1 X127.798 Y82.142 E575.09184
G1 X129.058 Y82.533 E575.13572
G1 X130.282 Y82.961 E575.17885
G1 X131.503 Y83.436 E575.22243
G1 X132.714 Y83.961 E575.26633
G1 X133.877 Y84.514 E575.30916
G1 X135.06 Y85.129 E575.3535
G1 X136.189 Y85.767 E575.39664
G1 X137.315 Y86.455 E575.44052
G1 X138.407 Y87.176 E575.48405
G1 X139.466 Y87.939 E575.52746
G1 X140.496 Y88.73 E575.57065
G1 X141.503 Y89.567 E575.61421
G1 X142.483 Y90.438 E575.65781
G1 X143.44 Y91.355 E575.7019
G1 X144.34 Y92.275 E575.7447
G1 X145.224 Y93.246 E575.78838
G1 X146.072 Y94.256 E575.83224
G1 X146.873 Y95.273 E575.8753
G1 X147.655 Y96.341 E575.91932
G1 X148.377 Y97.416 E575.9624
G1 X149.071 Y98.523 E576.00585
G1 X149.73 Y99.657 E576.04947
G1 X150.495 Y101.108 E576.10403
G1 X150.491 Y101.114 E576.10427
G1 X150.918 Y101.989 E576.13665
G1 X151.449 Y103.196 E576.18051
G1 X151.928 Y104.386 E576.22318
G1 X152.38 Y105.633 E576.26729
G1 X152.777 Y106.876 E576.31069
G1 X153.135 Y108.137 E576.35429
G1 X153.448 Y109.421 E576.39825
G1 X153.712 Y110.691 E576.44139
G1 X153.93 Y111.968 E576.48448
G1 X154.105 Y113.289 E576.5288
G1 X154.231 Y114.582 E576.57201
G1 X154.312 Y115.887 E576.6155
G1 X154.348 Y117.198 E576.65912
G1 X154.336 Y118.503 E576.70252
G1 X154.279 Y119.813 E576.74614
G1 X154.173 Y121.117 E576.78965
G1 X154.022 Y122.427 E576.83351
G1 X153.829 Y123.7 E576.87633
G1 X153.582 Y124.996 E576.92021
G1 X153.297 Y126.272 E576.9637
G1 X152.963 Y127.538 E577.00725
G1 X152.584 Y128.79 E577.05076
G1 X152.158 Y130.041 E577.09471
G1 X151.705 Y131.238 E577.13728
G1 X151.198 Y132.441 E577.1807
G1 X150.63 Y133.656 E577.22531
G1 X150.041 Y134.811 E577.26843
G1 X149.407 Y135.958 E577.31202
G1 X148.732 Y137.08 E577.35557
G1 X148.015 Y138.182 E577.3993
G1 X147.259 Y139.254 E577.44293
G1 X146.477 Y140.288 E577.48605
G1 X145.648 Y141.304 E577.52966
G1 X144.779 Y142.294 E577.57347
G1 X143.899 Y143.235 E577.61632
G1 X142.96 Y144.161 E577.66019
G1 X142 Y145.047 E577.70364
G1 X141.007 Y145.902 E577.74722
G1 X139.982 Y146.718 E577.7908
G1 X138.926 Y147.502 E577.83454
G1 X137.843 Y148.25 E577.87832
G1 X136.729 Y148.959 E577.92224
G1 X135.588 Y149.627 E577.96621
G1 X134.471 Y150.234 E578.0085
G1 X133.289 Y150.819 E578.05236
G1 X132.1 Y151.359 E578.09579
G1 X130.901 Y151.851 E578.1389
G1 X129.661 Y152.31 E578.18288
G1 X128.427 Y152.717 E578.22609
G1 X127.165 Y153.082 E578.26979
G1 X125.925 Y153.398 E578.31235
G1 X124.613 Y153.683 E578.35701
G1 X123.332 Y153.911 E578.40028
G1 X121.964 Y154.101 E578.44622
G1 X121.964 Y157.148 E578.54756
G0 F9000 X121.564 Y157.594
;TYPE:WALL-OUTER
G1 F1500 X123.268 Y157.386 E578.60466
G1 X124.568 Y157.175 E578.64846
G1 X125.894 Y156.916 E578.6934
G1 X127.104 Y156.641 E578.73467
G1 X128.54 Y156.258 E578.7841
G1 X129.811 Y155.869 E578.82831
G1 X131.064 Y155.447 E578.87228
G1 X132.37 Y154.957 E578.91868
G1 X133.607 Y154.44 E578.96327
G1 X134.933 Y153.835 E579.01175
G1 X135.83 Y153.383 E579.04515
G1 X135.839 Y153.389 E579.04551
G1 X137.31 Y152.591 E579.10118
G1 X138.491 Y151.901 E579.14667
G1 X139.575 Y151.211 E579.18941
G1 X140.597 Y150.52 E579.23044
G1 X141.795 Y149.646 E579.27976
G1 X142.842 Y148.828 E579.32395
G1 X143.869 Y147.968 E579.36851
G1 X144.888 Y147.057 E579.41397
G1 X145.862 Y146.122 E579.45887
G1 X146.826 Y145.128 E579.50493
G1 X147.729 Y144.137 E579.54952
G1 X148.617 Y143.095 E579.59506
G1 X149.441 Y142.062 E579.639
G1 X150.297 Y140.907 E579.68682
G1 X151.013 Y139.861 E579.72898
G1 X151.762 Y138.695 E579.77507
G1 X152.438 Y137.56 E579.81901
G1 X153.095 Y136.374 E579.86411
G1 X153.7 Y135.18 E579.90863
G1 X154.277 Y133.942 E579.95406
G1 X154.806 Y132.696 E579.99908
G1 X155.296 Y131.434 E580.04411
G1 X155.742 Y130.157 E580.08909
G1 X156.144 Y128.867 E580.13403
G1 X156.506 Y127.562 E580.17908
G1 X156.844 Y126.149 E580.2274
G1 X157.091 Y124.919 E580.26913
G1 X157.314 Y123.586 E580.31408
G1 X157.497 Y122.244 E580.35913
G1 X157.632 Y120.907 E580.40382
G1 X157.724 Y119.55 E580.44906
G1 X157.768 Y118.166 E580.49512
G1 X157.767 Y116.814 E580.54008
G1 X157.722 Y115.454 E580.58534
G1 X157.63 Y114.107 E580.63025
G1 X157.493 Y112.773 E580.67485
G1 X157.309 Y111.42 E580.72027
G1 X157.077 Y110.065 E580.76599
G1 X156.844 Y108.899 E580.80554
G1 X156.498 Y107.455 E580.85492
G1 X156.144 Y106.177 E580.89903
G1 X155.742 Y104.883 E580.9441
G1 X155.292 Y103.602 E580.98926
G1 X154.791 Y102.314 E581.03522
G1 X154.273 Y101.094 E581.07931
G1 X153.7 Y99.868 E581.12432
G1 X153.087 Y98.662 E581.16931
G1 X152.434 Y97.48 E581.21423
G1 X151.76 Y96.344 E581.25816
G1 X151.009 Y95.176 E581.30435
G1 X150.222 Y94.043 E581.35023
G1 X149.433 Y92.978 E581.39431
G1 X148.569 Y91.896 E581.44036
G1 X147.693 Y90.87 E581.48524
G1 X146.798 Y89.89 E581.52938
G1 X145.874 Y88.938 E581.5735
G1 X144.88 Y87.983 E581.61935
G1 X143.869 Y87.08 E581.66444
G1 X142.842 Y86.22 E581.70899
G1 X141.767 Y85.38 E581.75437
G1 X140.601 Y84.528 E581.8024
G1 X139.532 Y83.81 E581.84523
G1 X138.467 Y83.137 E581.88713
G1 X137.17 Y82.371 E581.93723
G1 X136.026 Y81.763 E581.98032
G1 X134.807 Y81.155 E582.02563
G1 X133.579 Y80.596 E582.0705
G1 X132.358 Y80.086 E582.11451
G1 X131.104 Y79.613 E582.15909
G1 X129.823 Y79.179 E582.20407
G1 X128.513 Y78.785 E582.24957
G1 X127.187 Y78.431 E582.29522
G1 X125.89 Y78.132 E582.33949
G1 X124.56 Y77.869 E582.38458
G1 X123.235 Y77.659 E582.4292
G1 X122.029 Y77.503 E582.46965
G1 X120.465 Y77.356 E582.5219
G1 X119.183 Y77.284 E582.5646
G1 X117.801 Y77.248 E582.61058
G1 X116.46 Y77.261 E582.65519
G1 X115.105 Y77.318 E582.7003
G1 X113.744 Y77.422 E582.7457
G1 X112.405 Y77.571 E582.79051
G1 X111.06 Y77.763 E582.83569
G1 X109.729 Y78.003 E582.88068
G1 X108.417 Y78.283 E582.9253
G1 X107.106 Y78.613 E582.97026
G1 X105.822 Y78.976 E583.01464
G1 X104.533 Y79.39 E583.05967
G1 X103.232 Y79.858 E583.10566
G1 X102.001 Y80.345 E583.14969
G1 X100.772 Y80.882 E583.1943
G1 X99.516 Y81.484 E583.24062
G1 X98.348 Y82.088 E583.28436
G1 X97.135 Y82.772 E583.33067
G1 X96.03 Y83.444 E583.37369
G1 X94.857 Y84.214 E583.42036
G1 X93.742 Y85 E583.46573
G1 X92.659 Y85.818 E583.51087
G1 X91.641 Y86.642 E583.55443
G1 X90.61 Y87.537 E583.59984
G1 X89.641 Y88.435 E583.64378
G1 X88.655 Y89.408 E583.68985
G1 X87.729 Y90.391 E583.73477
G1 X86.837 Y91.41 E583.77981
G1 X85.981 Y92.445 E583.82449
G1 X85.149 Y93.528 E583.86991
G1 X84.361 Y94.626 E583.91486
G1 X83.613 Y95.748 E583.95971
G1 X82.9 Y96.903 E584.00486
G1 X82.228 Y98.077 E584.04985
G1 X81.595 Y99.271 E584.0948
G1 X81.006 Y100.477 E584.13944
G1 X80.437 Y101.756 E584.186
G1 X79.928 Y103.01 E584.23101
G1 X79.473 Y104.25 E584.27494
G1 X79.087 Y105.416 E584.31579
G1 X78.669 Y106.822 E584.36458
G1 X78.331 Y108.143 E584.40993
G1 X78.036 Y109.465 E584.45498
G1 X77.786 Y110.821 E584.50084
G1 X77.583 Y112.131 E584.54493
G1 X77.426 Y113.503 E584.59086
G1 X77.312 Y114.814 E584.63463
G1 X77.244 Y116.175 E584.67996
G1 X77.221 Y117.561 E584.72606
G1 X77.245 Y118.903 E584.7707
G1 X77.312 Y120.234 E584.81503
G1 X77.43 Y121.599 E584.8606
G1 X77.587 Y122.947 E584.90574
G1 X77.784 Y124.224 E584.94871
G1 X78.036 Y125.583 E584.99468
G1 X78.338 Y126.933 E585.04069
G1 X78.678 Y128.259 E585.08622
G1 X79.083 Y129.632 E585.13383
G1 X79.482 Y130.823 E585.17561
G1 X79.951 Y132.097 E585.22076
G1 X80.461 Y133.35 E585.26576
G1 X81.018 Y134.594 E585.31109
G1 X81.609 Y135.805 E585.35591
G1 X82.242 Y136.997 E585.4008
G1 X82.9 Y138.145 E585.44481
G1 X83.634 Y139.33 E585.49117
G1 X84.38 Y140.449 E585.5359
G1 X85.167 Y141.544 E585.58075
G1 X85.981 Y142.603 E585.62518
G1 X86.855 Y143.659 E585.67077
G1 X87.763 Y144.691 E585.71649
G1 X88.656 Y145.64 E585.75983
G1 X89.619 Y146.591 E585.80485
G1 X90.61 Y147.511 E585.84982
G1 X91.665 Y148.426 E585.89627
G1 X92.709 Y149.269 E585.9409
G1 X93.766 Y150.066 E585.98493
G1 X94.881 Y150.85 E586.03027
G1 X96.003 Y151.586 E586.0749
G1 X97.161 Y152.287 E586.11992
G1 X98.348 Y152.956 E586.16524
G1 X99.542 Y153.576 E586.20998
G1 X100.772 Y154.162 E586.2553
G1 X102.002 Y154.703 E586.29999
G1 X103.287 Y155.21 E586.34594
G1 X104.533 Y155.658 E586.38998
G1 X105.822 Y156.068 E586.43497
G1 X107.161 Y156.45 E586.48128
G1 X108.45 Y156.773 E586.52548
G1 X109.759 Y157.051 E586.56998
G1 X111.092 Y157.29 E586.61503
G1 X112.443 Y157.482 E586.66041
G1 X113.432 Y157.592 E586.69351
G1 X113.432 Y153.746 E586.82143
G1 X112.923 Y153.686 E586.83848
G1 X111.727 Y153.513 E586.87867
G1 X110.518 Y153.3 E586.9195
G1 X109.242 Y153.026 E586.96291
G1 X107.988 Y152.709 E587.00593
G1 X106.741 Y152.351 E587.04908
G1 X105.414 Y151.916 E587.09552
G1 X104.295 Y151.501 E587.13522
G1 X103.113 Y151.015 E587.17773
G1 X101.923 Y150.476 E587.22118
G1 X100.76 Y149.904 E587.26428
G1 X99.63 Y149.293 E587.30701
G1 X98.513 Y148.638 E587.35008
G1 X97.41 Y147.941 E587.39347
G1 X96.345 Y147.205 E587.43653
G1 X95.303 Y146.437 E587.47959
G1 X94.241 Y145.592 E587.52472
G1 X93.308 Y144.788 E587.56569
G1 X92.363 Y143.923 E587.6083
G1 X91.421 Y142.988 E587.65244
G1 X90.546 Y142.061 E587.69484
G1 X89.689 Y141.091 E587.73789
G1 X88.876 Y140.098 E587.78058
G1 X88.088 Y139.06 E587.82392
G1 X87.34 Y137.998 E587.86713
G1 X86.632 Y136.916 E587.91013
G1 X85.965 Y135.806 E587.9532
G1 X85.333 Y134.675 E587.9963
G1 X84.746 Y133.521 E588.03936
G1 X84.2 Y132.351 E588.0823
G1 X83.693 Y131.16 E588.12535
G1 X83.23 Y129.949 E588.16848
G1 X82.816 Y128.735 E588.21114
G1 X82.434 Y127.483 E588.25467
G1 X82.105 Y126.233 E588.29767
G1 X81.815 Y124.974 E588.34064
G1 X81.574 Y123.699 E588.38379
G1 X81.381 Y122.432 E588.42642
G1 X81.228 Y121.133 E588.46992
G1 X81.12 Y119.845 E588.51291
G1 X81.064 Y118.551 E588.55599
G1 X81.048 Y117.267 E588.5987
G1 X81.08 Y115.964 E588.64205
G1 X81.156 Y114.68 E588.68483
G1 X81.281 Y113.393 E588.72784
G1 X81.454 Y112.111 E588.77087
G1 X81.668 Y110.835 E588.8139
G1 X81.929 Y109.565 E588.85702
G1 X82.231 Y108.305 E588.90012
G1 X82.585 Y107.051 E588.94346
G1 X83.012 Y105.713 E588.99017
G1 X83.329 Y104.871 E589.02009
G1 X83.316 Y104.852 E589.02086
G1 X83.893 Y103.407 E589.07261
G1 X84.415 Y102.225 E589.11559
G1 X84.992 Y101.033 E589.15963
G1 X85.59 Y99.9 E589.20224
G1 X86.23 Y98.789 E589.24489
G1 X86.917 Y97.692 E589.28794
G1 X87.638 Y96.618 E589.33096
G1 X88.398 Y95.572 E589.37397
G1 X89.198 Y94.551 E589.41711
G1 X90.031 Y93.561 E589.46014
G1 X90.908 Y92.592 E589.50361
G1 X91.801 Y91.671 E589.54628
G1 X92.742 Y90.77 E589.58961
G1 X93.7 Y89.914 E589.63234
G1 X94.705 Y89.077 E589.67584
G1 X95.719 Y88.293 E589.71847
G1 X96.773 Y87.537 E589.76161
G1 X97.859 Y86.817 E589.80495
G1 X98.953 Y86.146 E589.84763
G1 X100.079 Y85.506 E589.89071
G1 X101.238 Y84.903 E589.93417
G1 X102.396 Y84.352 E589.97682
G1 X103.594 Y83.83 E590.02028
G1 X104.798 Y83.355 E590.06333
G1 X106.008 Y82.933 E590.10595
G1 X107.246 Y82.547 E590.14909
G1 X108.502 Y82.201 E590.19242
G1 X109.753 Y81.907 E590.23516
G1 X111.027 Y81.654 E590.27836
G1 X112.31 Y81.445 E590.32159
G1 X113.581 Y81.284 E590.36421
G1 X114.872 Y81.168 E590.40732
G1 X116.176 Y81.096 E590.45075
G1 X117.468 Y81.072 E590.49373
G1 X118.755 Y81.096 E590.53655
G1 X120.058 Y81.164 E590.57994
G1 X121.35 Y81.277 E590.62308
G1 X122.667 Y81.445 E590.66724
G1 X123.903 Y81.639 E590.70885
G1 X125.182 Y81.893 E590.75222
G1 X126.433 Y82.186 E590.79496
G1 X127.68 Y82.524 E590.83793
G1 X128.926 Y82.911 E590.88132
G1 X130.137 Y83.333 E590.92398
G1 X131.344 Y83.804 E590.96707
G1 X132.542 Y84.323 E591.01049
G1 X133.701 Y84.874 E591.05318
G1 X134.863 Y85.477 E591.09672
G1 X135.981 Y86.109 E591.13943
G1 X137.095 Y86.789 E591.18284
G1 X138.173 Y87.501 E591.22581
G1 X139.222 Y88.257 E591.26882
G1 X140.24 Y89.038 E591.31149
G1 X141.237 Y89.866 E591.3546
G1 X142.207 Y90.727 E591.39774
G1 X143.154 Y91.635 E591.44137
G1 X144.044 Y92.545 E591.48371
G1 X144.918 Y93.503 E591.52684
G1 X145.758 Y94.504 E591.5703
G1 X146.55 Y95.509 E591.61286
G1 X147.323 Y96.564 E591.65636
G1 X148.038 Y97.629 E591.69903
G1 X148.725 Y98.723 E591.74199
G1 X149.381 Y99.854 E591.78548
G1 X150.12 Y101.246 E591.8379
G1 X150.114 Y101.255 E591.83826
G1 X150.552 Y102.151 E591.87143
G1 X151.078 Y103.345 E591.91483
G1 X151.556 Y104.535 E591.95748
G1 X151.999 Y105.755 E592.00065
G1 X152.393 Y106.985 E592.04361
G1 X152.747 Y108.232 E592.08672
G1 X153.056 Y109.503 E592.13022
G1 X153.318 Y110.758 E592.17287
G1 X153.535 Y112.033 E592.21588
G1 X153.707 Y113.328 E592.25933
G1 X153.832 Y114.607 E592.30208
G1 X153.912 Y115.898 E592.3451
G1 X153.948 Y117.194 E592.38822
G1 X153.936 Y118.485 E592.43116
G1 X153.88 Y119.781 E592.4743
G1 X153.775 Y121.071 E592.51735
G1 X153.626 Y122.367 E592.56074
G1 X153.433 Y123.638 E592.6035
G1 X153.192 Y124.908 E592.64649
G1 X152.906 Y126.183 E592.68995
G1 X152.58 Y127.422 E592.73257
G1 X152.206 Y128.661 E592.77561
G1 X151.784 Y129.899 E592.81911
G1 X151.329 Y131.098 E592.86177
G1 X150.826 Y132.293 E592.90489
G1 X150.274 Y133.474 E592.94825
G1 X149.691 Y134.617 E592.99093
G1 X149.064 Y135.752 E593.03405
G1 X148.396 Y136.862 E593.07714
G1 X147.688 Y137.952 E593.12037
G1 X146.94 Y139.013 E593.16355
G1 X146.167 Y140.035 E593.20617
G1 X145.347 Y141.04 E593.24931
G1 X144.487 Y142.021 E593.2927
G1 X143.609 Y142.959 E593.33543
G1 X142.688 Y143.867 E593.37845
G1 X141.739 Y144.744 E593.42143
G1 X140.757 Y145.589 E593.46452
G1 X139.744 Y146.397 E593.50761
G1 X138.698 Y147.173 E593.55093
G1 X137.628 Y147.913 E593.5942
G1 X136.527 Y148.614 E593.63762
G1 X135.432 Y149.256 E593.67983
G1 X134.293 Y149.876 E593.72297
G1 X133.123 Y150.455 E593.76638
G1 X131.948 Y150.989 E593.80931
G1 X130.762 Y151.476 E593.85195
G1 X129.535 Y151.93 E593.89547
G1 X128.316 Y152.333 E593.93817
G1 X127.066 Y152.694 E593.98144
G1 X125.819 Y153.012 E594.02425
G1 X124.543 Y153.289 E594.06768
G1 X123.276 Y153.515 E594.11048
G1 X121.992 Y153.695 E594.15361
G1 X121.564 Y153.746 E594.16794
G1 X121.564 Y157.594 E594.29593
G1 F2700 E589.29593
G0 F9000 X121.842 Y157.289
G0 X122.03 Y153.944
G0 X124.599 Y153.532
G0 X127.137 Y152.937
G0 X129.627 Y152.163
G0 X132.054 Y151.215
G0 X134.409 Y150.098
G0 X136.677 Y148.816
G0 X138.851 Y147.376
G0 X140.915 Y145.784
G0 X142.861 Y144.05
G0 X144.681 Y142.183
G0 X146.361 Y140.192
G0 X147.899 Y138.088
G0 X149.28 Y135.878
G0 X150.502 Y133.576
G0 X151.56 Y131.193
G0 X152.443 Y128.741
G0 X153.15 Y126.233
G0 X153.679 Y123.68
G0 X154.024 Y121.097
G0 X154.185 Y118.496
G0 X154.164 Y115.891
G0 X153.955 Y113.293
G0 X153.563 Y110.716
G0 X152.987 Y108.173
G0 X152.235 Y105.679
G0 X151.306 Y103.242
G0 X150.208 Y100.88
G0 X148.943 Y98.6
G0 X147.52 Y96.416
G0 X145.947 Y94.339
G0 X144.23 Y92.379
G0 X142.378 Y90.545
G0 X140.4 Y88.848
G0 X138.307 Y87.294
G0 X136.109 Y85.894
G0 X133.816 Y84.654
G0 X131.443 Y83.578
G0 X128.998 Y82.675
G0 X126.495 Y81.946
G0 X123.947 Y81.396
G0 X121.366 Y81.031
G0 X118.766 Y80.849
G0 X116.161 Y80.85
G0 X113.561 Y81.037
G0 X110.981 Y81.408
G0 X108.436 Y81.963
G0 X105.934 Y82.697
G0 X103.49 Y83.605
G0 X101.119 Y84.685
G0 X98.829 Y85.93
G0 X96.634 Y87.335
G0 X94.542 Y88.892
G0 X92.568 Y90.594
G0 X90.721 Y92.432
G0 X89.007 Y94.395
G0 X87.438 Y96.476
G0 X86.019 Y98.663
G0 X84.76 Y100.945
G0 X83.667 Y103.31
G0 X82.743 Y105.747
G0 X81.994 Y108.244
G0 X81.425 Y110.788
G0 X81.038 Y113.364
G0 X80.834 Y115.963
G0 X80.815 Y118.568
G0 X80.982 Y121.17
G0 X81.332 Y123.751
G0 X81.866 Y126.304
G0 X82.578 Y128.811
G0 X83.467 Y131.26
G0 X84.529 Y133.642
G0 X85.755 Y135.942
G0 X87.142 Y138.147
G0 X88.683 Y140.25
G0 X90.368 Y142.237
G0 X92.191 Y144.101
G0 X94.141 Y145.83
G0 X96.208 Y147.417
G0 X98.384 Y148.853
G0 X100.656 Y150.13
G0 X103.013 Y151.244
G0 X105.442 Y152.186
G0 X107.933 Y152.955
G0 X110.471 Y153.545
G0 X112.922 Y153.918
G0 X112.932 Y156.743
G0 X112.672 Y156.743
;TYPE:SKIN
G1 F2700 E594.29593
G1 F1500 X111.245 Y156.541 E594.34386
G1 X109.899 Y156.303 E594.38932
G1 X108.626 Y156.033 E594.43261
G1 X107.371 Y155.719 E594.47563
G1 X106.054 Y155.34 E594.52122
G1 X104.79 Y154.941 E594.5653
G1 X103.539 Y154.49 E594.60953
G1 X102.314 Y154.007 E594.65333
G1 X101.116 Y153.479 E594.69687
G1 X99.894 Y152.902 E594.74182
G1 X98.746 Y152.303 E594.78489
G1 X97.572 Y151.642 E594.8297
G1 X96.415 Y150.946 E594.87461
G1 X95.334 Y150.235 E594.91764
G1 X94.226 Y149.458 E594.96265
G1 X93.179 Y148.669 E595.00625
G1 X92.143 Y147.834 E595.05051
G1 X91.114 Y146.943 E595.09578
G1 X90.15 Y146.045 E595.1396
G1 X89.228 Y145.136 E595.18266
G1 X88.3 Y144.153 E595.22763
G1 X87.422 Y143.148 E595.27201
G1 X86.593 Y142.147 E595.31524
G1 X85.779 Y141.089 E595.35964
G1 X85.006 Y140.019 E595.40354
G1 X84.279 Y138.927 E595.44718
G1 X83.56 Y137.765 E595.49263
G1 X82.909 Y136.631 E595.53612
G1 X82.288 Y135.463 E595.58011
G1 X81.713 Y134.281 E595.62383
G1 X81.161 Y133.057 E595.66849
G1 X80.66 Y131.82 E595.71288
G1 X80.236 Y130.687 E595.75312
G1 X79.813 Y129.427 E595.79732
G1 X79.405 Y128.039 E595.84544
G1 X79.078 Y126.756 E595.88948
G1 X78.784 Y125.447 E595.9341
G1 X78.544 Y124.156 E595.97777
G1 X78.343 Y122.883 E596.02064
G1 X78.185 Y121.523 E596.06618
G1 X78.073 Y120.229 E596.10938
G1 X78.005 Y118.878 E596.15437
G1 X77.98 Y117.576 E596.19768
G1 X78.005 Y116.221 E596.24276
G1 X78.067 Y114.901 E596.28671
G1 X78.179 Y113.593 E596.33037
G1 X78.335 Y112.239 E596.3757
G1 X78.535 Y110.942 E596.41935
G1 X78.777 Y109.638 E596.46346
G1 X79.067 Y108.323 E596.50825
G1 X79.397 Y107.03 E596.55263
G1 X79.811 Y105.649 E596.60059
G1 X80.192 Y104.502 E596.64079
G1 X80.641 Y103.277 E596.68418
G1 X81.129 Y102.066 E596.7276
G1 X81.691 Y100.808 E596.77343
G1 X82.256 Y99.641 E596.81656
G1 X82.879 Y98.465 E596.86082
G1 X83.532 Y97.327 E596.90446
G1 X84.24 Y96.18 E596.94929
G1 X84.97 Y95.078 E596.99325
G1 X85.736 Y94.013 E597.03689
G1 X86.546 Y92.955 E597.08121
G1 X87.405 Y91.91 E597.1262
G1 X88.255 Y90.938 E597.16914
G1 X89.167 Y89.97 E597.21338
G1 X90.112 Y89.036 E597.25757
G1 X91.118 Y88.097 E597.30334
G1 X92.112 Y87.237 E597.34706
G1 X93.128 Y86.411 E597.39061
G1 X94.192 Y85.609 E597.43493
G1 X95.275 Y84.847 E597.47897
G1 X96.383 Y84.117 E597.5231
G1 X97.505 Y83.435 E597.56677
G1 X98.722 Y82.75 E597.61322
G1 X99.846 Y82.169 E597.6553
G1 X101.051 Y81.59 E597.69977
G1 X102.248 Y81.065 E597.74324
G1 X103.488 Y80.573 E597.78761
G1 X104.749 Y80.117 E597.83221
G1 X105.997 Y79.717 E597.8758
G1 X107.299 Y79.346 E597.92083
G1 X108.583 Y79.023 E597.96487
G1 X109.924 Y78.736 E598.01048
G1 X111.164 Y78.513 E598.05238
G1 X112.484 Y78.325 E598.09673
G1 X113.802 Y78.181 E598.14083
G1 X115.145 Y78.077 E598.18563
G1 X116.477 Y78.02 E598.22997
G1 X117.782 Y78.009 E598.27338
G1 X119.164 Y78.046 E598.31936
G1 X120.389 Y78.112 E598.36016
G1 X121.965 Y78.259 E598.41281
G1 X123.072 Y78.403 E598.44994
G1 X124.403 Y78.615 E598.49476
G1 X125.706 Y78.868 E598.53891
G1 X127 Y79.166 E598.58308
G1 X128.281 Y79.509 E598.62718
G1 X129.558 Y79.894 E598.67154
G1 X130.828 Y80.321 E598.71611
G1 X132.05 Y80.782 E598.75955
G1 X133.279 Y81.292 E598.8038
G1 X134.561 Y81.881 E598.85073
G1 X135.67 Y82.435 E598.89196
G1 X136.802 Y83.039 E598.93464
G1 X138.065 Y83.783 E598.98339
G1 X139.105 Y84.44 E599.0243
G1 X140.131 Y85.128 E599.06539
G1 X141.303 Y85.984 E599.11366
G1 X142.342 Y86.796 E599.15752
G1 X143.343 Y87.632 E599.2009
G1 X144.325 Y88.51 E599.24471
G1 X145.287 Y89.432 E599.28903
G1 X146.224 Y90.392 E599.33365
G1 X147.119 Y91.373 E599.37781
G1 X147.972 Y92.369 E599.42143
G1 X148.799 Y93.406 E599.46555
G1 X149.561 Y94.425 E599.50787
G1 X150.362 Y95.576 E599.55451
G1 X151.078 Y96.686 E599.59844
G1 X151.754 Y97.821 E599.64238
G1 X152.411 Y99.01 E599.68756
G1 X153.008 Y100.184 E599.73137
G1 X153.569 Y101.385 E599.77545
G1 X154.095 Y102.623 E599.82019
G1 X154.562 Y103.826 E599.86311
G1 X155.008 Y105.098 E599.90795
G1 X155.403 Y106.36 E599.95193
G1 X155.757 Y107.636 E599.99597
G1 X156.124 Y109.159 E600.04808
G1 X156.322 Y110.176 E600.08254
G1 X156.552 Y111.522 E600.12795
G1 X156.722 Y112.707 E600.16777
G1 X156.871 Y114.156 E600.21622
G1 X156.963 Y115.498 E600.26096
G1 X157.004 Y116.813 E600.30472
G1 X157.008 Y118.157 E600.34942
G1 X156.964 Y119.481 E600.39348
G1 X156.872 Y120.847 E600.43902
G1 X156.743 Y122.108 E600.48118
G1 X156.563 Y123.448 E600.52615
G1 X156.343 Y124.776 E600.57092
G1 X156.128 Y125.864 E600.6078
G1 X155.77 Y127.366 E600.65916
G1 X155.424 Y128.612 E600.70217
G1 X155.028 Y129.893 E600.74677
G1 X154.59 Y131.145 E600.79088
G1 X154.116 Y132.369 E600.83454
G1 X153.589 Y133.615 E600.87953
G1 X153.162 Y134.565 E600.91418
G1 X153.147 Y134.568 E600.91469
G1 X152.435 Y135.99 E600.96758
G1 X151.738 Y137.245 E601.01533
G1 X151.12 Y138.285 E601.05556
G1 X150.396 Y139.406 E601.09995
G1 X149.705 Y140.421 E601.14079
G1 X148.853 Y141.574 E601.18847
G1 X148.036 Y142.598 E601.23204
G1 X147.132 Y143.659 E601.2784
G1 X146.265 Y144.611 E601.32123
G1 X145.362 Y145.545 E601.36444
G1 X144.385 Y146.481 E601.40944
G1 X143.398 Y147.364 E601.45349
G1 X142.395 Y148.205 E601.49702
G1 X141.322 Y149.048 E601.54241
G1 X140.201 Y149.868 E601.5886
G1 X139.167 Y150.568 E601.63013
G1 X138.088 Y151.253 E601.67264
G1 X136.831 Y151.982 E601.72097
G1 X135.611 Y152.648 E601.7672
G1 X134.632 Y153.132 E601.80352
G1 X133.333 Y153.728 E601.85106
G1 X132.099 Y154.243 E601.89553
G1 X130.829 Y154.723 E601.94069
G1 X129.59 Y155.14 E601.98417
G1 X128.329 Y155.523 E602.028
G1 X126.95 Y155.895 E602.07551
G1 X125.751 Y156.168 E602.11641
G1 X124.471 Y156.416 E602.15977
G1 X123.163 Y156.632 E602.20387
G1 X122.324 Y156.737 E602.23199
G1 X122.321 Y154.414 E602.30925
G1 X123.412 Y154.263 E602.34589
G1 X124.679 Y154.037 E602.38869
G1 X125.999 Y153.748 E602.43364
G1 X127.261 Y153.43 E602.47692
G1 X128.532 Y153.061 E602.52094
G1 X129.767 Y152.654 E602.56419
G1 X131.062 Y152.172 E602.61015
G1 X132.237 Y151.69 E602.65239
G1 X133.431 Y151.146 E602.69603
G1 X134.625 Y150.56 E602.74027
G1 X135.82 Y149.908 E602.78554
G1 X136.894 Y149.277 E602.82697
G1 X138.028 Y148.557 E602.87165
G1 X139.134 Y147.793 E602.91636
G1 X140.192 Y147.009 E602.96016
G1 X141.233 Y146.177 E603.00448
G1 X142.238 Y145.316 E603.0485
G1 X143.2 Y144.427 E603.09206
G1 X144.137 Y143.498 E603.13595
G1 X145.042 Y142.538 E603.17983
G1 X145.915 Y141.544 E603.22383
G1 X146.759 Y140.511 E603.2682
G1 X147.54 Y139.473 E603.3114
G1 X148.312 Y138.384 E603.3558
G1 X149.036 Y137.269 E603.40002
G1 X149.72 Y136.13 E603.44421
G1 X150.359 Y134.978 E603.48803
G1 X150.971 Y133.775 E603.53292
G1 X151.53 Y132.581 E603.57677
G1 X152.041 Y131.362 E603.62073
G1 X152.484 Y130.195 E603.66225
G1 X152.966 Y128.789 E603.71168
G1 X153.308 Y127.633 E603.75178
G1 X153.646 Y126.351 E603.79587
G1 X153.936 Y125.069 E603.83959
G1 X154.177 Y123.802 E603.88249
G1 X154.382 Y122.459 E603.92767
G1 X154.531 Y121.139 E603.97185
G1 X154.636 Y119.833 E604.01543
G1 X154.697 Y118.507 E604.05958
G1 X154.708 Y117.194 E604.10325
G1 X154.672 Y115.87 E604.14731
G1 X154.588 Y114.523 E604.1922
G1 X154.463 Y113.248 E604.23481
G1 X154.283 Y111.913 E604.27961
G1 X154.066 Y110.634 E604.32276
G1 X153.8 Y109.351 E604.36634
G1 X153.515 Y108.157 E604.40717
G1 X153.125 Y106.781 E604.45473
G1 X152.731 Y105.55 E604.49772
G1 X152.252 Y104.228 E604.54449
G1 X151.782 Y103.053 E604.58658
G1 X151.243 Y101.835 E604.63088
G1 X150.781 Y100.877 E604.66626
G1 X150.049 Y99.49 E604.71842
G1 X149.381 Y98.343 E604.76257
G1 X148.662 Y97.197 E604.80756
G1 X147.951 Y96.132 E604.85015
G1 X147.158 Y95.053 E604.89469
G1 X146.358 Y94.036 E604.93773
G1 X145.494 Y93.007 E604.98242
G1 X144.588 Y92.017 E605.02705
G1 X143.691 Y91.1 E605.06972
G1 X142.715 Y90.16 E605.11479
G1 X141.737 Y89.294 E605.15823
G1 X140.721 Y88.446 E605.20225
G1 X139.682 Y87.649 E605.2458
G1 X138.614 Y86.877 E605.28963
G1 X137.518 Y86.156 E605.33327
G1 X136.361 Y85.449 E605.37837
G1 X135.243 Y84.818 E605.42106
G1 X134.045 Y84.194 E605.46599
G1 X132.874 Y83.639 E605.50909
G1 X131.636 Y83.1 E605.554
G1 X130.409 Y82.621 E605.59781
G1 X129.17 Y82.191 E605.64143
G1 X127.9 Y81.797 E605.68566
G1 X126.633 Y81.451 E605.72934
G1 X125.334 Y81.145 E605.77373
G1 X124.071 Y80.895 E605.81655
G1 X122.786 Y80.695 E605.85981
G1 X121.45 Y80.521 E605.90462
G1 X120.13 Y80.404 E605.94869
G1 X118.791 Y80.336 E605.99328
G1 X117.484 Y80.312 E606.03676
G1 X116.168 Y80.336 E606.08054
G1 X114.825 Y80.408 E606.12527
G1 X113.59 Y80.516 E606.16651
G1 X112.19 Y80.693 E606.21344
G1 X110.903 Y80.902 E606.25681
G1 X109.596 Y81.163 E606.30114
G1 X108.334 Y81.457 E606.34424
G1 X107.006 Y81.823 E606.39005
G1 X105.784 Y82.205 E606.43263
G1 X104.541 Y82.639 E606.47642
G1 X103.282 Y83.133 E606.52141
G1 X102.095 Y83.652 E606.5645
G1 X100.914 Y84.211 E606.60795
G1 X99.743 Y84.822 E606.65188
G1 X98.569 Y85.485 E606.69673
G1 X97.455 Y86.169 E606.74021
G1 X96.345 Y86.905 E606.7845
G1 X95.279 Y87.669 E606.82813
G1 X94.245 Y88.469 E606.87161
G1 X93.208 Y89.33 E606.91644
G1 X92.23 Y90.207 E606.96013
G1 X91.277 Y91.115 E607.00391
G1 X90.364 Y92.056 E607.04752
G1 X89.463 Y93.053 E607.09221
G1 X88.619 Y94.054 E607.13576
G1 X87.794 Y95.108 E607.18028
G1 X87.018 Y96.174 E607.22413
G1 X86.281 Y97.272 E607.26812
G1 X85.566 Y98.413 E607.3129
G1 X84.926 Y99.524 E607.35555
G1 X84.315 Y100.68 E607.39904
G1 X83.731 Y101.888 E607.44366
G1 X83.185 Y103.127 E607.4887
G1 X82.571 Y104.663 E607.54371
G1 X82.575 Y104.703 E607.54505
G1 X82.284 Y105.481 E607.57268
G1 X81.821 Y106.931 E607.62331
G1 X81.495 Y108.102 E607.66373
G1 X81.185 Y109.389 E607.70776
G1 X80.92 Y110.687 E607.75183
G1 X80.706 Y111.963 E607.79486
G1 X80.525 Y113.297 E607.83963
G1 X80.396 Y114.612 E607.88358
G1 X80.32 Y115.912 E607.92689
G1 X80.288 Y117.251 E607.97144
G1 X80.304 Y118.555 E608.01482
G1 X80.356 Y119.869 E608.05855
G1 X80.472 Y121.218 E608.10359
G1 X80.625 Y122.524 E608.14732
G1 X80.826 Y123.843 E608.1917
G1 X81.063 Y125.105 E608.23441
G1 X81.365 Y126.406 E608.27883
G1 X81.694 Y127.667 E608.32217
G1 X82.088 Y128.959 E608.3671
G1 X82.526 Y130.241 E608.41216
G1 X82.965 Y131.396 E608.45326
G1 X83.496 Y132.643 E608.49834
G1 X84.058 Y133.845 E608.54247
G1 X84.649 Y135.011 E608.58595
G1 X85.297 Y136.17 E608.63011
G1 X85.972 Y137.299 E608.67386
G1 X86.696 Y138.406 E608.71786
G1 X87.468 Y139.5 E608.76239
G1 X88.264 Y140.549 E608.80619
G1 X89.092 Y141.567 E608.84983
G1 X89.978 Y142.565 E608.89422
G1 X90.874 Y143.517 E608.9377
G1 X91.819 Y144.455 E608.98199
G1 X92.788 Y145.344 E609.02572
G1 X93.737 Y146.164 E609.06744
G1 X94.823 Y147.025 E609.11353
G1 X95.908 Y147.829 E609.15845
G1 X96.97 Y148.561 E609.20135
G1 X98.1 Y149.277 E609.24584
G1 X99.246 Y149.949 E609.29003
G1 X100.416 Y150.584 E609.3343
G1 X101.644 Y151.184 E609.37976
G1 X102.815 Y151.714 E609.42251
G1 X103.999 Y152.201 E609.46509
G1 X105.142 Y152.624 E609.50563
G1 X106.509 Y153.074 E609.5535
G1 X107.744 Y153.429 E609.59624
G1 X109.046 Y153.762 E609.64094
G1 X110.36 Y154.044 E609.68564
G1 X111.575 Y154.259 E609.72667
G1 X112.672 Y154.418 E609.76354
G1 X112.672 Y156.743 E609.84087
G1 F2700 E604.84087
G0 F9000 X112.932 Y156.743
G0 X112.897 Y153.934
G0 X110.471 Y153.545
G0 X107.933 Y152.955
G0 X105.442 Y152.186
G0 X103.013 Y151.244
G0 X100.656 Y150.13
G0 X98.384 Y148.853
G0 X96.208 Y147.417
G0 X94.141 Y145.83
G0 X92.191 Y144.101
G0 X90.368 Y142.237
G0 X88.683 Y140.25
G0 X87.142 Y138.147
G0 X85.755 Y135.942
G0 X84.529 Y133.642
G0 X83.467 Y131.26
G0 X82.578 Y128.811
G0 X81.866 Y126.304
G0 X81.332 Y123.751
G0 X80.982 Y121.17
G0 X80.815 Y118.568
G0 X80.834 Y115.963
G0 X81.038 Y113.364
G0 X81.425 Y110.788
G0 X81.994 Y108.244
G0 X82.743 Y105.747
G0 X83.667 Y103.31
G0 X84.76 Y100.945
G0 X86.019 Y98.663
G0 X87.438 Y96.476
G0 X89.007 Y94.395
G0 X90.721 Y92.432
G0 X92.568 Y90.594
G0 X94.542 Y88.892
G0 X96.634 Y87.335
G0 X98.829 Y85.93
G0 X101.119 Y84.685
G0 X103.49 Y83.605
G0 X105.934 Y82.697
G0 X108.436 Y81.963
G0 X110.981 Y81.408
G0 X113.561 Y81.037
G0 X116.161 Y80.85
G0 X118.766 Y80.849
G0 X121.366 Y81.031
G0 X123.947 Y81.396
G0 X126.495 Y81.946
G0 X128.998 Y82.675
G0 X131.443 Y83.578
G0 X133.816 Y84.654
G0 X136.109 Y85.894
G0 X138.307 Y87.294
G0 X140.4 Y88.848
G0 X142.378 Y90.545
G0 X144.23 Y92.379
G0 X145.947 Y94.339
G0 X147.52 Y96.416
G0 X148.943 Y98.6
G0 X150.208 Y100.88
G0 X151.306 Y103.242
G0 X152.235 Y105.679
G0 X152.987 Y108.173
G0 X153.563 Y110.716
G0 X153.955 Y113.293
G0 X154.164 Y115.891
G0 X154.185 Y118.496
G0 X154.024 Y121.097
G0 X153.679 Y123.68
G0 X153.15 Y126.233
G0 X152.443 Y128.741
G0 X151.56 Y131.193
G0 X150.502 Y133.576
G0 X149.28 Y135.878
G0 X147.899 Y138.088
G0 X146.361 Y140.192
G0 X144.681 Y142.183
G0 X142.861 Y144.05
G0 X140.915 Y145.784
G0 X138.851 Y147.376
G0 X136.677 Y148.816
G0 X130.956 Y152.002
G0 X122.133 Y154.25
G0 X122.138 Y156.951
G0 X124.49 Y156.619
G0 X126.969 Y156.097
G0 X129.632 Y155.338
G0 X132.163 Y154.436
G0 X134.712 Y153.319
G0 X137.027 Y152.106
G0 X138.836 Y151.004
G0 X141.978 Y148.867
G0 X141.694 Y148.503
G1 F2700 E609.84087
G1 F1500 X148.49 Y141.707 E610.16053
G1 F2700 E605.16053
G0 F9000 X148.852 Y141.997
G0 X146.398 Y144.766
G0 X144.507 Y146.646
G0 X142.506 Y148.378
G0 X140.293 Y150.047
G0 X138.199 Y151.422
G0 X135.597 Y152.869
G0 X133.402 Y153.917
G0 X130.876 Y154.919
G0 X128.376 Y155.722
G0 X125.778 Y156.368
G0 X123.177 Y156.833
G0 X122.138 Y156.951
G0 X122.133 Y154.25
G0 X130.956 Y152.002
G0 X139.017 Y147.634
G0 X142.845 Y144.105
G0 X147.109 Y139.62
G0 X147.472 Y139.896
G1 F2700 E610.16053
G1 F1500 X153.055 Y134.313 E610.42314
G0 F9000 X153.463 Y134.504
G0 X153.932 Y133.474
G0 X153.508 Y133.295
G1 F1500 X148.796 Y138.007 E610.64478
G0 F9000 X148.412 Y137.756
G0 X149.332 Y136.278
G0 X149.723 Y136.513
G1 F1500 X153.922 Y132.315 E610.84226
G0 F9000 X154.28 Y131.391
G1 F1500 X150.457 Y135.214 E611.02209
G0 F9000 X150.056 Y134.992
G0 X150.648 Y133.842
G0 X151.056 Y134.05
G1 F1500 X154.601 Y130.504 E611.18886
G0 F9000 X154.895 Y129.645
G1 F1500 X151.568 Y132.971 E611.34532
G0 F9000 X151.153 Y132.776
G0 X151.58 Y131.794
G0 X152.003 Y131.972
G1 F1500 X155.148 Y128.826 E611.49328
G0 F9000 X155.377 Y128.032
G1 F1500 X152.383 Y131.025 E611.63408
G0 F9000 X152.721 Y130.122
G1 F1500 X155.591 Y127.252 E611.76908
G0 F9000 X155.769 Y126.508
G1 F1500 X153.015 Y129.262 E611.89862
G0 F9000 X153.28 Y128.432
G1 F1500 X155.943 Y125.769 E612.02388
G0 F9000 X156.081 Y125.065
G1 F1500 X153.516 Y127.63 E612.14453
G0 F9000 X153.719 Y126.861
G1 F1500 X156.207 Y124.373 E612.26156
G0 F9000 X156.321 Y123.693
G1 F1500 X153.907 Y126.107 E612.3751
G0 F9000 X154.072 Y125.376
G1 F1500 X156.418 Y123.031 E612.48543
G0 F9000 X156.505 Y122.378
G1 F1500 X154.216 Y124.666 E612.59307
G0 F9000 X154.349 Y123.968
G1 F1500 X156.579 Y121.738 E612.69797
G0 F9000 X156.643 Y121.109
G1 F1500 X154.457 Y123.295 E612.80079
G0 F9000 X154.559 Y122.626
G1 F1500 X156.694 Y120.492 E612.90119
G0 F9000 X156.735 Y119.885
G1 F1500 X154.638 Y121.982 E612.99982
G0 F9000 X154.71 Y121.344
G1 F1500 X156.77 Y119.285 E613.0967
G0 F9000 X156.79 Y118.699
G1 F1500 X154.766 Y120.723 E613.1919
G0 F9000 X154.816 Y120.107
G1 F1500 X156.807 Y118.116 E613.28555
G0 F9000 X156.806 Y117.552
G1 F1500 X154.853 Y119.505 E613.37741
G0 F9000 X154.88 Y118.912
G1 F1500 X156.804 Y116.988 E613.46791
G0 F9000 X156.792 Y116.434
G1 F1500 X154.9 Y118.327 E613.55693
G0 F9000 X154.904 Y117.757
G1 F1500 X156.775 Y115.886 E613.64494
G0 F9000 X156.751 Y115.343
G1 F1500 X154.908 Y117.187 E613.73165
G0 F9000 X154.893 Y116.636
G1 F1500 X156.715 Y114.814 E613.81735
G0 F9000 X156.679 Y114.285
G1 F1500 X154.878 Y116.085 E613.90204
G0 F9000 X154.853 Y115.545
G1 F1500 X156.629 Y113.769 E613.98558
G0 F9000 X156.577 Y113.255
G1 F1500 X154.82 Y115.012 E614.06822
G0 F9000 X154.786 Y114.481
G1 F1500 X156.524 Y112.743 E614.14997
G0 F9000 X156.454 Y112.247
G1 F1500 X154.735 Y113.966 E614.23083
G0 F9000 X154.684 Y113.451
G1 F1500 X156.382 Y111.753 E614.3107
G0 F9000 X156.305 Y111.264
G1 F1500 X154.624 Y112.945 E614.38977
G0 F9000 X154.557 Y112.447
G1 F1500 X156.223 Y110.781 E614.46813
G0 F9000 X156.14 Y110.297
G1 F1500 X154.489 Y111.948 E614.54579
G0 F9000 X154.409 Y111.463
G1 F1500 X156.05 Y109.822 E614.62298
G0 F9000 X155.957 Y109.349
G1 F1500 X154.327 Y110.979 E614.69965
G0 F9000 X154.242 Y110.499
G1 F1500 X155.853 Y108.887 E614.77545
G0 F9000 X155.743 Y108.432
G1 F1500 X154.145 Y110.03 E614.85061
G0 F9000 X154.048 Y109.561
G1 F1500 X155.633 Y107.977 E614.92514
G0 F9000 X155.518 Y107.525
G1 F1500 X153.946 Y109.098 E614.99911
G0 F9000 X153.837 Y108.641
G1 F1500 X155.395 Y107.083 E615.07239
G0 F9000 X155.272 Y106.64
G1 F1500 X153.728 Y108.185 E615.14504
G0 F9000 X153.606 Y107.741
G1 F1500 X155.143 Y106.203 E615.21736
G0 F9000 X155.008 Y105.773
G1 F1500 X153.48 Y107.301 E615.28923
G0 F9000 X153.356 Y106.859
G1 F1500 X154.874 Y105.341 E615.36063
G0 F9000 X154.732 Y104.918
G1 F1500 X153.223 Y106.427 E615.43161
G0 F9000 X153.086 Y105.998
G1 F1500 X154.586 Y104.498 E615.50217
G0 F9000 X154.438 Y104.08
G1 F1500 X152.948 Y105.57 E615.57225
G0 F9000 X152.8 Y105.152
G1 F1500 X154.286 Y103.667 E615.64212
G0 F9000 X154.127 Y103.26
G1 F1500 X152.65 Y104.737 E615.7116
G0 F9000 X152.499 Y104.322
G1 F1500 X153.969 Y102.852 E615.78074
G0 F9000 X153.804 Y102.451
G1 F1500 X152.342 Y103.914 E615.84953
G0 F9000 X152.181 Y103.509
G1 F1500 X153.636 Y102.054 E615.91797
G0 F9000 X153.467 Y101.657
G1 F1500 X152.019 Y103.105 E615.98608
G0 F9000 X151.849 Y102.709
G1 F1500 X153.292 Y101.266 E616.05396
G0 F9000 X153.113 Y100.88
G1 F1500 X151.676 Y102.317 E616.12155
G0 F9000 X151.502 Y101.925
G1 F1500 X152.933 Y100.494 E616.18886
G0 F9000 X152.748 Y100.114
G1 F1500 X151.322 Y101.539 E616.25591
G0 F9000 X151.138 Y101.157
G1 F1500 X152.557 Y99.739 E616.32263
G0 F9000 X152.366 Y99.364
G1 F1500 X150.954 Y100.776 E616.38905
G0 F9000 X150.759 Y100.406
G1 F1500 X152.172 Y98.993 E616.45551
G0 F9000 X151.971 Y98.628
G1 F1500 X150.564 Y100.035 E616.52169
G0 F9000 X150.368 Y99.665
G1 F1500 X151.769 Y98.264 E616.58759
G0 F9000 X151.568 Y97.9
G1 F1500 X150.17 Y99.298 E616.65335
G0 F9000 X149.961 Y98.941
G1 F1500 X151.357 Y97.545 E616.71901
G0 F9000 X151.145 Y97.19
G1 F1500 X149.753 Y98.583 E616.78451
G0 F9000 X149.545 Y98.226
G1 F1500 X150.934 Y96.836 E616.84987
G0 F9000 X150.713 Y96.491
G1 F1500 X149.326 Y97.878 E616.91511
G0 F9000 X149.108 Y97.531
G1 F1500 X150.492 Y96.147 E616.98021
G0 F9000 X150.27 Y95.803
G1 F1500 X148.89 Y97.183 E617.04512
G0 F9000 X148.666 Y96.842
G1 F1500 X150.042 Y95.466 E617.10984
G0 F9000 X149.809 Y95.133
G1 F1500 X148.439 Y96.503 E617.17428
G0 F9000 X148.212 Y96.164
G1 F1500 X149.577 Y94.799 E617.23849
G0 F9000 X149.343 Y94.467
G1 F1500 X147.978 Y95.832 E617.30269
G0 F9000 X147.739 Y95.506
G1 F1500 X149.101 Y94.144 E617.36676
G0 F9000 X148.859 Y93.82
G1 F1500 X147.499 Y95.18 E617.43073
G0 F9000 X147.257 Y94.856
G1 F1500 X148.615 Y93.498 E617.4946
G0 F9000 X148.365 Y93.183
G1 F1500 X147.008 Y94.539 E617.55841
G0 F9000 X146.759 Y94.223
G1 F1500 X148.114 Y92.868 E617.62214
G0 F9000 X147.863 Y92.553
G1 F1500 X146.51 Y93.906 E617.68579
G0 F9000 X146.252 Y93.598
G1 F1500 X147.604 Y92.247 E617.74936
G0 F9000 X147.343 Y91.942
G1 F1500 X145.994 Y93.291 E617.81281
G0 F9000 X145.736 Y92.983
G1 F1500 X147.082 Y91.638 E617.8761
G0 F9000 X146.816 Y91.338
G1 F1500 X145.47 Y92.684 E617.93941
G0 F9000 X145.199 Y92.388
G1 F1500 X146.546 Y91.041 E618.00277
G0 F9000 X146.276 Y90.746
G1 F1500 X144.929 Y92.093 E618.06613
G0 F9000 X144.657 Y91.799
G1 F1500 X146.004 Y90.452 E618.12948
G0 F9000 X145.724 Y90.167
G1 F1500 X144.377 Y91.514 E618.19284
G0 F9000 X144.097 Y91.228
G1 F1500 X145.445 Y89.88 E618.25625
G0 F9000 X145.165 Y89.595
G1 F1500 X143.816 Y90.943 E618.31968
G0 F9000 X143.529 Y90.665
G1 F1500 X144.878 Y89.316 E618.38313
G0 F9000 X144.589 Y89.039
G1 F1500 X143.24 Y90.388 E618.44658
G0 F9000 X142.952 Y90.111
G1 F1500 X144.301 Y88.762 E618.51004
G0 F9000 X144.006 Y88.491
G1 F1500 X142.656 Y89.841 E618.57354
G0 F9000 X142.356 Y89.575
G1 F1500 X143.707 Y88.224 E618.63708
G0 F9000 X143.408 Y87.957
G1 F1500 X142.056 Y89.31 E618.7007
G0 F9000 X141.753 Y89.047
G1 F1500 X143.106 Y87.694 E618.76434
G0 F9000 X142.797 Y87.437
G1 F1500 X141.445 Y88.789 E618.82794
G0 F9000 X141.136 Y88.533
G1 F1500 X142.489 Y87.179 E618.8916
G0 F9000 X142.179 Y86.923
G1 F1500 X140.827 Y88.276 E618.95522
G0 F9000 X140.507 Y88.03
G1 F1500 X141.862 Y86.675 E619.01895
G0 F9000 X141.544 Y86.427
G1 F1500 X140.187 Y87.784 E619.08278
G0 F9000 X139.867 Y87.538
G1 F1500 X141.227 Y86.179 E619.14673
G0 F9000 X140.902 Y85.938
G1 F1500 X139.54 Y87.299 E619.21077
G0 F9000 X139.212 Y87.063
G1 F1500 X140.575 Y85.699 E619.2749
G0 F9000 X140.248 Y85.461
G1 F1500 X138.884 Y86.825 E619.33906
G0 F9000 X138.548 Y86.595
G1 F1500 X139.917 Y85.225 E619.40348
G0 F9000 X139.579 Y84.998
G1 F1500 X138.207 Y86.37 E619.46801
G0 F9000 X137.865 Y86.146
G1 F1500 X139.24 Y84.771 E619.53269
G0 F9000 X138.899 Y84.547
G1 F1500 X137.521 Y85.925 E619.59751
G0 F9000 X137.17 Y85.71
G1 F1500 X138.553 Y84.327 E619.66256
G0 F9000 X138.206 Y84.108
G1 F1500 X136.82 Y85.495 E619.72778
G0 F9000 X136.468 Y85.281
G1 F1500 X137.856 Y83.893 E619.79306
G0 F9000 X137.5 Y83.683
G1 F1500 X136.107 Y85.076 E619.85859
G0 F9000 X135.745 Y84.873
G1 F1500 X137.144 Y83.473 E619.92441
G0 F9000 X136.788 Y83.263
G1 F1500 X135.383 Y84.668 E619.9905
G0 F9000 X135.012 Y84.474
G1 F1500 X136.424 Y83.062 E620.05692
G0 F9000 X136.054 Y82.866
G1 F1500 X134.64 Y84.28 E620.12343
G0 F9000 X134.268 Y84.086
G1 F1500 X135.685 Y82.669 E620.19008
G0 F9000 X135.311 Y82.478
G1 F1500 X133.889 Y83.9 E620.25697
G0 F9000 X133.505 Y83.718
G1 F1500 X134.933 Y82.29 E620.32413
G0 F9000 X134.555 Y82.102
G1 F1500 X133.122 Y83.535 E620.39154
G0 F9000 X132.732 Y83.359
G1 F1500 X134.17 Y81.922 E620.45915
G0 F9000 X133.782 Y81.744
G1 F1500 X132.338 Y83.188 E620.52707
G0 F9000 X131.944 Y83.016
G1 F1500 X133.396 Y81.565 E620.59535
G0 F9000 X133.002 Y81.393
G1 F1500 X131.544 Y82.851 E620.66393
G0 F9000 X131.137 Y82.692
G1 F1500 X132.602 Y81.227 E620.73284
G0 F9000 X132.202 Y81.061
G1 F1500 X130.731 Y82.533 E620.80205
G0 F9000 X130.319 Y82.379
G1 F1500 X131.798 Y80.9 E620.87162
G0 F9000 X131.386 Y80.746
G1 F1500 X129.899 Y82.233 E620.94156
G0 F9000 X129.48 Y82.087
G1 F1500 X130.975 Y80.591 E621.01191
G0 F9000 X130.559 Y80.442
G1 F1500 X129.055 Y81.945 E621.08263
G0 F9000 X128.623 Y81.812
G1 F1500 X130.136 Y80.299 E621.1538
G0 F9000 X129.713 Y80.156
G1 F1500 X128.191 Y81.678 E621.22539
G0 F9000 X127.754 Y81.55
G1 F1500 X129.285 Y80.019 E621.2974
G0 F9000 X128.85 Y79.888
G1 F1500 X127.309 Y81.429 E621.36988
G0 F9000 X126.865 Y81.307
G1 F1500 X128.414 Y79.758 E621.44274
G0 F9000 X127.973 Y79.634
G1 F1500 X126.412 Y81.194 E621.51614
G0 F9000 X125.955 Y81.086
G1 F1500 X127.527 Y79.513 E621.59011
G0 F9000 X127.081 Y79.394
G1 F1500 X125.497 Y80.978 E621.66462
G0 F9000 X125.028 Y80.881
G1 F1500 X126.625 Y79.284 E621.73973
G0 F9000 X126.165 Y79.179
G1 F1500 X124.556 Y80.788 E621.81542
G0 F9000 X124.082 Y80.696
G1 F1500 X125.704 Y79.074 E621.89171
G0 F9000 X125.233 Y78.98
G1 F1500 X123.594 Y80.619 E621.9688
G0 F9000 X123.104 Y80.542
G1 F1500 X124.759 Y78.888 E622.04663
G0 F9000 X124.284 Y78.797
G1 F1500 X122.61 Y80.471 E622.12537
G0 F9000 X122.11 Y80.406
G1 F1500 X123.796 Y78.719 E622.20469
G0 F9000 X123.307 Y78.642
G1 F1500 X121.609 Y80.341 E622.28459
G0 F9000 X121.094 Y80.29
G1 F1500 X122.814 Y78.57 E622.36549
G0 F9000 X122.313 Y78.505
G1 F1500 X120.575 Y80.243 E622.44724
G0 F9000 X120.052 Y80.201
G1 F1500 X121.808 Y78.445 E622.52984
G0 F9000 X121.29 Y78.397
G1 F1500 X119.514 Y80.173 E622.61337
G0 F9000 X118.976 Y80.146
G1 F1500 X120.772 Y78.35 E622.69785
G0 F9000 X120.251 Y78.305
G1 F1500 X118.426 Y80.13 E622.7837
G0 F9000 X117.87 Y80.119
G1 F1500 X119.715 Y78.275 E622.87046
G0 F9000 X119.179 Y78.246
G1 F1500 X117.309 Y80.115 E622.95839
G0 F9000 X116.733 Y80.126
G1 F1500 X118.627 Y78.231 E623.0475
G0 F9000 X118.076 Y78.217
G1 F1500 X116.156 Y80.136 E623.13779
G0 F9000 X115.559 Y80.168
G1 F1500 X117.516 Y78.211 E623.22984
G0 F9000 X116.946 Y78.216
G1 F1500 X114.961 Y80.2 E623.32319
G0 F9000 X114.347 Y80.249
G1 F1500 X116.371 Y78.224 E623.41841
G0 F9000 X115.78 Y78.251
G1 F1500 X113.727 Y80.303 E623.51496
G0 F9000 X113.085 Y80.379
G1 F1500 X115.188 Y78.276 E623.61387
G0 F9000 X114.577 Y78.322
G1 F1500 X112.438 Y80.461 E623.71449
G0 F9000 X111.774 Y80.559
G1 F1500 X113.964 Y78.369 E623.8175
G0 F9000 X113.334 Y78.433
G1 F1500 X111.099 Y80.668 E623.92262
G0 F9000 X110.403 Y80.799
G1 F1500 X112.699 Y78.502 E624.03064
G0 F9000 X112.047 Y78.589
G1 F1500 X109.696 Y80.94 E624.14123
G0 F9000 X108.965 Y81.105
G1 F1500 X111.387 Y78.683 E624.25515
G0 F9000 X110.705 Y78.799
G1 F1500 X108.224 Y81.281 E624.37187
G0 F9000 X107.443 Y81.495
G1 F1500 X110.015 Y78.924 E624.49283
G0 F9000 X109.299 Y79.074
G1 F1500 X106.648 Y81.725 E624.61752
G0 F9000 X105.825 Y81.983
G1 F1500 X108.577 Y79.231 E624.74697
G0 F9000 X107.821 Y79.421
G1 F1500 X104.962 Y82.28 E624.88145
G0 F9000 X104.065 Y82.611
G1 F1500 X107.052 Y79.624 E625.02195
G0 F9000 X106.26 Y79.85
G1 F1500 X103.128 Y82.983 E625.16929
G0 F9000 X103.312 Y83.406
G0 X102.306 Y83.845
G0 X102.122 Y83.422
G1 F1500 X105.439 Y80.106 E625.32529
G0 F9000 X104.594 Y80.385
G1 F1500 X101.058 Y83.922 E625.49164
G0 F9000 X101.255 Y84.34
G0 X100.111 Y84.926
G0 X99.898 Y84.516
G1 F1500 X103.707 Y80.706 E625.67082
G0 F9000 X102.778 Y81.07
G1 F1500 X98.623 Y85.225 E625.86626
G0 F9000 X98.851 Y85.628
G0 X97.407 Y86.517
G0 X97.152 Y86.13
G1 F1500 X101.805 Y81.477 E626.08512
G0 F9000 X101.622 Y81.057
G0 X100.572 Y81.533
G0 X100.77 Y81.947
G1 F1500 X95.334 Y87.382 E626.34079
G1 F2700 E621.34079
G0 F9000 X95.604 Y87.76
G0 X88.77 Y94.189
G0 X83.911 Y101.98
G0 X81.119 Y110.721
G0 X80.559 Y119.869
G0 X82.28 Y128.898
G0 X86.151 Y137.204
G0 X91.967 Y144.321
G0 X99.346 Y149.777
G0 X107.833 Y153.247
G0 X112.862 Y154.254
G0 X112.858 Y156.951
G0 X109.867 Y156.501
G0 X107.298 Y155.906
G0 X104.713 Y155.127
G0 X102.218 Y154.185
G0 X99.792 Y153.074
G0 X97.461 Y151.812
G0 X95.213 Y150.398
G0 X93.046 Y148.821
G0 X90.985 Y147.093
G0 X89.089 Y145.28
G0 X87.263 Y143.274
G0 X85.611 Y141.202
G0 X84.101 Y139.018
G0 X82.728 Y136.718
G0 X81.522 Y134.348
G0 X80.47 Y131.886
G0 X79.617 Y129.464
G0 X78.882 Y126.794
G0 X78.345 Y124.179
G0 X77.987 Y121.534
G0 X77.805 Y118.874
G0 X77.805 Y116.194
G0 X77.984 Y113.552
G0 X78.342 Y110.889
G0 X78.877 Y108.274
G0 X79.622 Y105.585
G0 X80.462 Y103.183
G0 X81.513 Y100.715
G0 X82.718 Y98.348
G0 X84.085 Y96.051
G0 X85.587 Y93.879
G0 X87.253 Y91.788
G0 X89.041 Y89.817
G0 X90.616 Y88.309
G0 X93.255 Y85.995
G0 X93.529 Y86.359
G1 F2700 E626.34079
G1 F1500 X86.358 Y93.53 E626.67809
G1 F2700 E621.67809
G0 F9000 X85.994 Y93.25
G0 X84.085 Y96.051
G0 X82.718 Y98.348
G0 X81.513 Y100.715
G0 X80.462 Y103.183
G0 X79.622 Y105.585
G0 X78.877 Y108.274
G0 X78.342 Y110.889
G0 X77.984 Y113.552
G0 X77.805 Y116.194
G0 X77.805 Y118.874
G0 X77.987 Y121.534
G0 X78.345 Y124.179
G0 X78.882 Y126.794
G0 X79.617 Y129.464
G0 X80.47 Y131.886
G0 X81.522 Y134.348
G0 X82.728 Y136.718
G0 X84.101 Y139.018
G0 X85.611 Y141.202
G0 X87.263 Y143.274
G0 X89.089 Y145.28
G0 X90.985 Y147.093
G0 X93.046 Y148.821
G0 X95.213 Y150.398
G0 X97.461 Y151.812
G0 X99.792 Y153.074
G0 X102.218 Y154.185
G0 X104.713 Y155.127
G0 X107.298 Y155.906
G0 X109.867 Y156.501
G0 X112.858 Y156.951
G0 X112.862 Y154.254
G0 X104.081 Y152.019
G0 X96.026 Y147.667
G0 X89.254 Y141.446
G0 X84.238 Y133.758
G0 X81.265 Y125.077
G0 X80.52 Y115.929
G0 X82.051 Y106.879
G0 X85.039 Y100.105
G0 X87.753 Y95.607
G0 X87.381 Y95.335
G1 F2700 E626.67809
G1 F1500 X81.916 Y100.8 E626.93515
G0 F9000 X81.504 Y100.599
G0 X81.035 Y101.641
G0 X81.454 Y101.828
G1 F1500 X86.105 Y97.177 E627.15392
G0 F9000 X86.495 Y97.423
G0 X85.6 Y98.878
G0 X85.2 Y98.648
G1 F1500 X81.05 Y102.798 E627.34912
G0 F9000 X80.691 Y103.723
G1 F1500 X84.487 Y99.926 E627.5277
G0 F9000 X84.896 Y100.142
G0 X84.316 Y101.281
G0 X83.9 Y101.08
G1 F1500 X80.366 Y104.613 E627.6939
G0 F9000 X80.086 Y105.459
G1 F1500 X83.398 Y102.147 E627.84969
G0 F9000 X83.82 Y102.334
G0 X83.385 Y103.325
G0 X82.958 Y103.153
G1 F1500 X79.832 Y106.278 E627.9967
G0 F9000 X79.59 Y107.086
G1 F1500 X82.578 Y104.098 E628.13725
G0 F9000 X82.256 Y104.986
G1 F1500 X79.397 Y107.845 E628.27173
G0 F9000 X79.214 Y108.594
G1 F1500 X81.956 Y105.852 E628.4007
G0 F9000 X81.689 Y106.684
G1 F1500 X79.052 Y109.321 E628.52474
G0 F9000 X78.908 Y110.031
G1 F1500 X81.46 Y107.479 E628.64478
G0 F9000 X81.253 Y108.252
G1 F1500 X78.779 Y110.726 E628.76115
G0 F9000 X78.666 Y111.405
G1 F1500 X81.073 Y108.997 E628.87439
G0 F9000 X80.913 Y109.723
G1 F1500 X78.562 Y112.074 E628.98497
G0 F9000 X78.48 Y112.721
G1 F1500 X80.768 Y110.434 E629.09257
G0 F9000 X80.644 Y111.123
G1 F1500 X78.407 Y113.361 E629.19782
G0 F9000 X78.346 Y113.987
G1 F1500 X80.53 Y111.803 E629.30055
G0 F9000 X80.437 Y112.462
G1 F1500 X78.293 Y114.606 E629.40139
G0 F9000 X78.253 Y115.211
G1 F1500 X80.348 Y113.117 E629.49991
G0 F9000 X80.279 Y113.751
G1 F1500 X78.225 Y115.805 E629.59652
G0 F9000 X78.202 Y116.393
G1 F1500 X80.218 Y114.378 E629.69133
G0 F9000 X80.173 Y114.988
G1 F1500 X78.192 Y116.97 E629.78453
G0 F9000 X78.181 Y117.546
G1 F1500 X80.138 Y115.589 E629.87658
G0 F9000 X80.113 Y116.18
G1 F1500 X78.191 Y118.102 E629.96699
G0 F9000 X78.202 Y118.657
G1 F1500 X80.099 Y116.76 E630.05622
G0 F9000 X80.088 Y117.336
G1 F1500 X78.222 Y119.202 E630.14399
G0 F9000 X78.249 Y119.741
G1 F1500 X80.095 Y117.894 E630.23084
G0 F9000 X80.102 Y118.453
G1 F1500 X78.278 Y120.277 E630.31664
G0 F9000 X78.323 Y120.799
G1 F1500 X80.121 Y119 E630.40123
G0 F9000 X80.143 Y119.544
G1 F1500 X78.368 Y121.319 E630.48472
G0 F9000 X78.422 Y121.831
G1 F1500 X80.173 Y120.079 E630.56711
G0 F9000 X80.218 Y120.6
G1 F1500 X78.48 Y122.338 E630.64886
G0 F9000 X78.54 Y122.844
G1 F1500 X80.264 Y121.12 E630.72995
G0 F9000 X80.32 Y121.63
G1 F1500 X78.617 Y123.333 E630.81005
G0 F9000 X78.694 Y123.821
G1 F1500 X80.378 Y122.137 E630.88926
G0 F9000 X80.44 Y122.641
G1 F1500 X78.776 Y124.305 E630.96753
G0 F9000 X78.865 Y124.782
G1 F1500 X80.515 Y123.132 E631.04514
G0 F9000 X80.59 Y123.623
G1 F1500 X78.954 Y125.258 E631.12207
G0 F9000 X79.052 Y125.726
G1 F1500 X80.672 Y124.106 E631.19827
G0 F9000 X80.761 Y124.583
G1 F1500 X79.156 Y126.187 E631.27374
G0 F9000 X79.26 Y126.65
G1 F1500 X80.85 Y125.06 E631.34853
G0 F9000 X80.954 Y125.521
G1 F1500 X79.373 Y127.102 E631.4229
G0 F9000 X79.489 Y127.552
G1 F1500 X81.06 Y125.981 E631.49679
G0 F9000 X81.167 Y126.44
G1 F1500 X79.604 Y128.003 E631.57031
G0 F9000 X79.733 Y128.44
G1 F1500 X81.283 Y126.889 E631.64324
G0 F9000 X81.401 Y127.337
G1 F1500 X79.861 Y128.877 E631.71568
G0 F9000 X79.989 Y129.314
G1 F1500 X81.52 Y127.783 E631.78769
G0 F9000 X81.652 Y128.217
G1 F1500 X80.129 Y129.74 E631.85933
G0 F9000 X80.271 Y130.164
G1 F1500 X81.785 Y128.65 E631.93054
G0 F9000 X81.919 Y129.082
G1 F1500 X80.413 Y130.588 E632.00138
G0 F9000 X80.566 Y131
G1 F1500 X82.063 Y129.504 E632.07177
G0 F9000 X82.207 Y129.925
G1 F1500 X80.72 Y131.412 E632.14172
G0 F9000 X80.876 Y131.822
G1 F1500 X82.352 Y130.346 E632.21114
G0 F9000 X82.507 Y130.756
G1 F1500 X81.039 Y132.224 E632.28019
G0 F9000 X81.203 Y132.626
G1 F1500 X82.664 Y131.165 E632.34891
G0 F9000 X82.823 Y131.572
G1 F1500 X81.367 Y133.027 E632.41738
G0 F9000 X81.544 Y133.417
G1 F1500 X82.992 Y131.969 E632.48549
G0 F9000 X83.161 Y132.365
G1 F1500 X81.72 Y133.807 E632.55329
G0 F9000 X81.895 Y134.197
G1 F1500 X83.33 Y132.761 E632.62081
G0 F9000 X83.511 Y133.147
G1 F1500 X82.08 Y134.577 E632.6881
G0 F9000 X82.266 Y134.958
G1 F1500 X83.691 Y133.532 E632.75515
G0 F9000 X83.871 Y133.918
G1 F1500 X82.451 Y135.338 E632.82194
G0 F9000 X82.646 Y135.709
G1 F1500 X84.061 Y134.294 E632.8885
G0 F9000 X84.252 Y134.668
G1 F1500 X82.842 Y136.078 E632.95482
G0 F9000 X83.038 Y136.448
G1 F1500 X84.442 Y135.044 E633.02086
G0 F9000 X84.642 Y135.41
G1 F1500 X83.242 Y136.81 E633.08671
G0 F9000 X83.448 Y137.169
G1 F1500 X84.845 Y135.772 E633.15242
G0 F9000 X85.047 Y136.136
G1 F1500 X83.656 Y137.527 E633.21785
G0 F9000 X83.868 Y137.881
G1 F1500 X85.256 Y136.493 E633.28314
G0 F9000 X85.467 Y136.847
G1 F1500 X84.084 Y138.23 E633.34819
G0 F9000 X84.301 Y138.579
G1 F1500 X85.679 Y137.201 E633.41301
G0 F9000 X85.897 Y137.549
G1 F1500 X84.52 Y138.926 E633.47778
G0 F9000 X84.746 Y139.265
G1 F1500 X86.12 Y137.891 E633.54241
G0 F9000 X86.343 Y138.234
G1 F1500 X84.972 Y139.606 E633.60692
G0 F9000 X85.199 Y139.944
G1 F1500 X86.569 Y138.574 E633.67136
G0 F9000 X86.803 Y138.905
G1 F1500 X85.436 Y140.272 E633.73566
G0 F9000 X85.673 Y140.601
G1 F1500 X87.037 Y139.237 E633.79982
G0 F9000 X87.271 Y139.569
G1 F1500 X85.911 Y140.929 E633.86379
G0 F9000 X86.156 Y141.25
G1 F1500 X87.514 Y139.892 E633.92766
G0 F9000 X87.758 Y140.214
G1 F1500 X86.402 Y141.569 E633.99142
G0 F9000 X86.648 Y141.889
G1 F1500 X88.002 Y140.535 E634.05511
G0 F9000 X88.252 Y140.851
G1 F1500 X86.9 Y142.203 E634.1187
G0 F9000 X87.156 Y142.512
G1 F1500 X88.505 Y141.163 E634.18216
G0 F9000 X88.759 Y141.475
G1 F1500 X87.411 Y142.823 E634.24556
G0 F9000 X87.671 Y143.129
G1 F1500 X89.016 Y141.783 E634.30885
G0 F9000 X89.282 Y142.083
G1 F1500 X87.934 Y143.431 E634.37226
G0 F9000 X88.198 Y143.733
G1 F1500 X89.548 Y142.383 E634.43576
G0 F9000 X89.814 Y142.683
G1 F1500 X88.463 Y144.034 E634.4993
G0 F9000 X88.738 Y144.325
G1 F1500 X90.088 Y142.975 E634.5628
G0 F9000 X90.362 Y143.266
G1 F1500 X89.012 Y144.616 E634.6263
G0 F9000 X89.287 Y144.907
G1 F1500 X90.636 Y143.558 E634.68975
G0 F9000 X90.918 Y143.842
G1 F1500 X89.568 Y145.192 E634.75325
G0 F9000 X89.853 Y145.472
G1 F1500 X91.202 Y144.123 E634.81671
G0 F9000 X91.485 Y144.405
G1 F1500 X90.138 Y145.753 E634.88009
G0 F9000 X90.426 Y146.03
G1 F1500 X91.773 Y144.683 E634.94345
G0 F9000 X92.068 Y144.954
G1 F1500 X90.72 Y146.303 E635.00688
G0 F9000 X91.012 Y146.575
G1 F1500 X92.364 Y145.224 E635.07045
G0 F9000 X92.659 Y145.495
G1 F1500 X91.307 Y146.846 E635.13402
G0 F9000 X91.611 Y147.109
G1 F1500 X92.962 Y145.757 E635.19759
G0 F9000 X93.265 Y146.02
G1 F1500 X91.913 Y147.372 E635.26118
G0 F9000 X92.217 Y147.634
G1 F1500 X93.569 Y146.282 E635.32478
G0 F9000 X93.883 Y146.534
G1 F1500 X92.528 Y147.889 E635.38851
G0 F9000 X92.841 Y148.141
G1 F1500 X94.198 Y146.784 E635.45234
G0 F9000 X94.513 Y147.034
G1 F1500 X93.155 Y148.393 E635.51624
G0 F9000 X93.473 Y148.64
G1 F1500 X94.833 Y147.28 E635.58021
G0 F9000 X95.157 Y147.522
G1 F1500 X93.796 Y148.883 E635.64423
G0 F9000 X94.119 Y149.126
G1 F1500 X95.482 Y147.763 E635.70834
G0 F9000 X95.808 Y148.002
G1 F1500 X94.444 Y149.366 E635.7725
G0 F9000 X94.776 Y149.6
G1 F1500 X96.142 Y148.234 E635.83675
G0 F9000 X96.477 Y148.465
G1 F1500 X95.109 Y149.833 E635.9011
G0 F9000 X95.441 Y150.066
G1 F1500 X96.812 Y148.695 E635.96558
G0 F9000 X97.156 Y148.917
G1 F1500 X95.783 Y150.291 E636.03019
G0 F9000 X96.124 Y150.515
G1 F1500 X97.503 Y149.136 E636.09505
G0 F9000 X97.849 Y149.355
G1 F1500 X96.466 Y150.739 E636.16013
G0 F9000 X96.816 Y150.955
G1 F1500 X98.202 Y149.568 E636.22535
G0 F9000 X98.559 Y149.777
G1 F1500 X97.168 Y151.167 E636.29075
G0 F9000 X97.521 Y151.38
G1 F1500 X98.915 Y149.987 E636.3563
G0 F9000 X99.276 Y150.192
G1 F1500 X97.88 Y151.587 E636.42194
G0 F9000 X98.242 Y151.791
G1 F1500 X99.642 Y150.391 E636.48779
G0 F9000 X100.009 Y150.59
G1 F1500 X98.604 Y151.995 E636.55388
G0 F9000 X98.969 Y152.195
G1 F1500 X100.377 Y150.787 E636.6201
G0 F9000 X100.757 Y150.973
G1 F1500 X99.341 Y152.389 E636.68671
G0 F9000 X99.713 Y152.583
G1 F1500 X101.137 Y151.159 E636.75369
G0 F9000 X101.516 Y151.345
G1 F1500 X100.088 Y152.773 E636.82086
G0 F9000 X100.472 Y152.955
G1 F1500 X101.905 Y151.522 E636.88826
G0 F9000 X102.295 Y151.698
G1 F1500 X100.857 Y153.136 E636.9559
G0 F9000 X101.241 Y153.317
G1 F1500 X102.685 Y151.874 E637.0238
G0 F9000 X103.084 Y152.04
G1 F1500 X101.635 Y153.49 E637.09198
G0 F9000 X102.027 Y153.663
G1 F1500 X103.484 Y152.205 E637.16053
G0 F9000 X103.885 Y152.37
G1 F1500 X102.421 Y153.835 E637.22942
G0 F9000 X102.827 Y153.994
G1 F1500 X104.297 Y152.524 E637.29856
G0 F9000 X104.71 Y152.677
G1 F1500 X103.233 Y154.154 E637.36804
G0 F9000 X103.639 Y154.314
G1 F1500 X105.124 Y152.828 E637.43791
G0 F9000 X105.55 Y152.968
G1 F1500 X104.054 Y154.464 E637.50828
G0 F9000 X104.47 Y154.614
G1 F1500 X105.976 Y153.108 E637.57912
G0 F9000 X106.401 Y153.248
G1 F1500 X104.887 Y154.762 E637.65033
G0 F9000 X105.317 Y154.898
G1 F1500 X106.839 Y153.376 E637.72192
G0 F9000 X107.278 Y153.503
G1 F1500 X105.748 Y155.033 E637.79389
G0 F9000 X106.179 Y155.168
G1 F1500 X107.719 Y153.628 E637.86632
G0 F9000 X108.169 Y153.743
G1 F1500 X106.618 Y155.294 E637.93928
G0 F9000 X107.057 Y155.421
G1 F1500 X108.619 Y153.859 E638.01275
G0 F9000 X109.071 Y153.973
G1 F1500 X107.499 Y155.544 E638.08667
G0 F9000 X107.952 Y155.658
G1 F1500 X109.537 Y154.072 E638.16125
G0 F9000 X110.002 Y154.173
G1 F1500 X108.404 Y155.771 E638.23641
G0 F9000 X108.863 Y155.878
G1 F1500 X110.473 Y154.267 E638.31216
G0 F9000 X110.954 Y154.352
G1 F1500 X109.329 Y155.978 E638.38862
G0 F9000 X109.795 Y156.078
G1 F1500 X111.434 Y154.438 E638.46574
G0 F9000 X111.926 Y154.512
G1 F1500 X110.271 Y156.167 E638.54358
G0 F9000 X110.752 Y156.252
G1 F1500 X112.421 Y154.583 E638.62209
G0 F9000 X112.472 Y155.098
G1 F1500 X111.233 Y156.336 E638.68034
G0 F9000 X111.726 Y156.409
G1 F1500 X112.472 Y155.663 E638.71543
G0 F9000 X112.472 Y156.229
G1 F1500 X112.221 Y156.48 E638.72724
G1 F2700 E633.72724
G0 F9000 X112.155 Y156.936
G0 X112.858 Y156.951
G0 X112.897 Y153.934
G0 X110.471 Y153.545
G0 X107.933 Y152.955
G0 X105.442 Y152.186
G0 X103.013 Y151.244
G0 X100.656 Y150.13
G0 X98.384 Y148.853
G0 X96.208 Y147.417
G0 X94.141 Y145.83
G0 X92.191 Y144.101
G0 X90.368 Y142.237
G0 X88.683 Y140.25
G0 X87.142 Y138.147
G0 X85.755 Y135.942
G0 X84.529 Y133.642
G0 X83.467 Y131.26
G0 X82.578 Y128.811
G0 X81.866 Y126.304
G0 X81.332 Y123.751
G0 X80.982 Y121.17
G0 X80.815 Y118.568
G0 X80.834 Y115.963
G0 X81.038 Y113.364
G0 X81.425 Y110.788
G0 X81.994 Y108.244
G0 X82.743 Y105.747
G0 X83.667 Y103.31
G0 X84.76 Y100.945
G0 X86.019 Y98.663
G0 X87.438 Y96.476
G0 X89.007 Y94.395
G0 X90.721 Y92.432
G0 X92.568 Y90.594
G0 X94.542 Y88.892
G0 X96.634 Y87.335
G0 X98.829 Y85.93
G0 X101.119 Y84.685
G0 X103.49 Y83.605
G0 X105.934 Y82.697
G0 X108.436 Y81.963
G0 X110.981 Y81.408
G0 X113.561 Y81.037
G0 X116.161 Y80.85
G0 X118.766 Y80.849
G0 X121.366 Y81.031
G0 X123.947 Y81.396
G0 X126.495 Y81.946
G0 X128.998 Y82.675
G0 X131.443 Y83.578
G0 X133.816 Y84.654
G0 X136.109 Y85.894
G0 X138.307 Y87.294
G0 X140.4 Y88.848
G0 X142.378 Y90.545
G0 X144.23 Y92.379
G0 X145.947 Y94.339
G0 X147.52 Y96.416
G0 X148.943 Y98.6
G0 X150.208 Y100.88
G0 X151.306 Y103.242
G0 X152.235 Y105.679
G0 X152.987 Y108.173
G0 X153.563 Y110.716
G0 X153.955 Y113.293
G0 X154.164 Y115.891
G0 X154.185 Y118.496
G0 X154.024 Y121.097
G0 X153.679 Y123.68
G0 X153.15 Y126.233
G0 X152.443 Y128.741
G0 X151.56 Y131.193
G0 X150.502 Y133.576
G0 X149.28 Y135.878
G0 X147.899 Y138.088
G0 X146.361 Y140.192
G0 X144.681 Y142.183
G0 X142.861 Y144.05
G0 X140.915 Y145.784
G0 X138.851 Y147.376
G0 X136.677 Y148.816
G0 X134.409 Y150.098
G0 X132.054 Y151.215
G0 X129.627 Y152.163
G0 X127.137 Y152.937
G0 X124.599 Y153.532
G0 X122.084 Y153.917
G0 X122.063 Y156.36
G0 X122.523 Y156.36
G1 F2700 E638.72724
G1 F1500 X124.635 Y154.248 E638.82658
G0 F9000 X123.947 Y154.371
G1 F1500 X122.523 Y155.795 E638.89356
G0 F9000 X122.523 Y155.229
G1 F1500 X123.266 Y154.485 E638.92854
G0 F9000 X122.61 Y154.576
G1 F1500 X122.522 Y154.664 E638.93267
G0 F9000 X122.063 Y154.664
G0 X122.138 Y156.951
G0 X123.055 Y156.91
G0 X122.998 Y156.451
G1 F1500 X125.355 Y154.093 E639.04356
G0 F9000 X126.082 Y153.932
G1 F1500 X123.667 Y156.347 E639.15716
G0 F9000 X124.345 Y156.235
G1 F1500 X126.838 Y153.742 E639.27442
G0 F9000 X127.609 Y153.537
G1 F1500 X125.043 Y156.102 E639.39509
G0 F9000 X125.747 Y155.964
G1 F1500 X128.405 Y153.306 E639.52012
G0 F9000 X129.239 Y153.038
G1 F1500 X126.479 Y155.798 E639.64994
G0 F9000 X127.23 Y155.613
G1 F1500 X130.1 Y152.743 E639.78494
G0 F9000 X131.001 Y152.407
G1 F1500 X128.004 Y155.404 E639.92591
G0 F9000 X128.803 Y155.171
G1 F1500 X131.952 Y152.022 E640.07403
G0 F9000 X131.78 Y151.6
G0 X132.771 Y151.166
G0 X132.959 Y151.58
G1 F1500 X129.62 Y154.919 E640.23108
G0 F9000 X130.472 Y154.634
G1 F1500 X134.031 Y151.075 E640.39849
G0 F9000 X133.829 Y150.664
G0 X134.974 Y150.076
G0 X135.192 Y150.479
G1 F1500 X131.363 Y154.308 E640.57859
G0 F9000 X132.291 Y153.946
G1 F1500 X136.492 Y149.745 E640.77619
G0 F9000 X136.262 Y149.35
G0 X137.731 Y148.44
G0 X137.976 Y148.826
G1 F1500 X133.263 Y153.54 E640.9979
G0 F9000 X133.454 Y153.959
G0 X134.497 Y153.482
G0 X134.306 Y153.062
G1 F1500 X139.876 Y147.493 E641.25987
G1 F2700 E636.25987
G0 F9000 X139.604 Y147.124
G0 X132.166 Y151.507
G0 X123.354 Y154.07
G0 X122.133 Y154.25
G0 X122.138 Y156.951
G0 X124.49 Y156.619
G0 X126.969 Y156.097
G0 X129.632 Y155.338
G0 X132.163 Y154.436
G0 X134.712 Y153.319
G0 X136.588 Y152.336
G0 X139.851 Y150.419
G0 X139.593 Y150.038
G1 F2700 E641.25987
G1 F1500 X150.001 Y139.63 E641.74943
G0 F9000 X150.384 Y139.892
G0 X151.441 Y138.255
G0 X151.046 Y138.019
G1 F1500 X137.981 Y151.085 E642.364
G0 F9000 X138.231 Y151.473
G0 X136.865 Y152.262
G0 X136.645 Y151.855
G1 F1500 X151.828 Y136.672 E643.07816
G0 F9000 X152.233 Y136.897
G0 X152.893 Y135.664
G0 X152.48 Y135.454
G1 F1500 X135.409 Y152.525 E643.88112
G1 F2700 E638.88112
G0 F9000 X135.613 Y152.934
G0 X132.163 Y154.436
G0 X129.632 Y155.338
G0 X126.969 Y156.097
G0 X124.49 Y156.619
G0 X122.138 Y156.951
G0 X122.133 Y154.25
G0 X130.956 Y152.002
G0 X136.677 Y148.816
G0 X138.851 Y147.376
G0 X140.915 Y145.784
G0 X142.861 Y144.05
G0 X144.681 Y142.183
G0 X146.361 Y140.192
G0 X147.899 Y138.088
G0 X149.28 Y135.878
G0 X150.502 Y133.576
G0 X151.56 Y131.193
G0 X152.443 Y128.741
G0 X153.15 Y126.233
G0 X153.679 Y123.68
G0 X154.024 Y121.097
G0 X154.185 Y118.496
G0 X154.164 Y115.891
G0 X153.955 Y113.293
G0 X153.563 Y110.716
G0 X152.987 Y108.173
G0 X152.235 Y105.679
G0 X151.306 Y103.242
G0 X150.208 Y100.88
G0 X148.943 Y98.6
G0 X147.52 Y96.416
G0 X145.947 Y94.339
G0 X144.23 Y92.379
G0 X142.378 Y90.545
G0 X140.4 Y88.848
G0 X138.307 Y87.294
G0 X136.109 Y85.894
G0 X133.816 Y84.654
G0 X131.443 Y83.578
G0 X128.998 Y82.675
G0 X126.495 Y81.946
G0 X123.947 Y81.396
G0 X121.366 Y81.031
G0 X118.766 Y80.849
G0 X116.161 Y80.85
G0 X113.561 Y81.037
G0 X110.981 Y81.408
G0 X108.436 Y81.963
G0 X105.934 Y82.697
G0 X103.49 Y83.605
G0 X101.119 Y84.685
G0 X98.829 Y85.93
G0 X96.634 Y87.335
G0 X94.542 Y88.892
G0 X92.568 Y90.594
G0 X90.721 Y92.432
G0 X89.007 Y94.395
G0 X87.438 Y96.476
G0 X83.911 Y101.98
G0 X81.119 Y110.721
G0 X80.559 Y119.869
G0 X82.28 Y128.898
G0 X86.151 Y137.204
G0 X91.967 Y144.321
G0 X99.346 Y149.777
G0 X107.833 Y153.247
G0 X112.862 Y154.254
G0 X112.858 Y156.951
G0 X109.867 Y156.501
G0 X107.298 Y155.906
G0 X104.713 Y155.127
G0 X102.218 Y154.185
G0 X99.792 Y153.074
G0 X97.461 Y151.812
G0 X95.213 Y150.398
G0 X93.046 Y148.821
G0 X90.985 Y147.093
G0 X89.089 Y145.28
G0 X87.263 Y143.274
G0 X85.611 Y141.202
G0 X84.101 Y139.018
G0 X82.728 Y136.718
G0 X81.522 Y134.348
G0 X80.47 Y131.886
G0 X79.617 Y129.464
G0 X78.882 Y126.794
G0 X78.345 Y124.179
G0 X77.987 Y121.534
G0 X77.805 Y118.874
G0 X77.805 Y116.194
G0 X77.984 Y113.552
G0 X78.342 Y110.889
G0 X78.877 Y108.274
G0 X79.622 Y105.585
G0 X80.378 Y103.423
G0 X82.047 Y99.486
G0 X82.451 Y99.7
G1 F2700 E643.88112
G1 F1500 X90.088 Y92.062 E644.24037
G0 F9000 X90.431 Y92.374
G0 X92.352 Y90.451
G0 X92.033 Y90.117
G1 F1500 X99.66 Y82.491 E644.5991
G0 F9000 X99.451 Y82.083
G0 X98.233 Y82.727
G0 X98.458 Y83.127
G1 F1500 X83.096 Y98.489 E645.32168
G0 F9000 X82.7 Y98.261
G0 X83.495 Y96.894
G0 X83.885 Y97.135
G1 F1500 X97.111 Y83.909 E645.94379
G0 F9000 X96.873 Y83.518
G0 X95.294 Y84.526
G0 X95.544 Y84.909
G1 F1500 X84.887 Y95.567 E646.44508
G1 F2700 E641.44508
;MESH:NONMESH
G0 F300 X84.887 Y95.567 Z3.4
G0 F9000 X84.505 Y95.312
G0 X82.718 Y98.348
G0 X81.513 Y100.715
G0 X80.462 Y103.183
G0 X79.622 Y105.585
G0 X78.877 Y108.274
G0 X78.342 Y110.889
G0 X77.984 Y113.552
G0 X77.805 Y116.194
G0 X77.805 Y118.874
G0 X77.987 Y121.534
G0 X78.345 Y124.179
G0 X78.882 Y126.794
G0 X79.617 Y129.464
G0 X80.47 Y131.886
G0 X81.522 Y134.348
G0 X82.728 Y136.718
G0 X84.101 Y139.018
G0 X85.611 Y141.202
G0 X87.263 Y143.274
G0 X89.089 Y145.28
G0 X90.985 Y147.093
G0 X93.046 Y148.821
G0 X95.213 Y150.398
G0 X97.461 Y151.812
G0 X99.792 Y153.074
G0 X102.218 Y154.185
G0 X104.713 Y155.127
G0 X107.298 Y155.906
G0 X112.7 Y157.123
;TIME_ELAPSED:900.387731
;LAYER:16
;TYPE:WALL-INNER
;MESH:Led Ring.stl
G1 F2700 E646.44508
G1 F1500 X112.703 Y154.052 E646.54723
G1 X111.707 Y153.916 E646.58066
G1 X110.418 Y153.687 E646.6242
G1 X109.128 Y153.41 E646.66809
G1 X107.796 Y153.073 E646.71379
G1 X106.624 Y152.733 E646.75437
G1 X105.259 Y152.283 E646.80218
G1 X104.133 Y151.864 E646.84214
G1 X102.932 Y151.375 E646.88527
G1 X101.729 Y150.83 E646.92919
G1 X100.555 Y150.249 E646.97276
G1 X99.416 Y149.634 E647.01581
G1 X98.282 Y148.967 E647.05957
G1 X97.171 Y148.262 E647.10334
G1 X96.096 Y147.52 E647.14678
G1 X95.048 Y146.749 E647.19005
G1 X94.029 Y145.932 E647.23349
G1 X93.026 Y145.071 E647.27746
G1 X92.069 Y144.195 E647.32061
G1 X91.132 Y143.265 E647.36452
G1 X90.24 Y142.324 E647.40765
G1 X89.379 Y141.34 E647.45113
G1 X88.541 Y140.315 E647.49517
G1 X87.754 Y139.275 E647.53855
G1 X86.997 Y138.204 E647.58217
G1 X86.29 Y137.119 E647.62524
G1 X85.607 Y135.988 E647.66918
G1 X84.977 Y134.854 E647.71233
G1 X84.376 Y133.678 E647.75626
G1 X83.823 Y132.49 E647.79984
G1 X83.315 Y131.287 E647.84327
G1 X82.848 Y130.064 E647.88682
G1 X82.425 Y128.838 E647.92995
G1 X82.043 Y127.573 E647.9739
G1 X81.711 Y126.307 E648.01743
G1 X81.418 Y125.032 E648.06095
G1 X81.174 Y123.743 E648.10458
G1 X80.979 Y122.463 E648.14764
G1 X80.825 Y121.149 E648.19165
G1 X80.72 Y119.847 E648.23509
G1 X80.664 Y118.541 E648.27857
G1 X80.648 Y117.239 E648.32188
G1 X80.685 Y115.924 E648.36563
G1 X80.762 Y114.626 E648.40888
G1 X80.889 Y113.325 E648.45236
G1 X81.06 Y112.027 E648.4959
G1 X81.28 Y110.738 E648.53939
G1 X81.544 Y109.454 E648.58299
G1 X81.869 Y108.115 E648.62882
G1 X82.172 Y107.029 E648.66632
G1 X82.639 Y105.565 E648.71743
G1 X82.999 Y104.564 E648.75281
G1 X83.575 Y103.128 E648.80427
G1 X84.068 Y102.022 E648.84455
G1 X84.634 Y100.854 E648.88772
G1 X85.081 Y100.011 E648.91945
G1 X85.076 Y100.004 E648.91974
G1 X85.899 Y98.565 E648.97487
G1 X86.594 Y97.456 E649.0184
G1 X87.334 Y96.359 E649.06242
G1 X88.095 Y95.314 E649.10541
G1 X88.909 Y94.273 E649.14937
G1 X89.755 Y93.268 E649.19306
G1 X90.625 Y92.31 E649.2361
G1 X91.545 Y91.362 E649.28004
G1 X92.479 Y90.469 E649.32302
G1 X93.457 Y89.593 E649.36669
G1 X94.473 Y88.752 E649.41055
G1 X95.501 Y87.961 E649.45369
G1 X96.575 Y87.188 E649.49771
G1 X97.653 Y86.472 E649.54075
G1 X98.758 Y85.793 E649.58389
G1 X99.91 Y85.143 E649.62788
G1 X101.066 Y84.541 E649.67123
G1 X102.251 Y83.978 E649.71486
G1 X103.36 Y83.493 E649.75512
G1 X104.68 Y82.973 E649.80231
G1 X105.906 Y82.542 E649.84553
G1 X107.164 Y82.153 E649.88933
G1 X108.419 Y81.807 E649.93263
G1 X109.691 Y81.511 E649.97607
G1 X110.98 Y81.255 E650.01978
G1 X112.134 Y81.069 E650.05865
G1 X113.567 Y80.882 E650.10672
G1 X114.87 Y80.768 E650.15022
G1 X116.188 Y80.696 E650.19412
G1 X117.492 Y80.672 E650.2375
G1 X118.796 Y80.696 E650.28088
G1 X120.115 Y80.766 E650.32481
G1 X121.414 Y80.884 E650.3682
G1 X122.703 Y81.043 E650.41139
G1 X123.997 Y81.251 E650.45498
G1 X125.294 Y81.507 E650.49896
G1 X126.56 Y81.805 E650.54221
G1 X127.887 Y82.171 E650.588
G1 X129.078 Y82.541 E650.62948
G1 X130.302 Y82.968 E650.67259
G1 X131.502 Y83.436 E650.71543
G1 X132.797 Y84.001 E650.76243
G1 X133.918 Y84.532 E650.80368
G1 X135.075 Y85.137 E650.84711
G1 X136.214 Y85.78 E650.89061
G1 X137.319 Y86.459 E650.93375
G1 X138.423 Y87.189 E650.97777
G1 X139.482 Y87.951 E651.02116
G1 X140.512 Y88.742 E651.06436
G1 X141.528 Y89.587 E651.10831
G1 X142.483 Y90.438 E651.15085
G1 X143.43 Y91.34 E651.19435
G1 X144.36 Y92.299 E651.23878
G1 X145.235 Y93.261 E651.28204
G1 X146.084 Y94.269 E651.32587
G1 X146.873 Y95.273 E651.36834
G1 X147.662 Y96.356 E651.41291
G1 X148.389 Y97.433 E651.45612
G1 X149.081 Y98.537 E651.49946
G1 X149.742 Y99.685 E651.54352
G1 X150.352 Y100.829 E651.58664
G1 X150.925 Y102.009 E651.63027
G1 X151.457 Y103.216 E651.67414
G1 X151.994 Y104.555 E651.72213
G1 X152.388 Y105.665 E651.7613
G1 X152.782 Y106.896 E651.80429
G1 X153.135 Y108.14 E651.8473
G1 X153.452 Y109.441 E651.89184
G1 X153.716 Y110.711 E651.93498
G1 X153.935 Y112 E651.97847
G1 X154.11 Y113.309 E652.02239
G1 X154.235 Y114.602 E652.0656
G1 X154.316 Y115.908 E652.10912
G1 X154.349 Y117.214 E652.15257
G1 X154.336 Y118.525 E652.19618
G1 X154.271 Y119.905 E652.24213
G1 X154.166 Y121.201 E652.28537
G1 X154.018 Y122.447 E652.32711
G1 X153.822 Y123.733 E652.37037
G1 X153.581 Y125.003 E652.41337
G1 X153.289 Y126.293 E652.45736
G1 X152.955 Y127.558 E652.50087
G1 X152.552 Y128.892 E652.54722
G1 X152.155 Y130.043 E652.58772
G1 X151.697 Y131.254 E652.63078
G1 X151.18 Y132.479 E652.675
G1 X150.606 Y133.7 E652.71988
G1 X150.041 Y134.818 E652.76154
G1 X149.398 Y135.979 E652.80568
G1 X148.715 Y137.108 E652.84957
G1 X148.007 Y138.194 E652.89269
G1 X147.247 Y139.271 E652.93653
G1 X146.462 Y140.308 E652.97979
G1 X145.636 Y141.32 E653.02324
G1 X144.765 Y142.312 E653.06715
G1 X143.876 Y143.254 E653.11023
G1 X142.902 Y144.223 E653.15592
G1 X141.982 Y145.065 E653.1974
G1 X140.981 Y145.92 E653.24119
G1 X139.957 Y146.743 E653.28488
G1 X138.917 Y147.51 E653.32786
G1 X137.841 Y148.254 E653.37137
G1 X136.708 Y148.972 E653.41599
G1 X135.625 Y149.61 E653.45779
G1 X134.455 Y150.242 E653.50202
G1 X133.28 Y150.823 E653.54562
G1 X132.076 Y151.368 E653.58958
G1 X130.877 Y151.859 E653.63267
G1 X129.64 Y152.318 E653.67655
G1 X128.407 Y152.725 E653.71974
G1 X127.145 Y153.09 E653.76343
G1 X125.882 Y153.411 E653.80678
G1 X124.593 Y153.687 E653.85062
G1 X123.301 Y153.915 E653.89426
G1 X122.293 Y154.052 E653.92809
G1 X122.295 Y157.119 E654.0301
G1 X123.202 Y157.004 E654.06051
G1 X124.526 Y156.789 E654.10512
G1 X125.838 Y156.531 E654.14959
G1 X127.039 Y156.258 E654.19056
G1 X128.556 Y155.854 E654.24277
G1 X129.708 Y155.495 E654.28291
G1 X130.979 Y155.062 E654.32757
G1 X132.218 Y154.598 E654.37157
G1 X133.444 Y154.086 E654.41576
G1 X134.666 Y153.53 E654.46041
G1 X135.918 Y152.906 E654.50694
G1 X137.067 Y152.285 E654.55038
G1 X138.271 Y151.579 E654.5968
G1 X139.34 Y150.898 E654.63896
G1 X140.375 Y150.198 E654.68052
G1 X141.491 Y149.39 E654.72634
G1 X142.591 Y148.527 E654.77285
G1 X143.622 Y147.665 E654.81754
G1 X144.619 Y146.773 E654.86204
G1 X145.581 Y145.849 E654.9064
G1 X146.503 Y144.907 E654.95024
G1 X147.417 Y143.904 E654.99538
G1 X148.284 Y142.887 E655.03983
G1 X149.123 Y141.834 E655.08461
G1 X149.974 Y140.686 E655.13214
G1 X150.681 Y139.659 E655.17361
G1 X151.386 Y138.563 E655.21695
G1 X152.015 Y137.514 E655.25763
G1 X152.726 Y136.234 E655.30633
G1 X153.331 Y135.047 E655.35064
G1 X154.018 Y133.545 E655.40558
G1 X154.032 Y133.544 E655.40604
G1 X154.427 Y132.603 E655.43999
G1 X154.913 Y131.352 E655.48463
G1 X155.321 Y130.183 E655.52581
G1 X155.759 Y128.796 E655.57418
G1 X156.114 Y127.521 E655.6182
G1 X156.449 Y126.126 E655.66592
G1 X156.697 Y124.895 E655.70769
G1 X156.918 Y123.635 E655.75023
G1 X157.106 Y122.245 E655.79689
G1 X157.239 Y120.922 E655.84111
G1 X157.333 Y119.574 E655.88606
G1 X157.38 Y118.236 E655.93058
G1 X157.383 Y116.899 E655.97505
G1 X157.342 Y115.609 E656.01798
G1 X157.264 Y114.361 E656.05957
G1 X157.108 Y112.784 E656.11228
G1 X156.936 Y111.551 E656.15368
G1 X156.717 Y110.25 E656.19756
G1 X156.452 Y108.935 E656.24218
G1 X156.14 Y107.634 E656.28668
G1 X155.789 Y106.358 E656.3307
G1 X155.389 Y105.068 E656.37562
G1 X154.951 Y103.802 E656.42017
G1 X154.47 Y102.554 E656.46466
G1 X153.948 Y101.32 E656.50922
G1 X153.385 Y100.108 E656.55367
G1 X152.785 Y98.921 E656.59791
G1 X152.135 Y97.742 E656.64269
G1 X151.465 Y96.611 E656.68641
G1 X150.73 Y95.464 E656.73172
G1 X149.991 Y94.388 E656.77513
G1 X149.239 Y93.369 E656.81725
G1 X148.319 Y92.2 E656.86673
G1 X147.466 Y91.199 E656.91047
G1 X146.574 Y90.222 E656.95448
G1 X145.663 Y89.281 E656.99804
G1 X144.702 Y88.35 E657.04254
G1 X143.71 Y87.453 E657.08702
G1 X142.676 Y86.589 E657.13184
G1 X141.632 Y85.766 E657.17606
G1 X140.552 Y84.974 E657.2206
G1 X139.431 Y84.208 E657.26576
G1 X138.303 Y83.493 E657.31018
G1 X137.176 Y82.826 E657.35373
G1 X135.973 Y82.174 E657.39925
G1 X134.807 Y81.585 E657.44269
G1 X133.56 Y81.013 E657.48832
G1 X132.324 Y80.492 E657.53294
G1 X131.108 Y80.029 E657.57621
G1 X129.842 Y79.595 E657.62073
G1 X128.552 Y79.197 E657.66563
G1 X127.13 Y78.812 E657.71463
G1 X125.937 Y78.54 E657.75532
G1 X124.656 Y78.283 E657.79878
G1 X123.313 Y78.063 E657.84404
G1 X121.996 Y77.889 E657.88823
G1 X120.651 Y77.761 E657.93316
G1 X119.328 Y77.68 E657.97725
G1 X117.968 Y77.641 E658.0225
G1 X116.639 Y77.645 E658.0667
G1 X115.329 Y77.695 E658.11031
G1 X113.956 Y77.792 E658.15609
G1 X112.626 Y77.935 E658.20058
G1 X111.268 Y78.125 E658.24619
G1 X109.996 Y78.349 E658.28914
G1 X108.777 Y78.6 E658.33054
G1 X107.378 Y78.94 E658.37842
G1 X106.088 Y79.305 E658.42301
G1 X104.701 Y79.742 E658.47138
G1 X103.55 Y80.154 E658.51204
G1 X102.323 Y80.634 E658.55586
G1 X101.268 Y81.096 E658.59417
G1 X101.256 Y81.087 E658.59467
G1 X99.872 Y81.742 E658.6456
G1 X98.667 Y82.359 E658.69062
G1 X97.505 Y83.008 E658.73489
G1 X96.379 Y83.685 E658.77859
G1 X95.237 Y84.427 E658.82389
G1 X94.141 Y85.188 E658.86826
G1 X93.067 Y85.996 E658.91297
G1 X92.021 Y86.834 E658.95754
G1 X90.971 Y87.733 E659.00352
G1 X90.023 Y88.611 E659.0465
G1 X89.069 Y89.549 E659.09099
G1 X88.139 Y90.52 E659.13571
G1 X87.272 Y91.495 E659.17911
G1 X86.403 Y92.546 E659.22447
G1 X85.537 Y93.656 E659.27129
G1 X84.797 Y94.689 E659.31356
G1 X84.075 Y95.756 E659.35641
G1 X83.338 Y96.935 E659.40265
G1 X82.717 Y98.006 E659.44383
G1 X82.049 Y99.24 E659.4905
G1 X81.451 Y100.449 E659.53536
G1 X80.889 Y101.689 E659.58064
G1 X80.386 Y102.905 E659.62441
G1 X79.905 Y104.184 E659.66986
G1 X79.481 Y105.45 E659.71426
G1 X79.104 Y106.717 E659.75823
G1 X78.758 Y108.03 E659.80339
G1 X78.467 Y109.308 E659.84698
G1 X78.212 Y110.621 E659.89147
G1 X78 Y111.968 E659.93682
G1 X77.837 Y113.268 E659.9804
G1 X77.719 Y114.592 E660.02461
G1 X77.644 Y115.94 E660.06952
G1 X77.612 Y117.28 E660.1141
G1 X77.629 Y118.626 E660.15887
G1 X77.687 Y119.94 E660.20262
G1 X77.792 Y121.313 E660.24841
G1 X77.935 Y122.603 E660.29158
G1 X78.133 Y123.956 E660.33706
G1 X78.365 Y125.247 E660.38069
G1 X78.653 Y126.578 E660.42598
G1 X78.978 Y127.881 E660.47065
G1 X79.347 Y129.166 E660.51512
G1 X79.759 Y130.435 E660.55949
G1 X80.205 Y131.675 E660.60332
G1 X80.711 Y132.937 E660.64854
G1 X81.249 Y134.165 E660.69313
G1 X81.833 Y135.382 E660.73803
G1 X82.446 Y136.552 E660.78196
G1 X83.09 Y137.7 E660.82574
G1 X83.807 Y138.869 E660.87136
G1 X84.536 Y139.985 E660.91569
G1 X85.308 Y141.078 E660.9602
G1 X86.109 Y142.133 E661.00426
G1 X86.959 Y143.179 E661.04908
G1 X87.845 Y144.202 E661.0941
G1 X88.733 Y145.156 E661.13745
G1 X89.694 Y146.123 E661.18279
G1 X90.666 Y147.035 E661.22712
G1 X91.661 Y147.91 E661.27119
G1 X92.686 Y148.754 E661.31535
G1 X93.769 Y149.583 E661.36071
G1 X94.845 Y150.354 E661.40474
G1 X95.973 Y151.103 E661.44978
G1 X97.114 Y151.809 E661.4944
G1 X98.249 Y152.458 E661.53789
G1 X99.465 Y153.098 E661.58359
G1 X100.638 Y153.672 E661.62703
G1 X101.792 Y154.186 E661.66905
G1 X102.6 Y154.527 E661.69821
G1 X103.735 Y154.957 E661.73858
G1 X104.889 Y155.364 E661.77928
G1 X105.651 Y155.612 E661.80594
G1 X106.902 Y155.979 E661.8493
G1 X107.543 Y156.15 E661.87136
G1 X108.979 Y156.495 E661.92048
G1 X110.153 Y156.73 E661.96031
G1 X111.356 Y156.932 E662.00088
G1 X112.345 Y157.08 E662.03414
G1 X112.7 Y157.123 E662.04603
G0 F9000 X113.1 Y157.574
;TYPE:WALL-OUTER
G1 F1500 X113.103 Y153.703 E662.17478
G1 X111.777 Y153.522 E662.21929
G1 X110.502 Y153.296 E662.26236
G1 X109.226 Y153.022 E662.30577
G1 X107.908 Y152.689 E662.35098
G1 X106.681 Y152.331 E662.39349
G1 X105.398 Y151.908 E662.43843
G1 X104.284 Y151.494 E662.47795
G1 X103.097 Y151.011 E662.52058
G1 X101.907 Y150.472 E662.56403
G1 X100.745 Y149.897 E662.60715
G1 X99.618 Y149.289 E662.64974
G1 X98.496 Y148.629 E662.69304
G1 X97.398 Y147.933 E662.73627
G1 X96.333 Y147.198 E662.77931
G1 X95.298 Y146.437 E662.82204
G1 X94.289 Y145.628 E662.86506
G1 X93.296 Y144.776 E662.90857
G1 X92.351 Y143.911 E662.95118
G1 X91.422 Y142.99 E662.99469
G1 X90.541 Y142.06 E663.0373
G1 X89.689 Y141.087 E663.08032
G1 X88.86 Y140.073 E663.12388
G1 X88.08 Y139.044 E663.16682
G1 X87.332 Y137.986 E663.20992
G1 X86.632 Y136.912 E663.25256
G1 X85.957 Y135.794 E663.296
G1 X85.333 Y134.672 E663.3387
G1 X84.738 Y133.509 E663.38215
G1 X84.191 Y132.334 E663.42525
G1 X83.689 Y131.144 E663.46821
G1 X83.226 Y129.934 E663.5113
G1 X82.808 Y128.722 E663.55394
G1 X82.43 Y127.471 E663.59741
G1 X82.101 Y126.221 E663.6404
G1 X81.811 Y124.958 E663.6835
G1 X81.57 Y123.683 E663.72666
G1 X81.377 Y122.416 E663.76929
G1 X81.224 Y121.117 E663.81279
G1 X81.12 Y119.829 E663.85577
G1 X81.064 Y118.535 E663.89885
G1 X81.048 Y117.25 E663.94159
G1 X81.084 Y115.948 E663.98491
G1 X81.16 Y114.664 E664.02769
G1 X81.285 Y113.377 E664.0707
G1 X81.454 Y112.094 E664.11374
G1 X81.672 Y110.819 E664.15676
G1 X81.933 Y109.548 E664.19992
G1 X82.255 Y108.222 E664.2453
G1 X82.553 Y107.151 E664.28228
G1 X83.015 Y105.7 E664.33292
G1 X83.37 Y104.713 E664.36781
G1 X83.941 Y103.29 E664.41881
G1 X84.428 Y102.196 E664.45864
G1 X84.987 Y101.042 E664.50129
G1 X85.452 Y100.165 E664.5343
G1 X85.446 Y100.156 E664.53466
G1 X86.238 Y98.777 E664.58755
G1 X86.926 Y97.68 E664.63062
G1 X87.658 Y96.594 E664.67418
G1 X88.41 Y95.56 E664.71671
G1 X89.215 Y94.531 E664.76016
G1 X90.051 Y93.537 E664.80336
G1 X90.912 Y92.588 E664.84598
G1 X91.821 Y91.651 E664.8894
G1 X92.746 Y90.767 E664.93195
G1 X93.712 Y89.901 E664.9751
G1 X94.717 Y89.069 E665.0185
G1 X95.735 Y88.285 E665.06123
G1 X96.797 Y87.521 E665.10475
G1 X97.863 Y86.813 E665.14731
G1 X98.969 Y86.133 E665.19049
G1 X100.095 Y85.498 E665.23349
G1 X101.254 Y84.895 E665.27694
G1 X102.411 Y84.344 E665.31956
G1 X103.506 Y83.865 E665.35932
G1 X104.813 Y83.351 E665.40603
G1 X106.024 Y82.924 E665.44874
G1 X107.27 Y82.539 E665.49211
G1 X108.51 Y82.197 E665.53489
G1 X109.769 Y81.903 E665.5779
G1 X111.044 Y81.65 E665.62113
G1 X112.186 Y81.465 E665.65961
G1 X113.602 Y81.28 E665.7071
G1 X114.892 Y81.168 E665.75017
G1 X116.196 Y81.096 E665.79361
G1 X117.484 Y81.072 E665.83645
G1 X118.775 Y81.096 E665.8794
G1 X120.079 Y81.164 E665.92283
G1 X121.365 Y81.281 E665.96578
G1 X122.64 Y81.438 E666.00851
G1 X123.919 Y81.643 E666.05159
G1 X125.202 Y81.897 E666.09509
G1 X126.454 Y82.191 E666.13786
G1 X127.768 Y82.553 E666.1832
G1 X128.946 Y82.919 E666.22422
G1 X130.15 Y83.339 E666.26664
G1 X131.365 Y83.812 E666.31
G1 X132.626 Y84.363 E666.35577
G1 X133.733 Y84.886 E666.39649
G1 X134.879 Y85.485 E666.4395
G1 X136.005 Y86.121 E666.48251
G1 X137.099 Y86.793 E666.52522
G1 X138.189 Y87.513 E666.56867
G1 X139.238 Y88.269 E666.61167
G1 X140.256 Y89.05 E666.65435
G1 X141.262 Y89.886 E666.69785
G1 X142.218 Y90.739 E666.74047
G1 X143.156 Y91.632 E666.78354
G1 X144.076 Y92.582 E666.82753
G1 X144.926 Y93.514 E666.86948
G1 X145.77 Y94.516 E666.91306
G1 X146.562 Y95.526 E666.95574
G1 X147.33 Y96.58 E666.99912
G1 X148.05 Y97.645 E667.04188
G1 X148.738 Y98.744 E667.085
G1 X149.389 Y99.873 E667.12835
G1 X149.992 Y101.004 E667.17098
G1 X150.559 Y102.171 E667.21413
G1 X151.086 Y103.365 E667.25754
G1 X151.617 Y104.689 E667.30499
G1 X152.007 Y105.787 E667.34374
G1 X152.397 Y107.005 E667.38628
G1 X152.751 Y108.252 E667.42939
G1 X153.06 Y109.523 E667.4729
G1 X153.322 Y110.778 E667.51554
G1 X153.539 Y112.053 E667.55855
G1 X153.712 Y113.348 E667.60201
G1 X153.836 Y114.627 E667.64475
G1 X153.916 Y115.918 E667.68777
G1 X153.949 Y117.213 E667.73086
G1 X153.936 Y118.506 E667.77386
G1 X153.872 Y119.873 E667.81938
G1 X153.767 Y121.164 E667.86246
G1 X153.622 Y122.387 E667.90342
G1 X153.429 Y123.658 E667.94618
G1 X153.189 Y124.924 E667.98904
G1 X152.898 Y126.203 E668.03266
G1 X152.572 Y127.442 E668.07528
G1 X152.174 Y128.762 E668.12113
G1 X151.775 Y129.915 E668.16171
G1 X151.321 Y131.114 E668.20435
G1 X150.818 Y132.309 E668.24748
G1 X150.249 Y133.52 E668.29198
G1 X149.683 Y134.637 E668.33363
G1 X149.056 Y135.772 E668.37676
G1 X148.38 Y136.89 E668.42021
G1 X147.68 Y137.964 E668.46285
G1 X146.928 Y139.029 E668.50621
G1 X146.152 Y140.055 E668.549
G1 X145.335 Y141.056 E668.59197
G1 X144.474 Y142.038 E668.63541
G1 X143.594 Y142.97 E668.67804
G1 X142.632 Y143.928 E668.7232
G1 X141.722 Y144.761 E668.76423
G1 X140.73 Y145.608 E668.80762
G1 X139.719 Y146.421 E668.85077
G1 X138.694 Y147.179 E668.89317
G1 X137.612 Y147.925 E668.93688
G1 X136.505 Y148.627 E668.98048
G1 X135.416 Y149.268 E669.02251
G1 X134.277 Y149.884 E669.06557
G1 X133.115 Y150.459 E669.1087
G1 X131.924 Y150.998 E669.15218
G1 X130.738 Y151.484 E669.19481
G1 X129.515 Y151.938 E669.2382
G1 X128.296 Y152.341 E669.2809
G1 X127.046 Y152.702 E669.32417
G1 X125.798 Y153.02 E669.36701
G1 X124.523 Y153.293 E669.41038
G1 X123.247 Y153.519 E669.45348
G1 X121.893 Y153.703 E669.49892
G1 X121.896 Y157.573 E669.62764
G1 X123.266 Y157.399 E669.67357
G1 X124.572 Y157.187 E669.71758
G1 X125.898 Y156.928 E669.76252
G1 X127.108 Y156.653 E669.80379
G1 X128.674 Y156.236 E669.85769
G1 X129.836 Y155.874 E669.89817
G1 X131.119 Y155.437 E669.94325
G1 X132.366 Y154.97 E669.98754
G1 X133.604 Y154.452 E670.03217
G1 X134.838 Y153.891 E670.07726
G1 X136.108 Y153.258 E670.12445
G1 X137.212 Y152.662 E670.16618
G1 X138.479 Y151.921 E670.215
G1 X139.564 Y151.23 E670.25778
G1 X140.585 Y150.54 E670.29877
G1 X141.755 Y149.692 E670.34683
G1 X142.826 Y148.852 E670.3921
G1 X143.865 Y147.984 E670.43713
G1 X144.872 Y147.085 E670.48203
G1 X145.867 Y146.129 E670.52792
G1 X146.794 Y145.182 E670.572
G1 X147.721 Y144.164 E670.61779
G1 X148.596 Y143.137 E670.66267
G1 X149.425 Y142.098 E670.70688
G1 X150.285 Y140.939 E670.75488
G1 X151.001 Y139.901 E670.79682
G1 X151.726 Y138.774 E670.84139
G1 X152.374 Y137.692 E670.88334
G1 X153.079 Y136.422 E670.93165
G1 X153.691 Y135.221 E670.97648
G1 X154.366 Y133.744 E671.03049
G1 X154.383 Y133.742 E671.03106
G1 X154.798 Y132.753 E671.06674
G1 X155.288 Y131.49 E671.1118
G1 X155.694 Y130.332 E671.15261
G1 X156.136 Y128.934 E671.20138
G1 X156.502 Y127.621 E671.24671
G1 X156.84 Y126.212 E671.2949
G1 X157.091 Y124.965 E671.33721
G1 X157.314 Y123.697 E671.38003
G1 X157.501 Y122.316 E671.42638
G1 X157.638 Y120.95 E671.47204
G1 X157.732 Y119.621 E671.51636
G1 X157.78 Y118.268 E671.56139
G1 X157.783 Y116.887 E671.60732
G1 X157.74 Y115.566 E671.65128
G1 X157.655 Y114.246 E671.69527
G1 X157.505 Y112.736 E671.74574
G1 X157.33 Y111.485 E671.78776
G1 X157.109 Y110.171 E671.83208
G1 X156.841 Y108.843 E671.87714
G1 X156.526 Y107.528 E671.92211
G1 X156.18 Y106.268 E671.96557
G1 X155.767 Y104.937 E672.01192
G1 X155.325 Y103.659 E672.0569
G1 X154.85 Y102.427 E672.10081
G1 X154.325 Y101.182 E672.14575
G1 X153.742 Y99.928 E672.19175
G1 X153.151 Y98.758 E672.23535
G1 X152.479 Y97.538 E672.28167
G1 X151.788 Y96.374 E672.32669
G1 X151.06 Y95.238 E672.37157
G1 X150.317 Y94.156 E672.41523
G1 X149.572 Y93.146 E672.45697
G1 X148.629 Y91.947 E672.5077
G1 X147.762 Y90.929 E672.55218
G1 X146.894 Y89.977 E672.59503
G1 X145.946 Y88.998 E672.64035
G1 X144.975 Y88.058 E672.6853
G1 X143.972 Y87.151 E672.73028
G1 X142.924 Y86.275 E672.77571
G1 X141.874 Y85.448 E672.82016
G1 X140.784 Y84.648 E672.86513
G1 X139.645 Y83.87 E672.91101
G1 X138.531 Y83.163 E672.9549
G1 X137.373 Y82.478 E672.99965
G1 X136.153 Y81.817 E673.0458
G1 X134.981 Y81.225 E673.08947
G1 X133.743 Y80.656 E673.13478
G1 X132.466 Y80.118 E673.18087
G1 X131.244 Y79.653 E673.22436
G1 X129.966 Y79.215 E673.26929
G1 X128.664 Y78.813 E673.31462
G1 X127.22 Y78.422 E673.36437
G1 X126.042 Y78.152 E673.40457
G1 X124.728 Y77.889 E673.44914
G1 X123.394 Y77.67 E673.4941
G1 X122.041 Y77.491 E673.5395
G1 X120.708 Y77.364 E673.58403
G1 X119.346 Y77.28 E673.62942
G1 X117.967 Y77.241 E673.6753
G1 X116.624 Y77.245 E673.71997
G1 X115.278 Y77.298 E673.76477
G1 X113.914 Y77.394 E673.81025
G1 X112.571 Y77.539 E673.85518
G1 X111.199 Y77.731 E673.90126
G1 X109.916 Y77.957 E673.94459
G1 X108.683 Y78.211 E673.98646
G1 X107.269 Y78.555 E674.03486
G1 X105.968 Y78.923 E674.07983
G1 X104.6 Y79.354 E674.12753
G1 X103.404 Y79.782 E674.16978
G1 X102.169 Y80.265 E674.21389
G1 X101.146 Y80.715 E674.25106
G1 X101.13 Y80.704 E674.25171
G1 X99.744 Y81.358 E674.30268
G1 X98.473 Y82.009 E674.35018
G1 X97.355 Y82.632 E674.39274
G1 X96.14 Y83.363 E674.43991
G1 X95.009 Y84.098 E674.48477
G1 X93.901 Y84.868 E674.52965
G1 X92.839 Y85.666 E674.57383
G1 X91.761 Y86.53 E674.61978
G1 X90.705 Y87.434 E674.66601
G1 X89.763 Y88.305 E674.70868
G1 X88.781 Y89.272 E674.75452
G1 X87.863 Y90.228 E674.79861
G1 X86.947 Y91.26 E674.8445
G1 X86.087 Y92.3 E674.88939
G1 X85.217 Y93.416 E674.93645
G1 X84.466 Y94.465 E674.97936
G1 X83.724 Y95.562 E675.02341
G1 X82.992 Y96.734 E675.06937
G1 X82.365 Y97.816 E675.11096
G1 X81.694 Y99.056 E675.15786
G1 X81.089 Y100.278 E675.20321
G1 X80.52 Y101.536 E675.24913
G1 X80.014 Y102.758 E675.29312
G1 X79.526 Y104.056 E675.33924
G1 X79.107 Y105.305 E675.38306
G1 X78.718 Y106.614 E675.42848
G1 X78.375 Y107.908 E675.473
G1 X78.076 Y109.226 E675.51795
G1 X77.818 Y110.551 E675.56285
G1 X77.603 Y111.918 E675.60888
G1 X77.439 Y113.226 E675.65272
G1 X77.32 Y114.563 E675.69737
G1 X77.244 Y115.924 E675.7427
G1 X77.212 Y117.278 E675.78775
G1 X77.229 Y118.644 E675.83319
G1 X77.29 Y119.992 E675.87807
G1 X77.394 Y121.357 E675.9236
G1 X77.543 Y122.686 E675.96808
G1 X77.739 Y124.026 E676.01312
G1 X77.98 Y125.358 E676.05814
G1 X78.265 Y126.674 E676.10293
G1 X78.594 Y127.991 E676.14808
G1 X78.966 Y129.29 E676.19302
G1 X79.383 Y130.57 E676.2378
G1 X79.831 Y131.817 E676.28187
G1 X80.333 Y133.07 E676.32676
G1 X80.874 Y134.308 E676.3717
G1 X81.463 Y135.538 E676.41706
G1 X82.097 Y136.748 E676.46249
G1 X82.745 Y137.902 E676.50651
G1 X83.457 Y139.065 E676.55187
G1 X84.209 Y140.215 E676.59757
G1 X84.989 Y141.319 E676.64253
G1 X85.794 Y142.38 E676.68682
G1 X86.656 Y143.441 E676.73229
G1 X87.529 Y144.45 E676.77667
G1 X88.445 Y145.433 E676.82136
G1 X89.42 Y146.415 E676.86738
G1 X90.355 Y147.294 E676.91007
G1 X91.402 Y148.215 E676.95644
G1 X92.437 Y149.067 E677.00103
G1 X93.512 Y149.891 E677.04608
G1 X94.618 Y150.683 E677.09133
G1 X95.762 Y151.443 E677.13701
G1 X96.887 Y152.14 E677.18102
G1 X98.084 Y152.823 E677.22686
G1 X99.289 Y153.458 E677.27216
G1 X100.469 Y154.034 E677.31584
G1 X101.636 Y154.554 E677.35833
G1 X102.451 Y154.898 E677.38775
G1 X103.602 Y155.335 E677.4287
G1 X104.765 Y155.744 E677.46971
G1 X105.538 Y155.996 E677.49675
G1 X106.814 Y156.371 E677.54098
G1 X107.445 Y156.538 E677.56269
G1 X108.864 Y156.88 E677.61124
G1 X110.081 Y157.123 E677.65252
G1 X111.296 Y157.328 E677.6935
G1 X112.297 Y157.478 E677.72716
G1 X113.1 Y157.574 E677.75406
G0 F9000 X112.827 Y157.262
G0 X112.302 Y156.968
G0 X112.34 Y156.712
;TYPE:SKIN
G1 F1500 X111.282 Y156.555 E677.78964
G1 X110.246 Y156.376 E677.82461
G1 X109.043 Y156.14 E677.86538
G1 X107.533 Y155.772 E677.91707
G1 X107.014 Y155.635 E677.93493
G1 X105.754 Y155.265 E677.9786
G1 X105.018 Y155.026 E678.00434
G1 X103.864 Y154.619 E678.04504
G1 X102.746 Y154.196 E678.0848
G1 X101.946 Y153.86 E678.11366
G1 X100.805 Y153.35 E678.15523
G1 X99.628 Y152.778 E678.19875
G1 X98.454 Y152.157 E678.24292
G1 X97.291 Y151.492 E678.28748
G1 X96.16 Y150.795 E678.33167
G1 X95.07 Y150.071 E678.37519
G1 X93.99 Y149.297 E678.41939
G1 X92.905 Y148.467 E678.46482
G1 X91.928 Y147.662 E678.50693
G1 X90.913 Y146.771 E678.55185
G1 X89.951 Y145.871 E678.59566
G1 X88.944 Y144.852 E678.64331
G1 X88.12 Y143.97 E678.68346
G1 X87.24 Y142.951 E678.72824
G1 X86.429 Y141.952 E678.77104
G1 X85.604 Y140.876 E678.81613
G1 X84.839 Y139.784 E678.86048
G1 X84.109 Y138.676 E678.90461
G1 X83.419 Y137.547 E678.94862
G1 X82.764 Y136.386 E678.99295
G1 X82.143 Y135.202 E679.03742
G1 X81.578 Y134.021 E679.08097
G1 X81.047 Y132.806 E679.12507
G1 X80.555 Y131.58 E679.16901
G1 X80.103 Y130.322 E679.21347
G1 X79.698 Y129.079 E679.25695
G1 X79.321 Y127.776 E679.30206
G1 X79.003 Y126.503 E679.3457
G1 X78.724 Y125.212 E679.38963
G1 X78.482 Y123.867 E679.43509
G1 X78.297 Y122.588 E679.47807
G1 X78.153 Y121.3 E679.52118
G1 X78.049 Y119.948 E679.56628
G1 X77.99 Y118.666 E679.60896
G1 X77.972 Y117.286 E679.65486
G1 X78.004 Y115.971 E679.69861
G1 X78.067 Y114.731 E679.73991
G1 X78.195 Y113.282 E679.78829
G1 X78.357 Y112.017 E679.83071
G1 X78.563 Y110.706 E679.87485
G1 X78.812 Y109.406 E679.91887
G1 X79.103 Y108.135 E679.96224
G1 X79.449 Y106.823 E680.00737
G1 X79.827 Y105.549 E680.05157
G1 X80.249 Y104.283 E680.09595
G1 X80.705 Y103.074 E680.13893
G1 X81.213 Y101.845 E680.18316
G1 X81.758 Y100.643 E680.22706
G1 X82.37 Y99.4 E680.27314
G1 X83.078 Y98.095 E680.32252
G1 X83.644 Y97.125 E680.35987
G1 X84.356 Y95.977 E680.4048
G1 X85.08 Y94.908 E680.44774
G1 X85.809 Y93.893 E680.48931
G1 X86.67 Y92.783 E680.53603
G1 X87.513 Y91.764 E680.58002
G1 X88.385 Y90.781 E680.62372
G1 X89.314 Y89.814 E680.66832
G1 X90.263 Y88.877 E680.71268
G1 X91.197 Y88.009 E680.75509
G1 X92.235 Y87.121 E680.80052
G1 X93.268 Y86.291 E680.8446
G1 X94.334 Y85.494 E680.88887
G1 X95.431 Y84.731 E680.93331
G1 X96.53 Y84.013 E680.97697
G1 X97.665 Y83.327 E681.02108
G1 X98.839 Y82.673 E681.06578
G1 X100.033 Y82.06 E681.11042
G1 X101.377 Y81.423 E681.15989
G1 X101.398 Y81.428 E681.16061
G1 X102.453 Y80.969 E681.19887
G1 X103.667 Y80.494 E681.24223
G1 X104.8 Y80.089 E681.28225
G1 X106.175 Y79.656 E681.3302
G1 X107.459 Y79.291 E681.3746
G1 X108.939 Y78.929 E681.42527
G1 X109.949 Y78.721 E681.45957
G1 X111.303 Y78.481 E681.50531
G1 X112.687 Y78.288 E681.55178
G1 X113.967 Y78.153 E681.59459
G1 X115.318 Y78.057 E681.63964
G1 X116.633 Y78.004 E681.68341
G1 X117.943 Y78 E681.72698
G1 X119.291 Y78.04 E681.77184
G1 X120.652 Y78.12 E681.81718
G1 X121.997 Y78.251 E681.86213
G1 X123.269 Y78.421 E681.90481
G1 X124.596 Y78.637 E681.94953
G1 X125.874 Y78.892 E681.99287
G1 X127.032 Y79.158 E682.03239
G1 X128.472 Y79.545 E682.08199
G1 X129.592 Y79.89 E682.12096
G1 X130.947 Y80.356 E682.16862
G1 X132.191 Y80.827 E682.21286
G1 X133.412 Y81.34 E682.25691
G1 X134.652 Y81.912 E682.30233
G1 X135.805 Y82.495 E682.34531
G1 X136.983 Y83.133 E682.38986
G1 X138.119 Y83.803 E682.43373
G1 X139.213 Y84.497 E682.47682
G1 X140.305 Y85.242 E682.52079
G1 X141.374 Y86.024 E682.56484
G1 X142.432 Y86.857 E682.60963
G1 X143.456 Y87.715 E682.65406
G1 X144.434 Y88.599 E682.69791
G1 X145.418 Y89.545 E682.74331
G1 X146.3 Y90.458 E682.78553
G1 X147.177 Y91.419 E682.8288
G1 X148.017 Y92.403 E682.87183
G1 X148.949 Y93.586 E682.92192
G1 X149.673 Y94.564 E682.96239
G1 X150.416 Y95.646 E683.00605
G1 X151.131 Y96.757 E683.04999
G1 X151.809 Y97.901 E683.09422
G1 X152.457 Y99.072 E683.13874
G1 X153.126 Y100.392 E683.18796
G1 X153.615 Y101.459 E683.22699
G1 X154.135 Y102.686 E683.27132
G1 X154.605 Y103.902 E683.31468
G1 X155.04 Y105.162 E683.35901
G1 X155.438 Y106.447 E683.40376
G1 X155.789 Y107.719 E683.44764
G1 X156.092 Y108.994 E683.49123
G1 X156.356 Y110.3 E683.53555
G1 X156.559 Y111.452 E683.57445
G1 X156.742 Y112.771 E683.61874
G1 X156.895 Y114.294 E683.66965
G1 X156.979 Y115.575 E683.71235
G1 X157.02 Y116.887 E683.75601
G1 X157.02 Y118.203 E683.79978
G1 X156.972 Y119.534 E683.84408
G1 X156.889 Y120.796 E683.88614
G1 X156.745 Y122.248 E683.93467
G1 X156.597 Y123.296 E683.96988
G1 X156.577 Y123.492 E683.97643
G1 X156.318 Y124.943 E684.02545
G1 X156.119 Y125.948 E684.05953
G1 X155.771 Y127.404 E684.10932
G1 X155.412 Y128.686 E684.1536
G1 X154.983 Y130.052 E684.20122
G1 X154.59 Y131.181 E684.24098
G1 X154.099 Y132.447 E684.28614
G1 X153.713 Y133.368 E684.31936
G1 X153.696 Y133.381 E684.32007
G1 X153.017 Y134.859 E684.37417
G1 X152.419 Y136.038 E684.41814
G1 X151.676 Y137.374 E684.46898
G1 X151.097 Y138.336 E684.50633
G1 X150.376 Y139.46 E684.55074
G1 X149.738 Y140.4 E684.58853
G1 X148.835 Y141.612 E684.6388
G1 X148.001 Y142.661 E684.68337
G1 X147.153 Y143.654 E684.7268
G1 X146.254 Y144.641 E684.77121
G1 X145.329 Y145.591 E684.81531
G1 X144.384 Y146.494 E684.85878
G1 X143.397 Y147.376 E684.90281
G1 X142.38 Y148.232 E684.94702
G1 X141.314 Y149.068 E684.99208
G1 X140.18 Y149.893 E685.03872
G1 X139.15 Y150.588 E685.08005
G1 X138.093 Y151.262 E685.12174
G1 X136.869 Y151.98 E685.16894
G1 X135.542 Y152.7 E685.21915
G1 X135.53 Y152.692 E685.21963
G1 X134.641 Y153.141 E685.25276
G1 X133.337 Y153.736 E685.30043
G1 X132.116 Y154.247 E685.34445
G1 X130.874 Y154.716 E685.38861
G1 X129.488 Y155.189 E685.43732
G1 X128.466 Y155.505 E685.4729
G1 X126.862 Y155.932 E685.52811
G1 X125.715 Y156.188 E685.56719
G1 X124.476 Y156.428 E685.60917
G1 X123.158 Y156.645 E685.6536
G1 X122.652 Y156.709 E685.67056
G1 X122.652 Y154.364 E685.74856
G1 X123.383 Y154.267 E685.77308
G1 X124.648 Y154.041 E685.81582
G1 X125.954 Y153.764 E685.86023
G1 X127.25 Y153.434 E685.90471
G1 X128.488 Y153.077 E685.94756
G1 X129.751 Y152.663 E685.99177
G1 X131.006 Y152.196 E686.0363
G1 X132.205 Y151.701 E686.07945
G1 X133.386 Y151.171 E686.1225
G1 X134.637 Y150.552 E686.16893
G1 X135.78 Y149.932 E686.21218
G1 X136.962 Y149.233 E686.25785
G1 X138.019 Y148.565 E686.29944
G1 X139.118 Y147.809 E686.3438
G1 X140.175 Y147.03 E686.38748
G1 X141.213 Y146.193 E686.43183
G1 X142.211 Y145.341 E686.47547
G1 X143.143 Y144.488 E686.51749
G1 X144.134 Y143.502 E686.56399
G1 X145.03 Y142.554 E686.60737
G1 X145.903 Y141.561 E686.65135
G1 X146.751 Y140.523 E686.69593
G1 X147.54 Y139.481 E686.7394
G1 X148.308 Y138.392 E686.78372
G1 X149.02 Y137.297 E686.82716
G1 X149.708 Y136.16 E686.87137
G1 X150.36 Y134.981 E686.91618
G1 X150.927 Y133.859 E686.95799
G1 X151.506 Y132.626 E687.00329
G1 X152.041 Y131.362 E687.04895
G1 X152.48 Y130.199 E687.09029
G1 X152.894 Y129.002 E687.13242
G1 X153.308 Y127.639 E687.1798
G1 X153.638 Y126.375 E687.22325
G1 X153.935 Y125.073 E687.26766
G1 X154.173 Y123.818 E687.31015
G1 X154.374 Y122.507 E687.35426
G1 X154.519 Y121.243 E687.39658
G1 X154.628 Y119.929 E687.44043
G1 X154.696 Y118.534 E687.48689
G1 X154.708 Y117.21 E687.53092
G1 X154.676 Y115.891 E687.57481
G1 X154.596 Y114.571 E687.61879
G1 X154.467 Y113.28 E687.66194
G1 X154.287 Y111.937 E687.70701
G1 X154.07 Y110.642 E687.75068
G1 X153.804 Y109.371 E687.79387
G1 X153.519 Y108.177 E687.8347
G1 X153.129 Y106.801 E687.88227
G1 X152.727 Y105.546 E687.9261
G1 X152.329 Y104.425 E687.96567
G1 X151.787 Y103.071 E688.01417
G1 X151.243 Y101.843 E688.05885
G1 X150.672 Y100.664 E688.10242
G1 X150.057 Y99.509 E688.14594
G1 X149.39 Y98.355 E688.19027
G1 X148.69 Y97.234 E688.23423
G1 X147.95 Y96.139 E688.27818
G1 X147.174 Y95.07 E688.32212
G1 X146.354 Y94.028 E688.36622
G1 X145.489 Y93.003 E688.41083
G1 X144.616 Y92.044 E688.45396
G1 X143.676 Y91.08 E688.49875
G1 X142.747 Y90.191 E688.54151
G1 X141.769 Y89.322 E688.58503
G1 X140.737 Y88.458 E688.62979
G1 X139.698 Y87.661 E688.67335
G1 X138.63 Y86.889 E688.71718
G1 X137.522 Y86.16 E688.76129
G1 X136.397 Y85.469 E688.8052
G1 X135.255 Y84.825 E688.84881
G1 X134.074 Y84.203 E688.8932
G1 X132.938 Y83.667 E688.93498
G1 X131.668 Y83.112 E688.98108
G1 X130.175 Y82.53 E689.03438
G1 X130.158 Y82.542 E689.03507
G1 X129.168 Y82.187 E689.07005
G1 X127.987 Y81.824 E689.11114
G1 X126.626 Y81.447 E689.15811
G1 X125.382 Y81.157 E689.2006
G1 X124.068 Y80.895 E689.24516
G1 X122.752 Y80.686 E689.28948
G1 X121.453 Y80.525 E689.33302
G1 X120.147 Y80.404 E689.37664
G1 X118.807 Y80.336 E689.42127
G1 X117.5 Y80.312 E689.46475
G1 X116.188 Y80.336 E689.50839
G1 X114.833 Y80.408 E689.55352
G1 X113.514 Y80.524 E689.59756
G1 X112.062 Y80.713 E689.64626
G1 X110.923 Y80.898 E689.68464
G1 X109.612 Y81.159 E689.7291
G1 X108.343 Y81.453 E689.77243
G1 X107.046 Y81.811 E689.81718
G1 X105.796 Y82.196 E689.86068
G1 X104.565 Y82.631 E689.9041
G1 X103.222 Y83.157 E689.95208
G1 X102.111 Y83.644 E689.99242
G1 X100.93 Y84.203 E690.03588
G1 X99.755 Y84.814 E690.07993
G1 X98.597 Y85.465 E690.12411
G1 X97.459 Y86.165 E690.16855
G1 X96.381 Y86.881 E690.21159
G1 X95.363 Y87.609 E690.25322
G1 X94.254 Y88.461 E690.29973
G1 X93.226 Y89.314 E690.34416
G1 X92.23 Y90.202 E690.38854
G1 X91.289 Y91.103 E690.43188
G1 X90.36 Y92.06 E690.47624
G1 X89.483 Y93.029 E690.51971
G1 X88.627 Y94.042 E690.56382
G1 X87.806 Y95.097 E690.60828
G1 X87.038 Y96.15 E690.65163
G1 X86.277 Y97.28 E690.69694
G1 X85.574 Y98.401 E690.74095
G1 X84.798 Y99.748 E690.79265
G1 X84.75 Y99.858 E690.79664
G1 X84.311 Y100.69 E690.82793
G1 X83.74 Y101.864 E690.87135
G1 X83.237 Y102.994 E690.91249
G1 X82.674 Y104.397 E690.96277
G1 X82.283 Y105.488 E691.00132
G1 X81.845 Y106.854 E691.04903
G1 X81.519 Y108.022 E691.08937
G1 X81.193 Y109.373 E691.13559
G1 X80.924 Y110.667 E691.17955
G1 X80.702 Y111.954 E691.22299
G1 X80.529 Y113.282 E691.26753
G1 X80.4 Y114.596 E691.31144
G1 X80.324 Y115.896 E691.35475
G1 X80.288 Y117.234 E691.39927
G1 X80.304 Y118.56 E691.44338
G1 X80.356 Y119.853 E691.48642
G1 X80.464 Y121.169 E691.53034
G1 X80.621 Y122.508 E691.57518
G1 X80.822 Y123.831 E691.61969
G1 X81.059 Y125.09 E691.6623
G1 X81.361 Y126.39 E691.70668
G1 X81.69 Y127.655 E691.75016
G1 X82.076 Y128.934 E691.79459
G1 X82.526 Y130.238 E691.84047
G1 X82.952 Y131.36 E691.88039
G1 X83.487 Y132.623 E691.92601
G1 X84.046 Y133.821 E691.96998
G1 X84.657 Y135.023 E692.01483
G1 X85.285 Y136.154 E692.05786
G1 X85.976 Y137.3 E692.10237
G1 X86.688 Y138.394 E692.14578
G1 X87.452 Y139.476 E692.18983
G1 X88.233 Y140.505 E692.2328
G1 X89.1 Y141.571 E692.2785
G1 X89.961 Y142.552 E692.32192
G1 X90.902 Y143.546 E692.36744
G1 X91.807 Y144.443 E692.40982
G1 X92.776 Y145.332 E692.45356
G1 X93.789 Y146.2 E692.49793
G1 X94.822 Y147.032 E692.54204
G1 X95.877 Y147.806 E692.58556
G1 X96.958 Y148.553 E692.62927
G1 X98.012 Y149.225 E692.67084
G1 X99.226 Y149.941 E692.71772
G1 X100.377 Y150.561 E692.7612
G1 X101.591 Y151.164 E692.80629
G1 X102.773 Y151.699 E692.84944
G1 X103.895 Y152.161 E692.8898
G1 X105.118 Y152.616 E692.9332
G1 X106.447 Y153.057 E692.97977
G1 X107.65 Y153.407 E693.02144
G1 X109.03 Y153.758 E693.0688
G1 X110.341 Y154.04 E693.1134
G1 X111.593 Y154.261 E693.15569
G1 X112.34 Y154.363 E693.18077
G1 X112.34 Y156.712 E693.25889
G0 F9000 X112.302 Y156.968
G0 X109.01 Y156.338
G0 X105.678 Y155.453
G0 X102.66 Y154.378
G0 X99.517 Y152.945
G0 X97.193 Y151.669
G0 X95.179 Y150.377
G0 X91.851 Y147.936
G0 X92.144 Y147.581
G1 F1500 X87.444 Y142.882 E693.47994
G1 F2700 E688.47994
G0 F9000 X87.096 Y143.183
G0 X89.804 Y146.005
G0 X91.782 Y147.801
G0 X93.863 Y149.452
G0 X96.057 Y150.966
G0 X98.345 Y152.327
G0 X100.727 Y153.535
G0 X103.789 Y154.806
G0 X106.965 Y155.831
G0 X110.201 Y156.575
G0 X112.526 Y156.927
G0 X112.533 Y154.2
G0 X102.864 Y151.521
G0 X94.947 Y146.874
G0 X88.677 Y140.64
G0 X88.321 Y140.93
G1 F2700 E693.47994
G1 F1500 X82.157 Y134.765 E693.7699
G0 F9000 X81.742 Y134.963
G0 X81.234 Y133.881
G0 X81.655 Y133.698
G1 F1500 X86.664 Y138.707 E694.00551
G0 F9000 X87.041 Y138.442
G0 X86.018 Y136.863
G0 X85.623 Y137.1
G1 F1500 X81.218 Y132.695 E694.21271
G0 F9000 X80.791 Y132.866
G0 X80.412 Y131.922
G0 X80.839 Y131.751
G1 F1500 X84.825 Y135.737 E694.4002
G0 F9000 X85.229 Y135.514
G0 X84.591 Y134.319
G0 X84.181 Y134.527
G1 F1500 X80.506 Y130.852 E694.57306
G0 F9000 X80.201 Y129.982
G1 F1500 X83.637 Y133.418 E694.73468
G0 F9000 X84.054 Y133.225
G0 X83.594 Y132.205
G0 X83.168 Y132.383
G1 F1500 X79.929 Y129.144 E694.88703
G0 F9000 X79.693 Y128.342
G1 F1500 X82.755 Y131.404 E695.03106
G0 F9000 X82.409 Y130.492
G1 F1500 X79.472 Y127.556 E695.16918
G0 F9000 X79.284 Y126.801
G1 F1500 X82.1 Y129.618 E695.30166
G0 F9000 X81.816 Y128.768
G1 F1500 X79.113 Y126.064 E695.42883
G0 F9000 X78.956 Y125.342
G1 F1500 X81.573 Y127.959 E695.55192
G0 F9000 X81.36 Y127.18
G1 F1500 X78.825 Y124.645 E695.67116
G0 F9000 X78.7 Y123.955
G1 F1500 X81.162 Y126.417 E695.78696
G0 F9000 X80.991 Y125.68
G1 F1500 X78.601 Y123.29 E695.89938
G0 F9000 X78.505 Y122.629
G1 F1500 X80.829 Y124.953 E696.0087
G0 F9000 X80.699 Y124.256
G1 F1500 X78.431 Y121.989 E696.11535
G0 F9000 X78.36 Y121.352
G1 F1500 X80.58 Y123.573 E696.2198
G0 F9000 X80.479 Y122.905
G1 F1500 X78.311 Y120.737 E696.32177
G0 F9000 X78.263 Y120.124
G1 F1500 X80.389 Y122.25 E696.42178
G0 F9000 X80.314 Y121.609
G1 F1500 X78.23 Y119.525 E696.5198
G0 F9000 X78.202 Y118.932
G1 F1500 X80.247 Y120.977 E696.61599
G0 F9000 X80.197 Y120.361
G1 F1500 X78.186 Y118.35 E696.71058
G0 F9000 X78.178 Y117.776
G1 F1500 X80.151 Y119.749 E696.80339
G0 F9000 X80.128 Y119.16
G1 F1500 X78.173 Y117.206 E696.89532
G0 F9000 X78.187 Y116.654
G1 F1500 X80.105 Y118.571 E696.98551
G0 F9000 X80.098 Y117.998
G1 F1500 X78.2 Y116.101 E697.07477
G0 F9000 X78.224 Y115.56
G1 F1500 X80.09 Y117.426 E697.16254
G0 F9000 X80.098 Y116.867
G1 F1500 X78.252 Y115.022 E697.24934
G0 F9000 X78.289 Y114.493
G1 F1500 X80.113 Y116.317 E697.33514
G0 F9000 X80.131 Y115.77
G1 F1500 X78.335 Y113.973 E697.41964
G0 F9000 X78.381 Y113.453
G1 F1500 X80.163 Y115.235 E697.50346
G0 F9000 X80.194 Y114.7
G1 F1500 X78.439 Y112.946 E697.58599
G0 F9000 X78.503 Y112.444
G1 F1500 X80.24 Y114.181 E697.66769
G0 F9000 X80.291 Y113.667
G1 F1500 X78.569 Y111.944 E697.74871
G0 F9000 X78.647 Y111.456
G1 F1500 X80.345 Y113.155 E697.8286
G0 F9000 X80.41 Y112.654
G1 F1500 X78.724 Y110.968 E697.90791
G0 F9000 X78.808 Y110.487
G1 F1500 X80.475 Y112.153 E697.98629
G0 F9000 X80.55 Y111.663
G1 F1500 X78.9 Y110.012 E698.06393
G0 F9000 X78.99 Y109.537
G1 F1500 X80.633 Y111.18 E698.14121
G0 F9000 X80.716 Y110.698
G1 F1500 X79.093 Y109.075 E698.21755
G0 F9000 X79.198 Y108.614
G1 F1500 X80.812 Y110.227 E698.29345
G0 F9000 X80.909 Y109.759
G1 F1500 X79.303 Y108.153 E698.36899
G0 F9000 X79.422 Y107.706
G1 F1500 X81.008 Y109.292 E698.44359
G0 F9000 X81.117 Y108.836
G1 F1500 X79.54 Y107.259 E698.51776
G0 F9000 X79.66 Y106.813
G1 F1500 X81.227 Y108.38 E698.59147
G0 F9000 X81.338 Y107.926
G1 F1500 X79.79 Y106.377 E698.66431
G0 F9000 X79.92 Y105.942
G1 F1500 X81.462 Y107.484 E698.73684
G0 F9000 X81.586 Y107.042
G1 F1500 X80.052 Y105.508 E698.80899
G0 F9000 X80.194 Y105.084
G1 F1500 X81.715 Y106.606 E698.88056
G0 F9000 X81.853 Y106.178
G1 F1500 X80.335 Y104.66 E698.95196
G0 F9000 X80.48 Y104.239
G1 F1500 X81.99 Y105.749 E699.02299
G0 F9000 X82.13 Y105.324
G1 F1500 X80.635 Y103.828 E699.09333
G0 F9000 X80.79 Y103.417
G1 F1500 X82.28 Y104.907 E699.16342
G0 F9000 X82.428 Y104.49
G1 F1500 X80.948 Y103.01 E699.23303
G0 F9000 X81.114 Y102.61
G1 F1500 X82.585 Y104.081 E699.30222
G0 F9000 X82.748 Y103.678
G1 F1500 X81.279 Y102.209 E699.37132
G0 F9000 X81.448 Y101.813
G1 F1500 X82.91 Y103.274 E699.44006
G0 F9000 X83.073 Y102.872
G1 F1500 X81.624 Y101.423 E699.50822
G0 F9000 X81.8 Y101.034
G1 F1500 X83.248 Y102.481 E699.57631
G0 F9000 X83.422 Y102.089
G1 F1500 X81.978 Y100.646 E699.64421
G0 F9000 X82.166 Y100.268
G1 F1500 X83.598 Y101.7 E699.71156
G0 F9000 X83.783 Y101.319
G1 F1500 X82.352 Y99.889 E699.77885
G0 F9000 X82.538 Y99.509
G1 F1500 X83.968 Y100.939 E699.84611
G0 F9000 X84.154 Y100.559
G1 F1500 X82.738 Y99.143 E699.91272
G0 F9000 X82.937 Y98.776
G1 F1500 X84.349 Y100.189 E699.97916
G0 F9000 X84.545 Y99.819
G1 F1500 X83.135 Y98.409 E700.04548
G0 F9000 X83.338 Y98.046
G1 F1500 X84.741 Y99.449 E700.11147
G0 F9000 X84.948 Y99.09
G1 F1500 X83.547 Y97.689 E700.17737
G0 F9000 X83.755 Y97.331
G1 F1500 X85.155 Y98.731 E700.24322
G0 F9000 X85.361 Y98.372
G1 F1500 X83.969 Y96.98 E700.3087
G0 F9000 X84.186 Y96.631
G1 F1500 X85.577 Y98.022 E700.37412
G0 F9000 X85.795 Y97.674
G1 F1500 X84.402 Y96.282 E700.43962
G0 F9000 X84.624 Y95.938
G1 F1500 X86.012 Y97.326 E700.50491
G0 F9000 X86.236 Y96.984
G1 F1500 X84.852 Y95.6 E700.57001
G0 F9000 X85.081 Y95.263
G1 F1500 X86.464 Y96.646 E700.63506
G0 F9000 X86.691 Y96.307
G1 F1500 X85.311 Y94.928 E700.69995
G0 F9000 X85.548 Y94.599
G1 F1500 X86.92 Y95.971 E700.76448
G0 F9000 X87.159 Y95.645
G1 F1500 X85.784 Y94.269 E700.82918
G0 F9000 X86.023 Y93.943
G1 F1500 X87.398 Y95.317 E700.89384
G0 F9000 X87.637 Y94.991
G1 F1500 X86.27 Y93.624 E700.95814
G0 F9000 X86.517 Y93.306
G1 F1500 X87.883 Y94.672 E701.02239
G0 F9000 X88.131 Y94.354
G1 F1500 X86.764 Y92.987 E701.08669
G0 F9000 X87.018 Y92.675
G1 F1500 X88.379 Y94.036 E701.1507
G0 F9000 X88.634 Y93.725
G1 F1500 X87.274 Y92.365 E701.21467
G0 F9000 X87.531 Y92.056
G1 F1500 X88.893 Y93.419 E701.27876
G0 F9000 X89.152 Y93.112
G1 F1500 X87.791 Y91.751 E701.34278
G0 F9000 X88.057 Y91.451
G1 F1500 X89.414 Y92.808 E701.40661
G0 F9000 X89.682 Y92.511
G1 F1500 X88.323 Y91.152 E701.47053
G0 F9000 X88.591 Y90.853
G1 F1500 X89.951 Y92.214 E701.53453
G0 F9000 X90.22 Y91.917
G1 F1500 X88.868 Y90.566 E701.5981
G0 F9000 X89.146 Y90.277
G1 F1500 X90.499 Y91.63 E701.66174
G0 F9000 X90.778 Y91.343
G1 F1500 X89.423 Y89.989 E701.72545
G0 F9000 X89.708 Y89.708
G1 F1500 X91.056 Y91.056 E701.78885
G0 F9000 X91.341 Y90.776
G1 F1500 X89.992 Y89.426 E701.85233
G0 F9000 X90.276 Y89.145
G1 F1500 X91.63 Y90.499 E701.91602
G0 F9000 X91.92 Y90.223
G1 F1500 X90.566 Y88.869 E701.97971
G0 F9000 X90.86 Y88.597
G1 F1500 X92.212 Y89.95 E702.04332
G0 F9000 X92.511 Y89.683
G1 F1500 X91.152 Y88.324 E702.10725
G0 F9000 X91.45 Y88.056
G1 F1500 X92.811 Y89.416 E702.17124
G0 F9000 X93.11 Y89.15
G1 F1500 X91.755 Y87.795 E702.23498
G0 F9000 X92.06 Y87.534
G1 F1500 X93.419 Y88.893 E702.2989
G0 F9000 X93.728 Y88.637
G1 F1500 X92.364 Y87.273 E702.36306
G0 F9000 X92.678 Y87.022
G1 F1500 X94.037 Y88.38 E702.42696
G0 F9000 X94.354 Y88.131
G1 F1500 X92.992 Y86.77 E702.491
G0 F9000 X93.306 Y86.517
G1 F1500 X94.674 Y87.886 E702.55537
G0 F9000 X94.993 Y87.64
G1 F1500 X93.627 Y86.273 E702.61964
G0 F9000 X93.95 Y86.031
G1 F1500 X95.315 Y87.396 E702.68385
G0 F9000 X95.645 Y87.16
G1 F1500 X94.274 Y85.789 E702.74834
G0 F9000 X94.602 Y85.551
G1 F1500 X95.975 Y86.924 E702.81292
G0 F9000 X96.306 Y86.689
G1 F1500 X94.936 Y85.32 E702.87734
G0 F9000 X95.269 Y85.087
G1 F1500 X96.646 Y86.464 E702.94211
G0 F9000 X96.986 Y86.238
G1 F1500 X95.604 Y84.856 E703.00711
G0 F9000 X95.947 Y84.633
G1 F1500 X97.326 Y86.012 E703.07197
G0 F9000 X97.675 Y85.796
G1 F1500 X96.289 Y84.409 E703.13719
G0 F9000 X96.63 Y84.185
G1 F1500 X98.026 Y85.581 E703.20286
G0 F9000 X98.376 Y85.365
G1 F1500 X96.983 Y83.972 E703.26838
G0 F9000 X97.336 Y83.76
G1 F1500 X98.735 Y85.158 E703.33416
G0 F9000 X99.097 Y84.955
G1 F1500 X97.688 Y83.546 E703.40043
G0 F9000 X98.05 Y83.342
G1 F1500 X99.459 Y84.751 E703.46671
G0 F9000 X99.826 Y84.552
G1 F1500 X98.413 Y83.139 E703.53317
G0 F9000 X98.776 Y82.937
G1 F1500 X100.198 Y84.359 E703.60006
G0 F9000 X100.57 Y84.165
G1 F1500 X99.146 Y82.741 E703.66704
G0 F9000 X99.52 Y82.549
G1 F1500 X100.944 Y83.974 E703.73404
G0 F9000 X101.328 Y83.792
G1 F1500 X99.893 Y82.357 E703.80154
G0 F9000 X100.271 Y82.169
G1 F1500 X101.713 Y83.611 E703.86937
G0 F9000 X102.098 Y83.431
G1 F1500 X100.655 Y81.987 E703.93727
G0 F9000 X101.039 Y81.806
G1 F1500 X102.492 Y83.259 E704.00561
G0 F9000 X102.885 Y83.086
G1 F1500 X101.423 Y81.624 E704.07438
G0 F9000 X101.825 Y81.46
G1 F1500 X103.283 Y82.918 E704.14296
G0 F9000 X103.689 Y82.759
G1 F1500 X102.219 Y81.289 E704.2121
G0 F9000 X102.617 Y81.121
G1 F1500 X104.096 Y82.6 E704.28167
G0 F9000 X104.502 Y82.44
G1 F1500 X103.023 Y80.962 E704.35121
G0 F9000 X103.43 Y80.803
G1 F1500 X104.921 Y82.293 E704.42132
G0 F9000 X105.338 Y82.145
G1 F1500 X103.839 Y80.646 E704.49183
G0 F9000 X104.255 Y80.496
G1 F1500 X105.758 Y81.999 E704.56253
G0 F9000 X106.19 Y81.865
G1 F1500 X104.672 Y80.348 E704.63391
G0 F9000 X105.097 Y80.206
G1 F1500 X106.622 Y81.732 E704.70566
G0 F9000 X107.056 Y81.6
G1 F1500 X105.526 Y80.071 E704.7776
G0 F9000 X105.957 Y79.936
G1 F1500 X107.499 Y81.478 E704.85014
G0 F9000 X107.943 Y81.355
G1 F1500 X106.39 Y79.803 E704.92316
G0 F9000 X106.83 Y79.677
G1 F1500 X108.389 Y81.236 E704.99649
G0 F9000 X108.848 Y81.13
G1 F1500 X107.271 Y79.552 E705.07069
G0 F9000 X107.718 Y79.434
G1 F1500 X109.308 Y81.024 E705.14548
G0 F9000 X109.773 Y80.923
G1 F1500 X108.172 Y79.323 E705.22076
G0 F9000 X108.627 Y79.212
G1 F1500 X110.244 Y80.829 E705.29682
G0 F9000 X110.717 Y80.735
G1 F1500 X109.085 Y79.103 E705.37359
G0 F9000 X109.553 Y79.006
G1 F1500 X111.197 Y80.65 E705.45091
G0 F9000 X111.684 Y80.571
G1 F1500 X110.024 Y78.912 E705.52897
G0 F9000 X110.505 Y78.827
G1 F1500 X112.175 Y80.496 E705.6075
G0 F9000 X112.675 Y80.431
G1 F1500 X110.985 Y78.741 E705.68699
G0 F9000 X111.47 Y78.66
G1 F1500 X113.176 Y80.366 E705.76724
G0 F9000 X113.684 Y80.308
G1 F1500 X111.966 Y78.591 E705.84802
G0 F9000 X112.463 Y78.521
G1 F1500 X114.203 Y80.262 E705.92989
G0 F9000 X114.723 Y80.216
G1 F1500 X112.967 Y78.461 E706.01247
G0 F9000 X113.479 Y78.407
G1 F1500 X115.257 Y80.184 E706.09607
G0 F9000 X115.794 Y80.156
G1 F1500 X113.991 Y78.352 E706.1809
G0 F9000 X114.519 Y78.315
G1 F1500 X116.337 Y80.133 E706.26642
G0 F9000 X116.893 Y80.123
G1 F1500 X115.047 Y78.277 E706.35325
G0 F9000 X115.582 Y78.247
G1 F1500 X117.448 Y80.113 E706.44102
G0 F9000 X118.022 Y80.122
G1 F1500 X116.126 Y78.225 E706.53022
G0 F9000 X116.67 Y78.204
G1 F1500 X118.598 Y80.131 E706.62089
G0 F9000 X119.186 Y80.154
G1 F1500 X117.235 Y78.202 E706.71268
G0 F9000 X117.798 Y78.2
G1 F1500 X119.783 Y80.185 E706.80605
G0 F9000 X120.389 Y80.226
G1 F1500 X118.377 Y78.214 E706.90069
G0 F9000 X118.96 Y78.231
G1 F1500 X121.012 Y80.283 E706.99721
G0 F9000 X121.641 Y80.346
G1 F1500 X119.551 Y78.256 E707.09551
G0 F9000 X120.152 Y78.292
G1 F1500 X122.288 Y80.427 E707.19596
G0 F9000 X122.94 Y80.514
G1 F1500 X120.759 Y78.333 E707.29855
G0 F9000 X121.385 Y78.393
G1 F1500 X123.613 Y80.621 E707.40335
G0 F9000 X124.294 Y80.736
G1 F1500 X122.013 Y78.456 E707.51062
G0 F9000 X122.665 Y78.542
G1 F1500 X125 Y80.876 E707.62042
G0 F9000 X125.719 Y81.029
G1 F1500 X123.32 Y78.631 E707.73324
G0 F9000 X123.997 Y78.742
G1 F1500 X126.457 Y81.202 E707.84895
G0 F9000 X127.226 Y81.406
G1 F1500 X124.678 Y78.858 E707.9688
G0 F9000 X125.386 Y78.999
G1 F1500 X128.008 Y81.622 E708.09216
G0 F9000 X128.824 Y81.872
G1 F1500 X126.103 Y79.151 E708.22014
G0 F9000 X126.837 Y79.319
G1 F1500 X129.673 Y82.156 E708.35356
G0 F9000 X130.535 Y82.452
G1 F1500 X127.602 Y79.518 E708.49155
G0 F9000 X128.375 Y79.726
G1 F1500 X131.468 Y82.819 E708.63703
G0 F9000 X131.299 Y83.249
G0 X132.266 Y83.658
G0 X132.45 Y83.236
G1 F1500 X129.19 Y79.975 E708.7904
G0 F9000 X130.033 Y80.253
G1 F1500 X133.483 Y83.702 E708.95265
G0 F9000 X133.285 Y84.12
G0 X134.383 Y84.661
G0 X134.598 Y84.252
G1 F1500 X130.896 Y80.55 E709.12678
G0 F9000 X131.808 Y80.896
G1 F1500 X135.833 Y84.921 E709.3161
G0 F9000 X135.606 Y85.322
G0 X136.972 Y86.128
G0 X137.213 Y85.736
G1 F1500 X132.761 Y81.284 E709.52551
G0 F9000 X132.94 Y80.86
G0 X133.96 Y81.307
G0 X133.768 Y81.725
G1 F1500 X138.828 Y86.785 E709.76352
G1 F2700 E704.76352
G0 F9000 X138.557 Y87.161
G0 X145.344 Y93.14
G0 X150.497 Y100.76
G0 X153.609 Y109.408
G0 X154.497 Y118.533
G0 X153.114 Y127.589
G0 X149.542 Y136.052
G0 X143.989 Y143.368
G0 X136.79 Y149.11
G0 X128.452 Y152.879
G0 X122.463 Y154.201
G0 X122.469 Y156.923
G0 X125.762 Y156.384
G0 X128.481 Y155.709
G0 X130.922 Y154.912
G0 X133.398 Y153.93
G0 X135.841 Y152.765
G0 X138.187 Y151.442
G0 X140.28 Y150.068
G0 X142.488 Y148.404
G0 X144.507 Y146.658
G0 X146.387 Y144.797
G0 X148.144 Y142.804
G0 X149.829 Y140.613
G0 X151.259 Y138.461
G0 X152.594 Y136.138
G0 X153.879 Y133.477
G0 X155.167 Y130.135
G0 X155.959 Y127.481
G0 X156.539 Y124.867
G0 X156.946 Y122.228
G0 X157.172 Y119.569
G0 X157.222 Y116.906
G0 X157.097 Y114.302
G0 X156.777 Y111.578
G0 X156.296 Y108.974
G0 X155.636 Y106.406
G0 X154.802 Y103.861
G0 X153.803 Y101.388
G0 X152.644 Y99
G0 X151.316 Y96.677
G0 X149.848 Y94.465
G0 X148.179 Y92.284
G0 X146.459 Y90.334
G0 X144.592 Y88.467
G0 X143.449 Y87.474
G0 X140.787 Y85.272
G0 X140.514 Y85.643
G1 F2700 E709.76352
G1 F1500 X149.391 Y94.52 E710.18107
G1 F2700 E705.18107
G0 F9000 X149.762 Y94.247
G0 X151.997 Y97.825
G0 X153.241 Y100.181
G0 X154.331 Y102.637
G0 X155.238 Y105.121
G0 X155.991 Y107.698
G0 X156.56 Y110.282
G0 X156.945 Y112.778
G0 X157.18 Y115.594
G0 X157.219 Y118.235
G0 X157.078 Y120.911
G0 X156.76 Y123.61
G0 X156.293 Y126.091
G0 X155.604 Y128.753
G0 X154.769 Y131.275
G0 X153.868 Y133.478
G0 X152.594 Y136.138
G0 X151.259 Y138.461
G0 X149.829 Y140.613
G0 X148.144 Y142.804
G0 X146.387 Y144.797
G0 X144.507 Y146.658
G0 X142.488 Y148.404
G0 X140.28 Y150.068
G0 X138.187 Y151.442
G0 X135.841 Y152.765
G0 X133.398 Y153.93
G0 X130.922 Y154.912
G0 X128.481 Y155.709
G0 X125.762 Y156.384
G0 X122.469 Y156.923
G0 X122.463 Y154.201
G0 X132.137 Y151.517
G0 X140.052 Y146.873
G0 X146.592 Y140.404
G0 X151.325 Y132.548
G0 X153.98 Y123.764
G0 X154.396 Y114.593
G0 X152.541 Y105.616
G0 X150.264 Y100.928
G0 X147.829 Y96.423
G0 X148.21 Y96.167
G1 F2700 E710.18107
G1 F1500 X153.304 Y101.261 E710.42067
G0 F9000 X153.72 Y101.068
G0 X154.162 Y102.082
G0 X153.738 Y102.26
G1 F1500 X149.282 Y97.804 E710.63027
G0 F9000 X148.892 Y98.046
G0 X149.706 Y99.422
G0 X150.105 Y99.194
G1 F1500 X154.125 Y103.213 E710.81933
G0 F9000 X154.47 Y104.124
G1 F1500 X150.771 Y100.425 E710.99332
G0 F9000 X150.365 Y100.641
G0 X150.905 Y101.735
G0 X151.317 Y101.536
G1 F1500 X154.769 Y104.989 E711.15572
G0 F9000 X155.035 Y105.821
G1 F1500 X151.783 Y102.569 E711.30868
G0 F9000 X151.363 Y102.753
G0 X151.764 Y103.712
G0 X152.191 Y103.542
G1 F1500 X155.282 Y106.633 E711.45407
G0 F9000 X155.498 Y107.414
G1 F1500 X152.559 Y104.476 E711.59229
G0 F9000 X152.869 Y105.352
G1 F1500 X155.692 Y108.175 E711.72508
G0 F9000 X155.868 Y108.916
G1 F1500 X153.142 Y106.19 E711.8533
G0 F9000 X153.395 Y107.009
G1 F1500 X156.018 Y109.632 E711.97668
G0 F9000 X156.162 Y110.341
G1 F1500 X153.619 Y107.798 E712.09629
G0 F9000 X153.816 Y108.561
G1 F1500 X156.282 Y111.027 E712.21229
G0 F9000 X156.392 Y111.703
G1 F1500 X153.993 Y109.304 E712.32513
G0 F9000 X154.144 Y110.02
G1 F1500 X156.483 Y112.36 E712.43517
G0 F9000 X156.565 Y113.008
G1 F1500 X154.287 Y110.729 E712.54234
G0 F9000 X154.401 Y111.409
G1 F1500 X156.628 Y113.636 E712.6471
G0 F9000 X156.692 Y114.266
G1 F1500 X154.508 Y112.081 E712.74985
G0 F9000 X154.595 Y112.734
G1 F1500 X156.733 Y114.872 E712.85041
G0 F9000 X156.772 Y115.477
G1 F1500 X154.677 Y113.382 E712.94896
G0 F9000 X154.741 Y114.012
G1 F1500 X156.795 Y116.065 E713.04555
G0 F9000 X156.813 Y116.649
G1 F1500 X154.801 Y114.637 E713.14018
G0 F9000 X154.837 Y115.239
G1 F1500 X156.82 Y117.222 E713.23346
G0 F9000 X156.82 Y117.788
G1 F1500 X154.873 Y115.841 E713.32504
G0 F9000 X154.889 Y116.422
G1 F1500 X156.815 Y118.348 E713.41563
G0 F9000 X156.795 Y118.894
G1 F1500 X154.902 Y117.001 E713.50467
G0 F9000 X154.904 Y117.569
G1 F1500 X156.775 Y119.44 E713.59268
G0 F9000 X156.743 Y119.973
G1 F1500 X154.9 Y118.13 E713.67937
G0 F9000 X154.889 Y118.685
G1 F1500 X156.709 Y120.505 E713.76498
G0 F9000 X156.667 Y121.028
G1 F1500 X154.862 Y119.224 E713.84985
G0 F9000 X154.836 Y119.763
G1 F1500 X156.615 Y121.542 E713.93353
G0 F9000 X156.563 Y122.057
G1 F1500 X154.798 Y120.292 E714.01655
G0 F9000 X154.755 Y120.814
G1 F1500 X156.499 Y122.558 E714.09858
G0 F9000 X156.43 Y123.054
G1 F1500 X154.709 Y121.334 E714.17951
G0 F9000 X154.651 Y121.842
G1 F1500 X156.363 Y123.553 E714.26002
G0 F9000 X156.278 Y124.034
G1 F1500 X154.593 Y122.349 E714.33927
G0 F9000 X154.524 Y122.846
G1 F1500 X156.192 Y124.514 E714.41773
G0 F9000 X156.105 Y124.992
G1 F1500 X154.449 Y123.336 E714.49562
G0 F9000 X154.374 Y123.827
G1 F1500 X156.012 Y125.465 E714.57267
G0 F9000 X155.917 Y125.936
G1 F1500 X154.285 Y124.304 E714.64943
G0 F9000 X154.195 Y124.78
G1 F1500 X155.808 Y126.393 E714.7253
G0 F9000 X155.699 Y126.849
G1 F1500 X154.1 Y125.251 E714.80049
G0 F9000 X153.995 Y125.711
G1 F1500 X155.59 Y127.306 E714.87552
G0 F9000 X155.467 Y127.748
G1 F1500 X153.89 Y126.171 E714.94969
G0 F9000 X153.779 Y126.626
G1 F1500 X155.343 Y128.19 E715.02326
G0 F9000 X155.218 Y128.631
G1 F1500 X153.662 Y127.075 E715.09645
G0 F9000 X153.545 Y127.523
G1 F1500 X155.084 Y129.063 E715.16886
G0 F9000 X154.949 Y129.493
G1 F1500 X153.418 Y127.962 E715.24088
G0 F9000 X153.287 Y128.396
G1 F1500 X154.814 Y129.924 E715.31273
G0 F9000 X154.67 Y130.345
G1 F1500 X153.154 Y128.83 E715.38401
G0 F9000 X153.016 Y129.258
G1 F1500 X154.523 Y130.765 E715.45489
G0 F9000 X154.376 Y131.182
G1 F1500 X152.871 Y129.678 E715.52566
G0 F9000 X152.726 Y130.098
G1 F1500 X154.217 Y131.59 E715.59582
G0 F9000 X154.059 Y131.998
G1 F1500 X152.575 Y130.513 E715.66564
G0 F9000 X152.419 Y130.923
G1 F1500 X153.901 Y132.405 E715.73535
G0 F9000 X153.733 Y132.803
G1 F1500 X152.264 Y131.334 E715.80445
G0 F9000 X152.099 Y131.735
G1 F1500 X153.566 Y133.201 E715.87343
G0 F9000 X153.383 Y133.584
G1 F1500 X151.931 Y132.132 E715.94173
G0 F9000 X151.764 Y132.53
G1 F1500 X153.205 Y133.972 E716.00953
G0 F9000 X153.027 Y134.359
G1 F1500 X151.588 Y132.921 E716.07719
G0 F9000 X151.407 Y133.305
G1 F1500 X152.849 Y134.747 E716.14502
G0 F9000 X152.659 Y135.123
G1 F1500 X151.227 Y133.691 E716.21238
G0 F9000 X151.043 Y134.072
G1 F1500 X152.469 Y135.499 E716.27948
G0 F9000 X152.278 Y135.873
G1 F1500 X150.853 Y134.448 E716.3465
G0 F9000 X150.663 Y134.824
G1 F1500 X152.078 Y136.239 E716.41306
G0 F9000 X151.876 Y136.602
G1 F1500 X150.469 Y135.196 E716.47922
G0 F9000 X150.268 Y135.56
G1 F1500 X151.674 Y136.967 E716.54538
G0 F9000 X151.471 Y137.329
G1 F1500 X150.066 Y135.924 E716.61146
G0 F9000 X149.864 Y136.287
G1 F1500 X151.258 Y137.681 E716.67703
G0 F9000 X151.046 Y138.035
G1 F1500 X149.651 Y136.64 E716.74265
G0 F9000 X149.438 Y136.993
G1 F1500 X150.829 Y138.384 E716.80808
G0 F9000 X150.608 Y138.729
G1 F1500 X149.224 Y137.345 E716.87318
G0 F9000 X149.003 Y137.689
G1 F1500 X150.387 Y139.074 E716.9383
G0 F9000 X150.165 Y139.417
G1 F1500 X148.78 Y138.032 E717.00344
G0 F9000 X148.557 Y138.374
G1 F1500 X149.936 Y139.754 E717.06833
G0 F9000 X149.707 Y140.091
G1 F1500 X148.327 Y138.71 E717.13327
G0 F9000 X148.093 Y139.042
G1 F1500 X149.473 Y140.422 E717.19818
G0 F9000 X149.231 Y140.746
G1 F1500 X147.859 Y139.374 E717.26271
G0 F9000 X147.622 Y139.702
G1 F1500 X148.99 Y141.07 E717.32706
G0 F9000 X148.748 Y141.394
G1 F1500 X147.379 Y140.025 E717.39145
G0 F9000 X147.135 Y140.347
G1 F1500 X148.5 Y141.712 E717.45566
G0 F9000 X148.25 Y142.027
G1 F1500 X146.891 Y140.668 E717.51958
G0 F9000 X146.636 Y140.979
G1 F1500 X147.999 Y142.342 E717.58369
G0 F9000 X147.745 Y142.654
G1 F1500 X146.382 Y141.291 E717.6478
G0 F9000 X146.127 Y141.602
G1 F1500 X147.484 Y142.959 E717.71163
G0 F9000 X147.224 Y143.264
G1 F1500 X145.866 Y141.906 E717.77551
G0 F9000 X145.6 Y142.206
G1 F1500 X146.962 Y143.567 E717.83955
G0 F9000 X146.692 Y143.864
G1 F1500 X145.336 Y142.507 E717.90336
G0 F9000 X145.067 Y142.804
G1 F1500 X146.423 Y144.16 E717.96714
G0 F9000 X146.153 Y144.456
G1 F1500 X144.792 Y143.095 E718.03115
G0 F9000 X144.518 Y143.386
G1 F1500 X145.875 Y144.744 E718.09501
G0 F9000 X145.596 Y145.03
G1 F1500 X144.242 Y143.676 E718.1587
G0 F9000 X143.959 Y143.959
G1 F1500 X145.317 Y145.317 E718.22257
G0 F9000 X145.032 Y145.598
G1 F1500 X143.676 Y144.241 E718.28638
G0 F9000 X143.392 Y144.523
G1 F1500 X144.743 Y145.874 E718.34992
G0 F9000 X144.453 Y146.15
G1 F1500 X143.101 Y144.798 E718.41352
G0 F9000 X142.806 Y145.069
G1 F1500 X144.161 Y146.424 E718.47725
G0 F9000 X143.863 Y146.691
G1 F1500 X142.51 Y145.339 E718.54087
G0 F9000 X142.21 Y145.605
G1 F1500 X143.564 Y146.958 E718.60454
G0 F9000 X143.265 Y147.225
G1 F1500 X141.906 Y145.866 E718.66846
G0 F9000 X141.6 Y146.126
G1 F1500 X142.958 Y147.483 E718.73231
G0 F9000 X142.651 Y147.742
G1 F1500 X141.294 Y146.385 E718.79614
G0 F9000 X140.981 Y146.638
G1 F1500 X142.344 Y148.001 E718.86025
G0 F9000 X142.029 Y148.252
G1 F1500 X140.668 Y146.89 E718.92429
G0 F9000 X140.355 Y147.143
G1 F1500 X141.713 Y148.501 E718.98817
G0 F9000 X141.395 Y148.749
G1 F1500 X140.031 Y147.385 E719.05233
G0 F9000 X139.706 Y147.626
G1 F1500 X141.074 Y148.994 E719.11667
G0 F9000 X140.747 Y149.232
G1 F1500 X139.38 Y147.865 E719.18097
G0 F9000 X139.049 Y148.1
G1 F1500 X140.419 Y149.47 E719.24541
G0 F9000 X140.092 Y149.709
G1 F1500 X138.714 Y148.33 E719.31025
G0 F9000 X138.379 Y148.561
G1 F1500 X139.755 Y149.938 E719.375
G0 F9000 X139.417 Y150.165
G1 F1500 X138.041 Y148.789 E719.43972
G0 F9000 X137.694 Y149.008
G1 F1500 X139.079 Y150.393 E719.50487
G0 F9000 X138.735 Y150.614
G1 F1500 X137.347 Y149.226 E719.57016
G0 F9000 X136.999 Y149.444
G1 F1500 X138.39 Y150.835 E719.63558
G0 F9000 X138.045 Y151.056
G1 F1500 X136.643 Y149.654 E719.70153
G0 F9000 X136.288 Y149.864
G1 F1500 X137.69 Y151.266 E719.76748
G0 F9000 X137.333 Y151.475
G1 F1500 X135.933 Y150.075 E719.83333
G0 F9000 X135.568 Y150.276
G1 F1500 X136.976 Y151.684 E719.89956
G0 F9000 X136.615 Y151.889
G1 F1500 X135.201 Y150.474 E719.96609
G0 F9000 X134.834 Y150.673
G1 F1500 X136.249 Y152.088 E720.03265
G0 F9000 X135.883 Y152.287
G1 F1500 X134.459 Y150.864 E720.0996
G0 F9000 X134.08 Y151.051
G1 F1500 X135.516 Y152.486 E720.16713
G0 F9000 X135.132 Y152.669
G1 F1500 X133.702 Y151.238 E720.23441
G0 F9000 X133.319 Y151.421
G1 F1500 X134.757 Y152.859 E720.30205
G0 F9000 X134.376 Y153.043
G1 F1500 X132.928 Y151.596 E720.37014
G0 F9000 X132.538 Y151.771
G1 F1500 X133.987 Y153.22 E720.43829
G0 F9000 X133.598 Y153.397
G1 F1500 X132.144 Y151.943 E720.50669
G0 F9000 X131.743 Y152.108
G1 F1500 X133.209 Y153.574 E720.57564
G0 F9000 X132.81 Y153.74
G1 F1500 X131.343 Y152.273 E720.64464
G0 F9000 X130.938 Y152.435
G1 F1500 X132.411 Y153.907 E720.71391
G0 F9000 X132.01 Y154.072
G1 F1500 X130.526 Y152.588 E720.78371
G0 F9000 X130.114 Y152.741
G1 F1500 X131.6 Y154.228 E720.85363
G0 F9000 X131.19 Y154.383
G1 F1500 X129.698 Y152.891 E720.92381
G0 F9000 X129.272 Y153.031
G1 F1500 X130.778 Y154.537 E720.99465
G0 F9000 X130.357 Y154.681
G1 F1500 X128.846 Y153.171 E721.0657
G0 F9000 X128.416 Y153.306
G1 F1500 X129.935 Y154.825 E721.13714
G0 F9000 X129.513 Y154.969
G1 F1500 X127.977 Y153.433 E721.20939
G0 F9000 X127.537 Y153.559
G1 F1500 X129.083 Y155.105 E721.28211
G0 F9000 X128.651 Y155.238
G1 F1500 X127.093 Y153.68 E721.3554
G0 F9000 X126.643 Y153.796
G1 F1500 X128.213 Y155.366 E721.42924
G0 F9000 X127.766 Y155.484
G1 F1500 X126.192 Y153.911 E721.50326
G0 F9000 X125.732 Y154.016
G1 F1500 X127.319 Y155.603 E721.5779
G0 F9000 X126.872 Y155.722
G1 F1500 X125.265 Y154.115 E721.65349
G0 F9000 X124.799 Y154.214
G1 F1500 X126.412 Y155.827 E721.72936
G0 F9000 X125.949 Y155.93
G1 F1500 X124.322 Y154.303 E721.80589
G0 F9000 X123.842 Y154.389
G1 F1500 X125.482 Y156.029 E721.88303
G0 F9000 X125.008 Y156.121
G1 F1500 X123.36 Y154.472 E721.96057
G0 F9000 X122.86 Y154.538
G1 F1500 X124.535 Y156.213 E722.03936
G0 F9000 X124.051 Y156.295
G1 F1500 X122.852 Y155.096 E722.09576
G0 F9000 X122.852 Y155.662
G1 F1500 X123.565 Y156.375 E722.12929
G0 F9000 X123.078 Y156.454
G1 F1500 X122.852 Y156.227 E722.13995
G1 F2700 E717.13995
G0 F9000 X122.394 Y156.227
G0 X122.135 Y153.915
G0 X124.578 Y153.536
G0 X127.116 Y152.943
G0 X129.606 Y152.17
G0 X132.034 Y151.224
G0 X134.389 Y150.108
G0 X136.659 Y148.827
G0 X138.833 Y147.388
G0 X140.898 Y145.798
G0 X142.846 Y144.065
G0 X144.665 Y142.2
G0 X146.348 Y140.209
G0 X147.887 Y138.105
G0 X149.27 Y135.897
G0 X150.493 Y133.596
G0 X151.552 Y131.212
G0 X152.414 Y128.831
G0 X153.145 Y126.253
G0 X153.676 Y123.701
G0 X154.015 Y121.191
G0 X154.185 Y118.516
G0 X154.165 Y115.912
G0 X153.957 Y113.313
G0 X153.567 Y110.736
G0 X152.994 Y108.193
G0 X152.241 Y105.698
G0 X151.314 Y103.261
G0 X150.217 Y100.897
G0 X148.955 Y98.618
G0 X147.532 Y96.433
G0 X145.96 Y94.354
G0 X144.243 Y92.393
G0 X142.392 Y90.559
G0 X140.415 Y88.86
G0 X138.323 Y87.305
G0 X136.125 Y85.904
G0 X133.834 Y84.662
G0 X131.46 Y83.586
G0 X129.016 Y82.681
G0 X126.513 Y81.951
G0 X123.965 Y81.4
G0 X121.384 Y81.033
G0 X118.784 Y80.849
G0 X116.179 Y80.849
G0 X113.58 Y81.035
G0 X111 Y81.405
G0 X108.453 Y81.959
G0 X105.951 Y82.691
G0 X103.507 Y83.598
G0 X101.135 Y84.677
G0 X98.845 Y85.921
G0 X96.648 Y87.325
G0 X94.557 Y88.881
G0 X92.582 Y90.582
G0 X90.733 Y92.418
G0 X89.018 Y94.381
G0 X87.448 Y96.462
G0 X86.028 Y98.648
G0 X84.768 Y100.929
G0 X83.673 Y103.294
G0 X82.748 Y105.731
G0 X82.017 Y108.157
G0 X81.428 Y110.771
G0 X81.04 Y113.348
G0 X80.835 Y115.947
G0 X80.815 Y118.552
G0 X80.98 Y121.153
G0 X81.329 Y123.735
G0 X81.862 Y126.288
G0 X82.573 Y128.796
G0 X83.461 Y131.245
G0 X84.522 Y133.627
G0 X85.747 Y135.928
G0 X87.133 Y138.134
G0 X88.673 Y140.238
G0 X90.358 Y142.226
G0 X92.18 Y144.09
G0 X94.129 Y145.82
G0 X96.196 Y147.408
G0 X98.371 Y148.845
G0 X100.643 Y150.123
G0 X102.999 Y151.238
G0 X105.427 Y152.181
G0 X107.848 Y152.932
G0 X110.457 Y153.542
G0 X112.623 Y153.877
G0 X112.6 Y156.265
G0 X112.14 Y156.264
G1 F2700 E722.13995
G1 F1500 X110.061 Y154.185 E722.23774
G0 F9000 X110.76 Y154.318
G1 F1500 X112.14 Y155.698 E722.30265
G0 F9000 X112.14 Y155.132
G1 F1500 X111.447 Y154.439 E722.33525
G0 F9000 X111.527 Y153.987
G0 X112.533 Y154.2
G0 X112.526 Y156.927
G0 X110.981 Y156.767
G0 X111.058 Y156.313
G1 F1500 X108.6 Y153.855 E722.45086
G0 F9000 X109.341 Y154.03
G1 F1500 X111.729 Y156.418 E722.56319
G0 F9000 X111.662 Y156.875
G0 X110.299 Y156.652
G0 X110.376 Y156.196
G1 F1500 X107.841 Y153.661 E722.68243
G0 F9000 X107.057 Y153.443
G1 F1500 X109.674 Y156.061 E722.80554
G0 F9000 X108.962 Y155.914
G1 F1500 X106.251 Y153.203 E722.93306
G0 F9000 X105.404 Y152.922
G1 F1500 X108.215 Y155.732 E723.06526
G0 F9000 X107.464 Y155.547
G1 F1500 X104.526 Y152.609 E723.20345
G0 F9000 X103.612 Y152.261
G1 F1500 X106.676 Y155.325 E723.34757
G0 F9000 X105.877 Y155.092
G1 F1500 X102.647 Y151.862 E723.4995
G0 F9000 X102.837 Y151.442
G0 X101.803 Y150.974
G0 X101.613 Y151.394
G1 F1500 X105.042 Y154.822 E723.66077
G0 F9000 X104.167 Y154.513
G1 F1500 X100.499 Y150.845 E723.8333
G0 F9000 X100.703 Y150.435
G0 X99.512 Y149.8
G0 X99.293 Y150.204
G1 F1500 X103.269 Y154.18 E724.02032
G0 F9000 X103.105 Y154.611
G0 X102.147 Y154.226
G0 X102.325 Y153.803
G1 F1500 X97.935 Y149.412 E724.22684
G0 F9000 X98.182 Y149.023
G0 X96.556 Y147.96
G0 X96.295 Y148.338
G1 F1500 X101.316 Y153.359 E724.46301
G0 F9000 X101.128 Y153.78
G0 X100.045 Y153.268
G0 X100.247 Y152.855
G1 F1500 X94.095 Y146.703 E724.75238
G1 F2700 E719.75238
G0 F9000 X94.383 Y146.344
G0 X101.662 Y150.976
G0 X110.383 Y153.844
G0 X112.533 Y154.2
G0 X112.526 Y156.927
G0 X109.01 Y156.338
G0 X105.678 Y155.453
G0 X102.66 Y154.378
G0 X99.517 Y152.945
G0 X97.634 Y151.912
G0 X94.385 Y149.9
G0 X94.654 Y149.526
G1 F2700 E724.75238
G1 F1500 X85.481 Y140.353 E725.18385
G0 F9000 X85.106 Y140.617
G0 X83.924 Y138.864
G0 X84.308 Y138.614
G1 F1500 X96.403 Y150.708 E725.75274
G0 F9000 X96.16 Y151.101
G0 X97.599 Y151.969
G0 X97.828 Y151.568
G1 F1500 X83.443 Y137.183 E726.42936
G0 F9000 X83.042 Y137.408
G0 X82.338 Y136.131
G0 X82.745 Y135.919
G1 F1500 X99.094 Y152.268 E727.19837
G1 F2700 E722.19837
G0 F9000 X98.879 Y152.676
G0 X102.66 Y154.378
G0 X105.678 Y155.453
G0 X109.01 Y156.338
G0 X112.526 Y156.927
G0 X112.533 Y154.2
G0 X102.864 Y151.521
G0 X97.271 Y148.146
G0 X95.148 Y146.633
G0 X93.139 Y144.972
G0 X91.252 Y143.174
G0 X89.497 Y141.246
G0 X87.885 Y139.2
G0 X86.422 Y137.044
G0 X85.114 Y134.788
G0 X83.97 Y132.447
G0 X82.996 Y130.028
G0 X82.196 Y127.548
G0 X81.573 Y125.017
G0 X81.132 Y122.448
G0 X80.874 Y119.855
G0 X80.802 Y117.25
G0 X80.914 Y114.646
G0 X81.211 Y112.057
G0 X81.69 Y109.495
G0 X82.351 Y106.972
G0 X83.189 Y104.504
G0 X84.2 Y102.103
G0 X85.378 Y99.777
G0 X86.718 Y97.543
G0 X88.215 Y95.407
G0 X89.857 Y93.384
G0 X91.641 Y91.484
G0 X93.554 Y89.714
G0 X95.59 Y88.084
G0 X97.734 Y86.603
G0 X99.978 Y85.279
G0 X102.312 Y84.117
G0 X104.721 Y83.123
G0 X107.195 Y82.301
G0 X109.721 Y81.658
G0 X112.287 Y81.198
G0 X114.879 Y80.92
G0 X117.482 Y80.825
G0 X120.086 Y80.918
G0 X122.678 Y81.194
G0 X125.244 Y81.652
G0 X127.841 Y82.313
G0 X130.245 Y83.11
G0 X132.723 Y84.133
G0 X134.99 Y85.263
G0 X137.236 Y86.585
G0 X139.382 Y88.063
G0 X141.418 Y89.691
G0 X143.334 Y91.459
G0 X145.12 Y93.358
G0 X146.764 Y95.379
G0 X148.263 Y97.512
G0 X151.607 Y103.157
G0 X154.094 Y111.979
G0 X154.324 Y121.232
G0 X152.307 Y130.096
G0 X148.143 Y138.281
G0 X142.086 Y145.188
G0 X134.542 Y150.378
G0 X125.915 Y153.569
G0 X122.463 Y154.201
G0 X122.469 Y156.923
G0 X125.762 Y156.384
G0 X128.481 Y155.709
G0 X130.922 Y154.912
G0 X133.398 Y153.93
G0 X135.841 Y152.765
G0 X138.187 Y151.442
G0 X140.28 Y150.068
G0 X142.488 Y148.404
G0 X144.507 Y146.658
G0 X146.387 Y144.797
G0 X148.144 Y142.804
G0 X149.829 Y140.613
G0 X151.259 Y138.461
G0 X152.594 Y136.138
G0 X153.879 Y133.477
G0 X155.167 Y130.135
G0 X155.959 Y127.481
G0 X156.539 Y124.867
G0 X156.946 Y122.228
G0 X157.172 Y119.569
G0 X157.222 Y116.906
G0 X157.097 Y114.302
G0 X156.777 Y111.578
G0 X156.296 Y108.974
G0 X155.636 Y106.406
G0 X154.802 Y103.861
G0 X153.21 Y99.984
G0 X152.799 Y100.191
G1 F2700 E727.19837
G1 F1500 X146.503 Y93.895 E727.49452
G1 F2700 E722.49452
G0 F9000 X146.147 Y94.187
G0 X151.066 Y101.93
G0 X153.874 Y110.684
G0 X154.431 Y119.919
G0 X152.703 Y128.945
G0 X148.85 Y137.196
G0 X143.01 Y144.343
G0 X135.682 Y149.762
G0 X127.184 Y153.245
G0 X122.463 Y154.201
G0 X122.469 Y156.923
G0 X125.762 Y156.384
G0 X128.481 Y155.709
G0 X130.922 Y154.912
G0 X133.398 Y153.93
G0 X135.841 Y152.765
G0 X138.187 Y151.442
G0 X140.28 Y150.068
G0 X142.488 Y148.404
G0 X144.507 Y146.658
G0 X146.387 Y144.797
G0 X148.144 Y142.804
G0 X149.829 Y140.613
G0 X151.259 Y138.461
G0 X152.594 Y136.138
G0 X153.879 Y133.477
G0 X155.167 Y130.135
G0 X155.959 Y127.481
G0 X156.539 Y124.867
G0 X156.946 Y122.228
G0 X157.172 Y119.569
G0 X157.222 Y116.906
G0 X157.097 Y114.302
G0 X156.777 Y111.578
G0 X156.296 Y108.974
G0 X155.636 Y106.406
G0 X154.802 Y103.861
G0 X153.803 Y101.388
G0 X152.644 Y99
G0 X151.316 Y96.677
G0 X150.127 Y94.885
G0 X147.612 Y91.525
G0 X147.26 Y91.823
G1 F2700 E727.49452
G1 F1500 X143.194 Y87.757 E727.68577
G1 F2700 E722.68577
G0 F9000 X143.492 Y87.403
G0 X146.459 Y90.334
G0 X148.179 Y92.284
G0 X149.848 Y94.465
G0 X151.316 Y96.677
G0 X152.644 Y99
G0 X153.803 Y101.388
G0 X154.802 Y103.861
G0 X155.636 Y106.406
G0 X156.296 Y108.974
G0 X156.777 Y111.578
G0 X157.097 Y114.302
G0 X157.222 Y116.906
G0 X157.172 Y119.569
G0 X156.946 Y122.228
G0 X156.539 Y124.867
G0 X155.959 Y127.481
G0 X155.167 Y130.135
G0 X153.879 Y133.477
G0 X152.594 Y136.138
G0 X151.259 Y138.461
G0 X149.829 Y140.613
G0 X148.144 Y142.804
G0 X146.387 Y144.797
G0 X144.507 Y146.658
G0 X142.488 Y148.404
G0 X140.28 Y150.068
G0 X138.187 Y151.442
G0 X135.841 Y152.765
G0 X133.398 Y153.93
G0 X130.922 Y154.912
G0 X128.481 Y155.709
G0 X125.762 Y156.384
G0 X122.469 Y156.923
G0 X122.463 Y154.201
G0 X132.137 Y151.517
G0 X140.052 Y146.873
G0 X146.592 Y140.404
G0 X151.325 Y132.548
G0 X153.98 Y123.764
G0 X154.396 Y114.593
G0 X152.541 Y105.616
G0 X148.526 Y97.348
G0 X145.169 Y93.371
G0 X140.867 Y88.905
G0 X141.161 Y88.552
G1 F2700 E727.68577
G1 F1500 X134.842 Y82.233 E727.98299
G0 F9000 X135.051 Y81.821
G0 X136.225 Y82.425
G0 X136.005 Y82.83
G1 F1500 X152.208 Y99.033 E728.74513
G0 F9000 X152.61 Y98.813
G0 X151.879 Y97.508
G0 X151.483 Y97.743
G1 F1500 X137.282 Y83.542 E729.41311
G0 F9000 X137.517 Y83.145
G0 X138.987 Y84.046
G0 X138.74 Y84.434
G1 F1500 X150.588 Y96.282 E729.9704
G1 F2700 E724.9704
;MESH:NONMESH
G0 F300 X150.588 Y96.282 Z3.6
G0 F9000 X150.976 Y96.035
G0 X152.644 Y99
G0 X153.803 Y101.388
G0 X154.802 Y103.861
G0 X155.636 Y106.406
G0 X156.296 Y108.974
G0 X156.777 Y111.578
G0 X157.097 Y114.302
G0 X157.222 Y116.906
G0 X157.172 Y119.569
G0 X156.946 Y122.228
G0 X156.539 Y124.867
G0 X155.959 Y127.481
G0 X155.167 Y130.135
G0 X153.879 Y133.477
G0 X152.594 Y136.138
G0 X151.259 Y138.461
G0 X149.829 Y140.613
G0 X148.144 Y142.804
G0 X146.387 Y144.797
G0 X144.507 Y146.658
G0 X142.488 Y148.404
G0 X140.28 Y150.068
G0 X138.187 Y151.442
G0 X135.841 Y152.765
G0 X133.398 Y153.93
G0 X130.922 Y154.912
G0 X128.481 Y155.709
G0 X125.762 Y156.384
G0 X122.469 Y156.923
G0 X122.394 Y156.399
G0 X122.871 Y156.399
;TIME_ELAPSED:1055.733224
;LAYER:17
;TYPE:WALL-OUTER
;MESH:Led Ring.stl
G1 F2700 E729.9704
G1 F1197.6 X122.805 Y155.903 E729.99124
G1 F1200 X124.001 Y155.723 E730.04153
G1 X125.085 Y155.526 E730.08733
G1 F1202.4 X126.478 Y155.22 E730.14651
G1 X127.778 Y154.886 E730.2022
G1 F1200 X129.059 Y154.509 E730.25772
G1 F1197.6 X130.327 Y154.089 E730.31336
G1 F1202.4 X131.575 Y153.626 E730.36859
G1 F1204.8 X132.798 Y153.127 E730.42329
G1 X134.024 Y152.572 E730.47902
G1 F1200 X135.214 Y151.988 E730.53413
G1 X136.395 Y151.352 E730.58989
G1 X137.545 Y150.684 E730.64519
G1 F1204.8 X138.676 Y149.975 E730.70046
G1 X139.776 Y149.23 E730.75548
G1 X140.851 Y148.445 E730.81059
G1 X141.906 Y147.62 E730.86605
G1 X142.928 Y146.763 E730.92128
G1 X143.919 Y145.869 E730.97655
G1 X144.877 Y144.943 E731.03172
G1 X145.799 Y143.994 E731.08651
G1 X146.698 Y142.995 E731.14216
G1 X147.558 Y141.977 E731.19735
G1 F1207.2 X148.383 Y140.93 E731.25243
G1 F1209.7 X149.169 Y139.85 E731.30752
G1 F1207.2 X149.918 Y138.748 E731.36259
G1 F1204.8 X150.627 Y137.621 E731.41772
G1 X151.295 Y136.478 E731.47254
G1 X151.931 Y135.298 E731.52805
G1 X152.523 Y134.103 E731.58327
G1 X153.071 Y132.887 E731.6385
G1 X153.579 Y131.651 E731.69384
G1 X154.045 Y130.403 E731.749
G1 X154.465 Y129.139 E731.80416
G1 X154.839 Y127.871 E731.8589
G1 X155.175 Y126.571 E731.9145
G1 X155.466 Y125.267 E731.96982
G1 F1207.2 X155.709 Y123.957 E732.02488
G1 F1204.8 X155.906 Y122.649 E732.07966
G1 X156.06 Y121.313 E732.13535
G1 X156.169 Y119.985 E732.19052
G1 X156.229 Y118.656 E732.24561
G1 X156.245 Y117.319 E732.30098
G1 X156.217 Y115.986 E732.35619
G1 F1209.7 X156.139 Y114.614 E732.41286
G1 F1212.1 X156.031 Y113.413 E732.4625
G1 F1204.8 X155.831 Y111.875 E732.52672
G1 X155.642 Y110.693 E732.57629
G1 F1207.2 X155.384 Y109.38 E732.63158
G1 F1204.8 X155.051 Y107.97 E732.69158
G1 X154.768 Y106.912 E732.73693
G1 X154.346 Y105.535 E732.79657
G1 X153.907 Y104.259 E732.85244
G1 F1207.2 X153.432 Y103.026 E732.90705
G1 X152.909 Y101.791 E732.96247
G1 X152.345 Y100.579 E733.01772
G1 X151.75 Y99.403 E733.07218
G1 F1204.8 X151.098 Y98.223 E733.12801
G1 X150.418 Y97.081 E733.18305
G1 F1207.2 X149.693 Y95.96 E733.23822
G1 F1204.8 X148.933 Y94.866 E733.29338
G1 X148.136 Y93.799 E733.34852
G1 X147.302 Y92.76 E733.40369
G1 X146.429 Y91.745 E733.45913
G1 F1202.4 X145.531 Y90.774 E733.51401
G1 F1204.8 X144.59 Y89.817 E733.56959
G1 F1207.2 X143.619 Y88.902 E733.62472
G1 F1204.8 X142.629 Y88.029 E733.67938
G1 X141.59 Y87.175 E733.73507
G1 X140.54 Y86.37 E733.78986
G1 X139.445 Y85.589 E733.84555
G1 X138.346 Y84.86 E733.90016
G1 X137.206 Y84.163 E733.95549
G1 X136.039 Y83.499 E734.01109
G1 F1190.5 X134.576 Y82.75 E734.07997
G1 X133.66 Y82.304 E734.12267
G1 F1204.8 X132.443 Y81.777 E734.17758
G1 F1207.2 X131.197 Y81.276 E734.23308
G1 F1200 X129.94 Y80.828 E734.28856
G1 X128.681 Y80.422 E734.34356
G1 F1204.8 X127.509 Y80.088 E734.39402
G1 X126.104 Y79.741 E734.45395
G1 X124.799 Y79.468 E734.50916
G1 F1200 X123.483 Y79.24 E734.56469
G1 F1197.6 X122.155 Y79.056 E734.62054
G1 F1200 X120.834 Y78.919 E734.67575
G1 X119.51 Y78.827 E734.73093
G1 F1204.8 X118.165 Y78.778 E734.78666
G1 X116.84 Y78.779 E734.84153
G1 F1200 X115.521 Y78.826 E734.8964
G1 X114.17 Y78.918 E734.9527
G1 X112.883 Y79.049 E735.00648
G1 X111.547 Y79.233 E735.06255
G1 X110.209 Y79.466 E735.11902
G1 X108.901 Y79.739 E735.17457
G1 X107.495 Y80.09 E735.23482
G1 F1204.8 X106.324 Y80.42 E735.2852
G1 F1200 X105.08 Y80.818 E735.3395
G1 X103.812 Y81.273 E735.39551
G1 F1204.8 X102.56 Y81.768 E735.45126
G1 X101.351 Y82.299 E735.50593
G1 F1197.6 X100.441 Y82.739 E735.54804
G1 F1195.2 X100.43 Y82.73 E735.54864
G1 F1202.4 X98.969 Y83.491 E735.61699
G1 F1204.8 X97.797 Y84.155 E735.67277
G1 X96.661 Y84.851 E735.72793
G1 F1202.4 X95.561 Y85.584 E735.78278
G1 F1204.8 X94.468 Y86.361 E735.83831
G1 X93.404 Y87.174 E735.89376
G1 X92.378 Y88.02 E735.94882
G1 F1207.2 X91.387 Y88.893 E736.0034
G1 F1204.8 X90.408 Y89.818 E736.05917
G1 F1202.4 X89.471 Y90.764 E736.11442
G1 F1204.8 X88.565 Y91.747 E736.16978
G1 X87.703 Y92.75 E736.22454
G1 F1209.7 X86.862 Y93.796 E736.2799
G1 F1204.8 X86.064 Y94.867 E736.3352
G1 X85.304 Y95.958 E736.39026
G1 X84.582 Y97.081 E736.44554
G1 X83.898 Y98.224 E736.5007
G1 X83.254 Y99.392 E736.55593
G1 X82.65 Y100.579 E736.61108
G1 X82.094 Y101.779 E736.66585
G1 X81.567 Y103.018 E736.7216
G1 X81.095 Y104.251 E736.77627
G1 X80.656 Y105.523 E736.83199
G1 F1209.7 X80.231 Y106.903 E736.89154
G1 X79.948 Y107.96 E736.93667
G1 F1204.8 X79.617 Y109.371 E736.99669
G1 F1200 X79.358 Y110.692 E737.05265
G1 F1202.4 X79.162 Y111.867 E737.10208
G1 F1204.8 X78.969 Y113.401 E737.1661
G1 X78.86 Y114.605 E737.21616
G1 X78.779 Y115.977 E737.27307
G1 X78.751 Y117.323 E737.32882
G1 F1207.2 X78.764 Y118.643 E737.38338
G1 F1209.7 X78.828 Y119.988 E737.43891
G1 F1204.8 X78.936 Y121.305 E737.49363
G1 F1207.2 X79.089 Y122.64 E737.54916
G1 F1209.7 X79.287 Y123.957 E737.60409
G1 F1212.1 X79.528 Y125.257 E737.6585
G1 F1209.7 X79.817 Y126.562 E737.71363
G1 F1204.8 X80.151 Y127.851 E737.76877
G1 F1202.4 X80.528 Y129.127 E737.82398
G1 F1204.8 X80.948 Y130.394 E737.87925
G1 F1209.7 X81.411 Y131.643 E737.93419
G1 X81.919 Y132.875 E737.98915
G1 X82.47 Y134.091 E738.04421
G1 X83.061 Y135.286 E738.09919
G1 X83.697 Y136.47 E738.15462
G1 X84.361 Y137.613 E738.20914
G1 X85.078 Y138.748 E738.2645
G1 X85.827 Y139.848 E738.31939
G1 X86.607 Y140.918 E738.374
G1 F1207.2 X87.432 Y141.966 E738.42912
G1 F1202.4 X88.293 Y142.989 E738.4846
G1 X89.191 Y143.987 E738.5403
G1 F1207.2 X90.109 Y144.937 E738.5949
G1 F1209.7 X91.071 Y145.863 E738.64997
G1 F1204.8 X92.061 Y146.754 E738.70512
G1 F1200 X93.083 Y147.612 E738.7606
G1 X94.138 Y148.44 E738.81635
G1 F1204.8 X95.217 Y149.226 E738.87163
G1 X96.312 Y149.967 E738.92638
G1 F1200 X97.447 Y150.68 E738.98211
G1 X98.594 Y151.348 E739.03729
G1 F1204.8 X99.77 Y151.98 E739.09258
G1 F1202.4 X100.966 Y152.569 E739.14789
G1 F1200 X102.189 Y153.12 E739.20366
G1 X103.413 Y153.623 E739.25868
G1 X104.661 Y154.086 E739.31402
G1 F1202.4 X105.904 Y154.498 E739.36835
G1 F1200 X107.213 Y154.884 E739.42509
G1 X108.509 Y155.218 E739.48073
G1 X109.902 Y155.524 E739.54003
G1 F1204.8 X110.986 Y155.725 E739.58568
G1 X112.192 Y155.904 E739.63617
G1 F1200 X112.128 Y156.399 E739.65692
G1 X111.061 Y156.242 E739.70176
G1 X109.804 Y156.012 E739.75488
G1 X108.448 Y155.717 E739.81258
G1 F1195.2 X107.26 Y155.418 E739.86371
G1 X105.78 Y154.982 E739.92812
G1 F1200 X104.598 Y154.592 E739.97986
G1 X103.342 Y154.131 E740.03549
G1 X102.113 Y153.63 E740.09067
G1 F1197.6 X100.882 Y153.082 E740.1468
G1 F1195.2 X99.694 Y152.502 E740.20198
G1 F1197.6 X98.505 Y151.87 E740.25808
G1 F1195.2 X97.348 Y151.205 E740.31378
G1 X96.22 Y150.503 E740.36924
G1 X95.105 Y149.755 E740.42528
G1 X94.03 Y148.985 E740.48048
G1 X92.964 Y148.158 E740.5368
G1 X91.947 Y147.316 E740.59191
G1 X90.948 Y146.43 E740.64764
G1 X89.97 Y145.5 E740.70398
G1 F1197.6 X89.035 Y144.549 E740.75954
G1 F1192.8 X88.184 Y143.627 E740.81201
G1 F1190.5 X87.272 Y142.558 E740.8709
G1 F1195.2 X86.433 Y141.51 E740.92694
G1 F1197.6 X85.642 Y140.449 E740.98207
G1 F1200 X84.874 Y139.34 E741.03815
G1 X84.155 Y138.226 E741.09328
G1 F1195.2 X83.512 Y137.158 E741.14531
G1 X82.82 Y135.902 E741.20517
G1 X82.219 Y134.721 E741.26048
G1 X81.65 Y133.501 E741.31667
G1 F1197.6 X81.126 Y132.273 E741.37229
G1 F1195.2 X80.645 Y131.029 E741.42797
G1 F1192.8 X80.208 Y129.768 E741.48378
G1 F1190.5 X79.847 Y128.612 E741.53454
G1 X79.434 Y127.103 E741.6001
G1 F1195.2 X79.157 Y125.905 E741.65143
G1 X78.892 Y124.595 E741.70722
G1 F1197.6 X78.677 Y123.278 E741.76281
G1 F1195.2 X78.502 Y121.955 E741.81851
G1 F1192.8 X78.375 Y120.635 E741.87397
G1 F1195.2 X78.29 Y119.292 E741.93014
G1 X78.251 Y117.969 E741.98539
G1 F1192.8 X78.259 Y116.637 E742.0411
G1 F1190.5 X78.312 Y115.298 E742.09726
G1 X78.411 Y113.959 E742.15353
G1 F1192.8 X78.559 Y112.603 E742.21058
G1 X78.741 Y111.32 E742.26478
G1 F1190.5 X78.976 Y110.004 E742.3208
G1 F1188.1 X79.253 Y108.701 E742.37674
G1 F1195.2 X79.577 Y107.405 E742.4325
G1 F1197.6 X79.944 Y106.121 E742.48813
G1 F1195.2 X80.354 Y104.85 E742.54388
G1 F1192.8 X80.806 Y103.592 E742.59979
G1 F1190.5 X81.299 Y102.354 E742.65563
G1 F1192.8 X81.84 Y101.128 E742.71168
G1 F1195.2 X82.415 Y99.928 E742.76722
G1 F1192.8 X83.035 Y98.744 E742.82312
G1 F1195.2 X83.695 Y97.583 E742.87887
G1 X84.39 Y96.447 E742.93445
G1 X85.13 Y95.325 E742.99056
G1 X85.905 Y94.237 E743.04632
G1 X86.763 Y93.115 E743.10527
G1 X87.566 Y92.14 E743.158
G1 X88.436 Y91.144 E743.2132
G1 X89.35 Y90.17 E743.26895
G1 F1190.5 X90.296 Y89.229 E743.32487
G1 F1192.8 X91.277 Y88.321 E743.38078
G1 F1195.2 X92.291 Y87.439 E743.43688
G1 X93.32 Y86.605 E743.49216
G1 X94.389 Y85.801 E743.548
G1 X95.49 Y85.026 E743.6042
G1 X96.594 Y84.303 E743.65928
G1 X97.739 Y83.611 E743.71513
G1 F1197.6 X98.903 Y82.959 E743.77071
G1 F1202.4 X100.17 Y82.306 E743.82985
G1 X101.308 Y81.77 E743.88204
G1 F1195.2 X102.716 Y81.162 E743.94606
G1 X103.773 Y80.755 E743.99334
G1 F1200 X104.891 Y80.353 E744.04273
G1 X106.296 Y79.909 E744.10399
G1 F1195.2 X107.592 Y79.548 E744.16015
G1 X108.987 Y79.207 E744.22009
G1 F1197.6 X110.187 Y78.962 E744.27112
G1 F1200 X111.432 Y78.746 E744.32365
G1 X112.826 Y78.553 E744.38216
G1 X114.114 Y78.421 E744.43599
G1 X115.453 Y78.328 E744.49179
G1 F1204.8 X116.815 Y78.281 E744.54822
G1 X118.156 Y78.278 E744.60375
G1 F1202.4 X119.491 Y78.325 E744.65918
G1 F1200 X120.835 Y78.418 E744.71519
G1 F1197.6 X122.163 Y78.553 E744.7708
G1 F1195.2 X123.517 Y78.737 E744.82783
G1 X124.803 Y78.961 E744.88232
G1 F1197.6 X126.001 Y79.205 E744.93325
G1 F1195.2 X127.394 Y79.542 E744.99308
G1 F1197.6 X128.691 Y79.903 E745.04916
G1 F1200 X130.069 Y80.344 E745.10931
G1 F1197.6 X131.218 Y80.751 E745.16009
G1 F1190.5 X132.188 Y81.126 E745.20368
G1 F1188.1 X132.191 Y81.134 E745.20403
G1 F1190.5 X133.68 Y81.764 E745.27179
G1 X134.833 Y82.312 E745.32529
G1 F1192.8 X136.082 Y82.956 E745.38406
G1 F1197.6 X137.253 Y83.612 E745.43998
G1 F1195.2 X138.383 Y84.291 E745.49501
G1 X139.5 Y85.022 E745.55073
G1 X140.592 Y85.789 E745.60643
G1 X141.657 Y86.592 E745.66211
G1 X142.696 Y87.434 E745.71793
G1 X143.713 Y88.313 E745.77404
G1 X144.684 Y89.215 E745.82936
G1 X145.632 Y90.157 E745.88514
G1 F1190.5 X146.547 Y91.131 E745.94115
G1 F1195.2 X147.427 Y92.132 E745.99678
G1 F1192.8 X148.232 Y93.11 E746.04976
G1 X149.084 Y94.227 E746.10852
G1 X149.858 Y95.311 E746.16423
G1 X150.595 Y96.428 E746.2202
G1 F1195.2 X151.297 Y97.569 E746.27612
G1 F1192.8 X151.953 Y98.725 E746.33171
G1 F1195.2 X152.57 Y99.91 E746.38748
G1 X153.154 Y101.117 E746.44345
G1 X153.687 Y102.334 E746.4989
G1 X154.184 Y103.574 E746.55467
G1 X154.637 Y104.83 E746.6104
G1 F1192.8 X155.046 Y106.099 E746.66616
G1 F1190.5 X155.416 Y107.386 E746.72228
G1 X155.737 Y108.677 E746.77803
G1 X156.017 Y109.985 E746.83409
G1 X156.251 Y111.3 E746.89007
G1 X156.438 Y112.62 E746.94594
G1 F1195.2 X156.583 Y113.947 E747.00166
G1 F1197.6 X156.681 Y115.279 E747.0573
G1 F1192.8 X156.736 Y116.615 E747.11322
G1 F1190.5 X156.744 Y117.95 E747.16917
G1 X156.708 Y119.285 E747.22514
G1 X156.624 Y120.628 E747.28153
G1 X156.497 Y121.944 E747.33693
G1 F1195.2 X156.324 Y123.267 E747.39263
G1 X156.105 Y124.59 E747.4486
G1 X155.843 Y125.896 E747.5042
G1 F1190.5 X155.564 Y127.093 E747.55571
G1 X155.147 Y128.606 E747.62148
G1 F1192.8 X154.793 Y129.757 E747.67185
G1 F1190.5 X154.353 Y131.021 E747.72794
G1 F1195.2 X153.872 Y132.266 E747.78365
G1 X153.351 Y133.494 E747.83933
G1 X152.783 Y134.714 E747.8955
G1 X152.184 Y135.894 E747.95074
G1 F1192.8 X151.487 Y137.147 E748.01071
G1 F1190.5 X150.848 Y138.219 E748.06301
G1 F1195.2 X150.129 Y139.334 E748.11839
G1 F1197.6 X149.362 Y140.438 E748.17439
G1 F1200 X148.572 Y141.501 E748.22945
G1 F1197.6 X147.732 Y142.553 E748.28553
G1 F1195.2 X146.818 Y143.617 E748.34408
G1 X145.969 Y144.54 E748.39643
G1 X145.03 Y145.494 E748.45231
G1 X144.056 Y146.421 E748.50843
G1 X143.059 Y147.311 E748.56422
G1 X142.038 Y148.154 E748.61949
G1 X140.972 Y148.977 E748.6757
G1 F1197.6 X139.9 Y149.752 E748.73081
G1 X138.783 Y150.499 E748.78679
G1 X137.658 Y151.199 E748.84198
G1 F1195.2 X136.501 Y151.866 E748.89773
G1 X135.313 Y152.499 E748.95392
G1 X134.121 Y153.079 E749.00925
G1 F1200 X132.89 Y153.629 E749.06531
G1 X131.664 Y154.126 E749.12031
G1 F1197.6 X130.408 Y154.59 E749.17608
G1 F1195.2 X129.253 Y154.975 E749.2269
G1 X127.746 Y155.413 E749.29241
G1 F1200 X126.591 Y155.705 E749.34194
G1 X125.266 Y155.998 E749.39836
G1 F1195.2 X123.946 Y156.24 E749.45438
G1 X122.871 Y156.399 E749.49974
G1 F2700 E744.49974
;MESH:NONMESH
G0 F300 X122.871 Y156.399 Z3.8
G0 F9000 X123.067 Y156.139
G0 X126.535 Y155.413
G0 X129.118 Y154.702
G0 X131.647 Y153.815
G0 X134.11 Y152.757
G0 X136.492 Y151.53
G0 X138.785 Y150.144
G0 X140.978 Y148.603
G0 X143.06 Y146.915
G0 X145.02 Y145.088
G0 X146.85 Y143.131
G0 X148.541 Y141.052
G0 X150.085 Y138.862
G0 X151.475 Y136.57
G0 X152.705 Y134.189
G0 X153.767 Y131.729
G0 X154.658 Y129.201
G0 X155.372 Y126.619
G0 X155.908 Y123.992
G0 X156.261 Y121.336
G0 X156.432 Y118.662
G0 X156.42 Y115.983
G0 X156.222 Y113.311
G0 X155.841 Y110.658
G0 X155.277 Y108.038
G0 X154.536 Y105.463
G0 X153.618 Y102.945
G0 X152.53 Y100.496
G0 X151.276 Y98.128
G0 X149.863 Y95.851
G0 X148.295 Y93.677
G0 X146.582 Y91.616
G0 X144.731 Y89.678
G0 X142.752 Y87.871
G0 X140.653 Y86.204
G0 X138.444 Y84.687
G0 X136.137 Y83.324
G0 X133.741 Y82.124
G0 X131.269 Y81.091
G0 X128.73 Y80.23
G0 X126.139 Y79.546
G0 X123.507 Y79.043
G0 X120.846 Y78.72
G0 X118.169 Y78.582
G0 X115.491 Y78.628
G0 X112.822 Y78.858
G0 X110.175 Y79.27
G0 X107.561 Y79.865
G0 X104.995 Y80.638
G0 X102.488 Y81.585
G0 X100.053 Y82.702
G0 X97.699 Y83.984
G0 X95.44 Y85.425
G0 X93.285 Y87.018
G0 X91.244 Y88.755
G0 X89.329 Y90.629
G0 X87.546 Y92.63
G0 X85.904 Y94.748
G0 X84.414 Y96.975
G0 X83.079 Y99.299
G0 X81.907 Y101.709
G0 X80.904 Y104.194
G0 X80.074 Y106.742
G0 X79.42 Y109.341
G0 X78.948 Y111.98
G0 X78.659 Y114.644
G0 X78.552 Y117.321
G0 X78.629 Y119.998
G0 X78.891 Y122.666
G0 X79.335 Y125.308
G0 X79.961 Y127.913
G0 X80.764 Y130.471
G0 X81.742 Y132.966
G0 X82.888 Y135.388
G0 X84.197 Y137.726
G0 X85.666 Y139.968
G0 X87.284 Y142.104
G0 X89.046 Y144.123
G0 X90.942 Y146.017
G0 X92.965 Y147.775
G0 X95.103 Y149.39
G0 X97.348 Y150.856
G0 X99.686 Y152.162
G0 X102.111 Y153.305
G0 X104.607 Y154.278
G0 X107.165 Y155.078
G0 X107.904 Y155.254
G0 X111.932 Y156.14
G0 X112.126 Y156.401
;TIME_ELAPSED:1081.645915
;LAYER:18
;TYPE:WALL-OUTER
;MESH:Led Ring.stl
G1 F2700 E749.49974
G1 F1200 X111.057 Y156.242 E749.54467
G1 X109.741 Y155.999 E749.60031
G1 X108.444 Y155.714 E749.65552
G1 X107.259 Y155.415 E749.70633
G1 X105.75 Y154.97 E749.77174
G1 F1202.4 X104.598 Y154.592 E749.82204
G1 F1200 X103.339 Y154.131 E749.87778
G1 X102.113 Y153.631 E749.93283
G1 X100.882 Y153.082 E749.98887
G1 X99.693 Y152.502 E750.04387
G1 X98.505 Y151.87 E750.09981
G1 X97.348 Y151.203 E750.15534
G1 X96.224 Y150.507 E750.2103
G1 F1197.6 X95.106 Y149.756 E750.26641
G1 X94.029 Y148.981 E750.32168
G1 F1195.2 X92.964 Y148.158 E750.37786
G1 X91.943 Y147.312 E750.43321
G1 F1200 X90.948 Y146.426 E750.4886
G1 X89.971 Y145.5 E750.54457
G1 X89.035 Y144.545 E750.60016
G1 F1195.2 X88.183 Y143.623 E750.65256
G1 F1192.8 X87.271 Y142.558 E750.71121
G1 F1195.2 X86.429 Y141.51 E750.76732
G1 F1192.8 X85.638 Y140.448 E750.82271
G1 F1195.2 X84.871 Y139.339 E750.87899
G1 X84.155 Y138.226 E750.93423
G1 F1192.8 X83.508 Y137.153 E750.98664
G1 F1190.5 X82.817 Y135.902 E751.04653
G1 F1192.8 X82.219 Y134.721 E751.1019
G1 F1195.2 X81.65 Y133.5 E751.15812
G1 X81.127 Y132.272 E751.21384
G1 F1190.5 X80.645 Y131.029 E751.26971
G1 X80.208 Y129.764 E751.3258
G1 X79.847 Y128.613 E751.37635
G1 F1188.1 X79.434 Y127.102 E751.44212
G1 F1190.5 X79.154 Y125.902 E751.49376
G1 F1192.8 X78.892 Y124.593 E751.5496
G1 X78.674 Y123.279 E751.60531
G1 X78.502 Y121.955 E751.66115
G1 X78.375 Y120.635 E751.71661
G1 F1195.2 X78.291 Y119.292 E751.77278
G1 F1192.8 X78.252 Y117.965 E751.82831
G1 F1190.5 X78.259 Y116.635 E751.88404
G1 F1195.2 X78.315 Y115.298 E751.9399
G1 F1197.6 X78.414 Y113.954 E751.99604
G1 F1195.2 X78.554 Y112.639 E752.05124
G1 X78.743 Y111.32 E752.10686
G1 X78.978 Y110.004 E752.16266
G1 X79.256 Y108.7 E752.21832
G1 F1200 X79.577 Y107.401 E752.27395
G1 X79.943 Y106.121 E752.3293
G1 F1195.2 X80.353 Y104.849 E752.38508
G1 X80.805 Y103.594 E752.44076
G1 F1197.6 X81.303 Y102.352 E752.4965
G1 F1195.2 X81.839 Y101.128 E752.55228
G1 X82.416 Y99.929 E752.60782
G1 F1190.5 X83.035 Y98.744 E752.66385
G1 F1192.8 X83.695 Y97.58 E752.71981
G1 F1195.2 X84.394 Y96.442 E752.77556
G1 F1197.6 X85.133 Y95.325 E752.83136
G1 F1195.2 X85.904 Y94.237 E752.88702
G1 X86.767 Y93.115 E752.9461
G1 F1197.6 X87.565 Y92.14 E752.99859
G1 F1195.2 X88.436 Y91.144 E753.05382
G1 F1190.5 X89.35 Y90.17 E753.10979
G1 F1192.8 X90.3 Y89.228 E753.16575
G1 F1195.2 X91.277 Y88.321 E753.2214
G1 F1197.6 X92.294 Y87.439 E753.27748
G1 X93.324 Y86.604 E753.33271
G1 F1195.2 X94.389 Y85.801 E753.38839
G1 X95.49 Y85.026 E753.44459
G1 X96.599 Y84.303 E753.49985
G1 X97.744 Y83.61 E753.55571
G1 F1200 X98.908 Y82.958 E753.61118
G1 F1204.8 X100.149 Y82.317 E753.66902
G1 X101.309 Y81.77 E753.72213
G1 F1192.8 X102.706 Y81.164 E753.78582
G1 X103.773 Y80.752 E753.83366
G1 F1200 X104.888 Y80.354 E753.88288
G1 X106.296 Y79.906 E753.94431
G1 F1192.8 X107.596 Y79.545 E754.00074
G1 F1190.5 X108.987 Y79.207 E754.06073
G1 F1195.2 X110.188 Y78.962 E754.11189
G1 F1200 X111.431 Y78.743 E754.16436
G1 X112.797 Y78.556 E754.22169
G1 X114.114 Y78.421 E754.27673
G1 X115.453 Y78.328 E754.33253
G1 X116.814 Y78.278 E754.38915
G1 X118.156 Y78.278 E754.44495
G1 F1202.4 X119.491 Y78.325 E754.50037
G1 F1200 X120.835 Y78.418 E754.55638
G1 X122.163 Y78.552 E754.61187
G1 X123.517 Y78.736 E754.66868
G1 X124.803 Y78.961 E754.72296
G1 F1197.6 X126.001 Y79.205 E754.77389
G1 F1195.2 X127.396 Y79.542 E754.8338
G1 X128.692 Y79.903 E754.88995
G1 F1200 X130.068 Y80.343 E754.95002
G1 F1202.4 X131.219 Y80.754 E755.00073
G1 F1195.2 X132.187 Y81.124 E755.04398
G1 F1190.5 X132.189 Y81.132 E755.04433
G1 F1195.2 X133.681 Y81.767 E755.11201
G1 X134.888 Y82.341 E755.1678
G1 F1192.8 X136.086 Y82.956 E755.22412
G1 F1197.6 X137.251 Y83.607 E755.27972
G1 F1195.2 X138.382 Y84.291 E755.33489
G1 X139.5 Y85.022 E755.39065
G1 X140.592 Y85.789 E755.44635
G1 X141.658 Y86.592 E755.50206
G1 X142.7 Y87.434 E755.55798
G1 F1197.6 X143.715 Y88.317 E755.61402
G1 F1195.2 X144.686 Y89.215 E755.66923
G1 F1190.5 X145.633 Y90.157 E755.72521
G1 X146.546 Y91.13 E755.78112
G1 F1195.2 X147.428 Y92.137 E755.837
G1 X148.232 Y93.11 E755.88969
G1 F1192.8 X149.087 Y94.226 E755.94849
G1 F1195.2 X149.859 Y95.315 E756.00421
G1 X150.595 Y96.429 E756.05994
G1 F1192.8 X151.297 Y97.569 E756.11593
G1 X151.954 Y98.729 E756.17169
G1 F1195.2 X152.574 Y99.91 E756.22737
G1 X153.154 Y101.118 E756.2833
G1 F1192.8 X153.69 Y102.334 E756.33888
G1 F1190.5 X154.184 Y103.574 E756.39482
G1 F1192.8 X154.637 Y104.83 E756.45067
G1 F1195.2 X155.047 Y106.102 E756.50645
G1 F1192.8 X155.416 Y107.385 E756.56229
G1 F1188.1 X155.737 Y108.682 E756.61839
G1 F1185.8 X156.016 Y109.985 E756.67446
G1 F1188.1 X156.25 Y111.3 E756.73054
G1 F1190.5 X156.438 Y112.625 E756.78663
G1 F1195.2 X156.586 Y113.947 E756.84215
G1 F1192.8 X156.684 Y115.282 E756.89814
G1 F1190.5 X156.736 Y116.614 E756.954
G1 X156.745 Y117.95 E757.00999
G1 F1192.8 X156.709 Y119.284 E757.06581
G1 F1195.2 X156.621 Y120.629 E757.12207
G1 X156.494 Y121.949 E757.17742
G1 X156.324 Y123.272 E757.2331
G1 X156.106 Y124.588 E757.28878
G1 X155.843 Y125.896 E757.34447
G1 F1192.8 X155.564 Y127.093 E757.39588
G1 X155.147 Y128.606 E757.46152
G1 F1195.2 X154.79 Y129.758 E757.51186
G1 X154.353 Y131.021 E757.56765
G1 X153.872 Y132.266 E757.62336
G1 F1200 X153.349 Y133.494 E757.67885
G1 X152.78 Y134.715 E757.73485
G1 F1195.2 X152.184 Y135.894 E757.79
G1 X151.485 Y137.148 E757.84993
G1 F1200 X150.845 Y138.221 E757.90187
G1 F1195.2 X150.129 Y139.333 E757.95707
G1 X149.362 Y140.442 E758.01336
G1 X148.571 Y141.503 E758.0686
G1 F1197.6 X147.729 Y142.553 E758.12467
G1 F1195.2 X146.819 Y143.617 E758.18311
G1 X145.965 Y144.541 E758.23563
G1 F1200 X145.031 Y145.494 E758.2911
G1 F1195.2 X144.056 Y146.421 E758.34726
G1 X143.063 Y147.307 E758.40281
G1 X142.038 Y148.153 E758.45829
G1 F1200 X140.973 Y148.978 E758.5143
G1 X139.899 Y149.752 E758.56933
G1 F1195.2 X138.779 Y150.503 E758.62562
G1 F1197.6 X137.657 Y151.199 E758.68063
G1 F1195.2 X136.502 Y151.866 E758.7363
G1 X135.31 Y152.499 E758.79263
G1 X134.122 Y153.079 E758.84782
G1 X132.889 Y153.629 E758.90417
G1 F1197.6 X131.665 Y154.128 E758.95924
G1 X130.404 Y154.591 E759.0152
G1 F1195.2 X129.253 Y154.974 E759.06583
G1 F1192.8 X127.746 Y155.412 E759.13147
G1 F1197.6 X126.591 Y155.705 E759.18111
G1 F1200 X125.262 Y155.998 E759.23769
G1 F1195.2 X123.947 Y156.239 E759.29349
G1 X122.871 Y156.399 E759.3389
G1 F1200 X122.805 Y155.906 E759.35958
G1 X124.003 Y155.72 E759.40999
G1 X125.084 Y155.526 E759.45565
G1 F1202.4 X126.478 Y155.22 E759.51486
G1 X127.775 Y154.886 E759.57043
G1 F1200 X129.059 Y154.509 E759.62607
G1 X130.326 Y154.089 E759.68156
G1 X131.575 Y153.627 E759.73693
G1 F1204.8 X132.798 Y153.127 E759.79164
G1 X134.024 Y152.572 E759.84737
G1 F1200 X135.214 Y151.988 E759.90248
G1 X136.395 Y151.352 E759.95825
G1 X137.545 Y150.684 E760.01354
G1 F1204.8 X138.676 Y149.975 E760.06881
G1 X139.773 Y149.231 E760.1237
G1 X140.85 Y148.449 E760.17882
G1 X141.907 Y147.616 E760.23454
G1 F1202.4 X142.928 Y146.763 E760.28975
G1 F1204.8 X143.919 Y145.869 E760.34501
G1 F1207.2 X144.88 Y144.943 E760.40016
G1 F1209.7 X145.799 Y143.993 E760.45468
G1 F1204.8 X146.698 Y142.995 E760.5103
G1 X147.558 Y141.977 E760.56548
G1 F1207.2 X148.384 Y140.926 E760.62072
G1 F1204.8 X149.169 Y139.851 E760.67584
G1 X149.918 Y138.748 E760.73105
G1 F1207.2 X150.63 Y137.621 E760.78614
G1 F1209.7 X151.294 Y136.481 E760.84055
G1 X151.932 Y135.294 E760.89613
G1 F1207.2 X152.522 Y134.102 E760.95109
G1 F1209.7 X153.074 Y132.882 E761.00632
G1 X153.582 Y131.651 E761.06124
G1 X154.045 Y130.403 E761.11614
G1 F1204.8 X154.464 Y129.138 E761.17132
G1 F1207.2 X154.839 Y127.871 E761.22593
G1 X155.177 Y126.571 E761.28144
G1 X155.467 Y125.266 E761.33668
G1 F1209.7 X155.712 Y123.954 E761.39173
G1 X155.906 Y122.649 E761.44614
G1 X156.059 Y121.313 E761.5016
G1 X156.168 Y119.985 E761.55656
G1 X156.232 Y118.652 E761.6116
G1 F1204.8 X156.245 Y117.319 E761.6668
G1 X156.217 Y115.986 E761.72201
G1 F1207.2 X156.14 Y114.614 E761.77879
G1 F1209.7 X156.031 Y113.413 E761.82853
G1 F1204.8 X155.831 Y111.875 E761.89275
G1 X155.638 Y110.688 E761.94255
G1 X155.381 Y109.38 E761.99775
G1 F1200 X155.047 Y107.966 E762.05815
G1 F1204.8 X154.768 Y106.913 E762.10326
G1 F1209.7 X154.345 Y105.531 E762.16287
G1 F1207.2 X153.907 Y104.259 E762.21847
G1 F1204.8 X153.433 Y103.026 E762.27317
G1 X152.909 Y101.787 E762.32887
G1 X152.346 Y100.578 E762.3841
G1 F1207.2 X151.75 Y99.4 E762.43865
G1 X151.098 Y98.223 E762.49426
G1 F1204.8 X150.414 Y97.08 E762.54942
G1 X149.693 Y95.958 E762.60464
G1 F1209.7 X148.932 Y94.862 E762.65967
G1 F1204.8 X148.132 Y93.794 E762.71493
G1 X147.298 Y92.756 E762.77007
G1 X146.429 Y91.746 E762.82524
G1 F1202.4 X145.531 Y90.774 E762.88015
G1 F1200 X144.586 Y89.816 E762.93609
G1 F1204.8 X143.619 Y88.903 E762.99116
G1 F1207.2 X142.629 Y88.026 E763.04582
G1 F1204.8 X141.59 Y87.175 E763.10143
G1 X140.54 Y86.37 E763.15622
G1 X139.445 Y85.589 E763.21191
G1 F1202.4 X138.342 Y84.859 E763.26679
G1 X137.207 Y84.16 E763.3221
G1 F1204.8 X136.039 Y83.496 E763.37774
G1 F1197.6 X134.666 Y82.794 E763.44198
G1 F1195.2 X133.659 Y82.305 E763.4887
G1 F1209.7 X132.443 Y81.774 E763.54343
G1 X131.192 Y81.276 E763.59896
G1 F1204.8 X129.941 Y80.825 E763.65403
G1 X128.68 Y80.422 E763.70884
G1 X127.509 Y80.088 E763.75927
G1 X126.104 Y79.741 E763.8192
G1 F1202.4 X124.795 Y79.468 E763.87468
G1 F1200 X123.483 Y79.237 E763.93006
G1 X122.155 Y79.053 E763.9858
G1 F1204.8 X120.833 Y78.919 E764.04083
G1 F1202.4 X119.51 Y78.827 E764.09585
G1 F1204.8 X118.165 Y78.778 E764.15158
G1 F1202.4 X116.84 Y78.778 E764.20656
G1 F1200 X115.522 Y78.826 E764.26139
G1 X114.17 Y78.918 E764.31773
G1 X112.883 Y79.049 E764.37152
G1 F1197.6 X111.547 Y79.232 E764.42769
G1 F1200 X110.209 Y79.466 E764.48416
G1 X108.901 Y79.739 E764.53972
G1 X107.495 Y80.089 E764.59995
G1 X106.324 Y80.419 E764.65054
G1 X105.08 Y80.816 E764.70482
G1 X103.811 Y81.273 E764.7609
G1 F1202.4 X102.56 Y81.768 E764.81672
G1 F1204.8 X101.351 Y82.3 E764.87142
G1 F1197.6 X100.449 Y82.738 E764.91319
G1 F1195.2 X100.433 Y82.727 E764.914
G1 F1204.8 X98.969 Y83.491 E764.98238
G1 F1207.2 X97.797 Y84.156 E765.03807
G1 F1204.8 X96.661 Y84.855 E765.0933
G1 F1202.4 X95.558 Y85.584 E765.14816
G1 F1204.8 X94.463 Y86.365 E765.20385
G1 X93.405 Y87.174 E765.259
G1 F1207.2 X92.378 Y88.02 E765.31399
G1 X91.383 Y88.897 E765.3688
G1 F1204.8 X90.408 Y89.819 E765.42437
G1 F1202.4 X89.47 Y90.768 E765.47973
G1 F1204.8 X88.565 Y91.747 E765.53494
G1 F1209.7 X87.704 Y92.75 E765.58946
G1 X86.862 Y93.8 E765.64497
G1 F1204.8 X86.064 Y94.867 E765.70014
G1 X85.304 Y95.962 E765.75533
G1 F1207.2 X84.579 Y97.081 E765.81043
G1 F1204.8 X83.898 Y98.224 E765.86553
G1 X83.254 Y99.392 E765.92076
G1 X82.65 Y100.583 E765.97606
G1 F1207.2 X82.091 Y101.779 E766.03061
G1 F1209.7 X81.567 Y103.019 E766.08613
G1 X81.092 Y104.25 E766.14055
G1 X80.653 Y105.523 E766.19609
G1 X80.231 Y106.903 E766.2556
G1 X79.945 Y107.959 E766.30073
G1 X79.618 Y109.372 E766.36054
G1 F1207.2 X79.356 Y110.691 E766.41612
G1 X79.163 Y111.867 E766.46536
G1 F1209.7 X78.966 Y113.404 E766.52927
G1 X78.86 Y114.606 E766.57904
G1 F1207.2 X78.78 Y115.977 E766.63579
G1 F1204.8 X78.751 Y117.323 E766.69154
G1 X78.767 Y118.643 E766.74621
G1 F1207.2 X78.828 Y119.975 E766.80131
G1 X78.936 Y121.305 E766.85645
G1 F1204.8 X79.089 Y122.641 E766.91214
G1 X79.286 Y123.945 E766.96675
G1 F1207.2 X79.528 Y125.257 E767.02188
G1 F1204.8 X79.82 Y126.563 E767.0773
G1 F1202.4 X80.155 Y127.862 E767.13296
G1 F1204.8 X80.529 Y129.131 E767.18774
G1 X80.948 Y130.394 E767.24284
G1 X81.414 Y131.644 E767.29808
G1 X81.922 Y132.875 E767.35323
G1 F1209.7 X82.47 Y134.094 E767.40835
G1 X83.061 Y135.287 E767.46326
G1 F1204.8 X83.697 Y136.474 E767.51902
G1 X84.365 Y137.614 E767.57373
G1 X85.073 Y138.741 E767.62885
G1 X85.822 Y139.844 E767.68406
G1 X86.607 Y140.919 E767.73918
G1 X87.432 Y141.97 E767.7945
G1 X88.293 Y142.989 E767.84974
G1 X89.191 Y143.986 E767.90531
G1 F1207.2 X90.113 Y144.938 E767.96008
G1 X91.071 Y145.863 E768.01511
G1 F1209.7 X92.061 Y146.757 E768.07012
G1 F1204.8 X93.084 Y147.612 E768.12533
G1 X94.142 Y148.444 E768.18107
G1 X95.217 Y149.226 E768.23611
G1 X96.312 Y149.97 E768.29093
G1 X97.444 Y150.679 E768.34624
G1 X98.595 Y151.348 E768.40137
G1 X99.774 Y151.983 E768.45682
G1 F1202.4 X100.966 Y152.569 E768.51193
G1 X102.189 Y153.123 E768.56764
G1 X103.413 Y153.624 E768.62252
G1 F1200 X104.661 Y154.086 E768.67784
G1 F1204.8 X105.902 Y154.496 E768.73196
G1 X107.213 Y154.883 E768.78857
G1 X108.518 Y155.22 E768.84438
G1 F1202.4 X109.902 Y155.524 E768.90317
G1 F1204.8 X110.986 Y155.725 E768.94882
G1 X112.192 Y155.907 E768.99933
G1 F1202.4 X112.126 Y156.401 E769.02001
;TIME_ELAPSED:1105.417017
;LAYER:19
;MESH:Led Ring.stl
G0 F9000 X112.126 Y156.401 Z4
;TYPE:WALL-OUTER
G1 F1200 X111.057 Y156.242 E769.06494
G1 X109.741 Y155.999 E769.12058
G1 X108.444 Y155.714 E769.17579
G1 X107.259 Y155.415 E769.2266
G1 X105.75 Y154.97 E769.29201
G1 F1202.4 X104.598 Y154.592 E769.34231
G1 F1200 X103.339 Y154.131 E769.39805
G1 X102.113 Y153.631 E769.4531
G1 X100.882 Y153.082 E769.50914
G1 X99.693 Y152.502 E769.56414
G1 X98.505 Y151.87 E769.62009
G1 X97.348 Y151.203 E769.67561
G1 X96.224 Y150.507 E769.73057
G1 F1197.6 X95.106 Y149.756 E769.78668
G1 X94.029 Y148.981 E769.84195
G1 F1195.2 X92.964 Y148.158 E769.89814
G1 X91.943 Y147.312 E769.95348
G1 F1200 X90.948 Y146.426 E770.00887
G1 X89.971 Y145.5 E770.06484
G1 X89.035 Y144.545 E770.12043
G1 F1195.2 X88.183 Y143.623 E770.17283
G1 F1192.8 X87.271 Y142.558 E770.23148
G1 F1195.2 X86.429 Y141.51 E770.28759
G1 F1192.8 X85.638 Y140.448 E770.34298
G1 F1195.2 X84.871 Y139.339 E770.39926
G1 X84.155 Y138.226 E770.4545
G1 F1192.8 X83.508 Y137.153 E770.50691
G1 F1190.5 X82.817 Y135.902 E770.5668
G1 F1192.8 X82.219 Y134.721 E770.62217
G1 F1195.2 X81.65 Y133.5 E770.6784
G1 X81.127 Y132.272 E770.73411
G1 F1190.5 X80.645 Y131.029 E770.78998
G1 X80.208 Y129.764 E770.84607
G1 X79.847 Y128.613 E770.89662
G1 F1188.1 X79.434 Y127.102 E770.9624
G1 F1190.5 X79.154 Y125.902 E771.01404
G1 F1192.8 X78.892 Y124.593 E771.06987
G1 X78.674 Y123.279 E771.12558
G1 X78.502 Y121.955 E771.18142
G1 X78.375 Y120.635 E771.23688
G1 F1195.2 X78.291 Y119.292 E771.29305
G1 F1192.8 X78.252 Y117.965 E771.34858
G1 F1190.5 X78.259 Y116.635 E771.40431
G1 F1195.2 X78.315 Y115.298 E771.46017
G1 F1197.6 X78.414 Y113.954 E771.51631
G1 F1195.2 X78.554 Y112.639 E771.57151
G1 X78.743 Y111.32 E771.62713
G1 X78.978 Y110.004 E771.68293
G1 X79.256 Y108.7 E771.73859
G1 F1200 X79.577 Y107.401 E771.79422
G1 X79.943 Y106.121 E771.84957
G1 F1195.2 X80.353 Y104.849 E771.90535
G1 X80.805 Y103.594 E771.96103
G1 F1197.6 X81.303 Y102.352 E772.01678
G1 F1195.2 X81.839 Y101.128 E772.07255
G1 X82.416 Y99.929 E772.12809
G1 F1190.5 X83.035 Y98.744 E772.18412
G1 F1192.8 X83.695 Y97.58 E772.24009
G1 F1195.2 X84.394 Y96.442 E772.29583
G1 F1197.6 X85.133 Y95.325 E772.35163
G1 F1195.2 X85.904 Y94.237 E772.40729
G1 X86.767 Y93.115 E772.46637
G1 F1197.6 X87.565 Y92.14 E772.51886
G1 F1195.2 X88.436 Y91.144 E772.57409
G1 F1190.5 X89.35 Y90.17 E772.63007
G1 F1192.8 X90.3 Y89.228 E772.68602
G1 F1195.2 X91.277 Y88.321 E772.74167
G1 F1197.6 X92.294 Y87.439 E772.79775
G1 X93.324 Y86.604 E772.85298
G1 F1195.2 X94.389 Y85.801 E772.90866
G1 X95.49 Y85.026 E772.96486
G1 X96.599 Y84.303 E773.02012
G1 X97.744 Y83.61 E773.07599
G1 F1200 X98.908 Y82.958 E773.13145
G1 F1204.8 X100.149 Y82.317 E773.18929
G1 X101.309 Y81.77 E773.2424
G1 F1192.8 X102.706 Y81.164 E773.30609
G1 X103.773 Y80.752 E773.35393
G1 F1200 X104.888 Y80.354 E773.40315
G1 X106.296 Y79.906 E773.46458
G1 F1192.8 X107.596 Y79.545 E773.52101
G1 F1190.5 X108.987 Y79.207 E773.581
G1 F1195.2 X110.188 Y78.962 E773.63216
G1 F1200 X111.431 Y78.743 E773.68463
G1 X112.797 Y78.556 E773.74196
G1 X114.114 Y78.421 E773.797
G1 X115.453 Y78.328 E773.8528
G1 X116.814 Y78.278 E773.90942
G1 X118.156 Y78.278 E773.96522
G1 F1202.4 X119.491 Y78.325 E774.02064
G1 F1200 X120.835 Y78.418 E774.07665
G1 X122.163 Y78.552 E774.13215
G1 X123.517 Y78.736 E774.18896
G1 X124.803 Y78.961 E774.24323
G1 F1197.6 X126.001 Y79.205 E774.29416
G1 F1195.2 X127.396 Y79.542 E774.35407
G1 X128.692 Y79.903 E774.41023
G1 F1200 X130.068 Y80.343 E774.47029
G1 F1202.4 X131.219 Y80.754 E774.521
G1 F1195.2 X132.187 Y81.124 E774.56425
G1 F1190.5 X132.189 Y81.132 E774.5646
G1 F1195.2 X133.681 Y81.767 E774.63228
G1 X134.888 Y82.341 E774.68807
G1 F1192.8 X136.086 Y82.956 E774.7444
G1 F1197.6 X137.251 Y83.607 E774.79999
G1 F1195.2 X138.382 Y84.291 E774.85516
G1 X139.5 Y85.022 E774.91092
G1 X140.592 Y85.789 E774.96662
G1 X141.658 Y86.592 E775.02233
G1 X142.7 Y87.434 E775.07825
G1 F1197.6 X143.715 Y88.317 E775.13429
G1 F1195.2 X144.686 Y89.215 E775.1895
G1 F1190.5 X145.633 Y90.157 E775.24548
G1 X146.546 Y91.13 E775.30139
G1 F1195.2 X147.428 Y92.137 E775.35727
G1 X148.232 Y93.11 E775.40996
G1 F1192.8 X149.087 Y94.226 E775.46876
G1 F1195.2 X149.859 Y95.315 E775.52448
G1 X150.595 Y96.429 E775.58021
G1 F1192.8 X151.297 Y97.569 E775.6362
G1 X151.954 Y98.729 E775.69196
G1 F1195.2 X152.574 Y99.91 E775.74764
G1 X153.154 Y101.118 E775.80357
G1 F1192.8 X153.69 Y102.334 E775.85915
G1 F1190.5 X154.184 Y103.574 E775.91509
G1 F1192.8 X154.637 Y104.83 E775.97094
G1 F1195.2 X155.047 Y106.102 E776.02672
G1 F1192.8 X155.416 Y107.385 E776.08256
G1 F1188.1 X155.737 Y108.682 E776.13866
G1 F1185.8 X156.016 Y109.985 E776.19473
G1 F1188.1 X156.25 Y111.3 E776.25081
G1 F1190.5 X156.438 Y112.625 E776.3069
G1 F1195.2 X156.586 Y113.947 E776.36242
G1 F1192.8 X156.684 Y115.282 E776.41841
G1 F1190.5 X156.736 Y116.614 E776.47427
G1 X156.745 Y117.95 E776.53026
G1 F1192.8 X156.709 Y119.284 E776.58608
G1 F1195.2 X156.621 Y120.629 E776.64234
G1 X156.494 Y121.949 E776.69769
G1 X156.324 Y123.272 E776.75337
G1 X156.106 Y124.588 E776.80905
G1 X155.843 Y125.896 E776.86474
G1 F1192.8 X155.564 Y127.093 E776.91615
G1 X155.147 Y128.606 E776.98179
G1 F1195.2 X154.79 Y129.758 E777.03213
G1 X154.353 Y131.021 E777.08792
G1 X153.872 Y132.266 E777.14363
G1 F1200 X153.349 Y133.494 E777.19912
G1 X152.78 Y134.715 E777.25513
G1 F1195.2 X152.184 Y135.894 E777.31027
G1 X151.485 Y137.148 E777.3702
G1 F1200 X150.845 Y138.221 E777.42214
G1 F1195.2 X150.129 Y139.333 E777.47735
G1 X149.362 Y140.442 E777.53363
G1 X148.571 Y141.503 E777.58887
G1 F1197.6 X147.729 Y142.553 E777.64494
G1 F1195.2 X146.819 Y143.617 E777.70338
G1 X145.965 Y144.541 E777.7559
G1 F1200 X145.031 Y145.494 E777.81138
G1 F1195.2 X144.056 Y146.421 E777.86753
G1 X143.063 Y147.307 E777.92308
G1 X142.038 Y148.153 E777.97856
G1 F1200 X140.973 Y148.978 E778.03457
G1 X139.899 Y149.752 E778.08961
G1 F1195.2 X138.779 Y150.503 E778.14589
G1 F1197.6 X137.657 Y151.199 E778.2009
G1 F1195.2 X136.502 Y151.866 E778.25657
G1 X135.31 Y152.499 E778.31291
G1 X134.122 Y153.079 E778.36809
G1 X132.889 Y153.629 E778.42444
G1 F1197.6 X131.665 Y154.128 E778.47951
G1 X130.404 Y154.591 E778.53547
G1 F1195.2 X129.253 Y154.974 E778.5861
G1 F1192.8 X127.746 Y155.412 E778.65174
G1 F1197.6 X126.591 Y155.705 E778.70138
G1 F1200 X125.262 Y155.998 E778.75796
G1 F1195.2 X123.947 Y156.239 E778.81377
G1 X122.871 Y156.399 E778.85917
G1 F1200 X122.805 Y155.906 E778.87985
G1 X124.003 Y155.72 E778.93026
G1 X125.084 Y155.526 E778.97592
G1 F1202.4 X126.478 Y155.22 E779.03513
G1 X127.775 Y154.886 E779.0907
G1 F1200 X129.059 Y154.509 E779.14634
G1 X130.326 Y154.089 E779.20184
G1 X131.575 Y153.627 E779.2572
G1 F1204.8 X132.798 Y153.127 E779.31191
G1 X134.024 Y152.572 E779.36764
G1 F1200 X135.214 Y151.988 E779.42275
G1 X136.395 Y151.352 E779.47852
G1 X137.545 Y150.684 E779.53381
G1 F1204.8 X138.676 Y149.975 E779.58909
G1 X139.773 Y149.231 E779.64397
G1 X140.85 Y148.449 E779.69909
G1 X141.907 Y147.616 E779.75481
G1 F1202.4 X142.928 Y146.763 E779.81002
G1 F1204.8 X143.919 Y145.869 E779.86528
G1 F1207.2 X144.88 Y144.943 E779.92043
G1 F1209.7 X145.799 Y143.993 E779.97495
G1 F1204.8 X146.698 Y142.995 E780.03057
G1 X147.558 Y141.977 E780.08575
G1 F1207.2 X148.384 Y140.926 E780.14099
G1 F1204.8 X149.169 Y139.851 E780.19611
G1 X149.918 Y138.748 E780.25132
G1 F1207.2 X150.63 Y137.621 E780.30641
G1 F1209.7 X151.294 Y136.481 E780.36082
G1 X151.932 Y135.294 E780.4164
G1 F1207.2 X152.522 Y134.102 E780.47136
G1 F1209.7 X153.074 Y132.882 E780.52659
G1 X153.582 Y131.651 E780.58151
G1 X154.045 Y130.403 E780.63641
G1 F1204.8 X154.464 Y129.138 E780.69159
G1 F1207.2 X154.839 Y127.871 E780.7462
G1 X155.177 Y126.571 E780.80171
G1 X155.467 Y125.266 E780.85695
G1 F1209.7 X155.712 Y123.954 E780.912
G1 X155.906 Y122.649 E780.96641
G1 X156.059 Y121.313 E781.02187
G1 X156.168 Y119.985 E781.07683
G1 X156.232 Y118.652 E781.13187
G1 F1204.8 X156.245 Y117.319 E781.18707
G1 X156.217 Y115.986 E781.24228
G1 F1207.2 X156.14 Y114.614 E781.29907
G1 F1209.7 X156.031 Y113.413 E781.3488
G1 F1204.8 X155.831 Y111.875 E781.41302
G1 X155.638 Y110.688 E781.46282
G1 X155.381 Y109.38 E781.51802
G1 F1200 X155.047 Y107.966 E781.57843
G1 F1204.8 X154.768 Y106.913 E781.62353
G1 F1209.7 X154.345 Y105.531 E781.68314
G1 F1207.2 X153.907 Y104.259 E781.73874
G1 F1204.8 X153.433 Y103.026 E781.79344
G1 X152.909 Y101.787 E781.84914
G1 X152.346 Y100.578 E781.90437
G1 F1207.2 X151.75 Y99.4 E781.95892
G1 X151.098 Y98.223 E782.01453
G1 F1204.8 X150.414 Y97.08 E782.06969
G1 X149.693 Y95.958 E782.12491
G1 F1209.7 X148.932 Y94.862 E782.17994
G1 F1204.8 X148.132 Y93.794 E782.2352
G1 X147.298 Y92.756 E782.29034
G1 X146.429 Y91.746 E782.34551
G1 F1202.4 X145.531 Y90.774 E782.40042
G1 F1200 X144.586 Y89.816 E782.45636
G1 F1204.8 X143.619 Y88.903 E782.51143
G1 F1207.2 X142.629 Y88.026 E782.56609
G1 F1204.8 X141.59 Y87.175 E782.6217
G1 X140.54 Y86.37 E782.67649
G1 X139.445 Y85.589 E782.73218
G1 F1202.4 X138.342 Y84.859 E782.78707
G1 X137.207 Y84.16 E782.84237
G1 F1204.8 X136.039 Y83.496 E782.89801
G1 F1197.6 X134.666 Y82.794 E782.96225
G1 F1195.2 X133.659 Y82.305 E783.00897
G1 F1209.7 X132.443 Y81.774 E783.0637
G1 X131.192 Y81.276 E783.11923
G1 F1204.8 X129.941 Y80.825 E783.1743
G1 X128.68 Y80.422 E783.22912
G1 X127.509 Y80.088 E783.27954
G1 X126.104 Y79.741 E783.33947
G1 F1202.4 X124.795 Y79.468 E783.39495
G1 F1200 X123.483 Y79.237 E783.45033
G1 X122.155 Y79.053 E783.50607
G1 F1204.8 X120.833 Y78.919 E783.5611
G1 F1202.4 X119.51 Y78.827 E783.61612
G1 F1204.8 X118.165 Y78.778 E783.67185
G1 F1202.4 X116.84 Y78.778 E783.72683
G1 F1200 X115.522 Y78.826 E783.78166
G1 X114.17 Y78.918 E783.838
G1 X112.883 Y79.049 E783.89179
G1 F1197.6 X111.547 Y79.232 E783.94796
G1 F1200 X110.209 Y79.466 E784.00443
G1 X108.901 Y79.739 E784.05999
G1 X107.495 Y80.089 E784.12023
G1 X106.324 Y80.419 E784.17081
G1 X105.08 Y80.816 E784.2251
G1 X103.811 Y81.273 E784.28117
G1 F1202.4 X102.56 Y81.768 E784.33699
G1 F1204.8 X101.351 Y82.3 E784.39169
G1 F1197.6 X100.449 Y82.738 E784.43346
G1 F1195.2 X100.433 Y82.727 E784.43427
G1 F1204.8 X98.969 Y83.491 E784.50265
G1 F1207.2 X97.797 Y84.156 E784.55834
G1 F1204.8 X96.661 Y84.855 E784.61357
G1 F1202.4 X95.558 Y85.584 E784.66843
G1 F1204.8 X94.463 Y86.365 E784.72412
G1 X93.405 Y87.174 E784.77928
G1 F1207.2 X92.378 Y88.02 E784.83426
G1 X91.383 Y88.897 E784.88907
G1 F1204.8 X90.408 Y89.819 E784.94464
G1 F1202.4 X89.47 Y90.768 E785
G1 F1204.8 X88.565 Y91.747 E785.05521
G1 F1209.7 X87.704 Y92.75 E785.10973
G1 X86.862 Y93.8 E785.16524
G1 F1204.8 X86.064 Y94.867 E785.22041
G1 X85.304 Y95.962 E785.2756
G1 F1207.2 X84.579 Y97.081 E785.33071
G1 F1204.8 X83.898 Y98.224 E785.3858
G1 X83.254 Y99.392 E785.44103
G1 X82.65 Y100.583 E785.49633
G1 F1207.2 X82.091 Y101.779 E785.55089
G1 F1209.7 X81.567 Y103.019 E785.6064
G1 X81.092 Y104.25 E785.66082
G1 X80.653 Y105.523 E785.71636
G1 X80.231 Y106.903 E785.77588
G1 X79.945 Y107.959 E785.821
G1 X79.618 Y109.372 E785.88081
G1 F1207.2 X79.356 Y110.691 E785.93639
G1 X79.163 Y111.867 E785.98564
G1 F1209.7 X78.966 Y113.404 E786.04954
G1 X78.86 Y114.606 E786.09931
G1 F1207.2 X78.78 Y115.977 E786.15606
G1 F1204.8 X78.751 Y117.323 E786.21181
G1 X78.767 Y118.643 E786.26648
G1 F1207.2 X78.828 Y119.975 E786.32158
G1 X78.936 Y121.305 E786.37672
G1 F1204.8 X79.089 Y122.641 E786.43241
G1 X79.286 Y123.945 E786.48702
G1 F1207.2 X79.528 Y125.257 E786.54215
G1 F1204.8 X79.82 Y126.563 E786.59757
G1 F1202.4 X80.155 Y127.862 E786.65323
G1 F1204.8 X80.529 Y129.131 E786.70801
G1 X80.948 Y130.394 E786.76311
G1 X81.414 Y131.644 E786.81835
G1 X81.922 Y132.875 E786.8735
G1 F1209.7 X82.47 Y134.094 E786.92862
G1 X83.061 Y135.287 E786.98353
G1 F1204.8 X83.697 Y136.474 E787.03929
G1 X84.365 Y137.614 E787.09401
G1 X85.073 Y138.741 E787.14912
G1 X85.822 Y139.844 E787.20433
G1 X86.607 Y140.919 E787.25945
G1 X87.432 Y141.97 E787.31477
G1 X88.293 Y142.989 E787.37002
G1 X89.191 Y143.986 E787.42558
G1 F1207.2 X90.113 Y144.938 E787.48035
G1 X91.071 Y145.863 E787.53538
G1 F1209.7 X92.061 Y146.757 E787.59039
G1 F1204.8 X93.084 Y147.612 E787.6456
G1 X94.142 Y148.444 E787.70134
G1 X95.217 Y149.226 E787.75638
G1 X96.312 Y149.97 E787.8112
G1 X97.444 Y150.679 E787.86651
G1 X98.595 Y151.348 E787.92164
G1 X99.774 Y151.983 E787.97709
G1 F1202.4 X100.966 Y152.569 E788.0322
G1 X102.189 Y153.123 E788.08791
G1 X103.413 Y153.624 E788.14279
G1 F1200 X104.661 Y154.086 E788.19811
G1 F1204.8 X105.902 Y154.496 E788.25223
G1 X107.213 Y154.883 E788.30884
G1 X108.518 Y155.22 E788.36465
G1 F1202.4 X109.902 Y155.524 E788.42344
G1 F1204.8 X110.986 Y155.725 E788.46909
G1 X112.192 Y155.907 E788.5196
G1 F1202.4 X112.126 Y156.401 E788.54028
;TIME_ELAPSED:1129.079186
;LAYER:20
;MESH:Led Ring.stl
G0 F9000 X112.126 Y156.401 Z4.2
;TYPE:WALL-OUTER
G1 F1200 X111.057 Y156.242 E788.58521
G1 X109.741 Y155.999 E788.64085
G1 X108.444 Y155.714 E788.69606
G1 X107.259 Y155.415 E788.74687
G1 X105.75 Y154.97 E788.81228
G1 F1202.4 X104.598 Y154.592 E788.86258
G1 F1200 X103.339 Y154.131 E788.91833
G1 X102.113 Y153.631 E788.97337
G1 X100.882 Y153.082 E789.02941
G1 X99.693 Y152.502 E789.08441
G1 X98.505 Y151.87 E789.14036
G1 X97.348 Y151.203 E789.19588
G1 X96.224 Y150.507 E789.25084
G1 F1197.6 X95.106 Y149.756 E789.30695
G1 X94.029 Y148.981 E789.36223
G1 F1195.2 X92.964 Y148.158 E789.41841
G1 X91.943 Y147.312 E789.47375
G1 F1200 X90.948 Y146.426 E789.52914
G1 X89.971 Y145.5 E789.58511
G1 X89.035 Y144.545 E789.6407
G1 F1195.2 X88.183 Y143.623 E789.69311
G1 F1192.8 X87.271 Y142.558 E789.75175
G1 F1195.2 X86.429 Y141.51 E789.80786
G1 F1192.8 X85.638 Y140.448 E789.86325
G1 F1195.2 X84.871 Y139.339 E789.91953
G1 X84.155 Y138.226 E789.97477
G1 F1192.8 X83.508 Y137.153 E790.02718
G1 F1190.5 X82.817 Y135.902 E790.08707
G1 F1192.8 X82.219 Y134.721 E790.14244
G1 F1195.2 X81.65 Y133.5 E790.19867
G1 X81.127 Y132.272 E790.25438
G1 F1190.5 X80.645 Y131.029 E790.31025
G1 X80.208 Y129.764 E790.36634
G1 X79.847 Y128.613 E790.41689
G1 F1188.1 X79.434 Y127.102 E790.48267
G1 F1190.5 X79.154 Y125.902 E790.53431
G1 F1192.8 X78.892 Y124.593 E790.59014
G1 X78.674 Y123.279 E790.64585
G1 X78.502 Y121.955 E790.70169
G1 X78.375 Y120.635 E790.75715
G1 F1195.2 X78.291 Y119.292 E790.81332
G1 F1192.8 X78.252 Y117.965 E790.86885
G1 F1190.5 X78.259 Y116.635 E790.92459
G1 F1195.2 X78.315 Y115.298 E790.98044
G1 F1197.6 X78.414 Y113.954 E791.03658
G1 F1195.2 X78.554 Y112.639 E791.09178
G1 X78.743 Y111.32 E791.1474
G1 X78.978 Y110.004 E791.2032
G1 X79.256 Y108.7 E791.25886
G1 F1200 X79.577 Y107.401 E791.31449
G1 X79.943 Y106.121 E791.36984
G1 F1195.2 X80.353 Y104.849 E791.42562
G1 X80.805 Y103.594 E791.4813
G1 F1197.6 X81.303 Y102.352 E791.53705
G1 F1195.2 X81.839 Y101.128 E791.59282
G1 X82.416 Y99.929 E791.64836
G1 F1190.5 X83.035 Y98.744 E791.70439
G1 F1192.8 X83.695 Y97.58 E791.76036
G1 F1195.2 X84.394 Y96.442 E791.8161
G1 F1197.6 X85.133 Y95.325 E791.8719
G1 F1195.2 X85.904 Y94.237 E791.92756
G1 X86.767 Y93.115 E791.98664
G1 F1197.6 X87.565 Y92.14 E792.03913
G1 F1195.2 X88.436 Y91.144 E792.09436
G1 F1190.5 X89.35 Y90.17 E792.15034
G1 F1192.8 X90.3 Y89.228 E792.20629
G1 F1195.2 X91.277 Y88.321 E792.26194
G1 F1197.6 X92.294 Y87.439 E792.31802
G1 X93.324 Y86.604 E792.37325
G1 F1195.2 X94.389 Y85.801 E792.42893
G1 X95.49 Y85.026 E792.48513
G1 X96.599 Y84.303 E792.54039
G1 X97.744 Y83.61 E792.59626
G1 F1200 X98.908 Y82.958 E792.65172
G1 F1204.8 X100.149 Y82.317 E792.70956
G1 X101.309 Y81.77 E792.76267
G1 F1192.8 X102.706 Y81.164 E792.82636
G1 X103.773 Y80.752 E792.8742
G1 F1200 X104.888 Y80.354 E792.92342
G1 X106.296 Y79.906 E792.98485
G1 F1192.8 X107.596 Y79.545 E793.04128
G1 F1190.5 X108.987 Y79.207 E793.10127
G1 F1195.2 X110.188 Y78.962 E793.15243
G1 F1200 X111.431 Y78.743 E793.20491
G1 X112.797 Y78.556 E793.26223
G1 X114.114 Y78.421 E793.31727
G1 X115.453 Y78.328 E793.37307
G1 X116.814 Y78.278 E793.42969
G1 X118.156 Y78.278 E793.48549
G1 F1202.4 X119.491 Y78.325 E793.54091
G1 F1200 X120.835 Y78.418 E793.59692
G1 X122.163 Y78.552 E793.65242
G1 X123.517 Y78.736 E793.70923
G1 X124.803 Y78.961 E793.7635
G1 F1197.6 X126.001 Y79.205 E793.81444
G1 F1195.2 X127.396 Y79.542 E793.87434
G1 X128.692 Y79.903 E793.9305
G1 F1200 X130.068 Y80.343 E793.99056
G1 F1202.4 X131.219 Y80.754 E794.04127
G1 F1195.2 X132.187 Y81.124 E794.08453
G1 F1190.5 X132.189 Y81.132 E794.08487
G1 F1195.2 X133.681 Y81.767 E794.15255
G1 X134.888 Y82.341 E794.20834
G1 F1192.8 X136.086 Y82.956 E794.26467
G1 F1197.6 X137.251 Y83.607 E794.32026
G1 F1195.2 X138.382 Y84.291 E794.37543
G1 X139.5 Y85.022 E794.43119
G1 X140.592 Y85.789 E794.48689
G1 X141.658 Y86.592 E794.5426
G1 X142.7 Y87.434 E794.59852
G1 F1197.6 X143.715 Y88.317 E794.65456
G1 F1195.2 X144.686 Y89.215 E794.70977
G1 F1190.5 X145.633 Y90.157 E794.76575
G1 X146.546 Y91.13 E794.82167
G1 F1195.2 X147.428 Y92.137 E794.87754
G1 X148.232 Y93.11 E794.93023
G1 F1192.8 X149.087 Y94.226 E794.98903
G1 F1195.2 X149.859 Y95.315 E795.04475
G1 X150.595 Y96.429 E795.10048
G1 F1192.8 X151.297 Y97.569 E795.15648
G1 X151.954 Y98.729 E795.21223
G1 F1195.2 X152.574 Y99.91 E795.26791
G1 X153.154 Y101.118 E795.32385
G1 F1192.8 X153.69 Y102.334 E795.37943
G1 F1190.5 X154.184 Y103.574 E795.43536
G1 F1192.8 X154.637 Y104.83 E795.49121
G1 F1195.2 X155.047 Y106.102 E795.54699
G1 F1192.8 X155.416 Y107.385 E795.60283
G1 F1188.1 X155.737 Y108.682 E795.65893
G1 F1185.8 X156.016 Y109.985 E795.715
G1 F1188.1 X156.25 Y111.3 E795.77108
G1 F1190.5 X156.438 Y112.625 E795.82717
G1 F1195.2 X156.586 Y113.947 E795.8827
G1 F1192.8 X156.684 Y115.282 E795.93868
G1 F1190.5 X156.736 Y116.614 E795.99455
G1 X156.745 Y117.95 E796.05054
G1 F1192.8 X156.709 Y119.284 E796.10635
G1 F1195.2 X156.621 Y120.629 E796.16261
G1 X156.494 Y121.949 E796.21797
G1 X156.324 Y123.272 E796.27364
G1 X156.106 Y124.588 E796.32932
G1 X155.843 Y125.896 E796.38501
G1 F1192.8 X155.564 Y127.093 E796.43642
G1 X155.147 Y128.606 E796.50206
G1 F1195.2 X154.79 Y129.758 E796.5524
G1 X154.353 Y131.021 E796.60819
G1 X153.872 Y132.266 E796.6639
G1 F1200 X153.349 Y133.494 E796.71939
G1 X152.78 Y134.715 E796.7754
G1 F1195.2 X152.184 Y135.894 E796.83054
G1 X151.485 Y137.148 E796.89047
G1 F1200 X150.845 Y138.221 E796.94241
G1 F1195.2 X150.129 Y139.333 E796.99762
G1 X149.362 Y140.442 E797.0539
G1 X148.571 Y141.503 E797.10914
G1 F1197.6 X147.729 Y142.553 E797.16521
G1 F1195.2 X146.819 Y143.617 E797.22365
G1 X145.965 Y144.541 E797.27617
G1 F1200 X145.031 Y145.494 E797.33165
G1 F1195.2 X144.056 Y146.421 E797.3878
G1 X143.063 Y147.307 E797.44335
G1 X142.038 Y148.153 E797.49883
G1 F1200 X140.973 Y148.978 E797.55484
G1 X139.899 Y149.752 E797.60988
G1 F1195.2 X138.779 Y150.503 E797.66616
G1 F1197.6 X137.657 Y151.199 E797.72117
G1 F1195.2 X136.502 Y151.866 E797.77684
G1 X135.31 Y152.499 E797.83318
G1 X134.122 Y153.079 E797.88836
G1 X132.889 Y153.629 E797.94472
G1 F1197.6 X131.665 Y154.128 E797.99978
G1 X130.404 Y154.591 E798.05574
G1 F1195.2 X129.253 Y154.974 E798.10637
G1 F1192.8 X127.746 Y155.412 E798.17201
G1 F1197.6 X126.591 Y155.705 E798.22165
G1 F1200 X125.262 Y155.998 E798.27823
G1 F1195.2 X123.947 Y156.239 E798.33404
G1 X122.871 Y156.399 E798.37944
G1 F1200 X122.805 Y155.906 E798.40012
G1 X124.003 Y155.72 E798.45053
G1 X125.084 Y155.526 E798.49619
G1 F1202.4 X126.478 Y155.22 E798.5554
G1 X127.775 Y154.886 E798.61098
G1 F1200 X129.059 Y154.509 E798.66661
G1 X130.326 Y154.089 E798.72211
G1 X131.575 Y153.627 E798.77747
G1 F1204.8 X132.798 Y153.127 E798.83218
G1 X134.024 Y152.572 E798.88791
G1 F1200 X135.214 Y151.988 E798.94302
G1 X136.395 Y151.352 E798.99879
G1 X137.545 Y150.684 E799.05408
G1 F1204.8 X138.676 Y149.975 E799.10936
G1 X139.773 Y149.231 E799.16424
G1 X140.85 Y148.449 E799.21936
G1 X141.907 Y147.616 E799.27509
G1 F1202.4 X142.928 Y146.763 E799.33029
G1 F1204.8 X143.919 Y145.869 E799.38555
G1 F1207.2 X144.88 Y144.943 E799.4407
G1 F1209.7 X145.799 Y143.993 E799.49522
G1 F1204.8 X146.698 Y142.995 E799.55084
G1 X147.558 Y141.977 E799.60602
G1 F1207.2 X148.384 Y140.926 E799.66126
G1 F1204.8 X149.169 Y139.851 E799.71638
G1 X149.918 Y138.748 E799.77159
G1 F1207.2 X150.63 Y137.621 E799.82668
G1 F1209.7 X151.294 Y136.481 E799.88109
G1 X151.932 Y135.294 E799.93667
G1 F1207.2 X152.522 Y134.102 E799.99164
G1 F1209.7 X153.074 Y132.882 E800.04686
G1 X153.582 Y131.651 E800.10178
G1 X154.045 Y130.403 E800.15668
G1 F1204.8 X154.464 Y129.138 E800.21186
G1 F1207.2 X154.839 Y127.871 E800.26647
G1 X155.177 Y126.571 E800.32198
G1 X155.467 Y125.266 E800.37722
G1 F1209.7 X155.712 Y123.954 E800.43227
G1 X155.906 Y122.649 E800.48668
G1 X156.059 Y121.313 E800.54214
G1 X156.168 Y119.985 E800.5971
G1 X156.232 Y118.652 E800.65214
G1 F1204.8 X156.245 Y117.319 E800.70734
G1 X156.217 Y115.986 E800.76255
G1 F1207.2 X156.14 Y114.614 E800.81934
G1 F1209.7 X156.031 Y113.413 E800.86907
G1 F1204.8 X155.831 Y111.875 E800.9333
G1 X155.638 Y110.688 E800.98309
G1 X155.381 Y109.38 E801.03829
G1 F1200 X155.047 Y107.966 E801.0987
G1 F1204.8 X154.768 Y106.913 E801.1438
G1 F1209.7 X154.345 Y105.531 E801.20341
G1 F1207.2 X153.907 Y104.259 E801.25901
G1 F1204.8 X153.433 Y103.026 E801.31371
G1 X152.909 Y101.787 E801.36941
G1 X152.346 Y100.578 E801.42464
G1 F1207.2 X151.75 Y99.4 E801.4792
G1 X151.098 Y98.223 E801.5348
G1 F1204.8 X150.414 Y97.08 E801.58996
G1 X149.693 Y95.958 E801.64518
G1 F1209.7 X148.932 Y94.862 E801.70021
G1 F1204.8 X148.132 Y93.794 E801.75547
G1 X147.298 Y92.756 E801.81061
G1 X146.429 Y91.746 E801.86578
G1 F1202.4 X145.531 Y90.774 E801.92069
G1 F1200 X144.586 Y89.816 E801.97663
G1 F1204.8 X143.619 Y88.903 E802.0317
G1 F1207.2 X142.629 Y88.026 E802.08636
G1 F1204.8 X141.59 Y87.175 E802.14197
G1 X140.54 Y86.37 E802.19676
G1 X139.445 Y85.589 E802.25246
G1 F1202.4 X138.342 Y84.859 E802.30734
G1 X137.207 Y84.16 E802.36264
G1 F1204.8 X136.039 Y83.496 E802.41828
G1 F1197.6 X134.666 Y82.794 E802.48252
G1 F1195.2 X133.659 Y82.305 E802.52925
G1 F1209.7 X132.443 Y81.774 E802.58397
G1 X131.192 Y81.276 E802.6395
G1 F1204.8 X129.941 Y80.825 E802.69457
G1 X128.68 Y80.422 E802.74939
G1 X127.509 Y80.088 E802.79981
G1 X126.104 Y79.741 E802.85974
G1 F1202.4 X124.795 Y79.468 E802.91522
G1 F1200 X123.483 Y79.237 E802.97061
G1 X122.155 Y79.053 E803.02634
G1 F1204.8 X120.833 Y78.919 E803.08137
G1 F1202.4 X119.51 Y78.827 E803.13639
G1 F1204.8 X118.165 Y78.778 E803.19213
G1 F1202.4 X116.84 Y78.778 E803.2471
G1 F1200 X115.522 Y78.826 E803.30194
G1 X114.17 Y78.918 E803.35827
G1 X112.883 Y79.049 E803.41206
G1 F1197.6 X111.547 Y79.232 E803.46823
G1 F1200 X110.209 Y79.466 E803.52471
G1 X108.901 Y79.739 E803.58026
G1 X107.495 Y80.089 E803.6405
G1 X106.324 Y80.419 E803.69108
G1 X105.08 Y80.816 E803.74537
G1 X103.811 Y81.273 E803.80144
G1 F1202.4 X102.56 Y81.768 E803.85726
G1 F1204.8 X101.351 Y82.3 E803.91196
G1 F1197.6 X100.449 Y82.738 E803.95373
G1 F1195.2 X100.433 Y82.727 E803.95454
G1 F1204.8 X98.969 Y83.491 E804.02292
G1 F1207.2 X97.797 Y84.156 E804.07861
G1 F1204.8 X96.661 Y84.855 E804.13384
G1 F1202.4 X95.558 Y85.584 E804.1887
G1 F1204.8 X94.463 Y86.365 E804.2444
G1 X93.405 Y87.174 E804.29955
G1 F1207.2 X92.378 Y88.02 E804.35453
G1 X91.383 Y88.897 E804.40934
G1 F1204.8 X90.408 Y89.819 E804.46491
G1 F1202.4 X89.47 Y90.768 E804.52028
G1 F1204.8 X88.565 Y91.747 E804.57548
G1 F1209.7 X87.704 Y92.75 E804.63
G1 X86.862 Y93.8 E804.68551
G1 F1204.8 X86.064 Y94.867 E804.74068
G1 X85.304 Y95.962 E804.79588
G1 F1207.2 X84.579 Y97.081 E804.85098
G1 F1204.8 X83.898 Y98.224 E804.90607
G1 X83.254 Y99.392 E804.9613
G1 X82.65 Y100.583 E805.0166
G1 F1207.2 X82.091 Y101.779 E805.07116
G1 F1209.7 X81.567 Y103.019 E805.12668
G1 X81.092 Y104.25 E805.18109
G1 X80.653 Y105.523 E805.23663
G1 X80.231 Y106.903 E805.29615
G1 X79.945 Y107.959 E805.34127
G1 X79.618 Y109.372 E805.40108
G1 F1207.2 X79.356 Y110.691 E805.45666
G1 X79.163 Y111.867 E805.50591
G1 F1209.7 X78.966 Y113.404 E805.56981
G1 X78.86 Y114.606 E805.61958
G1 F1207.2 X78.78 Y115.977 E805.67633
G1 F1204.8 X78.751 Y117.323 E805.73208
G1 X78.767 Y118.643 E805.78675
G1 F1207.2 X78.828 Y119.975 E805.84185
G1 X78.936 Y121.305 E805.897
G1 F1204.8 X79.089 Y122.641 E805.95268
G1 X79.286 Y123.945 E806.00729
G1 F1207.2 X79.528 Y125.257 E806.06242
G1 F1204.8 X79.82 Y126.563 E806.11784
G1 F1202.4 X80.155 Y127.862 E806.1735
G1 F1204.8 X80.529 Y129.131 E806.22828
G1 X80.948 Y130.394 E806.28338
G1 X81.414 Y131.644 E806.33863
G1 X81.922 Y132.875 E806.39377
G1 F1209.7 X82.47 Y134.094 E806.44889
G1 X83.061 Y135.287 E806.5038
G1 F1204.8 X83.697 Y136.474 E806.55956
G1 X84.365 Y137.614 E806.61428
G1 X85.073 Y138.741 E806.66939
G1 X85.822 Y139.844 E806.7246
G1 X86.607 Y140.919 E806.77972
G1 X87.432 Y141.97 E806.83505
G1 X88.293 Y142.989 E806.89029
G1 X89.191 Y143.986 E806.94585
G1 F1207.2 X90.113 Y144.938 E807.00062
G1 X91.071 Y145.863 E807.05565
G1 F1209.7 X92.061 Y146.757 E807.11066
G1 F1204.8 X93.084 Y147.612 E807.16587
G1 X94.142 Y148.444 E807.22161
G1 X95.217 Y149.226 E807.27665
G1 X96.312 Y149.97 E807.33147
G1 X97.444 Y150.679 E807.38678
G1 X98.595 Y151.348 E807.44191
G1 X99.774 Y151.983 E807.49736
G1 F1202.4 X100.966 Y152.569 E807.55247
G1 X102.189 Y153.123 E807.60818
G1 X103.413 Y153.624 E807.66306
G1 F1200 X104.661 Y154.086 E807.71838
G1 F1204.8 X105.902 Y154.496 E807.77251
G1 X107.213 Y154.883 E807.82911
G1 X108.518 Y155.22 E807.88492
G1 F1202.4 X109.902 Y155.524 E807.94371
G1 F1204.8 X110.986 Y155.725 E807.98937
G1 X112.192 Y155.907 E808.03987
G1 F1202.4 X112.126 Y156.401 E808.06055
;TIME_ELAPSED:1152.741356
;LAYER:21
;MESH:Led Ring.stl
G0 F9000 X112.126 Y156.401 Z4.4
;TYPE:WALL-OUTER
G1 F1200 X111.057 Y156.242 E808.10548
G1 X109.741 Y155.999 E808.16112
G1 X108.444 Y155.714 E808.21633
G1 X107.259 Y155.415 E808.26714
G1 X105.75 Y154.97 E808.33255
G1 F1202.4 X104.598 Y154.592 E808.38285
G1 F1200 X103.339 Y154.131 E808.4386
G1 X102.113 Y153.631 E808.49364
G1 X100.882 Y153.082 E808.54968
G1 X99.693 Y152.502 E808.60468
G1 X98.505 Y151.87 E808.66063
G1 X97.348 Y151.203 E808.71615
G1 X96.224 Y150.507 E808.77112
G1 F1197.6 X95.106 Y149.756 E808.82722
G1 X94.029 Y148.981 E808.8825
G1 F1195.2 X92.964 Y148.158 E808.93868
G1 X91.943 Y147.312 E808.99402
G1 F1200 X90.948 Y146.426 E809.04942
G1 X89.971 Y145.5 E809.10538
G1 X89.035 Y144.545 E809.16097
G1 F1195.2 X88.183 Y143.623 E809.21338
G1 F1192.8 X87.271 Y142.558 E809.27202
G1 F1195.2 X86.429 Y141.51 E809.32813
G1 F1192.8 X85.638 Y140.448 E809.38352
G1 F1195.2 X84.871 Y139.339 E809.4398
G1 X84.155 Y138.226 E809.49504
G1 F1192.8 X83.508 Y137.153 E809.54745
G1 F1190.5 X82.817 Y135.902 E809.60734
G1 F1192.8 X82.219 Y134.721 E809.66271
G1 F1195.2 X81.65 Y133.5 E809.71894
G1 X81.127 Y132.272 E809.77465
G1 F1190.5 X80.645 Y131.029 E809.83052
G1 X80.208 Y129.764 E809.88661
G1 X79.847 Y128.613 E809.93716
G1 F1188.1 X79.434 Y127.102 E810.00294
G1 F1190.5 X79.154 Y125.902 E810.05458
G1 F1192.8 X78.892 Y124.593 E810.11041
G1 X78.674 Y123.279 E810.16612
G1 X78.502 Y121.955 E810.22196
G1 X78.375 Y120.635 E810.27743
G1 F1195.2 X78.291 Y119.292 E810.33359
G1 F1192.8 X78.252 Y117.969 E810.38895
G1 F1190.5 X78.259 Y116.635 E810.44486
G1 F1195.2 X78.315 Y115.298 E810.50071
G1 F1197.6 X78.414 Y113.954 E810.55685
G1 F1195.2 X78.554 Y112.639 E810.61206
G1 X78.743 Y111.32 E810.66767
G1 X78.978 Y110.004 E810.72348
G1 X79.256 Y108.7 E810.77913
G1 F1200 X79.577 Y107.401 E810.83476
G1 X79.943 Y106.121 E810.89011
G1 F1195.2 X80.353 Y104.849 E810.94589
G1 X80.805 Y103.594 E811.00157
G1 F1197.6 X81.303 Y102.352 E811.05732
G1 F1195.2 X81.839 Y101.128 E811.11309
G1 X82.416 Y99.929 E811.16863
G1 F1190.5 X83.035 Y98.744 E811.22466
G1 F1192.8 X83.695 Y97.58 E811.28063
G1 F1195.2 X84.394 Y96.442 E811.33637
G1 F1197.6 X85.133 Y95.325 E811.39217
G1 F1195.2 X85.904 Y94.237 E811.44783
G1 X86.767 Y93.115 E811.50692
G1 F1197.6 X87.565 Y92.14 E811.5594
G1 F1195.2 X88.436 Y91.144 E811.61463
G1 F1190.5 X89.35 Y90.17 E811.67061
G1 F1192.8 X90.3 Y89.228 E811.72656
G1 F1195.2 X91.277 Y88.321 E811.78221
G1 F1197.6 X92.294 Y87.439 E811.83829
G1 X93.324 Y86.604 E811.89353
G1 F1195.2 X94.389 Y85.801 E811.9492
G1 X95.49 Y85.026 E812.0054
G1 X96.599 Y84.303 E812.06066
G1 X97.744 Y83.61 E812.11653
G1 F1200 X98.908 Y82.958 E812.172
G1 F1204.8 X100.149 Y82.317 E812.22983
G1 X101.309 Y81.77 E812.28294
G1 F1192.8 X102.706 Y81.164 E812.34663
G1 X103.773 Y80.752 E812.39447
G1 F1200 X104.888 Y80.354 E812.44369
G1 X106.296 Y79.906 E812.50512
G1 F1192.8 X107.596 Y79.545 E812.56155
G1 F1190.5 X108.987 Y79.207 E812.62154
G1 F1195.2 X110.188 Y78.962 E812.6727
G1 F1200 X111.431 Y78.743 E812.72518
G1 X112.797 Y78.556 E812.7825
G1 X114.114 Y78.421 E812.83754
G1 X115.453 Y78.328 E812.89334
G1 X116.814 Y78.278 E812.94997
G1 X118.156 Y78.278 E813.00576
G1 F1202.4 X119.491 Y78.325 E813.06119
G1 F1200 X120.835 Y78.418 E813.1172
G1 X122.163 Y78.552 E813.17269
G1 X123.517 Y78.736 E813.2295
G1 X124.803 Y78.961 E813.28378
G1 F1197.6 X126.001 Y79.205 E813.33471
G1 F1195.2 X127.396 Y79.542 E813.39461
G1 X128.692 Y79.903 E813.45077
G1 F1200 X130.068 Y80.343 E813.51083
G1 F1202.4 X131.219 Y80.754 E813.56154
G1 F1195.2 X132.187 Y81.124 E813.6048
G1 F1190.5 X132.189 Y81.132 E813.60514
G1 F1195.2 X133.681 Y81.767 E813.67283
G1 X134.888 Y82.341 E813.72862
G1 F1192.8 X136.086 Y82.956 E813.78494
G1 F1197.6 X137.251 Y83.607 E813.84053
G1 F1195.2 X138.382 Y84.291 E813.8957
G1 X139.5 Y85.022 E813.95146
G1 X140.592 Y85.789 E814.00716
G1 X141.658 Y86.592 E814.06287
G1 X142.7 Y87.434 E814.11879
G1 F1197.6 X143.715 Y88.317 E814.17484
G1 F1195.2 X144.686 Y89.215 E814.23004
G1 F1190.5 X145.633 Y90.157 E814.28602
G1 X146.546 Y91.13 E814.34194
G1 F1195.2 X147.428 Y92.137 E814.39781
G1 X148.232 Y93.11 E814.4505
G1 F1192.8 X149.087 Y94.226 E814.5093
G1 F1195.2 X149.859 Y95.315 E814.56502
G1 X150.595 Y96.429 E814.62075
G1 F1192.8 X151.297 Y97.569 E814.67675
G1 X151.954 Y98.729 E814.73251
G1 F1195.2 X152.574 Y99.91 E814.78818
G1 X153.154 Y101.118 E814.84412
G1 F1192.8 X153.69 Y102.334 E814.8997
G1 F1190.5 X154.184 Y103.574 E814.95563
G1 F1192.8 X154.637 Y104.83 E815.01148
G1 F1195.2 X155.047 Y106.102 E815.06726
G1 F1192.8 X155.416 Y107.385 E815.1231
G1 F1188.1 X155.737 Y108.682 E815.17921
G1 F1185.8 X156.016 Y109.985 E815.23527
G1 F1188.1 X156.25 Y111.3 E815.29136
G1 F1190.5 X156.438 Y112.625 E815.34744
G1 F1195.2 X156.586 Y113.947 E815.40297
G1 F1192.8 X156.684 Y115.282 E815.45895
G1 F1190.5 X156.736 Y116.614 E815.51482
G1 X156.745 Y117.95 E815.57081
G1 F1192.8 X156.709 Y119.284 E815.62662
G1 F1195.2 X156.621 Y120.629 E815.68288
G1 X156.494 Y121.949 E815.73824
G1 X156.324 Y123.272 E815.79391
G1 X156.106 Y124.588 E815.8496
G1 X155.843 Y125.896 E815.90529
G1 F1192.8 X155.564 Y127.093 E815.95669
G1 X155.147 Y128.606 E816.02233
G1 F1195.2 X154.79 Y129.758 E816.07267
G1 X154.353 Y131.021 E816.12846
G1 X153.872 Y132.266 E816.18417
G1 F1200 X153.349 Y133.494 E816.23966
G1 X152.78 Y134.715 E816.29567
G1 F1195.2 X152.184 Y135.894 E816.35081
G1 X151.485 Y137.148 E816.41074
G1 F1200 X150.845 Y138.221 E816.46268
G1 F1195.2 X150.129 Y139.333 E816.51789
G1 X149.362 Y140.442 E816.57417
G1 X148.571 Y141.503 E816.62941
G1 F1197.6 X147.729 Y142.553 E816.68548
G1 F1195.2 X146.819 Y143.617 E816.74392
G1 X145.965 Y144.541 E816.79644
G1 F1200 X145.031 Y145.494 E816.85192
G1 F1195.2 X144.056 Y146.421 E816.90807
G1 X143.063 Y147.307 E816.96362
G1 X142.038 Y148.153 E817.0191
G1 F1200 X140.973 Y148.978 E817.07511
G1 X139.899 Y149.752 E817.13015
G1 F1195.2 X138.779 Y150.503 E817.18644
G1 F1197.6 X137.657 Y151.199 E817.24144
G1 F1195.2 X136.502 Y151.866 E817.29711
G1 X135.31 Y152.499 E817.35345
G1 X134.122 Y153.079 E817.40863
G1 X132.889 Y153.629 E817.46499
G1 F1197.6 X131.665 Y154.128 E817.52005
G1 X130.404 Y154.591 E817.57601
G1 F1195.2 X129.253 Y154.974 E817.62665
G1 F1192.8 X127.746 Y155.412 E817.69228
G1 F1197.6 X126.591 Y155.705 E817.74192
G1 F1200 X125.262 Y155.998 E817.7985
G1 F1195.2 X123.947 Y156.239 E817.85431
G1 X122.871 Y156.399 E817.89972
G1 F1200 X122.805 Y155.906 E817.92039
G1 X124.003 Y155.72 E817.9708
G1 X125.084 Y155.526 E818.01646
G1 F1202.4 X126.478 Y155.22 E818.07568
G1 X127.775 Y154.886 E818.13125
G1 F1200 X129.059 Y154.509 E818.18688
G1 X130.326 Y154.089 E818.24238
G1 X131.575 Y153.627 E818.29774
G1 F1204.8 X132.798 Y153.127 E818.35246
G1 X134.024 Y152.572 E818.40818
G1 F1200 X135.214 Y151.988 E818.46329
G1 X136.395 Y151.352 E818.51906
G1 X137.545 Y150.684 E818.57435
G1 F1204.8 X138.676 Y149.975 E818.62963
G1 X139.773 Y149.231 E818.68452
G1 X140.85 Y148.449 E818.73963
G1 X141.907 Y147.616 E818.79536
G1 F1202.4 X142.928 Y146.763 E818.85056
G1 F1204.8 X143.919 Y145.869 E818.90583
G1 F1207.2 X144.88 Y144.943 E818.96098
G1 F1209.7 X145.799 Y143.993 E819.01549
G1 F1204.8 X146.698 Y142.995 E819.07111
G1 X147.558 Y141.977 E819.12629
G1 F1207.2 X148.384 Y140.926 E819.18153
G1 F1204.8 X149.169 Y139.851 E819.23665
G1 X149.918 Y138.748 E819.29186
G1 F1207.2 X150.63 Y137.621 E819.34695
G1 F1209.7 X151.294 Y136.481 E819.40136
G1 X151.932 Y135.294 E819.45694
G1 F1207.2 X152.522 Y134.102 E819.51191
G1 F1209.7 X153.074 Y132.882 E819.56713
G1 X153.582 Y131.651 E819.62206
G1 X154.045 Y130.403 E819.67695
G1 F1204.8 X154.464 Y129.138 E819.73214
G1 F1207.2 X154.839 Y127.871 E819.78674
G1 X155.177 Y126.571 E819.84225
G1 X155.467 Y125.266 E819.8975
G1 F1209.7 X155.712 Y123.954 E819.95254
G1 X155.906 Y122.649 E820.00695
G1 X156.059 Y121.313 E820.06241
G1 X156.168 Y119.985 E820.11737
G1 X156.232 Y118.652 E820.17241
G1 F1204.8 X156.245 Y117.319 E820.22761
G1 X156.217 Y115.986 E820.28282
G1 F1207.2 X156.14 Y114.614 E820.33961
G1 F1209.7 X156.031 Y113.413 E820.38934
G1 F1204.8 X155.831 Y111.875 E820.45357
G1 X155.638 Y110.688 E820.50336
G1 X155.381 Y109.38 E820.55856
G1 F1200 X155.047 Y107.966 E820.61897
G1 F1204.8 X154.768 Y106.913 E820.66408
G1 F1209.7 X154.345 Y105.531 E820.72368
G1 F1207.2 X153.907 Y104.259 E820.77928
G1 F1204.8 X153.433 Y103.026 E820.83398
G1 X152.909 Y101.787 E820.88968
G1 X152.346 Y100.578 E820.94491
G1 F1207.2 X151.75 Y99.4 E820.99947
G1 X151.098 Y98.223 E821.05507
G1 F1204.8 X150.414 Y97.08 E821.11023
G1 X149.693 Y95.958 E821.16546
G1 F1209.7 X148.932 Y94.862 E821.22049
G1 F1204.8 X148.132 Y93.794 E821.27574
G1 X147.298 Y92.756 E821.33088
G1 X146.429 Y91.746 E821.38605
G1 F1202.4 X145.531 Y90.774 E821.44096
G1 F1200 X144.586 Y89.816 E821.49691
G1 F1204.8 X143.619 Y88.903 E821.55198
G1 F1207.2 X142.629 Y88.026 E821.60663
G1 F1204.8 X141.59 Y87.175 E821.66225
G1 X140.54 Y86.37 E821.71703
G1 X139.445 Y85.589 E821.77273
G1 F1202.4 X138.342 Y84.859 E821.82761
G1 X137.207 Y84.16 E821.88292
G1 F1204.8 X136.039 Y83.496 E821.93855
G1 F1197.6 X134.666 Y82.794 E822.00279
G1 F1195.2 X133.659 Y82.305 E822.04952
G1 F1209.7 X132.443 Y81.774 E822.10424
G1 X131.192 Y81.276 E822.15977
G1 F1204.8 X129.941 Y80.825 E822.21484
G1 X128.68 Y80.422 E822.26966
G1 X127.509 Y80.088 E822.32008
G1 X126.104 Y79.741 E822.38001
G1 F1202.4 X124.795 Y79.468 E822.43549
G1 F1200 X123.483 Y79.237 E822.49088
G1 X122.155 Y79.053 E822.54662
G1 F1204.8 X120.833 Y78.919 E822.60164
G1 F1202.4 X119.51 Y78.827 E822.65667
G1 F1204.8 X118.165 Y78.778 E822.7124
G1 F1202.4 X116.84 Y78.778 E822.76737
G1 F1200 X115.522 Y78.826 E822.82221
G1 X114.17 Y78.918 E822.87855
G1 X112.883 Y79.049 E822.93233
G1 F1197.6 X111.547 Y79.232 E822.98851
G1 F1200 X110.209 Y79.466 E823.04498
G1 X108.901 Y79.739 E823.10053
G1 X107.495 Y80.089 E823.16077
G1 X106.324 Y80.419 E823.21135
G1 X105.08 Y80.816 E823.26564
G1 X103.811 Y81.273 E823.32171
G1 F1202.4 X102.56 Y81.768 E823.37754
G1 F1204.8 X101.351 Y82.3 E823.43223
G1 F1197.6 X100.449 Y82.738 E823.474
G1 F1195.2 X100.433 Y82.727 E823.47481
G1 F1204.8 X98.969 Y83.491 E823.54319
G1 F1207.2 X97.797 Y84.156 E823.59888
G1 F1204.8 X96.661 Y84.855 E823.65411
G1 F1202.4 X95.558 Y85.584 E823.70897
G1 F1204.8 X94.463 Y86.365 E823.76467
G1 X93.405 Y87.174 E823.81982
G1 F1207.2 X92.378 Y88.02 E823.8748
G1 X91.383 Y88.897 E823.92962
G1 F1204.8 X90.408 Y89.819 E823.98518
G1 F1202.4 X89.47 Y90.768 E824.04055
G1 F1204.8 X88.565 Y91.747 E824.09575
G1 F1209.7 X87.704 Y92.75 E824.15027
G1 X86.862 Y93.8 E824.20578
G1 F1204.8 X86.064 Y94.867 E824.26095
G1 X85.304 Y95.962 E824.31615
G1 F1207.2 X84.579 Y97.081 E824.37125
G1 F1204.8 X83.898 Y98.224 E824.42634
G1 X83.254 Y99.392 E824.48157
G1 X82.65 Y100.583 E824.53687
G1 F1207.2 X82.091 Y101.779 E824.59143
G1 F1209.7 X81.567 Y103.019 E824.64695
G1 X81.092 Y104.25 E824.70137
G1 X80.653 Y105.523 E824.7569
G1 X80.231 Y106.903 E824.81642
G1 X79.945 Y107.959 E824.86154
G1 X79.618 Y109.372 E824.92135
G1 F1207.2 X79.356 Y110.691 E824.97693
G1 X79.163 Y111.867 E825.02618
G1 F1209.7 X78.966 Y113.404 E825.09009
G1 X78.86 Y114.606 E825.13985
G1 F1207.2 X78.78 Y115.977 E825.19661
G1 F1204.8 X78.751 Y117.323 E825.25236
G1 X78.767 Y118.643 E825.30702
G1 F1207.2 X78.828 Y119.975 E825.36212
G1 X78.936 Y121.305 E825.41727
G1 F1204.8 X79.089 Y122.641 E825.47295
G1 X79.286 Y123.945 E825.52756
G1 F1207.2 X79.528 Y125.257 E825.58269
G1 F1204.8 X79.82 Y126.563 E825.63811
G1 F1202.4 X80.155 Y127.862 E825.69377
G1 F1204.8 X80.529 Y129.131 E825.74855
G1 X80.948 Y130.394 E825.80366
G1 X81.414 Y131.644 E825.8589
G1 X81.922 Y132.875 E825.91404
G1 F1209.7 X82.47 Y134.094 E825.96916
G1 X83.061 Y135.287 E826.02407
G1 F1204.8 X83.697 Y136.474 E826.07983
G1 X84.365 Y137.614 E826.13455
G1 X85.073 Y138.741 E826.18966
G1 X85.822 Y139.844 E826.24487
G1 X86.607 Y140.919 E826.29999
G1 X87.432 Y141.97 E826.35532
G1 X88.293 Y142.989 E826.41056
G1 X89.191 Y143.986 E826.46612
G1 F1207.2 X90.113 Y144.938 E826.52089
G1 X91.071 Y145.863 E826.57592
G1 F1209.7 X92.061 Y146.757 E826.63094
G1 F1204.8 X93.084 Y147.612 E826.68614
G1 X94.142 Y148.444 E826.74188
G1 X95.217 Y149.226 E826.79692
G1 X96.312 Y149.97 E826.85174
G1 X97.444 Y150.679 E826.90705
G1 X98.595 Y151.348 E826.96218
G1 X99.774 Y151.983 E827.01763
G1 F1202.4 X100.966 Y152.569 E827.07275
G1 X102.189 Y153.123 E827.12845
G1 X103.413 Y153.624 E827.18333
G1 F1200 X104.661 Y154.086 E827.23866
G1 F1204.8 X105.902 Y154.496 E827.29278
G1 X107.213 Y154.883 E827.34938
G1 X108.518 Y155.22 E827.40519
G1 F1202.4 X109.902 Y155.524 E827.46398
G1 F1204.8 X110.986 Y155.725 E827.50964
G1 X112.192 Y155.907 E827.56014
G1 F1202.4 X112.126 Y156.401 E827.58082
;TIME_ELAPSED:1176.403526
G1 F2700 E822.58082
M140 S0
M107
G91 ;Relative positioning
G1 E-2 F2700 ;Retract a bit
G1 E-2 Z0.2 F2400 ;Retract and raise Z
G1 X5 Y5 F3000 ;Wipe out
G1 Z10 ;Raise Z more
G90 ;Absolute positioning

G1 X0 Y235 ;Present print
M106 S0 ;Turn-off fan
M104 S0 ;Turn-off hotend
M140 S0 ;Turn-off bed

M84 X Y E ;Disable all steppers but Z

M82 ;absolute extrusion mode
M104 S0
;End of Gcode
;SETTING_3 {"global_quality": "[general]\\nversion = 4\\nname = Standard Quality
;SETTING_3  #2\\ndefinition = creality_base\\n\\n[metadata]\\ntype = quality_cha
;SETTING_3 nges\\nquality_type = standard\\nsetting_version = 25\\n\\n[values]\\
;SETTING_3 n\\n", "extruder_quality": ["[general]\\nversion = 4\\nname = Standar
;SETTING_3 d Quality #2\\ndefinition = creality_ender3\\n\\n[metadata]\\ntype = 
;SETTING_3 quality_changes\\nquality_type = standard\\nsetting_version = 25\\npo
;SETTING_3 sition = 0\\n\\n[values]\\nbottom_layers = 2\\ninfill_sparse_density 
;SETTING_3 = 0\\ntop_layers = 2\\n\\n"]}
