;FLAVOR:Marlin
;TIME:949
;Filament used: 0.66284m
;Layer height: 0.2
;MINX:67.717
;MINY:67.739
;MINZ:0.2
;MAXX:167.287
;MAXY:167.309
;MAXZ:4.4
;TARGET_MACHINE.NAME:Creality Ender-3
;Generated with Cura_SteamEngine 5.10.2
M140 S50
M105
M190 S50
M104 S200
M105
M109 S200
; Ender 3 Custom Start G-code
G92 E0 ; Reset Extruder
G28 ; Home all axes
G1 Z2.0 F3000 ; Move Z Axis up little to prevent scratching of Heat Bed
G1 X0.1 Y20 Z0.3 F5000.0 ; Move to start position
G1 X0.1 Y200.0 Z0.3 F1500.0 E15 ; Draw the first line
G1 X0.4 Y200.0 Z0.3 F5000.0 ; Move to side a little
G1 X0.4 Y20 Z0.3 F1500.0 E30 ; Draw the second line
G92 E0 ; Reset Extruder
G1 Z2.0 F3000 ; Move Z Axis up little to prevent scratching of Heat Bed
G1 X5 Y20 Z0.3 F5000.0 ; Move over to prevent blob squish
M82 ;absolute extrusion mode
G92 E0
G92 E0
G1 F2700 E-5
;LAYER_COUNT:22
;LAYER:0
M107
G0 F6000 X82.326 Y82.288 Z0.2
;TYPE:SKIRT
G1 F2700 E0
G1 F1200 X83.814 Y80.863 E0.06853
G1 X85.018 Y79.791 E0.12214
G1 X86.023 Y78.949 E0.16575
G1 X87.386 Y77.878 E0.22341
G1 X88.688 Y76.921 E0.27715
G1 X90.112 Y75.947 E0.33453
G1 X91.515 Y75.056 E0.38981
G1 X92.975 Y74.197 E0.44615
G1 X94.715 Y73.256 E0.51194
G1 X95.907 Y72.664 E0.55621
G1 X97.461 Y71.948 E0.61312
G1 X98.956 Y71.319 E0.66707
G1 X100.548 Y70.712 E0.72373
G1 X102.445 Y70.066 E0.79039
G1 X104.01 Y69.599 E0.84471
G1 X105.331 Y69.247 E0.89018
G1 X106.951 Y68.869 E0.9455
G1 X108.627 Y68.534 E1.00235
G1 X110.234 Y68.271 E1.05651
G1 X112.268 Y68.014 E1.1247
G1 X113.95 Y67.865 E1.18086
G1 X115.607 Y67.774 E1.23606
G1 X117.26 Y67.739 E1.29105
G1 X118.922 Y67.758 E1.34633
G1 X120.63 Y67.836 E1.4032
G1 X122.273 Y67.968 E1.45802
G1 X123.966 Y68.159 E1.51469
G1 X125.59 Y68.398 E1.56928
G1 X127.223 Y68.696 E1.6245
G1 X128.911 Y69.062 E1.68194
G1 X130.478 Y69.459 E1.73571
G1 X132.098 Y69.927 E1.79179
G1 X133.716 Y70.453 E1.84838
G1 X135.258 Y71.013 E1.90294
G1 X136.825 Y71.64 E1.95908
G1 X138.02 Y72.161 E2.00244
G1 X139.566 Y72.894 E2.05935
G1 X141.337 Y73.812 E2.12569
G1 X142.775 Y74.63 E2.18072
G1 X144.255 Y75.537 E2.23845
G1 X145.601 Y76.427 E2.29212
G1 X147.003 Y77.42 E2.34926
G1 X148.305 Y78.411 E2.40369
G1 X149.613 Y79.479 E2.45985
G1 X150.864 Y80.571 E2.51508
G1 X152.135 Y81.758 E2.57292
G1 X153.257 Y82.879 E2.62567
G1 X154.136 Y83.81 E2.66826
G1 X155.318 Y85.143 E2.72752
G1 X156.356 Y86.395 E2.78161
G1 X157.383 Y87.723 E2.83744
G1 X158.574 Y89.386 E2.90548
G1 X159.298 Y90.475 E2.94897
G1 X160.176 Y91.883 E3.00416
G1 X161.017 Y93.335 E3.05997
G1 X161.805 Y94.811 E3.11562
G1 X162.54 Y96.306 E3.17103
G1 X163.243 Y97.866 E3.22794
G1 X163.858 Y99.365 E3.28183
G1 X164.449 Y100.953 E3.33819
G1 X165.089 Y102.893 E3.40613
G1 X165.547 Y104.474 E3.46088
G1 X165.958 Y106.095 E3.5165
G1 X166.312 Y107.724 E3.57194
G1 X166.617 Y109.377 E3.62785
G1 X166.863 Y111.035 E3.6836
G1 X167.018 Y112.355 E3.7278
G1 X167.163 Y114.023 E3.78349
G1 X167.253 Y115.681 E3.83872
G1 X167.287 Y117.355 E3.89441
G1 X167.264 Y119.061 E3.95115
G1 X167.187 Y120.692 E4.00546
G1 X167.052 Y122.362 E4.06119
G1 X166.86 Y124.041 E4.1174
G1 X166.613 Y125.687 E4.17275
G1 X166.241 Y127.681 E4.24022
G1 X165.874 Y129.305 E4.2956
G1 X165.449 Y130.929 E4.35143
G1 X164.979 Y132.51 E4.40629
G1 X164.556 Y133.792 E4.45119
G1 X163.979 Y135.372 E4.50713
G1 X163.364 Y136.9 E4.56192
G1 X162.676 Y138.453 E4.61841
G1 X161.953 Y139.949 E4.67368
G1 X161.175 Y141.429 E4.72929
G1 X160.351 Y142.875 E4.78464
G1 X159.468 Y144.312 E4.84074
G1 X158.555 Y145.691 E4.89575
G1 X157.578 Y147.066 E4.95185
G1 X156.567 Y148.391 E5.00728
G1 X155.514 Y149.676 E5.06254
G1 X154.159 Y151.216 E5.13076
G1 X153.008 Y152.427 E5.18633
G1 X152.112 Y153.313 E5.22824
G1 X150.543 Y154.768 E5.29941
G1 X149.356 Y155.789 E5.35149
G1 X148.302 Y156.641 E5.39656
G1 X146.67 Y157.872 E5.46456
G1 X145.322 Y158.813 E5.51923
G1 X143.897 Y159.739 E5.57576
G1 X142.483 Y160.592 E5.63068
G1 X141 Y161.419 E5.68716
G1 X139.849 Y162.015 E5.73027
G1 X138.342 Y162.741 E5.7859
G1 X136.517 Y163.538 E5.85214
G1 X134.876 Y164.181 E5.91076
G1 X133.318 Y164.732 E5.96572
G1 X131.767 Y165.223 E6.01983
G1 X130.109 Y165.69 E6.07713
G1 X128.574 Y166.066 E6.12969
G1 X126.88 Y166.421 E6.18726
G1 X125.221 Y166.71 E6.24326
G1 X123.58 Y166.94 E6.29838
G1 X121.921 Y167.116 E6.35387
G1 X120.22 Y167.239 E6.41059
G1 X118.594 Y167.3 E6.46471
G1 X116.877 Y167.309 E6.52182
G1 X115.538 Y167.274 E6.56637
G1 X113.961 Y167.186 E6.6189
G1 X112.19 Y167.028 E6.67804
G1 X110.607 Y166.833 E6.73109
G1 X108.912 Y166.567 E6.78815
G1 X107.269 Y166.25 E6.84381
G1 X105.653 Y165.883 E6.89892
G1 X103.701 Y165.363 E6.96611
G1 X102.107 Y164.874 E7.02157
G1 X100.491 Y164.319 E7.0784
G1 X98.948 Y163.729 E7.13334
G1 X97.428 Y163.087 E7.18822
G1 X95.873 Y162.371 E7.24516
G1 X94.727 Y161.8 E7.28775
G1 X92.91 Y160.817 E7.35646
G1 X91.493 Y159.981 E7.41118
G1 X90.078 Y159.081 E7.46695
G1 X88.673 Y158.119 E7.52359
G1 X87.376 Y157.164 E7.57716
G1 X86.02 Y156.099 E7.63451
G1 X85.022 Y155.263 E7.67781
G1 X83.778 Y154.155 E7.73322
G1 X82.567 Y153.002 E7.78883
G1 X81.39 Y151.802 E7.84474
G1 X80.224 Y150.529 E7.90215
G1 X78.978 Y149.068 E7.96602
G1 X77.887 Y147.685 E8.02461
G1 X76.918 Y146.37 E8.07894
G1 X76.157 Y145.27 E8.12342
G1 X75.099 Y143.623 E8.18853
G1 X74.206 Y142.111 E8.24694
G1 X73.419 Y140.669 E8.30158
G1 X72.669 Y139.182 E8.35697
G1 X71.96 Y137.651 E8.41308
G1 X71.441 Y136.436 E8.45703
G1 X70.833 Y134.875 E8.51275
G1 X70.274 Y133.289 E8.56868
G1 X69.787 Y131.748 E8.62243
G1 X69.312 Y130.049 E8.68111
G1 X68.938 Y128.51 E8.73378
G1 X68.582 Y126.792 E8.79214
G1 X68.312 Y125.231 E8.84483
G1 X68.072 Y123.497 E8.90305
G1 X67.902 Y121.862 E8.95772
G1 X67.781 Y120.158 E9.01454
G1 X67.723 Y118.543 E9.06829
G1 X67.717 Y116.845 E9.12477
G1 X67.786 Y114.829 E9.19186
G1 X67.903 Y113.162 E9.24744
G1 X68.033 Y111.867 E9.29073
G1 X68.261 Y110.153 E9.34824
G1 X68.531 Y108.533 E9.40286
G1 X68.868 Y106.859 E9.45966
G1 X69.32 Y104.975 E9.5241
G1 X69.796 Y103.277 E9.58275
G1 X70.281 Y101.74 E9.63636
G1 X70.845 Y100.14 E9.69278
G1 X71.445 Y98.606 E9.74757
G1 X72.118 Y97.047 E9.80405
G1 X72.842 Y95.513 E9.86046
G1 X73.593 Y94.052 E9.9151
G1 X74.394 Y92.612 E9.96991
G1 X75.284 Y91.131 E10.02737
G1 X76.175 Y89.755 E10.0819
G1 X77.134 Y88.382 E10.1376
G1 X78.115 Y87.069 E10.19211
G1 X79.217 Y85.694 E10.25072
G1 X80.238 Y84.504 E10.30287
G1 X81.173 Y83.479 E10.34902
G1 X82.326 Y82.288 E10.40415
G0 F6000 X82.603 Y82.577
G1 F1200 X84.08 Y81.162 E10.47218
G1 X85.275 Y80.098 E10.5254
G1 X86.28 Y79.256 E10.56901
G1 X87.623 Y78.2 E10.62583
G1 X88.914 Y77.251 E10.67912
G1 X90.326 Y76.285 E10.73602
G1 X91.718 Y75.401 E10.79087
G1 X93.165 Y74.549 E10.84672
G1 X94.893 Y73.614 E10.91207
G1 X96.074 Y73.027 E10.95593
G1 X97.616 Y72.317 E11.0124
G1 X99.099 Y71.693 E11.06591
G1 X100.677 Y71.091 E11.12208
G1 X102.574 Y70.445 E11.18874
G1 X104.113 Y69.986 E11.24215
G1 X105.434 Y69.634 E11.28762
G1 X107.029 Y69.261 E11.3421
G1 X108.692 Y68.929 E11.3985
G1 X110.284 Y68.668 E11.45216
G1 X112.303 Y68.412 E11.51985
G1 X113.972 Y68.264 E11.57558
G1 X115.616 Y68.174 E11.63034
G1 X117.255 Y68.139 E11.68487
G1 X118.904 Y68.158 E11.73972
G1 X120.598 Y68.235 E11.79612
G1 X122.228 Y68.365 E11.8505
G1 X123.908 Y68.555 E11.90674
G1 X125.518 Y68.792 E11.96086
G1 X127.138 Y69.087 E12.01563
G1 X128.813 Y69.45 E12.07264
G1 X130.367 Y69.843 E12.12595
G1 X131.974 Y70.307 E12.18158
G1 X133.58 Y70.829 E12.23775
G1 X135.109 Y71.384 E12.29185
G1 X136.665 Y72.007 E12.3476
G1 X137.86 Y72.528 E12.39095
G1 X139.382 Y73.249 E12.44697
G1 X141.139 Y74.16 E12.5128
G1 X142.566 Y74.971 E12.56739
G1 X144.035 Y75.871 E12.62469
G1 X145.37 Y76.753 E12.67791
G1 X146.761 Y77.738 E12.73459
G1 X148.052 Y78.721 E12.78856
G1 X149.35 Y79.78 E12.84428
G1 X150.591 Y80.863 E12.89906
G1 X151.852 Y82.041 E12.95646
G1 X152.966 Y83.154 E13.00883
G1 X153.845 Y84.085 E13.05142
G1 X155.01 Y85.398 E13.1098
G1 X156.04 Y86.64 E13.16347
G1 X157.058 Y87.956 E13.21881
G1 X158.241 Y89.607 E13.28636
G1 X158.959 Y90.687 E13.3295
G1 X159.83 Y92.083 E13.38422
G1 X160.664 Y93.523 E13.43957
G1 X161.446 Y94.988 E13.4948
G1 X162.175 Y96.47 E13.54974
G1 X162.873 Y98.018 E13.60622
G1 X163.483 Y99.505 E13.65967
G1 X164.069 Y101.078 E13.7155
G1 X164.705 Y103.004 E13.78296
G1 X165.159 Y104.572 E13.83726
G1 X165.567 Y106.18 E13.89244
G1 X165.919 Y107.796 E13.94744
G1 X166.221 Y109.436 E14.00291
G1 X166.466 Y111.082 E14.05826
G1 X166.62 Y112.39 E14.10206
G1 X166.764 Y114.045 E14.15732
G1 X166.853 Y115.689 E14.21208
G1 X166.887 Y117.35 E14.26733
G1 X166.864 Y119.042 E14.32361
G1 X166.788 Y120.66 E14.37749
G1 X166.655 Y122.316 E14.43274
G1 X166.464 Y123.982 E14.48852
G1 X166.22 Y125.614 E14.5434
G1 X165.851 Y127.593 E14.61036
G1 X165.487 Y129.204 E14.66529
G1 X165.066 Y130.815 E14.72067
G1 X164.599 Y132.385 E14.77515
G1 X164.18 Y133.655 E14.81963
G1 X163.608 Y135.223 E14.87515
G1 X162.998 Y136.738 E14.92947
G1 X162.316 Y138.279 E14.98551
G1 X161.599 Y139.763 E15.04033
G1 X160.827 Y141.231 E15.0955
G1 X160.01 Y142.666 E15.15042
G1 X159.135 Y144.091 E15.20604
G1 X158.229 Y145.459 E15.26061
G1 X157.26 Y146.823 E15.31626
G1 X156.249 Y148.148 E15.37169
G1 X155.214 Y149.412 E15.42603
G1 X153.869 Y150.94 E15.49374
G1 X152.718 Y152.151 E15.5493
G1 X151.84 Y153.02 E15.59039
G1 X150.282 Y154.465 E15.66107
G1 X149.104 Y155.478 E15.71274
G1 X148.061 Y156.322 E15.75737
G1 X146.441 Y157.544 E15.82486
G1 X145.104 Y158.478 E15.8791
G1 X143.69 Y159.396 E15.93518
G1 X142.276 Y160.249 E15.9901
G1 X140.816 Y161.064 E16.04571
G1 X139.675 Y161.655 E16.08845
G1 X138.182 Y162.374 E16.14357
G1 X136.357 Y163.171 E16.2098
G1 X134.743 Y163.804 E16.26747
G1 X133.197 Y164.351 E16.32201
G1 X131.659 Y164.838 E16.37567
G1 X130.014 Y165.301 E16.43251
G1 X128.479 Y165.677 E16.48507
G1 X126.811 Y166.027 E16.54176
G1 X125.166 Y166.314 E16.5973
G1 X123.538 Y166.542 E16.65197
G1 X121.892 Y166.717 E16.70703
G1 X120.205 Y166.839 E16.76328
G1 X118.586 Y166.901 E16.81717
G1 X116.887 Y166.909 E16.87368
G1 X115.56 Y166.875 E16.91783
G1 X113.997 Y166.788 E16.9699
G1 X112.239 Y166.631 E17.0286
G1 X110.669 Y166.438 E17.08121
G1 X108.988 Y166.174 E17.13781
G1 X107.358 Y165.86 E17.19302
G1 X105.756 Y165.496 E17.24766
G1 X103.804 Y164.976 E17.31485
G1 X102.237 Y164.496 E17.36936
G1 X100.634 Y163.945 E17.42573
G1 X99.103 Y163.36 E17.48025
G1 X97.595 Y162.724 E17.53468
G1 X96.051 Y162.013 E17.59122
G1 X94.917 Y161.448 E17.63336
G1 X93.113 Y160.472 E17.70158
G1 X91.708 Y159.643 E17.75583
G1 X90.304 Y158.751 E17.81116
G1 X88.91 Y157.797 E17.86734
G1 X87.623 Y156.85 E17.92049
G1 X86.277 Y155.792 E17.97743
G1 X85.288 Y154.964 E18.02033
G1 X84.054 Y153.865 E18.07529
G1 X82.843 Y152.712 E18.13091
G1 X81.685 Y151.532 E18.18589
G1 X80.528 Y150.27 E18.24284
G1 X79.292 Y148.82 E18.30621
G1 X78.209 Y147.448 E18.36435
G1 X77.247 Y146.143 E18.41827
G1 X76.494 Y145.054 E18.4623
G1 X75.436 Y143.407 E18.52741
G1 X74.557 Y141.919 E18.58489
G1 X73.776 Y140.489 E18.63909
G1 X73.032 Y139.014 E18.69403
G1 X72.328 Y137.494 E18.74975
G1 X71.814 Y136.291 E18.79326
G1 X71.21 Y134.742 E18.84856
G1 X70.655 Y133.168 E18.90407
G1 X70.172 Y131.64 E18.95737
G1 X69.701 Y129.954 E19.01559
G1 X69.33 Y128.429 E19.06779
G1 X68.976 Y126.724 E19.12571
G1 X68.708 Y125.176 E19.17796
G1 X68.47 Y123.456 E19.23572
G1 X68.301 Y121.834 E19.28996
G1 X68.181 Y120.144 E19.34631
G1 X68.123 Y118.542 E19.39962
G1 X68.117 Y116.859 E19.4556
G1 X68.185 Y114.857 E19.52223
G1 X68.301 Y113.202 E19.57741
G1 X68.43 Y111.92 E19.62026
G1 X68.656 Y110.219 E19.67734
G1 X68.923 Y108.612 E19.73152
G1 X69.257 Y106.952 E19.78784
G1 X69.705 Y105.083 E19.85176
G1 X70.177 Y103.397 E19.90999
G1 X70.658 Y101.873 E19.96315
G1 X71.218 Y100.286 E20.01912
G1 X71.818 Y98.752 E20.0739
G1 X72.48 Y97.218 E20.12947
G1 X73.198 Y95.696 E20.18545
G1 X73.943 Y94.246 E20.23967
G1 X74.737 Y92.818 E20.29401
G1 X75.62 Y91.348 E20.35104
G1 X76.503 Y89.984 E20.40509
G1 X77.454 Y88.621 E20.46036
G1 X78.427 Y87.319 E20.51443
G1 X79.521 Y85.954 E20.57261
G1 X80.534 Y84.773 E20.62436
G1 X81.46 Y83.757 E20.67008
G1 X82.603 Y82.577 E20.72472
G0 F6000 X82.88 Y82.866
G1 F1200 X84.346 Y81.461 E20.79226
G1 X85.532 Y80.405 E20.84507
G1 X86.537 Y79.563 E20.88868
G1 X87.86 Y78.522 E20.94467
G1 X89.14 Y77.581 E20.99751
G1 X90.541 Y76.623 E21.05396
G1 X91.921 Y75.746 E21.10835
G1 X93.356 Y74.901 E21.16373
G1 X95.071 Y73.972 E21.22861
G1 X96.241 Y73.39 E21.27207
G1 X97.771 Y72.686 E21.32809
G1 X99.242 Y72.067 E21.38117
G1 X100.806 Y71.47 E21.43685
G1 X102.703 Y70.824 E21.5035
G1 X104.216 Y70.372 E21.55602
G1 X105.525 Y70.023 E21.60108
G1 X107.107 Y69.653 E21.65512
G1 X108.757 Y69.324 E21.71108
G1 X110.334 Y69.065 E21.76423
G1 X112.338 Y68.81 E21.83142
G1 X113.994 Y68.663 E21.88672
G1 X115.625 Y68.574 E21.94104
G1 X117.25 Y68.539 E21.9951
G1 X118.886 Y68.558 E22.04952
G1 X120.566 Y68.634 E22.10546
G1 X122.183 Y68.762 E22.15941
G1 X123.85 Y68.951 E22.21521
G1 X125.446 Y69.186 E22.26886
G1 X127.053 Y69.478 E22.32318
G1 X128.715 Y69.838 E22.37975
G1 X130.256 Y70.227 E22.43261
G1 X131.85 Y70.687 E22.48779
G1 X133.444 Y71.205 E22.54353
G1 X134.96 Y71.755 E22.59717
G1 X136.505 Y72.374 E22.65253
G1 X137.689 Y72.89 E22.69549
G1 X139.198 Y73.604 E22.75101
G1 X140.941 Y74.508 E22.81632
G1 X142.357 Y75.312 E22.87047
G1 X143.815 Y76.205 E22.92734
G1 X145.139 Y77.079 E22.98011
G1 X146.519 Y78.056 E23.03634
G1 X147.799 Y79.031 E23.08986
G1 X149.087 Y80.081 E23.14513
G1 X150.318 Y81.155 E23.19947
G1 X151.569 Y82.324 E23.25641
G1 X152.675 Y83.429 E23.30841
G1 X153.546 Y84.351 E23.3506
G1 X154.702 Y85.653 E23.40851
G1 X155.724 Y86.885 E23.46175
G1 X156.733 Y88.189 E23.51659
G1 X157.908 Y89.829 E23.58369
G1 X158.62 Y90.899 E23.62644
G1 X159.484 Y92.283 E23.6807
G1 X160.311 Y93.712 E23.73562
G1 X161.087 Y95.164 E23.79038
G1 X161.81 Y96.635 E23.84489
G1 X162.503 Y98.17 E23.90091
G1 X163.108 Y99.645 E23.95393
G1 X163.689 Y101.204 E24.00927
G1 X164.321 Y103.115 E24.07621
G1 X164.771 Y104.67 E24.13006
G1 X165.176 Y106.265 E24.18479
G1 X165.526 Y107.868 E24.23936
G1 X165.825 Y109.495 E24.29438
G1 X166.069 Y111.129 E24.34933
G1 X166.222 Y112.425 E24.39274
G1 X166.365 Y114.067 E24.44756
G1 X166.453 Y115.697 E24.50185
G1 X166.487 Y117.345 E24.55667
G1 X166.464 Y119.023 E24.61249
G1 X166.389 Y120.628 E24.66593
G1 X166.258 Y122.27 E24.72072
G1 X166.068 Y123.923 E24.77606
G1 X165.827 Y125.541 E24.83047
G1 X165.461 Y127.505 E24.89691
G1 X165.1 Y129.103 E24.9514
G1 X164.683 Y130.701 E25.00633
G1 X164.219 Y132.26 E25.06043
G1 X163.804 Y133.518 E25.10449
G1 X163.237 Y135.074 E25.15957
G1 X162.632 Y136.576 E25.21343
G1 X161.956 Y138.105 E25.26903
G1 X161.245 Y139.577 E25.32341
G1 X160.479 Y141.033 E25.37812
G1 X159.669 Y142.457 E25.43261
G1 X158.801 Y143.87 E25.48777
G1 X157.903 Y145.227 E25.54189
G1 X156.942 Y146.58 E25.59709
G1 X155.939 Y147.895 E25.6521
G1 X154.914 Y149.148 E25.70594
G1 X153.579 Y150.664 E25.77312
G1 X152.436 Y151.867 E25.82832
G1 X151.568 Y152.727 E25.86896
G1 X150.021 Y154.162 E25.93914
G1 X148.852 Y155.167 E25.99041
G1 X147.82 Y156.003 E26.03459
G1 X146.212 Y157.216 E26.10158
G1 X144.886 Y158.143 E26.15539
G1 X143.483 Y159.054 E26.21103
G1 X142.081 Y159.9 E26.26549
G1 X140.632 Y160.709 E26.32069
G1 X139.502 Y161.295 E26.36303
G1 X138.022 Y162.007 E26.41765
G1 X136.197 Y162.804 E26.48389
G1 X134.61 Y163.427 E26.54059
G1 X133.076 Y163.97 E26.59471
G1 X131.551 Y164.453 E26.64792
G1 X129.919 Y164.912 E26.70431
G1 X128.384 Y165.288 E26.75687
G1 X126.742 Y165.633 E26.81268
G1 X125.111 Y165.918 E26.86774
G1 X123.496 Y166.144 E26.92198
G1 X121.863 Y166.318 E26.9766
G1 X120.19 Y166.439 E27.03239
G1 X118.584 Y166.501 E27.08585
G1 X116.897 Y166.509 E27.14196
G1 X115.582 Y166.476 E27.18571
G1 X114.033 Y166.39 E27.23731
G1 X112.288 Y166.234 E27.29558
G1 X110.731 Y166.043 E27.34775
G1 X109.064 Y165.781 E27.40388
G1 X107.446 Y165.47 E27.45868
G1 X105.859 Y165.11 E27.5128
G1 X103.921 Y164.593 E27.57952
G1 X102.367 Y164.118 E27.63356
G1 X100.777 Y163.571 E27.68949
G1 X99.258 Y162.991 E27.74357
G1 X97.762 Y162.361 E27.79756
G1 X96.229 Y161.655 E27.85369
G1 X95.107 Y161.096 E27.89539
G1 X93.316 Y160.128 E27.9631
G1 X91.922 Y159.305 E28.01694
G1 X90.53 Y158.421 E28.07179
G1 X89.147 Y157.475 E28.12752
G1 X87.87 Y156.536 E28.18024
G1 X86.534 Y155.485 E28.23677
G1 X85.554 Y154.665 E28.27927
G1 X84.33 Y153.575 E28.33379
G1 X83.119 Y152.422 E28.3894
G1 X81.98 Y151.262 E28.44347
G1 X80.832 Y150.01 E28.49997
G1 X79.606 Y148.572 E28.56282
G1 X78.531 Y147.211 E28.62051
G1 X77.576 Y145.915 E28.67405
G1 X76.831 Y144.838 E28.71761
G1 X75.773 Y143.191 E28.78271
G1 X74.908 Y141.727 E28.83927
G1 X74.133 Y140.309 E28.89302
G1 X73.395 Y138.846 E28.94752
G1 X72.696 Y137.337 E29.00283
G1 X72.187 Y136.145 E29.04594
G1 X71.587 Y134.609 E29.10079
G1 X71.036 Y133.047 E29.15588
G1 X70.557 Y131.532 E29.20873
G1 X70.09 Y129.859 E29.2665
G1 X69.722 Y128.348 E29.31822
G1 X69.37 Y126.656 E29.3757
G1 X69.104 Y125.121 E29.42752
G1 X68.868 Y123.414 E29.48483
G1 X68.7 Y121.806 E29.53861
G1 X68.581 Y120.129 E29.59452
G1 X68.523 Y118.541 E29.64738
G1 X68.517 Y116.872 E29.70289
G1 X68.584 Y114.885 E29.76901
G1 X68.699 Y113.242 E29.82379
G1 X68.827 Y111.973 E29.86621
G1 X69.051 Y110.284 E29.92288
G1 X69.315 Y108.691 E29.97659
G1 X69.646 Y107.045 E30.03243
G1 X70.09 Y105.191 E30.09584
G1 X70.558 Y103.517 E30.15365
G1 X71.035 Y102.006 E30.20635
G1 X71.591 Y100.432 E30.26187
G1 X72.191 Y98.898 E30.31666
G1 X72.842 Y97.389 E30.37132
G1 X73.554 Y95.879 E30.42685
G1 X74.293 Y94.44 E30.48065
G1 X75.08 Y93.024 E30.53453
G1 X75.956 Y91.565 E30.59113
G1 X76.831 Y90.213 E30.6447
G1 X77.774 Y88.86 E30.69955
G1 X78.739 Y87.569 E30.75316
G1 X79.825 Y86.214 E30.81091
G1 X80.83 Y85.042 E30.86226
G1 X81.747 Y84.035 E30.90756
G1 X82.88 Y82.866 E30.96171
G1 F2700 E25.96171
;MESH:Led Ring.stl
G0 F6000 X79.21 Y113.652
G0 X79.036 Y116.232
G0 X79.036 Y118.818
G0 X79.21 Y121.399
G0 X79.556 Y123.96
G0 X80.074 Y126.495
G0 X80.759 Y128.986
G0 X81.612 Y131.429
G0 X82.626 Y133.806
G0 X83.799 Y136.112
G0 X85.123 Y138.332
G0 X86.594 Y140.459
G0 X88.203 Y142.482
G0 X89.945 Y144.393
G0 X91.812 Y146.183
G0 X93.794 Y147.844
G0 X95.884 Y149.367
G0 X98.07 Y150.746
G0 X100.346 Y151.977
G0 X102.697 Y153.05
G0 X105.117 Y153.964
G0 X107.59 Y154.713
G0 X110.11 Y155.295
G0 X112.662 Y155.706
G0 X114.748 Y155.9
G0 X117.493 Y156.009
G0 X117.5 Y155.141
;TYPE:WALL-OUTER
G1 F2700 E30.96171
G1 F1200 X116.567 Y155.132 E30.99274
G1 X115.301 Y155.08 E31.03488
G1 X114.029 Y154.985 E31.07731
G1 X112.774 Y154.846 E31.11931
G1 X111.525 Y154.667 E31.16127
G1 X110.279 Y154.445 E31.20337
G1 X109.055 Y154.186 E31.24498
G1 X107.824 Y153.88 E31.28717
G1 X106.599 Y153.53 E31.32954
G1 X105.389 Y153.142 E31.37181
G1 X104.208 Y152.719 E31.41353
G1 X103.031 Y152.254 E31.45562
G1 X101.883 Y151.749 E31.49733
G1 X100.733 Y151.2 E31.53972
G1 X99.62 Y150.623 E31.58142
G1 X98.51 Y149.999 E31.62377
G1 X97.43 Y149.342 E31.66581
G1 X96.38 Y148.659 E31.70748
G1 X95.338 Y147.927 E31.74983
G1 X94.326 Y147.163 E31.792
G1 X93.352 Y146.376 E31.83365
G1 X92.389 Y145.541 E31.87605
G1 X91.462 Y144.682 E31.91808
G1 X90.566 Y143.79 E31.96013
G1 X89.698 Y142.87 E32.0022
G1 X88.864 Y141.925 E32.04412
G1 X88.059 Y140.947 E32.08625
G1 X87.29 Y139.948 E32.12818
G1 X86.558 Y138.921 E32.17013
G1 X85.85 Y137.867 E32.21236
G1 X85.185 Y136.793 E32.25437
G1 X84.556 Y135.695 E32.29646
G1 X83.967 Y134.581 E32.33837
G1 X83.418 Y133.45 E32.38019
G1 X82.896 Y132.289 E32.42253
G1 X82.419 Y131.121 E32.46449
G1 X81.983 Y129.926 E32.5068
G1 X81.619 Y128.851 E32.54455
G1 X81.231 Y127.527 E32.59044
G1 X80.913 Y126.294 E32.63279
G1 X80.638 Y125.061 E32.6748
G1 X80.407 Y123.818 E32.71685
G1 X80.215 Y122.566 E32.75898
G1 X80.068 Y121.313 E32.80094
G1 X79.964 Y120.067 E32.84253
G1 X79.9 Y118.789 E32.88509
G1 X79.876 Y117.528 E32.92704
G1 X79.901 Y116.272 E32.96882
G1 X79.964 Y114.998 E33.01125
G1 X80.068 Y113.744 E33.0531
G1 X80.214 Y112.497 E33.09486
G1 X80.405 Y111.246 E33.13695
G1 X80.635 Y110.006 E33.17889
G1 X80.909 Y108.771 E33.22097
G1 X81.229 Y107.526 E33.26372
G1 X81.622 Y106.215 E33.30924
G1 X81.978 Y105.131 E33.34719
G1 X82.412 Y103.946 E33.38917
G1 X82.89 Y102.776 E33.4312
G1 X83.411 Y101.613 E33.47359
G1 X83.959 Y100.483 E33.51536
G1 X84.548 Y99.369 E33.55727
G1 X85.18 Y98.263 E33.59964
G1 X85.823 Y97.227 E33.64019
G1 X86.544 Y96.142 E33.68352
G1 X87.28 Y95.115 E33.72555
G1 X88.048 Y94.116 E33.76746
G1 X88.851 Y93.138 E33.80955
G1 X89.686 Y92.19 E33.85156
G1 X90.554 Y91.27 E33.89363
G1 X91.448 Y90.38 E33.93559
G1 X92.376 Y89.519 E33.97769
G1 X93.345 Y88.678 E34.02037
G1 X94.313 Y87.895 E34.06178
G1 X95.322 Y87.132 E34.10385
G1 X96.365 Y86.399 E34.14625
G1 X97.417 Y85.714 E34.18801
G1 X98.493 Y85.058 E34.22992
G1 X99.603 Y84.433 E34.27229
G1 X100.734 Y83.847 E34.31466
G1 X101.868 Y83.302 E34.3565
G1 X103.013 Y82.801 E34.39807
G1 X104.193 Y82.332 E34.4403
G1 X105.351 Y81.919 E34.4812
G1 X106.582 Y81.522 E34.52422
G1 X107.807 Y81.172 E34.56659
G1 X109.037 Y80.865 E34.60875
G1 X110.261 Y80.602 E34.65039
G1 X111.508 Y80.383 E34.6925
G1 X112.757 Y80.203 E34.73448
G1 X114.009 Y80.064 E34.77637
G1 X115.285 Y79.968 E34.81893
G1 X116.548 Y79.912 E34.86098
G1 X117.802 Y79.905 E34.90269
G1 X119.063 Y79.936 E34.94464
G1 X120.265 Y80 E34.98468
G1 X121.734 Y80.143 E35.03377
G1 X122.851 Y80.286 E35.07122
G1 X124.088 Y80.484 E35.11289
G1 X125.331 Y80.727 E35.15502
G1 X126.457 Y80.981 E35.19341
G1 X127.808 Y81.343 E35.23993
G1 X129.002 Y81.705 E35.28143
G1 X130.196 Y82.111 E35.32337
G1 X131.378 Y82.555 E35.36537
G1 X132.546 Y83.044 E35.40748
G1 X133.782 Y83.614 E35.45275
G1 X134.618 Y84.026 E35.48375
G1 X134.625 Y84.021 E35.48404
G1 X135.94 Y84.73 E35.53373
G1 X137.103 Y85.415 E35.57862
G1 X138.095 Y86.044 E35.61769
G1 X139.141 Y86.751 E35.65968
G1 X140.16 Y87.495 E35.70164
G1 X141.163 Y88.279 E35.74398
G1 X142.125 Y89.082 E35.78566
G1 X143.08 Y89.938 E35.82832
G1 X143.973 Y90.797 E35.86953
G1 X144.859 Y91.703 E35.91168
G1 X145.712 Y92.639 E35.9538
G1 X146.534 Y93.6 E35.99586
G1 X147.29 Y94.551 E36.03627
G1 X148.116 Y95.67 E36.08252
G1 X148.792 Y96.644 E36.12196
G1 X149.477 Y97.707 E36.16402
G1 X150.125 Y98.792 E36.20605
G1 X150.735 Y99.899 E36.24809
G1 X151.308 Y101.024 E36.29008
G1 X151.841 Y102.171 E36.33215
G1 X152.347 Y103.35 E36.37482
G1 X152.798 Y104.515 E36.41637
G1 X153.182 Y105.597 E36.45456
G1 X153.594 Y106.918 E36.50058
G1 X153.932 Y108.134 E36.54256
G1 X154.25 Y109.462 E36.58798
G1 X154.478 Y110.597 E36.62648
G1 X154.689 Y111.842 E36.66848
G1 X154.86 Y113.107 E36.71094
G1 X154.984 Y114.354 E36.75262
G1 X155.072 Y115.614 E36.79463
G1 X155.115 Y116.838 E36.83536
G1 X155.116 Y118.136 E36.87854
G1 X155.072 Y119.404 E36.92074
G1 X154.984 Y120.678 E36.96321
G1 X154.862 Y121.922 E37.00478
G1 X154.69 Y123.177 E37.04692
G1 X154.479 Y124.431 E37.08921
G1 X154.254 Y125.565 E37.12766
G1 X153.934 Y126.897 E37.17323
G1 X153.598 Y128.114 E37.21522
G1 X153.182 Y129.44 E37.26144
G1 X152.807 Y130.509 E37.29912
G1 X152.348 Y131.691 E37.34129
G1 X151.966 Y132.604 E37.37421
G1 X151.958 Y132.605 E37.37448
G1 X151.32 Y133.995 E37.42535
G1 X150.747 Y135.13 E37.46764
G1 X150.085 Y136.318 E37.51287
G1 X149.49 Y137.321 E37.55166
G1 X148.81 Y138.381 E37.59354
G1 X148.09 Y139.419 E37.63556
G1 X147.333 Y140.442 E37.67789
G1 X146.551 Y141.425 E37.71967
G1 X145.723 Y142.396 E37.76211
G1 X144.88 Y143.324 E37.80381
G1 X143.993 Y144.231 E37.846
G1 X143.086 Y145.102 E37.88783
G1 X142.14 Y145.954 E37.93017
G1 X141.177 Y146.758 E37.9719
G1 X140.178 Y147.539 E38.01407
G1 X139.16 Y148.283 E38.05601
G1 X138.108 Y148.997 E38.0983
G1 X137.121 Y149.627 E38.13724
G1 X135.869 Y150.353 E38.18538
G1 X134.84 Y150.907 E38.22425
G1 X133.799 Y151.434 E38.26306
G1 X132.555 Y152.001 E38.30853
G1 X131.379 Y152.493 E38.35093
G1 X130.212 Y152.932 E38.3924
G1 X129.013 Y153.339 E38.43451
G1 X127.897 Y153.683 E38.47335
G1 X126.48 Y154.058 E38.5221
G1 X125.346 Y154.318 E38.5608
G1 X124.105 Y154.561 E38.60286
G1 X122.865 Y154.761 E38.64463
G1 X121.752 Y154.908 E38.68197
G1 X120.275 Y155.043 E38.7313
G1 X119.08 Y155.112 E38.77112
G1 X117.82 Y155.144 E38.81304
G1 X117.5 Y155.141 E38.82368
G0 F6000 X117.5 Y153.969
G1 F1200 X118.447 Y153.96 E38.85518
G1 X119.749 Y153.904 E38.89853
G1 X121.057 Y153.8 E38.94217
G1 X122.363 Y153.651 E38.98589
G1 X123.607 Y153.462 E39.02774
G1 X124.905 Y153.217 E39.07167
G1 X126.177 Y152.927 E39.11506
G1 X127.383 Y152.61 E39.15654
G1 X128.631 Y152.232 E39.19991
G1 X129.889 Y151.801 E39.24414
G1 X131.052 Y151.359 E39.28552
G1 X132.258 Y150.853 E39.32902
G1 X133.465 Y150.29 E39.37331
G1 X134.571 Y149.727 E39.41459
G1 X135.717 Y149.096 E39.4581
G1 X136.847 Y148.416 E39.50197
G1 X137.91 Y147.724 E39.54416
G1 X139 Y146.956 E39.5885
G1 X140.029 Y146.176 E39.63145
G1 X141.003 Y145.383 E39.67322
G1 X141.968 Y144.539 E39.71586
G1 X142.921 Y143.646 E39.7593
G1 X143.85 Y142.709 E39.80319
G1 X144.711 Y141.776 E39.84541
G1 X145.568 Y140.775 E39.88924
G1 X146.365 Y139.78 E39.93164
G1 X147.139 Y138.736 E39.97487
G1 X147.889 Y137.65 E40.01877
G1 X148.565 Y136.592 E40.06053
G1 X149.217 Y135.486 E40.10323
G1 X149.852 Y134.316 E40.1475
G1 X150.432 Y133.145 E40.19097
G1 X150.963 Y131.967 E40.23394
G1 X151.453 Y130.785 E40.2765
G1 X151.868 Y129.67 E40.31607
G1 X152.307 Y128.339 E40.36269
G1 X152.673 Y127.089 E40.40601
G1 X152.978 Y125.882 E40.44742
G1 X153.26 Y124.566 E40.49218
G1 X153.489 Y123.292 E40.53523
G1 X153.671 Y122.013 E40.5782
G1 X153.807 Y120.726 E40.62124
G1 X153.9 Y119.451 E40.66376
G1 X153.944 Y118.143 E40.70729
G1 X153.944 Y116.898 E40.7487
G1 X153.9 Y115.593 E40.79213
G1 X153.808 Y114.301 E40.83521
G1 X153.671 Y113.026 E40.87786
G1 X153.478 Y111.699 E40.92246
G1 X153.261 Y110.473 E40.96387
G1 X152.976 Y109.157 E41.00866
G1 X152.658 Y107.906 E41.05159
G1 X152.304 Y106.699 E41.09343
G1 X151.898 Y105.469 E41.13651
G1 X151.44 Y104.234 E41.18032
G1 X150.962 Y103.071 E41.22214
G1 X150.423 Y101.881 E41.26559
G1 X149.831 Y100.691 E41.3098
G1 X149.232 Y99.588 E41.35154
G1 X148.557 Y98.442 E41.39578
G1 X147.861 Y97.359 E41.4386
G1 X147.182 Y96.367 E41.47858
G1 X146.377 Y95.278 E41.52362
G1 X145.564 Y94.266 E41.5668
G1 X144.696 Y93.257 E41.61107
G1 X143.819 Y92.308 E41.65404
G1 X142.914 Y91.398 E41.69673
G1 X141.961 Y90.506 E41.74014
G1 X141.024 Y89.685 E41.78158
G1 X139.987 Y88.837 E41.82613
G1 X138.989 Y88.084 E41.86772
G1 X137.904 Y87.32 E41.91185
G1 X136.805 Y86.608 E41.95541
G1 X135.707 Y85.948 E41.99802
G1 X134.597 Y85.333 E42.04022
G1 X133.423 Y84.737 E42.08401
G1 X132.249 Y84.19 E42.12709
G1 X131.058 Y83.691 E42.17004
G1 X129.944 Y83.261 E42.20976
G1 X128.643 Y82.821 E42.25544
G1 X127.375 Y82.436 E42.29951
G1 X126.127 Y82.11 E42.34241
G1 X124.856 Y81.824 E42.38574
G1 X123.593 Y81.587 E42.42848
G1 X122.318 Y81.394 E42.47137
G1 X121.023 Y81.245 E42.51473
G1 X119.744 Y81.144 E42.5574
G1 X118.441 Y81.088 E42.60078
G1 X117.195 Y81.076 E42.64222
G1 X115.854 Y81.112 E42.68684
G1 X114.563 Y81.192 E42.72986
G1 X113.32 Y81.313 E42.7714
G1 X111.988 Y81.493 E42.81611
G1 X110.722 Y81.71 E42.85883
G1 X109.495 Y81.964 E42.9005
G1 X108.24 Y82.269 E42.94346
G1 X106.981 Y82.623 E42.98696
G1 X105.752 Y83.017 E43.02988
G1 X104.544 Y83.451 E43.07258
G1 X103.345 Y83.934 E43.11557
G1 X102.115 Y84.477 E43.16029
G1 X100.996 Y85.024 E43.20171
G1 X99.842 Y85.635 E43.24514
G1 X98.691 Y86.303 E43.28941
G1 X97.626 Y86.966 E43.33113
G1 X96.563 Y87.686 E43.37383
G1 X95.478 Y88.478 E43.41851
G1 X94.472 Y89.27 E43.4611
G1 X93.471 Y90.11 E43.50456
G1 X92.541 Y90.956 E43.54638
G1 X91.616 Y91.861 E43.58942
G1 X90.703 Y92.813 E43.63329
G1 X89.838 Y93.787 E43.67662
G1 X89.01 Y94.784 E43.71972
G1 X88.249 Y95.769 E43.76112
G1 X87.507 Y96.808 E43.80359
G1 X86.821 Y97.832 E43.84458
G1 X86.081 Y99.043 E43.89178
G1 X85.449 Y100.161 E43.9345
G1 X84.846 Y101.319 E43.97792
G1 X84.307 Y102.458 E44.01983
G1 X83.796 Y103.64 E44.06266
G1 X83.309 Y104.882 E44.10703
G1 X82.897 Y106.061 E44.14857
G1 X82.512 Y107.304 E44.19185
G1 X82.159 Y108.59 E44.23621
G1 X81.869 Y109.838 E44.27882
G1 X81.623 Y111.081 E44.32097
G1 X81.414 Y112.396 E44.36525
G1 X81.253 Y113.666 E44.40783
G1 X81.14 Y114.93 E44.45004
G1 X81.072 Y116.261 E44.49437
G1 X81.048 Y117.56 E44.53758
G1 X81.072 Y118.8 E44.57883
G1 X81.136 Y120.09 E44.62179
G1 X81.252 Y121.394 E44.66533
G1 X81.413 Y122.662 E44.70784
G1 X81.626 Y123.98 E44.75225
G1 X81.879 Y125.259 E44.79561
G1 X82.161 Y126.47 E44.83697
G1 X82.503 Y127.721 E44.8801
G1 X82.888 Y128.968 E44.92351
G1 X83.327 Y130.211 E44.96735
G1 X83.785 Y131.381 E45.00914
G1 X84.296 Y132.568 E45.05213
G1 X84.851 Y133.738 E45.0952
G1 X85.466 Y134.921 E45.13954
G1 X86.089 Y136.023 E45.18165
G1 X86.805 Y137.193 E45.22727
G1 X87.505 Y138.236 E45.26905
G1 X88.253 Y139.277 E45.31169
G1 X89.017 Y140.27 E45.35336
G1 X89.846 Y141.268 E45.39651
G1 X90.71 Y142.245 E45.43989
G1 X91.623 Y143.195 E45.48371
G1 X92.552 Y144.1 E45.52685
G1 X93.52 Y144.98 E45.57036
G1 X94.511 Y145.81 E45.61335
G1 X95.484 Y146.578 E45.65458
G1 X96.534 Y147.342 E45.69777
G1 X97.644 Y148.09 E45.74229
G1 X98.734 Y148.77 E45.78502
G1 X99.851 Y149.417 E45.82795
G1 X101.006 Y150.029 E45.87143
G1 X102.168 Y150.593 E45.91439
G1 X103.354 Y151.119 E45.95754
G1 X104.817 Y151.699 E46.00988
G1 X104.829 Y151.689 E46.0104
G1 X105.774 Y152.036 E46.04389
G1 X106.994 Y152.427 E46.0865
G1 X108.237 Y152.777 E46.12945
G1 X109.508 Y153.087 E46.17296
G1 X110.779 Y153.348 E46.21612
G1 X112.038 Y153.562 E46.25859
G1 X113.321 Y153.735 E46.30165
G1 X114.572 Y153.859 E46.34346
G1 X115.907 Y153.94 E46.38795
G1 X117.207 Y153.972 E46.4312
G1 X117.5 Y153.969 E46.44094
G0 F6000 X117.5 Y154.767
;TYPE:SKIN
G1 F1124.1 X116.582 Y154.759 E46.47354
G1 F1126.8 X115.327 Y154.704 E46.51804
G1 X114.055 Y154.611 E46.56321
G1 F1124.1 X112.814 Y154.472 E46.60755
G1 F1121.5 X111.577 Y154.296 E46.65202
G1 X110.344 Y154.074 E46.6966
G1 X109.143 Y153.82 E46.74029
G1 F1126.8 X107.926 Y153.519 E46.7847
G1 F1129.4 X106.753 Y153.184 E46.82781
G1 X105.538 Y152.8 E46.87284
G1 F1134.8 X104.489 Y152.425 E46.91202
G1 F1132.1 X103.174 Y151.907 E46.96185
G1 F1126.8 X102.036 Y151.407 E47.00588
G1 X100.902 Y150.866 E47.05038
G1 X99.784 Y150.285 E47.09501
G1 F1121.5 X98.692 Y149.672 E47.13958
G1 X97.625 Y149.021 E47.18406
G1 X96.594 Y148.348 E47.22788
G1 X95.553 Y147.62 E47.27309
G1 F1118.9 X94.552 Y146.865 E47.31781
G1 X93.595 Y146.089 E47.36176
G1 X92.634 Y145.258 E47.40708
G1 X91.723 Y144.416 E47.45133
G1 F1121.5 X90.83 Y143.525 E47.49623
G1 F1126.8 X89.969 Y142.614 E47.54063
G1 F1121.5 X89.145 Y141.675 E47.58509
G1 F1124.1 X88.352 Y140.717 E47.62924
G1 F1126.8 X87.612 Y139.753 E47.67229
G1 F1129.4 X86.856 Y138.701 E47.71807
G1 F1132.1 X86.157 Y137.66 E47.76228
G1 F1126.8 X85.501 Y136.594 E47.80662
G1 X84.879 Y135.508 E47.85095
G1 X84.296 Y134.406 E47.89511
G1 X83.754 Y133.291 E47.93902
G1 F1121.5 X83.238 Y132.142 E47.98385
G1 F1118.9 X82.765 Y130.978 E48.02867
G1 F1121.5 X82.334 Y129.798 E48.07338
G1 X81.97 Y128.731 E48.1135
G1 F1116.3 X81.591 Y127.43 E48.16195
G1 F1121.5 X81.273 Y126.201 E48.20713
G1 F1116.3 X81.004 Y124.98 E48.25183
G1 F1113.7 X80.773 Y123.751 E48.29664
G1 F1116.3 X80.584 Y122.506 E48.34167
G1 F1121.5 X80.437 Y121.269 E48.386
G1 F1129.4 X80.335 Y120.048 E48.4293
G1 F1132.1 X80.273 Y118.826 E48.47244
G1 F1126.8 X80.249 Y117.533 E48.51825
G1 X80.273 Y116.291 E48.56225
G1 F1129.4 X80.336 Y115.013 E48.60747
G1 F1126.8 X80.437 Y113.793 E48.65083
G1 F1121.5 X80.585 Y112.551 E48.69534
G1 X80.772 Y111.312 E48.73994
G1 X81.001 Y110.086 E48.78432
G1 F1126.8 X81.272 Y108.86 E48.8288
G1 F1121.5 X81.582 Y107.642 E48.87353
G1 X81.975 Y106.33 E48.92227
G1 F1129.4 X82.329 Y105.257 E48.9622
G1 F1126.8 X82.759 Y104.084 E49.00645
G1 X83.231 Y102.927 E49.05071
G1 F1129.4 X83.752 Y101.764 E49.09575
G1 X84.289 Y100.655 E49.13929
G1 F1121.5 X84.87 Y99.554 E49.1836
G1 X85.491 Y98.469 E49.22809
G1 F1126.8 X86.138 Y97.422 E49.27168
G1 F1129.4 X86.846 Y96.355 E49.31694
G1 F1126.8 X87.574 Y95.341 E49.36115
G1 F1132.1 X88.336 Y94.35 E49.40523
G1 F1129.4 X89.146 Y93.368 E49.45021
G1 F1121.5 X89.956 Y92.444 E49.49394
G1 X90.815 Y91.536 E49.53842
G1 X91.702 Y90.653 E49.58297
G1 F1124.1 X92.621 Y89.801 E49.62746
G1 F1121.5 X93.579 Y88.967 E49.67266
G1 F1116.3 X94.539 Y88.191 E49.7168
G1 X95.536 Y87.436 E49.76151
G1 X96.578 Y86.704 E49.80704
G1 F1121.5 X97.611 Y86.03 E49.85094
G1 X98.678 Y85.383 E49.89535
G1 X99.775 Y84.766 E49.94014
G1 F1126.8 X100.882 Y84.191 E49.98433
G1 F1121.5 X101.93 Y83.68 E50.02582
G1 F1118.9 X103.152 Y83.147 E50.07338
G1 F1121.5 X104.329 Y82.677 E50.11848
G1 F1126.8 X105.509 Y82.255 E50.16287
G1 F1129.4 X106.684 Y81.88 E50.20646
G1 F1126.8 X107.908 Y81.53 E50.25155
G1 F1121.5 X109.126 Y81.225 E50.29624
G1 F1116.3 X110.334 Y80.968 E50.3404
G1 F1118.9 X111.56 Y80.751 E50.38481
G1 F1121.5 X112.796 Y80.573 E50.42925
G1 X114.037 Y80.437 E50.47368
G1 X115.311 Y80.342 E50.51915
G1 F1116.3 X116.562 Y80.287 E50.56392
G1 X117.795 Y80.279 E50.608
G1 F1121.5 X119.04 Y80.31 E50.65233
G1 F1118.9 X120.232 Y80.375 E50.69491
G1 F1116.3 X121.685 Y80.513 E50.74709
G1 F1121.5 X122.803 Y80.656 E50.78721
G1 X124.015 Y80.85 E50.83089
G1 F1126.8 X125.257 Y81.093 E50.87572
G1 F1124.1 X126.376 Y81.344 E50.91643
G1 F1126.8 X127.699 Y81.7 E50.96496
G1 F1129.4 X128.85 Y82.05 E51.00748
G1 X130.078 Y82.464 E51.05327
G1 F1126.8 X131.221 Y82.894 E51.09653
G1 X132.386 Y83.381 E51.14126
G1 F1132.1 X133.621 Y83.952 E51.18923
G1 F1118.9 X134.284 Y84.271 E51.21547
G1 F1106 X134.29 Y84.267 E51.21573
G1 F1113.7 X135.748 Y85.054 E51.27511
G1 F1121.5 X136.909 Y85.734 E51.323
G1 X137.885 Y86.354 E51.36415
G1 X138.929 Y87.058 E51.40896
G1 F1118.9 X139.929 Y87.79 E51.45316
G1 F1121.5 X140.922 Y88.565 E51.49799
G1 F1118.9 X141.881 Y89.368 E51.54261
G1 X142.803 Y90.195 E51.58679
G1 F1121.5 X143.704 Y91.058 E51.63119
G1 F1124.1 X144.582 Y91.953 E51.67571
G1 X145.434 Y92.887 E51.72059
G1 F1126.8 X146.242 Y93.834 E51.76469
G1 F1132.1 X146.99 Y94.771 E51.80696
G1 F1134.8 X147.81 Y95.881 E51.8555
G1 F1129.4 X148.477 Y96.844 E51.8969
G1 F1126.8 X149.154 Y97.898 E51.94127
G1 X149.797 Y98.972 E51.98561
G1 X150.407 Y100.077 E52.03032
G1 X150.967 Y101.179 E52.0741
G1 X151.497 Y102.317 E52.11857
G1 X151.989 Y103.467 E52.16288
G1 F1121.5 X152.41 Y104.54 E52.2039
G1 F1116.3 X152.88 Y105.866 E52.2542
G1 F1113.7 X152.873 Y105.874 E52.25458
G1 F1118.9 X153.234 Y107.026 E52.29765
G1 F1121.5 X153.568 Y108.227 E52.34201
G1 F1113.7 X153.907 Y109.638 E52.39401
G1 F1116.3 X154.109 Y110.66 E52.43126
G1 F1121.5 X154.316 Y111.89 E52.47565
G1 X154.483 Y113.106 E52.51933
G1 F1124.1 X154.624 Y114.56 E52.5712
G1 F1126.8 X154.699 Y115.628 E52.60912
G1 X154.739 Y116.838 E52.65201
G1 X154.743 Y118.121 E52.69746
G1 F1129.4 X154.7 Y119.378 E52.7419
G1 F1126.8 X154.619 Y120.568 E52.78415
G1 F1121.5 X154.491 Y121.87 E52.83071
G1 F1126.8 X154.298 Y123.257 E52.88032
G1 F1132.1 X154.11 Y124.351 E52.91945
G1 F1121.5 X153.886 Y125.49 E52.96076
G1 X153.573 Y126.788 E53.00828
G1 F1124.1 X153.235 Y128.012 E53.05336
G1 F1126.8 X152.787 Y129.43 E53.10604
G1 F1132.1 X152.458 Y130.371 E53.14119
G1 F1129.4 X152.002 Y131.546 E53.18573
G1 F1124.1 X151.637 Y132.418 E53.21929
G1 F1126.8 X150.977 Y133.837 E53.27472
G1 X150.425 Y134.94 E53.31841
G1 X149.761 Y136.128 E53.36662
G1 F1132.1 X149.173 Y137.117 E53.40719
G1 F1126.8 X148.499 Y138.167 E53.45138
G1 F1121.5 X147.787 Y139.197 E53.49594
G1 F1126.8 X147.045 Y140.201 E53.54017
G1 X146.265 Y141.182 E53.58456
G1 X145.438 Y142.153 E53.62974
G1 F1129.4 X144.611 Y143.063 E53.67319
G1 X143.732 Y143.959 E53.71755
G1 F1124.1 X142.836 Y144.821 E53.7617
G1 F1118.9 X141.898 Y145.664 E53.80668
G1 F1121.5 X140.944 Y146.463 E53.85097
G1 X139.945 Y147.243 E53.89607
G1 F1124.1 X138.859 Y148.032 E53.94374
G1 F1129.4 X137.896 Y148.686 E53.98487
G1 F1126.8 X136.931 Y149.303 E54.02544
G1 F1116.3 X135.766 Y149.983 E54.07368
G1 F1121.5 X134.667 Y150.573 E54.11807
G1 X133.63 Y151.097 E54.15942
G1 F1118.9 X132.409 Y151.655 E54.2073
G1 X131.251 Y152.139 E54.25207
G1 F1121.5 X130.09 Y152.578 E54.29625
G1 X128.776 Y153.023 E54.34562
G1 F1116.3 X127.82 Y153.316 E54.38137
G1 X126.285 Y153.723 E54.43815
G1 F1126.8 X125.262 Y153.952 E54.47528
G1 F1129.4 X124.033 Y154.194 E54.51955
G1 F1126.8 X122.815 Y154.389 E54.56324
G1 F1121.5 X121.752 Y154.529 E54.6014
G1 F1116.3 X120.25 Y154.667 E54.65533
G1 F1121.5 X119.058 Y154.738 E54.69783
G1 F1118.9 X117.814 Y154.77 E54.74222
G1 F1121.5 X117.5 Y154.767 E54.75339
G0 F6000 X117.5 Y154.34
G1 F1132.1 X118.442 Y154.332 E54.7866
G1 F1134.8 X119.769 Y154.275 E54.83332
G1 X121.082 Y154.168 E54.87965
G1 F1132.1 X122.408 Y154.019 E54.9267
G1 F1134.8 X123.692 Y153.825 E54.97237
G1 F1137.4 X124.967 Y153.583 E55.01791
G1 F1132.1 X126.264 Y153.288 E55.0648
G1 F1126.8 X127.471 Y152.97 E55.10902
G1 X128.742 Y152.585 E55.15606
G1 X130.045 Y152.142 E55.20481
G1 F1124.1 X131.189 Y151.704 E55.2483
G1 F1126.8 X132.395 Y151.196 E55.29466
G1 F1129.4 X133.626 Y150.625 E55.34261
G1 F1132.1 X134.745 Y150.053 E55.38692
G1 X135.891 Y149.422 E55.43304
G1 X137.033 Y148.738 E55.47997
G1 F1137.4 X138.042 Y148.084 E55.52216
G1 X139.207 Y147.261 E55.57221
G1 F1134.8 X140.256 Y146.469 E55.61845
G1 F1132.1 X141.242 Y145.664 E55.66332
G1 X142.216 Y144.812 E55.70894
G1 F1137.4 X143.18 Y143.91 E55.75527
G1 X144.154 Y142.929 E55.80378
G1 X144.988 Y142.023 E55.84699
G1 F1132.1 X145.801 Y141.074 E55.89104
G1 F1134.8 X146.657 Y140.013 E55.93899
G1 F1132.1 X147.493 Y138.874 E55.9888
G1 F1126.8 X148.196 Y137.853 E56.03271
G1 F1132.1 X148.893 Y136.766 E56.07824
G1 F1137.4 X149.538 Y135.667 E56.12295
G1 X150.174 Y134.501 E56.16956
G1 X150.773 Y133.285 E56.21712
G1 F1132.1 X151.299 Y132.124 E56.26206
G1 X151.798 Y130.921 E56.30798
G1 F1142.9 X152.205 Y129.83 E56.34864
G1 X152.664 Y128.438 E56.39983
G1 F1137.4 X153.023 Y127.207 E56.44482
G1 F1134.8 X153.337 Y125.977 E56.48947
G1 X153.627 Y124.633 E56.53783
G1 F1137.4 X153.852 Y123.373 E56.58275
G1 X154.039 Y122.058 E56.62935
G1 F1132.1 X154.175 Y120.758 E56.67544
G1 X154.271 Y119.484 E56.72048
G1 F1134.8 X154.317 Y118.144 E56.76764
G1 F1132.1 X154.316 Y116.892 E56.81178
G1 F1129.4 X154.268 Y115.556 E56.85902
G1 F1132.1 X154.175 Y114.269 E56.90451
G1 X154.04 Y112.989 E56.94989
G1 F1126.8 X153.839 Y111.601 E56.99957
G1 F1129.4 X153.63 Y110.411 E57.04227
G1 X153.336 Y109.063 E57.09102
G1 F1132.1 X153.009 Y107.784 E57.13757
G1 F1137.4 X152.666 Y106.613 E57.18038
G1 F1134.8 X152.25 Y105.349 E57.22719
G1 F1132.1 X151.786 Y104.098 E57.27423
G1 F1137.4 X151.307 Y102.936 E57.31833
G1 X150.772 Y101.749 E57.36402
G1 X150.153 Y100.506 E57.41274
G1 F1134.8 X149.602 Y99.487 E57.45349
G1 F1137.4 X148.902 Y98.293 E57.50205
G1 F1132.1 X148.171 Y97.153 E57.5498
G1 X147.483 Y96.148 E57.59274
G1 F1137.4 X146.674 Y95.054 E57.64048
G1 F1132.1 X145.842 Y94.018 E57.68733
G1 X144.973 Y93.006 E57.73435
G1 X144.096 Y92.06 E57.77983
G1 F1134.8 X143.182 Y91.139 E57.82547
G1 X142.209 Y90.229 E57.87233
G1 F1132.1 X141.272 Y89.408 E57.91625
G1 X140.214 Y88.544 E57.96441
G1 X139.216 Y87.79 E58.00851
G1 X138.122 Y87.019 E58.05569
G1 X137 Y86.29 E58.10287
G1 X135.901 Y85.63 E58.14806
G1 F1134.8 X134.771 Y85.003 E58.19351
G1 X133.592 Y84.407 E58.23998
G1 F1137.4 X132.398 Y83.849 E58.28623
G1 F1134.8 X131.207 Y83.347 E58.33169
G1 F1132.1 X130.104 Y82.923 E58.37335
G1 X128.762 Y82.467 E58.42332
G1 X127.462 Y82.073 E58.47121
G1 F1126.8 X126.278 Y81.761 E58.51458
G1 X124.931 Y81.457 E58.56349
G1 F1132.1 X123.703 Y81.227 E58.60754
G1 X122.38 Y81.026 E58.65472
G1 X121.061 Y80.874 E58.70153
G1 X119.777 Y80.772 E58.74694
G1 X118.449 Y80.717 E58.7938
G1 X117.202 Y80.704 E58.83777
G1 X115.838 Y80.74 E58.88587
G1 X114.539 Y80.821 E58.93176
G1 F1134.8 X113.291 Y80.941 E58.97586
G1 F1132.1 X111.891 Y81.13 E59.02566
G1 F1129.4 X110.659 Y81.342 E59.06984
G1 F1126.8 X109.425 Y81.595 E59.11446
G1 F1129.4 X108.146 Y81.906 E59.16097
G1 F1132.1 X106.87 Y82.268 E59.20774
G1 X105.659 Y82.653 E59.25254
G1 F1129.4 X104.364 Y83.12 E59.30119
G1 F1126.8 X103.2 Y83.59 E59.34565
G1 F1129.4 X101.955 Y84.138 E59.39372
G1 F1132.1 X100.746 Y84.734 E59.44124
G1 F1137.4 X99.665 Y85.309 E59.48421
G1 F1134.8 X98.498 Y85.984 E59.53163
G1 F1137.4 X97.433 Y86.645 E59.57561
G1 F1134.8 X96.288 Y87.424 E59.62432
G1 F1132.1 X95.332 Y88.116 E59.66593
G1 X94.244 Y88.973 E59.71475
G1 X93.224 Y89.83 E59.76172
G1 F1137.4 X92.294 Y90.676 E59.80584
G1 F1134.8 X91.352 Y91.596 E59.85215
G1 F1132.1 X90.438 Y92.549 E59.8987
G1 F1129.4 X89.557 Y93.543 E59.94564
G1 F1132.1 X88.718 Y94.548 E59.9918
G1 X87.951 Y95.546 E60.03617
G1 F1126.8 X87.203 Y96.584 E60.0815
G1 F1132.1 X86.515 Y97.618 E60.12528
G1 F1129.4 X85.758 Y98.853 E60.17647
G1 X85.119 Y99.988 E60.2225
G1 F1137.4 X84.513 Y101.15 E60.26849
G1 F1142.9 X83.974 Y102.29 E60.31252
G1 F1140.1 X83.45 Y103.496 E60.35856
G1 F1137.4 X82.959 Y104.751 E60.40584
G1 X82.545 Y105.934 E60.44982
G1 X82.17 Y107.141 E60.49417
G1 X81.796 Y108.496 E60.5435
G1 X81.506 Y109.748 E60.58859
G1 F1132.1 X81.264 Y110.967 E60.63241
G1 F1129.4 X81.045 Y112.343 E60.68165
G1 F1126.8 X80.885 Y113.613 E60.72699
G1 F1132.1 X80.769 Y114.901 E60.77258
G1 X80.7 Y116.245 E60.82003
G1 F1126.8 X80.675 Y117.572 E60.86704
G1 X80.699 Y118.8 E60.91055
G1 F1132.1 X80.762 Y120.098 E60.95636
G1 F1137.4 X80.881 Y121.431 E61.00332
G1 F1132.1 X81.041 Y122.695 E61.04824
G1 F1126.8 X81.257 Y124.031 E61.09618
G1 X81.515 Y125.333 E61.1432
G1 F1132.1 X81.794 Y126.543 E61.18697
G1 F1137.4 X82.152 Y127.852 E61.23459
G1 F1134.8 X82.53 Y129.071 E61.27948
G1 F1137.4 X82.973 Y130.326 E61.32618
G1 X83.435 Y131.509 E61.37075
G1 F1134.8 X83.958 Y132.72 E61.41714
G1 F1137.4 X84.509 Y133.89 E61.46252
G1 X85.129 Y135.082 E61.50967
G1 X85.76 Y136.2 E61.55472
G1 F1134.8 X86.487 Y137.391 E61.60379
G1 F1137.4 X87.188 Y138.438 E61.64801
G1 F1129.4 X87.929 Y139.464 E61.69273
G1 F1124.1 X88.715 Y140.49 E61.73862
G1 F1126.8 X89.58 Y141.529 E61.78651
G1 F1129.4 X90.437 Y142.497 E61.8322
G1 F1132.1 X91.355 Y143.455 E61.87898
G1 X92.284 Y144.36 E61.9247
G1 X93.262 Y145.245 E61.9712
G1 X94.267 Y146.091 E62.01752
G1 X95.257 Y146.871 E62.06195
G1 F1137.4 X96.307 Y147.638 E62.10758
G1 X97.43 Y148.392 E62.15504
G1 F1132.1 X98.527 Y149.08 E62.2007
G1 X99.67 Y149.739 E62.24721
G1 F1137.4 X100.821 Y150.351 E62.29295
G1 F1134.8 X101.999 Y150.923 E62.33901
G1 F1132.1 X103.206 Y151.459 E62.38557
G1 X104.667 Y152.041 E62.44102
G1 F1121.5 X104.753 Y152.058 E62.44414
G1 X105.658 Y152.392 E62.47847
G1 F1126.8 X106.823 Y152.763 E62.52178
G1 F1132.1 X108.138 Y153.136 E62.56997
G1 F1129.4 X109.426 Y153.447 E62.61679
G1 X110.709 Y153.712 E62.66309
G1 F1132.1 X111.971 Y153.927 E62.70822
G1 X113.275 Y154.102 E62.75461
G1 F1137.4 X114.535 Y154.226 E62.79904
G1 X115.875 Y154.31 E62.84615
G1 X117.199 Y154.343 E62.89262
G1 F1134.8 X117.5 Y154.34 E62.90321
G1 F2700 E57.90321
;MESH:NONMESH
G0 F300 X117.5 Y154.34 Z0.4
G0 F6000 X82.88 Y82.866
;TIME_ELAPSED:102.185975
;LAYER:1
M106 S85
;TYPE:SKIRT
G1 F2700 E62.90321
G1 F1200 X84.346 Y81.461 E62.97074
G1 X85.532 Y80.405 E63.02356
G1 X86.537 Y79.563 E63.06717
G1 X87.86 Y78.522 E63.12316
G1 X89.14 Y77.581 E63.176
G1 X90.541 Y76.623 E63.23245
G1 X91.921 Y75.746 E63.28683
G1 X93.356 Y74.901 E63.34222
G1 X95.071 Y73.972 E63.40709
G1 X96.241 Y73.39 E63.45056
G1 X97.771 Y72.686 E63.50657
G1 X99.242 Y72.067 E63.55965
G1 X100.806 Y71.47 E63.61533
G1 X102.703 Y70.824 E63.68199
G1 X104.216 Y70.372 E63.73451
G1 X105.525 Y70.023 E63.77957
G1 X107.107 Y69.653 E63.8336
G1 X108.757 Y69.324 E63.88956
G1 X110.334 Y69.065 E63.94272
G1 X112.338 Y68.81 E64.00991
G1 X113.994 Y68.663 E64.0652
G1 X115.625 Y68.574 E64.11953
G1 X117.25 Y68.539 E64.17359
G1 X118.886 Y68.558 E64.22801
G1 X120.566 Y68.634 E64.28394
G1 X122.183 Y68.762 E64.33789
G1 X123.85 Y68.951 E64.39369
G1 X125.446 Y69.186 E64.44735
G1 X127.053 Y69.478 E64.50167
G1 X128.715 Y69.838 E64.55823
G1 X130.256 Y70.227 E64.61109
G1 X131.85 Y70.687 E64.66627
G1 X133.444 Y71.205 E64.72202
G1 X134.96 Y71.755 E64.77566
G1 X136.505 Y72.374 E64.83102
G1 X137.689 Y72.89 E64.87397
G1 X139.198 Y73.604 E64.9295
G1 X140.941 Y74.508 E64.9948
G1 X142.357 Y75.312 E65.04896
G1 X143.815 Y76.205 E65.10583
G1 X145.139 Y77.079 E65.15859
G1 X146.519 Y78.056 E65.21483
G1 X147.799 Y79.031 E65.26835
G1 X149.087 Y80.081 E65.32362
G1 X150.318 Y81.155 E65.37795
G1 X151.569 Y82.324 E65.4349
G1 X152.675 Y83.429 E65.4869
G1 X153.546 Y84.351 E65.52909
G1 X154.702 Y85.653 E65.587
G1 X155.724 Y86.885 E65.64024
G1 X156.733 Y88.189 E65.69508
G1 X157.908 Y89.829 E65.76218
G1 X158.62 Y90.899 E65.80492
G1 X159.484 Y92.283 E65.85919
G1 X160.311 Y93.712 E65.9141
G1 X161.087 Y95.164 E65.96886
G1 X161.81 Y96.635 E66.02338
G1 X162.503 Y98.17 E66.07939
G1 X163.108 Y99.645 E66.13242
G1 X163.689 Y101.204 E66.18776
G1 X164.321 Y103.115 E66.2547
G1 X164.771 Y104.67 E66.30854
G1 X165.176 Y106.265 E66.36328
G1 X165.526 Y107.868 E66.41785
G1 X165.825 Y109.495 E66.47287
G1 X166.069 Y111.129 E66.52782
G1 X166.222 Y112.425 E66.57122
G1 X166.365 Y114.067 E66.62604
G1 X166.453 Y115.697 E66.68034
G1 X166.487 Y117.345 E66.73516
G1 X166.464 Y119.023 E66.79098
G1 X166.389 Y120.628 E66.84442
G1 X166.258 Y122.27 E66.8992
G1 X166.068 Y123.923 E66.95454
G1 X165.827 Y125.541 E67.00895
G1 X165.461 Y127.505 E67.0754
G1 X165.1 Y129.103 E67.12989
G1 X164.683 Y130.701 E67.18482
G1 X164.219 Y132.26 E67.23892
G1 X163.804 Y133.518 E67.28298
G1 X163.237 Y135.074 E67.33806
G1 X162.632 Y136.576 E67.39192
G1 X161.956 Y138.105 E67.44752
G1 X161.245 Y139.577 E67.50189
G1 X160.479 Y141.033 E67.55661
G1 X159.669 Y142.457 E67.6111
G1 X158.801 Y143.87 E67.66626
G1 X157.903 Y145.227 E67.72038
G1 X156.942 Y146.58 E67.77557
G1 X155.939 Y147.895 E67.83058
G1 X154.914 Y149.148 E67.88442
G1 X153.579 Y150.664 E67.95161
G1 X152.436 Y151.867 E68.0068
G1 X151.568 Y152.727 E68.04744
G1 X150.021 Y154.162 E68.11763
G1 X148.852 Y155.167 E68.1689
G1 X147.82 Y156.003 E68.21307
G1 X146.212 Y157.216 E68.28007
G1 X144.886 Y158.143 E68.33388
G1 X143.483 Y159.054 E68.38952
G1 X142.081 Y159.9 E68.44398
G1 X140.632 Y160.709 E68.49918
G1 X139.502 Y161.295 E68.54151
G1 X138.022 Y162.007 E68.59614
G1 X136.197 Y162.804 E68.66237
G1 X134.61 Y163.427 E68.71908
G1 X133.076 Y163.97 E68.7732
G1 X131.551 Y164.453 E68.82641
G1 X129.919 Y164.912 E68.88279
G1 X128.384 Y165.288 E68.93536
G1 X126.742 Y165.633 E68.99116
G1 X125.111 Y165.918 E69.04623
G1 X123.496 Y166.144 E69.10047
G1 X121.863 Y166.318 E69.15509
G1 X120.19 Y166.439 E69.21088
G1 X118.584 Y166.501 E69.26434
G1 X116.897 Y166.509 E69.32045
G1 X115.582 Y166.476 E69.3642
G1 X114.033 Y166.39 E69.4158
G1 X112.288 Y166.234 E69.47407
G1 X110.731 Y166.043 E69.52624
G1 X109.064 Y165.781 E69.58237
G1 X107.446 Y165.47 E69.63717
G1 X105.859 Y165.11 E69.69129
G1 X103.921 Y164.593 E69.758
G1 X102.367 Y164.118 E69.81205
G1 X100.777 Y163.571 E69.86798
G1 X99.258 Y162.991 E69.92206
G1 X97.762 Y162.361 E69.97605
G1 X96.229 Y161.655 E70.03218
G1 X95.107 Y161.096 E70.07387
G1 X93.316 Y160.128 E70.14159
G1 X91.922 Y159.305 E70.19543
G1 X90.53 Y158.421 E70.25027
G1 X89.147 Y157.475 E70.306
G1 X87.87 Y156.536 E70.35872
G1 X86.534 Y155.485 E70.41526
G1 X85.554 Y154.665 E70.45776
G1 X84.33 Y153.575 E70.51227
G1 X83.119 Y152.422 E70.56789
G1 X81.98 Y151.262 E70.62196
G1 X80.832 Y150.01 E70.67846
G1 X79.606 Y148.572 E70.74131
G1 X78.531 Y147.211 E70.79899
G1 X77.576 Y145.915 E70.85254
G1 X76.831 Y144.838 E70.89609
G1 X75.773 Y143.191 E70.9612
G1 X74.908 Y141.727 E71.01776
G1 X74.133 Y140.309 E71.07151
G1 X73.395 Y138.846 E71.12601
G1 X72.696 Y137.337 E71.18132
G1 X72.187 Y136.145 E71.22443
G1 X71.587 Y134.609 E71.27927
G1 X71.036 Y133.047 E71.33436
G1 X70.557 Y131.532 E71.38721
G1 X70.09 Y129.859 E71.44498
G1 X69.722 Y128.348 E71.49671
G1 X69.37 Y126.656 E71.55419
G1 X69.104 Y125.121 E71.606
G1 X68.868 Y123.414 E71.66332
G1 X68.7 Y121.806 E71.71709
G1 X68.581 Y120.129 E71.77301
G1 X68.523 Y118.541 E71.82586
G1 X68.517 Y116.872 E71.88137
G1 X68.584 Y114.885 E71.9475
G1 X68.699 Y113.242 E72.00228
G1 X68.827 Y111.973 E72.0447
G1 X69.051 Y110.284 E72.10137
G1 X69.315 Y108.691 E72.15508
G1 X69.646 Y107.045 E72.21092
G1 X70.09 Y105.191 E72.27433
G1 X70.558 Y103.517 E72.33214
G1 X71.035 Y102.006 E72.38484
G1 X71.591 Y100.432 E72.44036
G1 X72.191 Y98.898 E72.49515
G1 X72.842 Y97.389 E72.54981
G1 X73.554 Y95.879 E72.60533
G1 X74.293 Y94.44 E72.65914
G1 X75.08 Y93.024 E72.71302
G1 X75.956 Y91.565 E72.76962
G1 X76.831 Y90.213 E72.82318
G1 X77.774 Y88.86 E72.87804
G1 X78.739 Y87.569 E72.93164
G1 X79.825 Y86.214 E72.9894
G1 X80.83 Y85.042 E73.04075
G1 X81.747 Y84.035 E73.08605
G1 X82.88 Y82.866 E73.1402
G1 F2700 E68.1402
;MESH:Led Ring.stl
G0 F7500 X78.628 Y113.593
G0 X78.451 Y116.212
G0 X78.451 Y118.838
G0 X78.628 Y121.458
G0 X78.979 Y124.059
G0 X79.505 Y126.631
G0 X80.201 Y129.161
G0 X81.067 Y131.64
G0 X82.097 Y134.054
G0 X83.287 Y136.394
G0 X84.631 Y138.649
G0 X86.124 Y140.809
G0 X87.758 Y142.862
G0 X89.526 Y144.802
G0 X91.422 Y146.62
G0 X93.434 Y148.305
G0 X95.555 Y149.851
G0 X97.775 Y151.252
G0 X100.084 Y152.5
G0 X102.473 Y153.59
G0 X104.929 Y154.518
G0 X107.44 Y155.279
G0 X109.998 Y155.869
G0 X112.589 Y156.287
G0 X114.707 Y156.482
G0 X117.494 Y156.594
G0 X117.5 Y155.726
;TYPE:WALL-OUTER
G1 F2700 E73.1402
G1 F1350 X116.558 Y155.72 E73.17153
G1 X115.27 Y155.664 E73.21441
G1 X113.98 Y155.565 E73.25744
G1 X112.704 Y155.426 E73.30013
G1 X111.433 Y155.244 E73.34283
G1 X110.173 Y155.022 E73.38539
G1 X108.914 Y154.753 E73.42821
G1 X107.682 Y154.445 E73.47045
G1 X106.423 Y154.088 E73.51397
G1 X105.201 Y153.694 E73.55667
G1 X104.005 Y153.269 E73.59889
G1 X102.812 Y152.797 E73.64156
G1 X101.643 Y152.283 E73.68404
G1 X100.475 Y151.726 E73.72708
G1 X99.348 Y151.142 E73.76929
G1 X98.217 Y150.505 E73.81247
G1 X97.123 Y149.841 E73.85503
G1 X96.045 Y149.138 E73.89784
G1 X94.998 Y148.402 E73.9404
G1 X93.971 Y147.626 E73.98321
G1 X92.983 Y146.826 E74.0255
G1 X92.005 Y145.979 E74.06853
G1 X91.061 Y145.104 E74.11134
G1 X90.149 Y144.201 E74.15403
G1 X89.271 Y143.271 E74.19657
G1 X88.423 Y142.31 E74.23919
G1 X87.611 Y141.319 E74.28181
G1 X86.822 Y140.3 E74.32467
G1 X86.073 Y139.257 E74.36738
G1 X85.359 Y138.186 E74.41019
G1 X84.684 Y137.098 E74.45278
G1 X84.045 Y135.982 E74.49555
G1 X83.446 Y134.849 E74.53817
G1 X82.887 Y133.702 E74.58061
G1 X82.358 Y132.523 E74.62359
G1 X81.876 Y131.331 E74.66636
G1 X81.43 Y130.13 E74.70897
G1 X81.063 Y129.03 E74.74754
G1 X80.669 Y127.693 E74.7939
G1 X80.346 Y126.434 E74.83713
G1 X80.067 Y125.181 E74.87982
G1 X79.831 Y123.918 E74.92256
G1 X79.632 Y122.62 E74.96623
G1 X79.488 Y121.377 E75.00785
G1 X79.381 Y120.106 E75.05028
G1 X79.312 Y118.815 E75.09328
G1 X79.293 Y117.528 E75.13609
G1 X79.312 Y116.244 E75.1788
G1 X79.38 Y114.954 E75.22176
G1 X79.487 Y113.697 E75.26372
G1 X79.633 Y112.427 E75.30624
G1 X79.828 Y111.148 E75.34927
G1 X80.064 Y109.881 E75.39214
G1 X80.343 Y108.627 E75.43486
G1 X80.665 Y107.37 E75.47802
G1 X81.06 Y106.044 E75.52404
G1 X81.42 Y104.946 E75.56247
G1 X81.867 Y103.741 E75.60522
G1 X82.348 Y102.552 E75.64788
G1 X82.877 Y101.365 E75.6911
G1 X83.433 Y100.224 E75.73332
G1 X84.039 Y99.077 E75.77647
G1 X84.675 Y97.973 E75.81884
G1 X85.353 Y96.872 E75.86185
G1 X86.056 Y95.816 E75.90404
G1 X86.804 Y94.772 E75.94676
G1 X87.605 Y93.737 E75.99029
G1 X88.404 Y92.761 E76.03224
G1 X89.26 Y91.787 E76.07537
G1 X90.132 Y90.865 E76.11758
G1 X91.039 Y89.96 E76.16019
G1 X91.984 Y89.087 E76.20298
G1 X92.963 Y88.239 E76.24606
G1 X93.949 Y87.439 E76.28829
G1 X94.975 Y86.662 E76.3311
G1 X96.033 Y85.918 E76.37412
G1 X97.1 Y85.221 E76.41651
G1 X98.194 Y84.556 E76.45909
G1 X99.35 Y83.904 E76.50323
G1 X100.449 Y83.334 E76.54441
G1 X101.62 Y82.775 E76.58756
G1 X102.783 Y82.264 E76.62981
G1 X103.979 Y81.788 E76.67263
G1 X105.184 Y81.356 E76.7152
G1 X106.41 Y80.963 E76.75803
G1 X107.655 Y80.609 E76.80108
G1 X108.914 Y80.295 E76.84423
G1 X110.174 Y80.025 E76.88709
G1 X111.405 Y79.804 E76.92869
G1 X112.681 Y79.625 E76.97155
G1 X113.954 Y79.484 E77.01414
G1 X115.247 Y79.385 E77.05728
G1 X116.526 Y79.328 E77.09986
G1 X117.806 Y79.321 E77.14243
G1 X119.082 Y79.352 E77.18488
G1 X120.292 Y79.419 E77.22519
G1 X121.793 Y79.563 E77.27534
G1 X122.928 Y79.705 E77.31339
G1 X124.183 Y79.908 E77.35567
G1 X125.446 Y80.154 E77.39847
G1 X126.572 Y80.41 E77.43688
G1 X128.059 Y80.809 E77.48808
G1 X129.174 Y81.148 E77.52684
G1 X130.39 Y81.556 E77.5695
G1 X131.579 Y82.006 E77.61179
G1 X132.774 Y82.507 E77.65489
G1 X134.031 Y83.084 E77.70089
G1 X135.1 Y83.614 E77.74057
G1 X136.138 Y84.171 E77.77975
G1 X137.405 Y84.917 E77.82866
G1 X138.413 Y85.555 E77.86833
G1 X139.409 Y86.22 E77.90817
G1 X140.509 Y87.025 E77.9535
G1 X141.526 Y87.819 E77.99642
G1 X142.504 Y88.64 E78.03889
G1 X143.472 Y89.503 E78.08202
G1 X144.382 Y90.378 E78.12401
G1 X145.284 Y91.3 E78.16691
G1 X146.153 Y92.251 E78.20976
G1 X146.983 Y93.224 E78.25229
G1 X147.797 Y94.25 E78.29585
G1 X148.606 Y95.347 E78.34119
G1 X149.277 Y96.316 E78.38039
G1 X149.971 Y97.395 E78.42306
G1 X150.586 Y98.418 E78.46276
G1 X151.259 Y99.638 E78.5091
G1 X151.838 Y100.776 E78.55157
G1 X152.478 Y102.142 E78.60174
G1 X152.472 Y102.151 E78.6021
G1 X152.893 Y103.135 E78.6377
G1 X153.344 Y104.306 E78.67944
G1 X153.769 Y105.517 E78.72212
G1 X154.153 Y106.754 E78.7652
G1 X154.494 Y107.976 E78.8074
G1 X154.82 Y109.33 E78.85372
G1 X155.049 Y110.486 E78.89292
G1 X155.264 Y111.75 E78.93556
G1 X155.439 Y113.029 E78.9785
G1 X155.567 Y114.301 E79.02102
G1 X155.655 Y115.581 E79.06369
G1 X155.699 Y116.839 E79.10556
G1 X155.7 Y118.146 E79.14903
G1 X155.656 Y119.431 E79.19179
G1 X155.569 Y120.722 E79.23483
G1 X155.442 Y121.986 E79.27708
G1 X155.27 Y123.273 E79.32027
G1 X155.055 Y124.539 E79.36298
G1 X154.824 Y125.701 E79.40238
G1 X154.498 Y127.045 E79.44838
G1 X154.158 Y128.272 E79.49073
G1 X153.782 Y129.492 E79.53319
G1 X153.352 Y130.718 E79.5764
G1 X152.895 Y131.902 E79.61861
G1 X152.472 Y132.897 E79.65457
G1 X152.478 Y132.906 E79.65493
G1 X151.848 Y134.248 E79.70424
G1 X151.27 Y135.392 E79.74687
G1 X150.596 Y136.605 E79.79303
G1 X149.989 Y137.625 E79.8325
G1 X149.295 Y138.703 E79.87515
G1 X148.626 Y139.682 E79.91458
G1 X147.804 Y140.788 E79.96042
G1 X147.006 Y141.793 E80.0031
G1 X146.166 Y142.778 E80.04616
G1 X145.312 Y143.719 E80.08842
G1 X144.408 Y144.644 E80.13144
G1 X143.491 Y145.526 E80.17376
G1 X142.521 Y146.392 E80.21701
G1 X141.538 Y147.22 E80.25975
G1 X140.531 Y148.007 E80.30226
G1 X139.405 Y148.824 E80.34853
G1 X138.427 Y149.487 E80.38783
G1 X137.416 Y150.133 E80.42774
G1 X136.16 Y150.859 E80.47599
G1 X135.115 Y151.423 E80.51548
G1 X133.957 Y152.001 E80.55853
G1 X132.796 Y152.535 E80.60103
G1 X131.608 Y153.032 E80.64386
G1 X130.413 Y153.482 E80.68633
G1 X129.196 Y153.894 E80.72907
G1 X128.086 Y154.238 E80.76772
G1 X126.621 Y154.626 E80.81813
G1 X125.475 Y154.89 E80.85724
G1 X124.215 Y155.136 E80.89994
G1 X122.953 Y155.336 E80.94244
G1 X121.821 Y155.487 E80.98042
G1 X120.292 Y155.63 E81.0315
G1 X119.108 Y155.696 E81.07094
G1 X117.831 Y155.728 E81.11343
G1 X117.5 Y155.726 E81.12444
G1 F2700 E76.12444
G0 F7500 X117.5 Y153.97
G1 F2700 E81.12444
G1 F1350 X118.422 Y153.964 E81.1551
G1 X119.717 Y153.908 E81.19821
G1 X120.988 Y153.808 E81.24062
G1 X122.308 Y153.655 E81.28482
G1 X123.578 Y153.466 E81.32752
G1 X124.845 Y153.229 E81.37039
G1 X126.117 Y152.939 E81.41379
G1 X127.363 Y152.614 E81.45661
G1 X128.61 Y152.24 E81.49991
G1 X129.934 Y151.786 E81.54647
G1 X131.044 Y151.364 E81.58596
G1 X132.238 Y150.861 E81.62906
G1 X133.409 Y150.318 E81.67199
G1 X134.555 Y149.739 E81.71469
G1 X135.697 Y149.108 E81.75809
G1 X136.796 Y148.448 E81.80073
G1 X137.89 Y147.736 E81.84414
G1 X138.951 Y146.992 E81.88724
G1 X139.985 Y146.212 E81.93032
G1 X140.979 Y145.404 E81.97293
G1 X141.964 Y144.543 E82.01644
G1 X142.906 Y143.658 E82.05943
G1 X143.818 Y142.742 E82.10242
G1 X144.695 Y141.792 E82.14542
G1 X145.532 Y140.819 E82.18811
G1 X146.34 Y139.814 E82.231
G1 X147.113 Y138.772 E82.27415
G1 X147.838 Y137.727 E82.31646
G1 X148.553 Y136.608 E82.36062
G1 X149.205 Y135.502 E82.40332
G1 X149.828 Y134.356 E82.44671
G1 X150.407 Y133.202 E82.48965
G1 X150.943 Y132.023 E82.53273
G1 X151.438 Y130.825 E82.57584
G1 X151.89 Y129.611 E82.61893
G1 X152.292 Y128.392 E82.66162
G1 X152.657 Y127.145 E82.70483
G1 X152.974 Y125.902 E82.7475
G1 X153.248 Y124.622 E82.79104
G1 X153.477 Y123.352 E82.83396
G1 X153.678 Y121.961 E82.8807
G1 X153.812 Y120.673 E82.92377
G1 X153.9 Y119.394 E82.96641
G1 X153.94 Y118.199 E83.00618
G1 X153.944 Y116.905 E83.04922
G1 X153.9 Y115.613 E83.09222
G1 X153.808 Y114.321 E83.1353
G1 X153.675 Y113.047 E83.1779
G1 X153.49 Y111.755 E83.22131
G1 X153.261 Y110.48 E83.2644
G1 X152.992 Y109.214 E83.30744
G1 X152.67 Y107.962 E83.35044
G1 X152.312 Y106.72 E83.39343
G1 X151.906 Y105.489 E83.43655
G1 X151.456 Y104.278 E83.47951
G1 X150.97 Y103.092 E83.52214
G1 X150.431 Y101.901 E83.56562
G1 X149.856 Y100.742 E83.60866
G1 X149.241 Y99.604 E83.65168
G1 X148.585 Y98.49 E83.69468
G1 X147.897 Y97.408 E83.73733
G1 X147.153 Y96.33 E83.78089
G1 X146.395 Y95.302 E83.82337
G1 X145.584 Y94.291 E83.86648
G1 X144.732 Y93.297 E83.91002
G1 X143.904 Y92.392 E83.95082
G1 X142.947 Y91.427 E83.99602
G1 X142.013 Y90.55 E84.03864
G1 X141.032 Y89.689 E84.08205
G1 X140.031 Y88.872 E84.12502
G1 X138.997 Y88.088 E84.16818
G1 X137.855 Y87.288 E84.21456
G1 X136.857 Y86.64 E84.25414
G1 X135.748 Y85.972 E84.2972
G1 X134.626 Y85.348 E84.3399
G1 X133.463 Y84.757 E84.38329
G1 X132.301 Y84.214 E84.42595
G1 X131.098 Y83.707 E84.46937
G1 X129.896 Y83.245 E84.5122
G1 X128.677 Y82.83 E84.55503
G1 X127.426 Y82.452 E84.59849
G1 X126.187 Y82.126 E84.6411
G1 X124.913 Y81.837 E84.68455
G1 X123.646 Y81.595 E84.72746
G1 X122.266 Y81.386 E84.77388
G1 X120.971 Y81.241 E84.81722
G1 X119.688 Y81.14 E84.86002
G1 X118.385 Y81.084 E84.9034
G1 X117.21 Y81.076 E84.94248
G1 X115.906 Y81.108 E84.98587
G1 X114.62 Y81.184 E85.02872
G1 X113.34 Y81.308 E85.07149
G1 X112.045 Y81.481 E85.11494
G1 X110.782 Y81.698 E85.15757
G1 X109.515 Y81.96 E85.2006
G1 X108.257 Y82.261 E85.24362
G1 X107.001 Y82.619 E85.28706
G1 X105.779 Y83.009 E85.32972
G1 X104.68 Y83.399 E85.36851
G1 X103.361 Y83.926 E85.41575
G1 X102.179 Y84.449 E85.45874
G1 X101.012 Y85.016 E85.50189
G1 X99.87 Y85.619 E85.54485
G1 X98.739 Y86.274 E85.58832
G1 X97.65 Y86.954 E85.63102
G1 X96.568 Y87.682 E85.67439
G1 X95.522 Y88.442 E85.7174
G1 X94.507 Y89.239 E85.76032
G1 X93.515 Y90.075 E85.80347
G1 X92.565 Y90.935 E85.84609
G1 X91.628 Y91.848 E85.8896
G1 X90.743 Y92.769 E85.93208
G1 X89.802 Y93.831 E85.97928
G1 X89.046 Y94.744 E86.0187
G1 X88.253 Y95.765 E86.0617
G1 X87.501 Y96.815 E86.10466
G1 X86.785 Y97.897 E86.14781
G1 X86.109 Y98.999 E86.19081
G1 X85.469 Y100.125 E86.23389
G1 X84.87 Y101.271 E86.2769
G1 X84.315 Y102.442 E86.32
G1 X83.8 Y103.628 E86.363
G1 X83.329 Y104.831 E86.40597
G1 X82.896 Y106.06 E86.44931
G1 X82.516 Y107.288 E86.49207
G1 X82.175 Y108.535 E86.53506
G1 X81.881 Y109.786 E86.57781
G1 X81.627 Y111.065 E86.62118
G1 X81.422 Y112.299 E86.66278
G1 X81.257 Y113.611 E86.70676
G1 X81.132 Y115.026 E86.75401
G1 X81.068 Y116.317 E86.797
G1 X81.048 Y117.616 E86.84021
G1 X81.068 Y118.784 E86.87906
G1 X81.136 Y120.075 E86.92206
G1 X81.252 Y121.374 E86.96544
G1 X81.409 Y122.649 E87.00817
G1 X81.614 Y123.924 E87.05112
G1 X81.867 Y125.207 E87.09461
G1 X82.157 Y126.458 E87.13732
G1 X82.499 Y127.705 E87.18033
G1 X82.884 Y128.952 E87.22374
G1 X83.307 Y130.162 E87.26637
G1 X83.777 Y131.365 E87.30933
G1 X84.292 Y132.552 E87.35236
G1 X84.847 Y133.722 E87.39543
G1 X85.446 Y134.884 E87.43892
G1 X86.077 Y135.999 E87.48153
G1 X86.753 Y137.105 E87.52464
G1 X87.465 Y138.183 E87.56761
G1 X88.225 Y139.245 E87.61104
G1 X89.009 Y140.259 E87.65367
G1 X89.833 Y141.256 E87.69669
G1 X90.694 Y142.225 E87.73981
G1 X91.595 Y143.167 E87.78316
G1 X92.512 Y144.063 E87.82581
G1 X93.469 Y144.933 E87.86882
G1 X94.466 Y145.777 E87.91227
G1 X95.561 Y146.63 E87.95844
G1 X96.457 Y147.293 E87.99551
G1 X97.592 Y148.058 E88.04103
G1 X98.781 Y148.802 E88.08768
G1 X99.816 Y149.398 E88.12741
G1 X101.222 Y150.143 E88.18033
G1 X101.231 Y150.137 E88.18069
G1 X102.124 Y150.572 E88.21373
G1 X103.407 Y151.139 E88.26038
G1 X104.505 Y151.578 E88.29971
G1 X105.711 Y152.016 E88.34239
G1 X106.943 Y152.411 E88.38542
G1 X108.197 Y152.769 E88.42879
G1 X109.456 Y153.075 E88.47189
G1 X110.719 Y153.336 E88.51478
G1 X111.993 Y153.558 E88.55779
G1 X113.361 Y153.739 E88.60369
G1 X114.552 Y153.856 E88.64349
G1 X115.851 Y153.936 E88.68678
G1 X117.142 Y153.972 E88.72974
G1 X117.5 Y153.97 E88.74164
G0 F7500 X117.5 Y155.366
;TYPE:SKIN
G1 F1350 X116.58 Y155.36 E88.77224
G1 X115.298 Y155.3 E88.81493
G1 X114.011 Y155.204 E88.85785
G1 X112.749 Y155.066 E88.90008
G1 X111.488 Y154.886 E88.94244
G1 X110.255 Y154.669 E88.98408
G1 X109.018 Y154.406 E89.02615
G1 X107.782 Y154.096 E89.06853
G1 X106.537 Y153.745 E89.11155
G1 X105.622 Y153.45 E89.14353
G1 X105.433 Y153.397 E89.15006
G1 X104.135 Y152.933 E89.1959
G1 X102.958 Y152.466 E89.23802
G1 X101.798 Y151.957 E89.28015
G1 X100.647 Y151.41 E89.32254
G1 X99.527 Y150.827 E89.36453
G1 X98.396 Y150.19 E89.40771
G1 X97.314 Y149.534 E89.44979
G1 X96.267 Y148.85 E89.49139
G1 X95.208 Y148.106 E89.53443
G1 X94.183 Y147.335 E89.57709
G1 X93.22 Y146.555 E89.61831
G1 X92.244 Y145.708 E89.66129
G1 X91.309 Y144.84 E89.70373
G1 X90.405 Y143.945 E89.74604
G1 X89.534 Y143.027 E89.78813
G1 X88.701 Y142.084 E89.82997
G1 X88.005 Y141.239 E89.86639
G1 X87.101 Y140.076 E89.91538
G1 X86.369 Y139.048 E89.95735
G1 X85.661 Y137.99 E89.99969
G1 X84.993 Y136.912 E90.04187
G1 X84.356 Y135.799 E90.08453
G1 X83.766 Y134.684 E90.12648
G1 X83.146 Y133.411 E90.17358
G1 X82.688 Y132.377 E90.21119
G1 X82.212 Y131.2 E90.25342
G1 X81.768 Y130.009 E90.2957
G1 X81.405 Y128.919 E90.33391
G1 X81.015 Y127.594 E90.37985
G1 X80.696 Y126.347 E90.42266
G1 X80.414 Y125.089 E90.46554
G1 X80.186 Y123.856 E90.50724
G1 X79.991 Y122.601 E90.54948
G1 X79.844 Y121.339 E90.59174
G1 X79.732 Y120.009 E90.63613
G1 X79.674 Y118.839 E90.6751
G1 X79.653 Y117.532 E90.71857
G1 X79.672 Y116.293 E90.75979
G1 X79.732 Y115.07 E90.80051
G1 X79.843 Y113.732 E90.84517
G1 X79.986 Y112.485 E90.88691
G1 X80.181 Y111.217 E90.92958
G1 X80.411 Y109.977 E90.97153
G1 X80.69 Y108.733 E91.01393
G1 X81.003 Y107.492 E91.0565
G1 X81.402 Y106.157 E91.10285
G1 X81.755 Y105.075 E91.1407
G1 X82.197 Y103.879 E91.18311
G1 X82.678 Y102.691 E91.22574
G1 X83.203 Y101.515 E91.26857
G1 X83.751 Y100.386 E91.31031
G1 X84.343 Y99.265 E91.35248
G1 X85.029 Y98.081 E91.39799
G1 X85.628 Y97.107 E91.43602
G1 X86.335 Y96.044 E91.47848
G1 X87.083 Y94.996 E91.52131
G1 X87.943 Y93.892 E91.56785
G1 X88.672 Y93 E91.60617
G1 X89.506 Y92.046 E91.64831
G1 X90.379 Y91.122 E91.69059
G1 X91.281 Y90.227 E91.73286
G1 X92.217 Y89.362 E91.77525
G1 X93.199 Y88.507 E91.81855
G1 X94.162 Y87.726 E91.85979
G1 X95.179 Y86.955 E91.90224
G1 X96.234 Y86.214 E91.94512
G1 X97.285 Y85.529 E91.98684
G1 X98.366 Y84.87 E92.02895
G1 X99.518 Y84.223 E92.0729
G1 X100.606 Y83.655 E92.11372
G1 X101.769 Y83.101 E92.15656
G1 X102.914 Y82.6 E92.19813
G1 X104.095 Y82.126 E92.24046
G1 X105.288 Y81.697 E92.28263
G1 X106.503 Y81.31 E92.32504
G1 X107.748 Y80.956 E92.36809
G1 X108.982 Y80.649 E92.41038
G1 X110.253 Y80.374 E92.45363
G1 X111.45 Y80.159 E92.49408
G1 X112.716 Y79.984 E92.53659
G1 X113.976 Y79.844 E92.57876
G1 X115.269 Y79.744 E92.62189
G1 X116.533 Y79.688 E92.66397
G1 X117.795 Y79.681 E92.70595
G1 X119.056 Y79.712 E92.7479
G1 X120.283 Y79.782 E92.78878
G1 X121.758 Y79.919 E92.83805
G1 X122.875 Y80.062 E92.8755
G1 X124.109 Y80.261 E92.91708
G1 X125.358 Y80.503 E92.95939
G1 X126.483 Y80.761 E92.99778
G1 X127.949 Y81.151 E93.04823
G1 X129.064 Y81.49 E93.087
G1 X130.259 Y81.89 E93.12891
G1 X131.432 Y82.335 E93.17064
G1 X132.616 Y82.833 E93.21336
G1 X133.867 Y83.406 E93.25912
G1 X134.917 Y83.928 E93.29812
G1 X135.954 Y84.483 E93.33724
G1 X137.217 Y85.224 E93.38595
G1 X138.205 Y85.849 E93.42483
G1 X139.185 Y86.504 E93.46404
G1 X140.281 Y87.304 E93.50917
G1 X141.299 Y88.099 E93.55213
G1 X142.259 Y88.903 E93.59378
G1 X143.205 Y89.749 E93.63599
G1 X144.118 Y90.626 E93.67809
G1 X145.02 Y91.543 E93.72088
G1 X145.876 Y92.487 E93.76326
G1 X146.696 Y93.445 E93.8052
G1 X147.499 Y94.455 E93.84812
G1 X148.305 Y95.547 E93.89326
G1 X148.969 Y96.505 E93.93203
G1 X149.661 Y97.582 E93.97461
G1 X150.31 Y98.669 E94.01671
G1 X150.931 Y99.791 E94.05936
G1 X151.513 Y100.934 E94.10203
G1 X152.101 Y102.19 E94.14815
G1 X152.547 Y103.244 E94.18622
G1 X153.002 Y104.422 E94.22822
G1 X153.42 Y105.62 E94.27042
G1 X153.806 Y106.854 E94.31342
G1 X154.14 Y108.055 E94.35489
G1 X154.462 Y109.393 E94.40066
G1 X154.69 Y110.544 E94.43968
G1 X154.901 Y111.76 E94.48073
G1 X155.08 Y113.058 E94.52431
G1 X155.204 Y114.324 E94.56662
G1 X155.295 Y115.585 E94.60867
G1 X155.336 Y116.834 E94.65024
G1 X155.34 Y118.128 E94.69328
G1 X155.296 Y119.401 E94.73564
G1 X155.208 Y120.691 E94.77865
G1 X155.082 Y121.934 E94.8202
G1 X154.914 Y123.193 E94.86245
G1 X154.7 Y124.454 E94.90499
G1 X154.469 Y125.618 E94.94446
G1 X154.151 Y126.931 E94.98939
G1 X153.813 Y128.16 E95.03178
G1 X153.44 Y129.365 E95.07374
G1 X153.013 Y130.581 E95.1166
G1 X152.565 Y131.757 E95.15846
G1 X152.112 Y132.834 E95.19732
G1 X151.526 Y134.081 E95.24315
G1 X150.951 Y135.218 E95.28553
G1 X150.286 Y136.417 E95.33113
G1 X149.685 Y137.424 E95.37013
G1 X149.04 Y138.431 E95.40991
G1 X148.33 Y139.471 E95.45179
G1 X147.525 Y140.556 E95.49672
G1 X146.734 Y141.554 E95.53908
G1 X145.884 Y142.55 E95.58263
G1 X145.056 Y143.461 E95.62357
G1 X144.16 Y144.381 E95.66629
G1 X143.248 Y145.257 E95.70835
G1 X142.282 Y146.12 E95.75143
G1 X141.32 Y146.93 E95.79326
G1 X140.322 Y147.71 E95.83539
G1 X139.214 Y148.512 E95.88088
G1 X138.227 Y149.185 E95.92061
G1 X137.251 Y149.808 E95.95913
G1 X136.068 Y150.497 E96.00466
G1 X134.739 Y151.215 E96.0549
G1 X134.732 Y151.21 E96.05519
G1 X133.799 Y151.677 E96.08989
G1 X132.651 Y152.205 E96.13192
G1 X131.473 Y152.695 E96.17435
G1 X130.301 Y153.141 E96.21606
G1 X128.966 Y153.588 E96.26288
G1 X127.989 Y153.891 E96.29691
G1 X126.434 Y154.303 E96.35041
G1 X125.4 Y154.535 E96.38566
G1 X124.149 Y154.781 E96.42806
G1 X122.897 Y154.979 E96.47022
G1 X121.821 Y155.125 E96.50634
G1 X120.304 Y155.263 E96.557
G1 X119.091 Y155.336 E96.59742
G1 X117.826 Y155.368 E96.63951
G1 X117.5 Y155.366 E96.65035
G0 F7500 X117.5 Y154.846
G1 F842.4 X116.597 Y154.839 E96.69848
G1 F853.1 X115.792 Y154.808 E96.74088
G1 F855.8 X114.049 Y154.686 E96.83256
G1 F847.7 X112.804 Y154.548 E96.8989
G1 F849.1 X111.558 Y154.373 E96.96544
G1 F847.7 X110.345 Y154.158 E97.03069
G1 F845.1 X109.137 Y153.9 E97.09633
G1 F857.1 X108.065 Y153.638 E97.15414
G1 F862.6 X106.698 Y153.253 E97.22806
G1 F849.1 X105.602 Y152.904 E97.28889
G1 F843.8 X104.328 Y152.449 E97.36088
G1 F842.4 X103.152 Y151.984 E97.42828
G1 F849.1 X101.761 Y151.368 E97.50873
G1 F858.5 X100.769 Y150.893 E97.56626
G1 F859.9 X99.385 Y150.157 E97.64811
G1 X98.32 Y149.544 E97.71228
G1 F851.7 X97.583 Y149.089 E97.75794
G1 F845.1 X96.56 Y148.42 E97.82288
G1 F857.1 X95.954 Y148.002 E97.86145
G1 F861.2 X95.032 Y147.326 E97.92105
G1 F857.1 X93.911 Y146.452 E97.99551
G1 F851.7 X93.553 Y146.155 E98.02004
G1 F845.1 X92.581 Y145.315 E98.0883
G1 F855.8 X91.911 Y144.7 E98.13601
G1 F861.2 X90.959 Y143.768 E98.20547
G1 F850.4 X89.912 Y142.668 E98.28565
G1 F843.8 X89.152 Y141.808 E98.34673
G1 F850.4 X88.318 Y140.802 E98.41573
G1 F853.1 X87.518 Y139.771 E98.48441
G1 F851.7 X86.727 Y138.659 E98.55635
G1 X86.091 Y137.7 E98.61702
G1 F847.7 X85.435 Y136.636 E98.68322
G1 F843.8 X84.805 Y135.537 E98.75064
G1 F842.4 X84.224 Y134.44 E98.8168
G1 X83.618 Y133.193 E98.8907
G1 F849.1 X83.384 Y132.682 E98.92042
G1 F847.7 X83.342 Y132.567 E98.9269
G1 F846.4 X83.003 Y131.783 E98.97222
G1 F843.8 X82.257 Y129.824 E99.08377
G1 X82.043 Y129.207 E99.11852
G1 F846.4 X81.898 Y128.752 E99.14386
G1 F839.8 X81.513 Y127.443 E99.21681
G1 F853.1 X81.304 Y126.66 E99.25946
G1 F857.1 X81.197 Y126.218 E99.28329
G1 F845.1 X80.927 Y124.992 E99.34999
G1 F841.1 X80.696 Y123.758 E99.41701
G1 F842.4 X80.504 Y122.521 E99.48373
G1 F843.8 X80.358 Y121.276 E99.55044
G1 F851.7 X80.256 Y120.117 E99.61177
G1 F853.1 X80.191 Y118.813 E99.68049
G1 F847.7 X80.171 Y117.536 E99.74814
G1 F850.4 X80.19 Y116.31 E99.81288
G1 F851.7 X80.249 Y115.093 E99.87711
G1 F850.4 X80.357 Y113.791 E99.94609
G1 F847.7 X80.5 Y112.554 E100.01205
G1 F857.1 X80.579 Y111.989 E100.04194
G1 F865.4 X80.767 Y110.86 E100.10132
G1 F861.2 X81.024 Y109.589 E100.16893
G1 F859.9 X81.322 Y108.32 E100.23699
G1 F847.7 X81.503 Y107.63 E100.27478
G1 F846.4 X81.688 Y106.988 E100.31022
G1 F858.5 X82.06 Y105.787 E100.37598
G1 F850.4 X82.244 Y105.245 E100.4062
G1 F847.7 X82.502 Y104.531 E100.44641
G1 F858.5 X83.024 Y103.198 E100.52129
G1 F864 X83.45 Y102.214 E100.57701
G1 F858.5 X83.676 Y101.726 E100.60514
G1 F850.4 X84.211 Y100.619 E100.67006
G1 F847.7 X84.791 Y99.526 E100.7356
G1 F853.1 X85.355 Y98.544 E100.7952
G1 F851.7 X86.07 Y97.376 E100.86739
G1 F849.1 X86.776 Y96.31 E100.93501
G1 F851.7 X87.495 Y95.306 E101.00011
G1 F854.4 X88.344 Y94.212 E101.07288
G1 F851.7 X89.064 Y93.334 E101.13274
G1 F843.8 X89.889 Y92.396 E101.19922
G1 F841.1 X90.75 Y91.485 E101.26613
G1 X91.637 Y90.603 E101.33291
G1 F853.1 X91.957 Y90.3 E101.3561
G1 F861.2 X92.926 Y89.423 E101.42424
G1 F850.4 X93.53 Y88.906 E101.46622
G1 F842.4 X94.481 Y88.135 E101.53147
G1 X95.481 Y87.375 E101.59842
G1 F841.1 X96.531 Y86.638 E101.6669
G1 F845.1 X97.557 Y85.969 E101.73198
G1 F846.4 X98.626 Y85.32 E101.79832
G1 F855.8 X99.447 Y84.851 E101.84793
G1 X100.826 Y84.125 E101.9297
G1 F850.4 X101.811 Y83.652 E101.98739
G1 F853.1 X103.111 Y83.077 E102.06221
G1 F845.1 X104.278 Y82.611 E102.12898
G1 F842.4 X105.451 Y82.187 E102.19546
G1 F845.1 X106.648 Y81.805 E102.26222
G1 F850.4 X107.885 Y81.449 E102.33019
G1 F854.4 X109.335 Y81.097 E102.4086
G1 F849.1 X110.342 Y80.886 E102.46301
G1 F843.8 X111.527 Y80.672 E102.52709
G1 F851.7 X111.89 Y80.615 E102.54646
G1 F861.2 X113.256 Y80.438 E102.61827
G1 F868.2 X114.561 Y80.309 E102.68609
G1 F861.2 X115.307 Y80.261 E102.72507
G1 F842.4 X116.552 Y80.21 E102.79148
G1 F845.1 X117.212 Y80.2 E102.82655
G1 F857.1 X118.394 Y80.21 E102.88847
G1 F853.1 X119.031 Y80.231 E102.92202
G1 F846.4 X120.232 Y80.298 E102.98583
G1 F857.1 X121.056 Y80.37 E103.02916
G1 F858.5 X121.837 Y80.452 E103.07023
G1 F849.1 X122.807 Y80.576 E103.12195
G1 F853.1 X123.843 Y80.737 E103.17713
G1 F855.8 X125.067 Y80.97 E103.24251
G1 F849.1 X126.255 Y81.236 E103.30689
G1 F853.1 X127.643 Y81.601 E103.38243
G1 F857.1 X128.948 Y81.992 E103.45379
G1 F849.1 X130.08 Y82.377 E103.51702
G1 F846.4 X131.237 Y82.817 E103.58269
G1 F857.1 X132.648 Y83.408 E103.66283
G1 F859.9 X133.639 Y83.87 E103.71992
G1 F849.1 X134.686 Y84.391 E103.78177
G1 F845.1 X135.699 Y84.935 E103.84286
G1 F851.7 X136.201 Y85.222 E103.87335
G1 F862.6 X137.324 Y85.896 E103.94152
G1 F859.9 X138.349 Y86.564 E104.00541
G1 F846.4 X138.891 Y86.936 E104.04028
G1 F842.4 X139.964 Y87.716 E104.11099
G1 X140.974 Y88.502 E104.1792
G1 F847.7 X141.599 Y89.02 E104.2222
G1 F850.4 X142.847 Y90.127 E104.31028
G1 F853.1 X143.557 Y90.799 E104.36173
G1 F861.2 X144.515 Y91.763 E104.43259
G1 F853.1 X145.493 Y92.835 E104.50896
G1 F847.7 X146.253 Y93.721 E104.57079
G1 F851.7 X147.086 Y94.764 E104.64116
G1 F853.1 X147.88 Y95.841 E104.71159
G1 F855.8 X148.611 Y96.901 E104.77915
G1 F853.1 X149.217 Y97.852 E104.8385
G1 F854.4 X149.989 Y99.148 E104.91777
G1 F861.2 X150.633 Y100.339 E104.98836
G1 F858.5 X151.239 Y101.564 E105.05984
G1 F854.4 X151.78 Y102.758 E105.12873
G1 F855.8 X152.255 Y103.916 E105.1944
G1 F853.1 X152.513 Y104.599 E105.23283
G1 F845.1 X152.893 Y105.673 E105.29336
G1 F854.4 X153.151 Y106.478 E105.33778
G1 F857.1 X153.307 Y107.002 E105.36642
G1 F846.4 X153.635 Y108.18 E105.43129
G1 F842.4 X153.951 Y109.501 E105.50369
G1 F845.1 X154.18 Y110.635 E105.56516
G1 F846.4 X154.384 Y111.805 E105.62816
G1 F843.8 X154.562 Y113.113 E105.69841
G1 F850.4 X154.673 Y114.235 E105.75794
G1 F854.4 X154.775 Y115.552 E105.82736
G1 F850.4 X154.819 Y116.842 E105.89551
G1 F846.4 X154.82 Y118.115 E105.96304
G1 F847.7 X154.779 Y119.372 E106.02966
G1 F849.1 X154.69 Y120.653 E106.09757
G1 F851.7 X154.546 Y122.056 E106.17192
G1 F855.8 X154.337 Y123.505 E106.24873
G1 X154.11 Y124.775 E106.31642
G1 F850.4 X153.955 Y125.515 E106.35634
G1 F846.4 X153.648 Y126.796 E106.42622
G1 F850.4 X153.316 Y128.011 E106.49273
G1 F862.6 X153.126 Y128.646 E106.52723
G1 F872.4 X152.703 Y129.915 E106.59608
G1 F866.8 X152.253 Y131.133 E106.66334
G1 F854.4 X152.083 Y131.561 E106.68754
G1 F841.1 X151.637 Y132.617 E106.74873
G1 F843.8 X151.063 Y133.849 E106.82106
G1 F846.4 X150.496 Y134.961 E106.88728
G1 F851.7 X150.008 Y135.849 E106.9407
G1 F858.5 X149.239 Y137.157 E107.02005
G1 F854.4 X148.574 Y138.194 E107.08479
G1 F849.1 X147.903 Y139.171 E107.14747
G1 X147.022 Y140.36 E107.22573
G1 F853.1 X146.195 Y141.387 E107.29513
G1 F854.4 X145.351 Y142.365 E107.36302
G1 F857.1 X144.448 Y143.345 E107.43283
G1 F849.1 X143.794 Y144.008 E107.48208
G1 F841.1 X142.902 Y144.864 E107.54807
G1 F849.1 X142.54 Y145.197 E107.57408
G1 F851.7 X141.935 Y145.731 E107.61663
G1 F846.4 X140.991 Y146.524 E107.68203
G1 F853.1 X140.526 Y146.895 E107.71334
G1 F861.2 X139.525 Y147.65 E107.77871
G1 F859.9 X138.385 Y148.453 E107.85152
G1 F858.5 X137.244 Y149.199 E107.92282
G1 F857.1 X136.146 Y149.856 E107.98985
G1 X134.956 Y150.511 E108.06101
G1 F854.4 X133.875 Y151.06 E108.12472
G1 F850.4 X132.587 Y151.663 E108.19981
G1 F849.1 X131.33 Y152.192 E108.27193
G1 F842.4 X130.112 Y152.653 E108.34135
G1 F839.8 X128.682 Y153.134 E108.42201
G1 F843.8 X127.584 Y153.461 E108.48298
G1 F842.4 X126.312 Y153.795 E108.55307
G1 F850.4 X125.002 Y154.088 E108.62395
G1 F861.2 X123.765 Y154.321 E108.68958
G1 F857.1 X122.422 Y154.521 E108.7607
G1 F842.4 X121.771 Y154.602 E108.79567
G1 F837.2 X120.184 Y154.753 E108.88117
G1 F845.1 X119.059 Y154.817 E108.94104
G1 X117.813 Y154.848 E109.00726
G1 F843.8 X117.5 Y154.846 E109.02392
G0 F7500 X117.5 Y154.33
G1 F1350 X118.414 Y154.324 E109.05432
G1 X119.737 Y154.268 E109.09836
G1 X121.009 Y154.164 E109.14081
G1 X122.351 Y154.011 E109.18574
G1 X123.686 Y153.814 E109.23062
G1 X124.902 Y153.585 E109.27178
G1 X126.089 Y153.315 E109.31226
G1 X127.447 Y152.962 E109.35893
G1 X128.718 Y152.58 E109.40307
G1 X130.061 Y152.122 E109.45027
G1 X131.14 Y151.711 E109.48867
G1 X132.382 Y151.189 E109.53348
G1 X133.645 Y150.598 E109.57986
G1 X134.723 Y150.055 E109.62001
G1 X135.873 Y149.419 E109.66371
G1 X136.975 Y148.76 E109.70642
G1 X138.09 Y148.032 E109.75071
G1 X139.222 Y147.239 E109.79668
G1 X140.205 Y146.496 E109.83766
G1 X141.214 Y145.677 E109.88089
G1 X142.197 Y144.815 E109.92437
G1 X143.157 Y143.914 E109.96816
G1 X144.079 Y142.99 E110.01158
G1 X144.963 Y142.032 E110.05493
G1 X145.8 Y141.055 E110.09772
G1 X146.616 Y140.042 E110.14099
G1 X147.405 Y138.98 E110.18499
G1 X148.149 Y137.906 E110.22844
G1 X148.877 Y136.768 E110.27338
G1 X149.557 Y135.606 E110.31816
G1 X150.145 Y134.52 E110.35923
G1 X150.731 Y133.359 E110.40249
G1 X151.271 Y132.167 E110.44601
G1 X151.774 Y130.957 E110.4896
G1 X152.222 Y129.751 E110.53238
G1 X152.639 Y128.491 E110.57653
G1 X153.001 Y127.249 E110.61956
G1 X153.323 Y125.982 E110.66304
G1 X153.604 Y124.687 E110.70711
G1 X153.825 Y123.444 E110.7491
G1 X154.035 Y122.005 E110.79747
G1 X154.167 Y120.705 E110.84093
G1 X154.26 Y119.423 E110.88368
G1 X154.3 Y118.207 E110.92415
G1 X154.304 Y116.897 E110.96772
G1 X154.26 Y115.593 E111.01111
G1 X154.164 Y114.289 E111.0546
G1 X154.031 Y113.015 E111.09721
G1 X153.839 Y111.667 E111.14249
G1 X153.613 Y110.408 E111.18504
G1 X153.34 Y109.13 E111.2285
G1 X153.014 Y107.862 E111.27205
G1 X152.665 Y106.637 E111.31441
G1 X152.246 Y105.369 E111.35883
G1 X151.776 Y104.102 E111.40378
G1 X151.305 Y102.959 E111.44489
G1 X150.779 Y101.793 E111.48744
G1 X150.176 Y100.575 E111.53264
G1 X149.556 Y99.425 E111.5761
G1 X148.896 Y98.31 E111.61919
G1 X148.197 Y97.209 E111.66257
G1 X147.463 Y96.146 E111.70553
G1 X146.741 Y95.154 E111.74634
G1 X145.86 Y94.058 E111.79311
G1 X145 Y93.057 E111.837
G1 X144.152 Y92.129 E111.87882
G1 X143.199 Y91.167 E111.92385
G1 X142.253 Y90.282 E111.96694
G1 X141.264 Y89.413 E112.01073
G1 X140.255 Y88.589 E112.05406
G1 X139.209 Y87.796 E112.09771
G1 X138.067 Y86.996 E112.14409
G1 X137.05 Y86.332 E112.18449
G1 X135.94 Y85.664 E112.22758
G1 X134.794 Y85.028 E112.27117
G1 X133.631 Y84.438 E112.31454
G1 X132.45 Y83.882 E112.35796
G1 X131.21 Y83.363 E112.40267
G1 X130.044 Y82.916 E112.4442
G1 X128.785 Y82.486 E112.48845
G1 X127.527 Y82.104 E112.53218
G1 X126.283 Y81.778 E112.57495
G1 X124.985 Y81.481 E112.61924
G1 X123.754 Y81.247 E112.66091
G1 X122.327 Y81.03 E112.70892
G1 X121.011 Y80.881 E112.75297
G1 X119.72 Y80.78 E112.79604
G1 X118.393 Y80.724 E112.84022
G1 X117.218 Y80.716 E112.8793
G1 X115.891 Y80.748 E112.92345
G1 X114.6 Y80.82 E112.96645
G1 X113.312 Y80.949 E113.00951
G1 X111.973 Y81.125 E113.05443
G1 X110.721 Y81.343 E113.09669
G1 X109.447 Y81.604 E113.13995
G1 X108.165 Y81.909 E113.18378
G1 X106.897 Y82.271 E113.22764
G1 X105.675 Y82.661 E113.2703
G1 X104.564 Y83.059 E113.30955
G1 X103.222 Y83.594 E113.3576
G1 X102.032 Y84.119 E113.40086
G1 X100.857 Y84.687 E113.44427
G1 X99.706 Y85.295 E113.48757
G1 X98.551 Y85.967 E113.53201
G1 X97.462 Y86.641 E113.57461
G1 X96.359 Y87.386 E113.61888
G1 X95.314 Y88.146 E113.66185
G1 X94.284 Y88.954 E113.70539
G1 X93.271 Y89.806 E113.74942
G1 X92.317 Y90.671 E113.79225
G1 X91.38 Y91.584 E113.83576
G1 X90.479 Y92.521 E113.879
G1 X89.526 Y93.595 E113.92676
G1 X88.753 Y94.528 E113.96705
G1 X87.965 Y95.545 E114.00985
G1 X87.201 Y96.607 E114.05336
G1 X86.472 Y97.714 E114.09744
G1 X85.801 Y98.802 E114.13996
G1 X85.15 Y99.949 E114.18382
G1 X84.546 Y101.107 E114.22726
G1 X83.991 Y102.278 E114.27036
G1 X83.464 Y103.488 E114.31426
G1 X82.989 Y104.703 E114.35765
G1 X82.551 Y105.953 E114.4017
G1 X82.184 Y107.128 E114.44265
G1 X81.823 Y108.442 E114.48797
G1 X81.529 Y109.694 E114.53074
G1 X81.291 Y110.86 E114.57033
G1 X81.07 Y112.199 E114.61546
G1 X80.897 Y113.558 E114.66103
G1 X80.772 Y115.002 E114.70924
G1 X80.708 Y116.301 E114.75249
G1 X80.688 Y117.628 E114.79663
G1 X80.708 Y118.765 E114.83446
G1 X80.772 Y120.086 E114.87844
G1 X80.892 Y121.399 E114.9223
G1 X81.049 Y122.693 E114.96565
G1 X81.258 Y123.973 E115.00879
G1 X81.515 Y125.279 E115.05306
G1 X81.801 Y126.529 E115.09571
G1 X82.167 Y127.854 E115.14143
G1 X82.536 Y129.051 E115.18309
G1 X82.914 Y130.099 E115.22014
G1 X82.922 Y130.101 E115.22042
G1 X83.48 Y131.587 E115.27321
G1 X83.847 Y132.418 E115.30343
G1 X83.84 Y132.427 E115.30381
G1 X84.515 Y133.87 E115.35679
G1 X85.122 Y135.041 E115.40066
G1 X85.757 Y136.17 E115.44374
G1 X86.445 Y137.297 E115.48766
G1 X87.157 Y138.375 E115.53063
G1 X87.925 Y139.449 E115.57455
G1 X88.725 Y140.483 E115.61803
G1 X89.55 Y141.476 E115.66097
G1 X90.426 Y142.465 E115.70491
G1 X91.331 Y143.411 E115.74845
G1 X92.267 Y144.331 E115.7921
G1 X93.221 Y145.193 E115.83487
G1 X94.234 Y146.049 E115.87898
G1 X95.34 Y146.914 E115.92568
G1 X96.253 Y147.589 E115.96344
G1 X97.384 Y148.35 E116.00878
G1 X98.581 Y149.102 E116.0558
G1 X99.64 Y149.71 E116.09642
G1 X101.014 Y150.441 E116.14818
G1 X101.11 Y150.478 E116.1516
G1 X101.984 Y150.904 E116.18394
G1 X103.263 Y151.468 E116.23043
G1 X104.321 Y151.894 E116.26837
G1 X105.632 Y152.369 E116.31475
G1 X106.827 Y152.753 E116.35649
G1 X108.201 Y153.145 E116.40402
G1 X109.378 Y153.423 E116.44424
G1 X110.638 Y153.688 E116.48706
G1 X111.937 Y153.914 E116.53092
G1 X113.317 Y154.095 E116.57721
G1 X114.512 Y154.212 E116.61715
G1 X115.823 Y154.296 E116.66084
G1 X117.134 Y154.332 E116.70446
G1 X117.5 Y154.33 E116.71663
G1 F2700 E111.71663
;MESH:NONMESH
G0 F300 X117.5 Y154.33 Z0.6
G0 F7500 X82.88 Y82.866
;TIME_ELAPSED:179.421636
;LAYER:2
M106 S170
;TYPE:SKIRT
G1 F2700 E116.71663
G1 F1200 X84.346 Y81.461 E116.78417
G1 X85.532 Y80.405 E116.83699
G1 X86.537 Y79.563 E116.8806
G1 X87.86 Y78.522 E116.93659
G1 X89.14 Y77.581 E116.98943
G1 X90.541 Y76.623 E117.04588
G1 X91.921 Y75.746 E117.10026
G1 X93.356 Y74.901 E117.15565
G1 X95.071 Y73.972 E117.22052
G1 X96.241 Y73.39 E117.26398
G1 X97.771 Y72.686 E117.32
G1 X99.242 Y72.067 E117.37308
G1 X100.806 Y71.47 E117.42876
G1 X102.703 Y70.824 E117.49541
G1 X104.216 Y70.372 E117.54793
G1 X105.525 Y70.023 E117.59299
G1 X107.107 Y69.653 E117.64703
G1 X108.757 Y69.324 E117.70299
G1 X110.334 Y69.065 E117.75614
G1 X112.338 Y68.81 E117.82333
G1 X113.994 Y68.663 E117.87863
G1 X115.625 Y68.574 E117.93296
G1 X117.25 Y68.539 E117.98702
G1 X118.886 Y68.558 E118.04143
G1 X120.566 Y68.634 E118.09737
G1 X122.183 Y68.762 E118.15132
G1 X123.85 Y68.951 E118.20712
G1 X125.446 Y69.186 E118.26077
G1 X127.053 Y69.478 E118.3151
G1 X128.715 Y69.838 E118.37166
G1 X130.256 Y70.227 E118.42452
G1 X131.85 Y70.687 E118.4797
G1 X133.444 Y71.205 E118.53545
G1 X134.96 Y71.755 E118.58908
G1 X136.505 Y72.374 E118.64444
G1 X137.689 Y72.89 E118.6874
G1 X139.198 Y73.604 E118.74292
G1 X140.941 Y74.508 E118.80823
G1 X142.357 Y75.312 E118.86239
G1 X143.815 Y76.205 E118.91925
G1 X145.139 Y77.079 E118.97202
G1 X146.519 Y78.056 E119.02826
G1 X147.799 Y79.031 E119.08177
G1 X149.087 Y80.081 E119.13704
G1 X150.318 Y81.155 E119.19138
G1 X151.569 Y82.324 E119.24833
G1 X152.675 Y83.429 E119.30033
G1 X153.546 Y84.351 E119.34251
G1 X154.702 Y85.653 E119.40042
G1 X155.724 Y86.885 E119.45366
G1 X156.733 Y88.189 E119.5085
G1 X157.908 Y89.829 E119.5756
G1 X158.62 Y90.899 E119.61835
G1 X159.484 Y92.283 E119.67262
G1 X160.311 Y93.712 E119.72753
G1 X161.087 Y95.164 E119.78229
G1 X161.81 Y96.635 E119.8368
G1 X162.503 Y98.17 E119.89282
G1 X163.108 Y99.645 E119.94585
G1 X163.689 Y101.204 E120.00118
G1 X164.321 Y103.115 E120.06813
G1 X164.771 Y104.67 E120.12197
G1 X165.176 Y106.265 E120.1767
G1 X165.526 Y107.868 E120.23127
G1 X165.825 Y109.495 E120.2863
G1 X166.069 Y111.129 E120.34124
G1 X166.222 Y112.425 E120.38465
G1 X166.365 Y114.067 E120.43947
G1 X166.453 Y115.697 E120.49376
G1 X166.487 Y117.345 E120.54859
G1 X166.464 Y119.023 E120.6044
G1 X166.389 Y120.628 E120.65784
G1 X166.258 Y122.27 E120.71263
G1 X166.068 Y123.923 E120.76797
G1 X165.827 Y125.541 E120.82238
G1 X165.461 Y127.505 E120.88883
G1 X165.1 Y129.103 E120.94332
G1 X164.683 Y130.701 E120.99825
G1 X164.219 Y132.26 E121.05235
G1 X163.804 Y133.518 E121.09641
G1 X163.237 Y135.074 E121.15149
G1 X162.632 Y136.576 E121.20534
G1 X161.956 Y138.105 E121.26095
G1 X161.245 Y139.577 E121.31532
G1 X160.479 Y141.033 E121.37004
G1 X159.669 Y142.457 E121.42453
G1 X158.801 Y143.87 E121.47968
G1 X157.903 Y145.227 E121.5338
G1 X156.942 Y146.58 E121.589
G1 X155.939 Y147.895 E121.64401
G1 X154.914 Y149.148 E121.69785
G1 X153.579 Y150.664 E121.76504
G1 X152.436 Y151.867 E121.82023
G1 X151.568 Y152.727 E121.86087
G1 X150.021 Y154.162 E121.93105
G1 X148.852 Y155.167 E121.98233
G1 X147.82 Y156.003 E122.0265
G1 X146.212 Y157.216 E122.09349
G1 X144.886 Y158.143 E122.1473
G1 X143.483 Y159.054 E122.20294
G1 X142.081 Y159.9 E122.2574
G1 X140.632 Y160.709 E122.3126
G1 X139.502 Y161.295 E122.35494
G1 X138.022 Y162.007 E122.40956
G1 X136.197 Y162.804 E122.4758
G1 X134.61 Y163.427 E122.5325
G1 X133.076 Y163.97 E122.58663
G1 X131.551 Y164.453 E122.63983
G1 X129.919 Y164.912 E122.69622
G1 X128.384 Y165.288 E122.74878
G1 X126.742 Y165.633 E122.80459
G1 X125.111 Y165.918 E122.85966
G1 X123.496 Y166.144 E122.9139
G1 X121.863 Y166.318 E122.96852
G1 X120.19 Y166.439 E123.02431
G1 X118.584 Y166.501 E123.07776
G1 X116.897 Y166.509 E123.13387
G1 X115.582 Y166.476 E123.17762
G1 X114.033 Y166.39 E123.22922
G1 X112.288 Y166.234 E123.28749
G1 X110.731 Y166.043 E123.33967
G1 X109.064 Y165.781 E123.39579
G1 X107.446 Y165.47 E123.45059
G1 X105.859 Y165.11 E123.50472
G1 X103.921 Y164.593 E123.57143
G1 X102.367 Y164.118 E123.62548
G1 X100.777 Y163.571 E123.6814
G1 X99.258 Y162.991 E123.73548
G1 X97.762 Y162.361 E123.78947
G1 X96.229 Y161.655 E123.84561
G1 X95.107 Y161.096 E123.8873
G1 X93.316 Y160.128 E123.95501
G1 X91.922 Y159.305 E124.00885
G1 X90.53 Y158.421 E124.0637
G1 X89.147 Y157.475 E124.11943
G1 X87.87 Y156.536 E124.17215
G1 X86.534 Y155.485 E124.22869
G1 X85.554 Y154.665 E124.27119
G1 X84.33 Y153.575 E124.3257
G1 X83.119 Y152.422 E124.38131
G1 X81.98 Y151.262 E124.43539
G1 X80.832 Y150.01 E124.49188
G1 X79.606 Y148.572 E124.55473
G1 X78.531 Y147.211 E124.61242
G1 X77.576 Y145.915 E124.66596
G1 X76.831 Y144.838 E124.70952
G1 X75.773 Y143.191 E124.77463
G1 X74.908 Y141.727 E124.83118
G1 X74.133 Y140.309 E124.88493
G1 X73.395 Y138.846 E124.93943
G1 X72.696 Y137.337 E124.99474
G1 X72.187 Y136.145 E125.03785
G1 X71.587 Y134.609 E125.0927
G1 X71.036 Y133.047 E125.14779
G1 X70.557 Y131.532 E125.20064
G1 X70.09 Y129.859 E125.25841
G1 X69.722 Y128.348 E125.31013
G1 X69.37 Y126.656 E125.36762
G1 X69.104 Y125.121 E125.41943
G1 X68.868 Y123.414 E125.47675
G1 X68.7 Y121.806 E125.53052
G1 X68.581 Y120.129 E125.58644
G1 X68.523 Y118.541 E125.63929
G1 X68.517 Y116.872 E125.6948
G1 X68.584 Y114.885 E125.76093
G1 X68.699 Y113.242 E125.81571
G1 X68.827 Y111.973 E125.85813
G1 X69.051 Y110.284 E125.9148
G1 X69.315 Y108.691 E125.9685
G1 X69.646 Y107.045 E126.02434
G1 X70.09 Y105.191 E126.08775
G1 X70.558 Y103.517 E126.14556
G1 X71.035 Y102.006 E126.19827
G1 X71.591 Y100.432 E126.25379
G1 X72.191 Y98.898 E126.30857
G1 X72.842 Y97.389 E126.36323
G1 X73.554 Y95.879 E126.41876
G1 X74.293 Y94.44 E126.47256
G1 X75.08 Y93.024 E126.52644
G1 X75.956 Y91.565 E126.58305
G1 X76.831 Y90.213 E126.63661
G1 X77.774 Y88.86 E126.69146
G1 X78.739 Y87.569 E126.74507
G1 X79.825 Y86.214 E126.80283
G1 X80.83 Y85.042 E126.85418
G1 X81.747 Y84.035 E126.89948
G1 X82.88 Y82.866 E126.95362
G1 F2700 E121.95362
;MESH:Led Ring.stl
G0 F9000 X87.485 Y91.907
G0 X117.5 Y153.97
;TYPE:WALL-OUTER
G1 F2700 E126.95362
G1 F1500 X118.394 Y153.964 E126.98336
G1 X119.685 Y153.908 E127.02634
G1 X120.952 Y153.812 E127.0686
G1 X122.287 Y153.659 E127.11329
G1 X123.562 Y153.466 E127.15618
G1 X124.821 Y153.233 E127.19877
G1 X126.097 Y152.943 E127.24229
G1 X127.339 Y152.622 E127.28495
G1 X128.578 Y152.248 E127.328
G1 X129.813 Y151.83 E127.37137
G1 X131.023 Y151.371 E127.41441
G1 X132.218 Y150.873 E127.45747
G1 X133.389 Y150.326 E127.50046
G1 X134.535 Y149.747 E127.54316
G1 X135.677 Y149.116 E127.58656
G1 X136.787 Y148.452 E127.62958
G1 X137.861 Y147.756 E127.67214
G1 X138.932 Y147.004 E127.71567
G1 X139.968 Y146.229 E127.7587
G1 X140.963 Y145.415 E127.80146
G1 X141.948 Y144.559 E127.84486
G1 X142.889 Y143.674 E127.88783
G1 X143.802 Y142.758 E127.93084
G1 X144.683 Y141.809 E127.97391
G1 X145.52 Y140.839 E128.01652
G1 X146.329 Y139.83 E128.05954
G1 X147.109 Y138.78 E128.10304
G1 X147.837 Y137.726 E128.14565
G1 X148.545 Y136.629 E128.18907
G1 X149.197 Y135.522 E128.2318
G1 X149.82 Y134.376 E128.27519
G1 X150.396 Y133.218 E128.3182
G1 X150.931 Y132.039 E128.36127
G1 X151.429 Y130.846 E128.40426
G1 X151.88 Y129.634 E128.44728
G1 X152.284 Y128.412 E128.49008
G1 X152.648 Y127.165 E128.53329
G1 X152.942 Y126.039 E128.572
G1 X153.268 Y124.555 E128.62253
G1 X153.478 Y123.371 E128.66253
G1 X153.663 Y122.093 E128.70547
G1 X153.799 Y120.806 E128.74852
G1 X153.892 Y119.527 E128.79117
G1 X153.94 Y118.22 E128.83467
G1 X153.944 Y116.925 E128.87774
G1 X153.9 Y115.633 E128.92074
G1 X153.808 Y114.341 E128.96382
G1 X153.675 Y113.067 E129.00642
G1 X153.494 Y111.766 E129.05011
G1 X153.265 Y110.5 E129.0929
G1 X152.996 Y109.234 E129.13595
G1 X152.678 Y107.982 E129.17891
G1 X152.316 Y106.736 E129.22207
G1 X151.874 Y105.408 E129.26862
G1 X151.464 Y104.294 E129.3081
G1 X150.977 Y103.108 E129.35075
G1 X150.439 Y101.917 E129.39421
G1 X149.868 Y100.759 E129.43716
G1 X149.256 Y99.632 E129.47981
G1 X148.593 Y98.506 E129.52327
G1 X147.902 Y97.412 E129.56631
G1 X147.178 Y96.365 E129.60865
G1 X146.406 Y95.317 E129.65194
G1 X145.597 Y94.307 E129.69498
G1 X144.749 Y93.314 E129.73841
G1 X143.871 Y92.364 E129.78144
G1 X142.959 Y91.443 E129.82455
G1 X142.026 Y90.562 E129.86723
G1 X141.057 Y89.709 E129.91016
G1 X140.039 Y88.882 E129.95379
G1 X139.014 Y88.1 E129.99667
G1 X137.956 Y87.356 E130.03969
G1 X136.882 Y86.656 E130.08233
G1 X135.764 Y85.98 E130.12578
G1 X134.646 Y85.357 E130.16835
G1 X133.487 Y84.769 E130.21157
G1 X132.317 Y84.222 E130.25453
G1 X131.115 Y83.711 E130.29797
G1 X129.912 Y83.253 E130.34079
G1 X128.693 Y82.834 E130.38366
G1 X127.442 Y82.456 E130.42712
G1 X126.203 Y82.13 E130.46974
G1 X124.933 Y81.841 E130.51306
G1 X123.666 Y81.599 E130.55596
G1 X122.395 Y81.402 E130.59874
G1 X121.099 Y81.253 E130.64213
G1 X119.817 Y81.148 E130.68491
G1 X118.514 Y81.088 E130.72829
G1 X117.226 Y81.076 E130.77113
G1 X115.927 Y81.108 E130.81435
G1 X114.64 Y81.184 E130.85723
G1 X113.356 Y81.308 E130.90014
G1 X112.065 Y81.481 E130.94346
G1 X110.794 Y81.694 E130.98632
G1 X109.531 Y81.956 E131.02922
G1 X108.265 Y82.261 E131.07254
G1 X107.017 Y82.611 E131.11565
G1 X105.794 Y83.005 E131.15838
G1 X104.795 Y83.368 E131.19374
G1 X103.379 Y83.921 E131.2443
G1 X102.195 Y84.44 E131.28729
G1 X101.028 Y85.008 E131.33046
G1 X99.886 Y85.611 E131.37341
G1 X98.752 Y86.262 E131.4169
G1 X97.665 Y86.942 E131.45955
G1 X96.583 Y87.674 E131.503
G1 X95.546 Y88.426 E131.5456
G1 X94.516 Y89.23 E131.58906
G1 X93.526 Y90.067 E131.63218
G1 X92.577 Y90.927 E131.67478
G1 X91.64 Y91.836 E131.7182
G1 X90.743 Y92.769 E131.76125
G1 X89.89 Y93.722 E131.80378
G1 X89.054 Y94.728 E131.84729
G1 X88.273 Y95.742 E131.88986
G1 X87.509 Y96.803 E131.93335
G1 X86.793 Y97.881 E131.97639
G1 X86.117 Y98.983 E132.01939
G1 X85.478 Y100.109 E132.06245
G1 X84.878 Y101.255 E132.10547
G1 X84.327 Y102.414 E132.14816
G1 X83.848 Y103.507 E132.18785
G1 X83.334 Y104.814 E132.23456
G1 X82.9 Y106.044 E132.27794
G1 X82.52 Y107.272 E132.32069
G1 X82.179 Y108.519 E132.36369
G1 X81.885 Y109.766 E132.40631
G1 X81.631 Y111.049 E132.44981
G1 X81.422 Y112.323 E132.49275
G1 X81.261 Y113.599 E132.53552
G1 X81.144 Y114.898 E132.5789
G1 X81.072 Y116.188 E132.62187
G1 X81.048 Y117.492 E132.66525
G1 X81.068 Y118.766 E132.70763
G1 X81.136 Y120.059 E132.7507
G1 X81.248 Y121.358 E132.79406
G1 X81.409 Y122.633 E132.83681
G1 X81.614 Y123.908 E132.87976
G1 X81.863 Y125.191 E132.92323
G1 X82.153 Y126.438 E132.96581
G1 X82.495 Y127.689 E133.00894
G1 X82.88 Y128.936 E133.05235
G1 X83.303 Y130.146 E133.09498
G1 X83.773 Y131.353 E133.13806
G1 X84.288 Y132.551 E133.18144
G1 X84.839 Y133.71 E133.22412
G1 X85.438 Y134.868 E133.26748
G1 X86.069 Y135.987 E133.31021
G1 X86.749 Y137.101 E133.35362
G1 X87.457 Y138.171 E133.39629
G1 X88.217 Y139.233 E133.43973
G1 X88.985 Y140.23 E133.48159
G1 X89.826 Y141.244 E133.5254
G1 X90.682 Y142.213 E133.5684
G1 X91.575 Y143.151 E133.61148
G1 X92.512 Y144.06 E133.6549
G1 X93.456 Y144.924 E133.69746
G1 X94.455 Y145.765 E133.7409
G1 X95.464 Y146.558 E133.78358
G1 X96.505 Y147.322 E133.82653
G1 X97.579 Y148.05 E133.86968
G1 X98.673 Y148.738 E133.91267
G1 X99.804 Y149.39 E133.95609
G1 X101.208 Y150.134 E134.00894
G1 X101.216 Y150.128 E134.00927
G1 X102.108 Y150.564 E134.04229
G1 X103.294 Y151.091 E134.08546
G1 X104.489 Y151.574 E134.12833
G1 X105.699 Y152.013 E134.17114
G1 X106.943 Y152.411 E134.21458
G1 X108.285 Y152.793 E134.26099
G1 X109.445 Y153.071 E134.30066
G1 X110.706 Y153.336 E134.34352
G1 X111.974 Y153.554 E134.38631
G1 X113.337 Y153.735 E134.43204
G1 X114.564 Y153.856 E134.47305
G1 X115.839 Y153.936 E134.51554
G1 X117.126 Y153.972 E134.55836
G1 X117.5 Y153.97 E134.5708
G1 F2700 E129.5708
G0 F9000 X117.504 Y154.681
G0 X124.884 Y153.476
G0 X127.415 Y152.86
G0 X129.896 Y152.068
G0 X132.317 Y151.101
G0 X134.66 Y149.966
G0 X136.919 Y148.666
G0 X139.079 Y147.21
G0 X141.13 Y145.604
G0 X143.063 Y143.857
G0 X144.867 Y141.976
G0 X146.532 Y139.974
G0 X148.052 Y137.857
G0 X149.417 Y135.638
G0 X150.622 Y133.329
G0 X151.66 Y130.939
G0 X152.525 Y128.481
G0 X153.213 Y125.97
G0 X153.723 Y123.414
G0 X154.049 Y120.83
G0 X154.191 Y118.228
G0 X154.151 Y115.624
G0 X153.924 Y113.03
G0 X153.512 Y110.457
G0 X152.921 Y107.92
G0 X152.149 Y105.431
G0 X151.204 Y103.004
G0 X150.089 Y100.649
G0 X148.81 Y98.38
G0 X147.372 Y96.207
G0 X145.784 Y94.141
G0 X144.054 Y92.194
G0 X142.189 Y90.374
G0 X140.201 Y88.691
G0 X138.098 Y87.153
G0 X135.893 Y85.768
G0 X134.745 Y85.13
G0 X135.078 Y83.153
G1 F2700 E134.5708
G1 F1500 X136.413 Y83.878 E134.62133
G1 X137.605 Y84.579 E134.66732
G1 X138.622 Y85.22 E134.70731
G1 X139.617 Y85.889 E134.74719
G1 X140.755 Y86.72 E134.79405
G1 X141.786 Y87.524 E134.83754
G1 X142.758 Y88.342 E134.87979
G1 X143.721 Y89.203 E134.92276
G1 X144.656 Y90.1 E134.96585
G1 X145.565 Y91.029 E135.00908
G1 X146.439 Y91.989 E135.05226
G1 X147.282 Y92.975 E135.09541
G1 X148.109 Y94.01 E135.13947
G1 X148.912 Y95.099 E135.18447
G1 X149.599 Y96.092 E135.22464
G1 X150.302 Y97.19 E135.268
G1 X150.924 Y98.223 E135.3081
G1 X151.595 Y99.44 E135.35433
G1 X152.196 Y100.616 E135.39825
G1 X152.838 Y101.992 E135.44876
G1 X153.241 Y102.963 E135.48372
G1 X153.709 Y104.164 E135.52659
G1 X154.137 Y105.393 E135.56988
G1 X154.527 Y106.642 E135.6134
G1 X154.874 Y107.885 E135.65632
G1 X155.2 Y109.243 E135.70277
G1 X155.432 Y110.411 E135.74238
G1 X155.651 Y111.694 E135.78567
G1 X155.827 Y112.979 E135.82881
G1 X155.959 Y114.265 E135.8718
G1 X156.045 Y115.525 E135.91381
G1 X156.092 Y116.845 E135.95774
G1 X156.092 Y118.15 E136.00114
G1 X156.048 Y119.465 E136.04491
G1 X155.961 Y120.749 E136.08771
G1 X155.831 Y122.031 E136.13057
G1 X155.655 Y123.317 E136.17374
G1 X155.441 Y124.596 E136.21687
G1 X155.204 Y125.784 E136.25716
G1 X154.882 Y127.124 E136.303
G1 X154.536 Y128.376 E136.3462
G1 X154.151 Y129.616 E136.38939
G1 X153.726 Y130.837 E136.43239
G1 X153.254 Y132.053 E136.47577
G1 X152.856 Y133.006 E136.51012
G1 X152.846 Y133.007 E136.51046
G1 X152.205 Y134.412 E136.56182
G1 X151.607 Y135.586 E136.60564
G1 X150.938 Y136.793 E136.65154
G1 X150.322 Y137.828 E136.6916
G1 X149.626 Y138.915 E136.73453
G1 X148.929 Y139.927 E136.7754
G1 X148.121 Y141.022 E136.82066
G1 X147.306 Y142.04 E136.86403
G1 X146.459 Y143.036 E136.90752
G1 X145.599 Y143.984 E136.95009
G1 X144.686 Y144.919 E136.99356
G1 X143.744 Y145.825 E137.03703
G1 X142.78 Y146.686 E137.08002
G1 X141.8 Y147.512 E137.12265
G1 X140.769 Y148.318 E137.16617
G1 X139.73 Y149.075 E137.20893
G1 X138.649 Y149.808 E137.25237
G1 X137.636 Y150.455 E137.29235
G1 X136.445 Y151.153 E137.33826
G1 X135.072 Y151.894 E137.39015
G1 X135.064 Y151.889 E137.39047
G1 X134.128 Y152.352 E137.4252
G1 X132.951 Y152.894 E137.4683
G1 X131.763 Y153.391 E137.51113
G1 X130.578 Y153.838 E137.55325
G1 X129.314 Y154.266 E137.59764
G1 X128.176 Y154.619 E137.63727
G1 X126.718 Y155.005 E137.68743
G1 X125.556 Y155.269 E137.72707
G1 X124.268 Y155.523 E137.77073
G1 X123.013 Y155.724 E137.813
G1 X121.768 Y155.887 E137.85477
G1 X120.355 Y156.018 E137.90196
G1 X119.131 Y156.087 E137.94274
G1 X117.836 Y156.12 E137.98582
G1 X117.5 Y156.117 E137.997
G1 X116.551 Y156.108 E138.02857
G1 X115.236 Y156.052 E138.07234
G1 X113.949 Y155.957 E138.11526
G1 X112.658 Y155.815 E138.15846
G1 X111.377 Y155.632 E138.2015
G1 X110.102 Y155.407 E138.24456
G1 X108.841 Y155.135 E138.28747
G1 X107.581 Y154.826 E138.33062
G1 X106.324 Y154.469 E138.37408
G1 X105.089 Y154.071 E138.41724
G1 X103.868 Y153.634 E138.46037
G1 X102.65 Y153.151 E138.50395
G1 X101.482 Y152.639 E138.54637
G1 X100.305 Y152.08 E138.5897
G1 X99.164 Y151.488 E138.63246
G1 X98.024 Y150.846 E138.67597
G1 X96.914 Y150.175 E138.71911
G1 X95.838 Y149.47 E138.7619
G1 X94.77 Y148.721 E138.80529
G1 X93.732 Y147.935 E138.84859
G1 X92.735 Y147.129 E138.89123
G1 X91.747 Y146.274 E138.93469
G1 X90.794 Y145.389 E138.97795
G1 X89.859 Y144.468 E139.0216
G1 X88.983 Y143.537 E139.06411
G1 X88.113 Y142.55 E139.10788
G1 X87.317 Y141.581 E139.14958
G1 X86.52 Y140.545 E139.19306
G1 X85.755 Y139.48 E139.23667
G1 X85.037 Y138.404 E139.2797
G1 X84.351 Y137.303 E139.32284
G1 X83.706 Y136.172 E139.36615
G1 X83.099 Y135.029 E139.40919
G1 X82.536 Y133.872 E139.45199
G1 X82 Y132.683 E139.49537
G1 X81.513 Y131.478 E139.53859
G1 X81.063 Y130.262 E139.58172
G1 X80.656 Y129.028 E139.62494
G1 X80.29 Y127.783 E139.6681
G1 X79.966 Y126.529 E139.71118
G1 X79.685 Y125.266 E139.75421
G1 X79.448 Y123.988 E139.79744
G1 X79.249 Y122.707 E139.84056
G1 X79.097 Y121.42 E139.88366
G1 X78.986 Y120.103 E139.92762
G1 X78.925 Y118.835 E139.96984
G1 X78.9 Y117.528 E140.01332
G1 X78.924 Y116.247 E140.05594
G1 X78.987 Y114.943 E140.09936
G1 X79.095 Y113.661 E140.14215
G1 X79.245 Y112.377 E140.18514
G1 X79.444 Y111.087 E140.22856
G1 X79.677 Y109.819 E140.27144
G1 X79.963 Y108.535 E140.31519
G1 X80.281 Y107.298 E140.35767
G1 X80.651 Y106.036 E140.40141
G1 X81.051 Y104.82 E140.44399
G1 X81.502 Y103.599 E140.48728
G1 X81.993 Y102.383 E140.5309
G1 X82.53 Y101.189 E140.57444
G1 X83.083 Y100.051 E140.61652
G1 X83.693 Y98.901 E140.65982
G1 X84.33 Y97.78 E140.7027
G1 X85.02 Y96.67 E140.74617
G1 X85.72 Y95.62 E140.78815
G1 X86.491 Y94.542 E140.83223
G1 X87.283 Y93.509 E140.87552
G1 X88.102 Y92.512 E140.91844
G1 X88.961 Y91.536 E140.96168
G1 X89.846 Y90.595 E141.00465
G1 X90.772 Y89.68 E141.04794
G1 X91.721 Y88.797 E141.09106
G1 X92.708 Y87.941 E141.13451
G1 X93.707 Y87.132 E141.17727
G1 X94.74 Y86.349 E141.22038
G1 X95.811 Y85.595 E141.26394
G1 X96.884 Y84.892 E141.30661
G1 X97.995 Y84.218 E141.34983
G1 X99.132 Y83.577 E141.39324
G1 X100.289 Y82.975 E141.43662
G1 X101.453 Y82.421 E141.4795
G1 X102.634 Y81.904 E141.52238
G1 X103.835 Y81.425 E141.56538
G1 X105.058 Y80.987 E141.60859
G1 X106.29 Y80.589 E141.65165
G1 X107.547 Y80.23 E141.69513
G1 X108.825 Y79.911 E141.73894
G1 X110.066 Y79.648 E141.78113
G1 X111.343 Y79.42 E141.82428
G1 X112.627 Y79.236 E141.86742
G1 X113.911 Y79.093 E141.91039
G1 X115.221 Y78.997 E141.95408
G1 X116.517 Y78.94 E141.99722
G1 X117.801 Y78.929 E142.03993
G1 X119.116 Y78.96 E142.08368
G1 X120.336 Y79.028 E142.12432
G1 X121.834 Y79.175 E142.17438
G1 X122.995 Y79.322 E142.21331
G1 X124.249 Y79.523 E142.25555
G1 X125.521 Y79.77 E142.29865
G1 X126.675 Y80.032 E142.338
G1 X128.161 Y80.433 E142.3892
G1 X129.307 Y80.779 E142.42901
G1 X130.518 Y81.187 E142.47151
G1 X131.726 Y81.644 E142.51447
G1 X132.935 Y82.148 E142.55804
G1 X134.193 Y82.726 E142.60408
G1 X135.067 Y83.16 E142.63654
G1 X135.078 Y83.153 E142.63697
G1 F2700 E137.63697
G0 F9000 X134.735 Y85.169
G0 X117.5 Y155.693
;TYPE:SKIN
G1 F2700 E142.63697
G1 F1140.7 X116.569 Y155.684 E142.6777
G1 F1142.9 X115.278 Y155.627 E142.73411
G1 F1145 X114.042 Y155.539 E142.7881
G1 F1142.9 X112.712 Y155.392 E142.84651
G1 F1140.7 X111.438 Y155.212 E142.90278
G1 F1136.4 X110.167 Y154.984 E142.95948
G1 F1138.5 X108.931 Y154.72 E143.01486
G1 F1136.4 X107.696 Y154.417 E143.07069
G1 X106.458 Y154.065 E143.1272
G1 X105.236 Y153.672 E143.18355
G1 X104.013 Y153.233 E143.2406
G1 X102.81 Y152.757 E143.2974
G1 X101.655 Y152.252 E143.35274
G1 F1138.5 X100.489 Y151.697 E143.40933
G1 F1136.4 X99.369 Y151.117 E143.4647
G1 X98.247 Y150.485 E143.52124
G1 X97.138 Y149.812 E143.57819
G1 F1140.7 X96.078 Y149.119 E143.63358
G1 F1138.5 X95.023 Y148.38 E143.69003
G1 F1136.4 X94.011 Y147.614 E143.74575
G1 X93.009 Y146.807 E143.80224
G1 X92.023 Y145.954 E143.85948
G1 F1140.7 X91.09 Y145.085 E143.91524
G1 F1138.5 X90.184 Y144.19 E143.97105
G1 F1136.4 X89.29 Y143.245 E144.02816
G1 X88.448 Y142.288 E144.08412
G1 F1138.5 X87.649 Y141.315 E144.13929
G1 X86.857 Y140.286 E144.19619
G1 F1136.4 X86.1 Y139.233 E144.25313
G1 X85.388 Y138.168 E144.30937
G1 F1134.2 X84.71 Y137.08 E144.36576
G1 X84.073 Y135.96 E144.42244
G1 F1136.4 X83.473 Y134.832 E144.47853
G1 X82.917 Y133.687 E144.53441
G1 F1134.2 X82.39 Y132.521 E144.5907
G1 F1136.4 X81.925 Y131.367 E144.64532
G1 X81.462 Y130.122 E144.70364
G1 F1134.2 X81.048 Y128.869 E144.76168
G1 X80.701 Y127.681 E144.81612
G1 X80.378 Y126.422 E144.87329
G1 F1138.5 X80.102 Y125.189 E144.92866
G1 F1140.7 X79.873 Y123.959 E144.98338
G1 F1136.4 X79.668 Y122.652 E145.04147
G1 F1132.1 X79.52 Y121.372 E145.09825
G1 F1134.2 X79.412 Y120.119 E145.15357
G1 X79.347 Y118.794 E145.21192
G1 F1136.4 X79.324 Y117.532 E145.26734
G1 X79.348 Y116.269 E145.3228
G1 X79.41 Y114.986 E145.37919
G1 F1134.2 X79.513 Y113.741 E145.43414
G1 X79.665 Y112.425 E145.49241
G1 F1136.4 X79.86 Y111.152 E145.54895
G1 F1138.5 X80.09 Y109.909 E145.60435
G1 F1136.4 X80.366 Y108.667 E145.66021
G1 F1134.2 X80.69 Y107.407 E145.71743
G1 F1136.4 X81.091 Y106.05 E145.77956
G1 X81.45 Y104.963 E145.82981
G1 F1134.2 X81.894 Y103.754 E145.88647
G1 F1136.4 X82.375 Y102.564 E145.94282
G1 X82.906 Y101.384 E145.99963
G1 F1138.5 X83.458 Y100.247 E146.05501
G1 F1136.4 X84.059 Y99.11 E146.11148
G1 F1132.1 X84.69 Y98.004 E146.16759
G1 X85.366 Y96.909 E146.2243
G1 F1134.2 X86.073 Y95.851 E146.28027
G1 F1132.1 X86.826 Y94.798 E146.33732
G1 F1136.4 X87.627 Y93.759 E146.39492
G1 F1140.7 X88.43 Y92.781 E146.45027
G1 F1136.4 X89.269 Y91.825 E146.50611
G1 F1132.1 X90.144 Y90.897 E146.56232
G1 X91.061 Y89.989 E146.61919
G1 F1136.4 X91.998 Y89.116 E146.67542
G1 X92.97 Y88.273 E146.7319
G1 X93.965 Y87.466 E146.78815
G1 F1132.1 X94.985 Y86.692 E146.84458
G1 X96.037 Y85.955 E146.90118
G1 F1136.4 X97.106 Y85.253 E146.95733
G1 X98.204 Y84.585 E147.01376
G1 X99.339 Y83.946 E147.07094
G1 F1134.2 X100.455 Y83.367 E147.12624
G1 F1136.4 X101.616 Y82.813 E147.18272
G1 F1132.1 X102.791 Y82.298 E147.23926
G1 F1129.9 X103.979 Y81.821 E147.29578
G1 F1132.1 X105.191 Y81.388 E147.3525
G1 X106.405 Y80.994 E147.40875
G1 F1134.2 X107.636 Y80.644 E147.46504
G1 F1132.1 X108.904 Y80.328 E147.52263
G1 X110.139 Y80.064 E147.57829
G1 F1134.2 X111.378 Y79.842 E147.63366
G1 F1132.1 X112.674 Y79.656 E147.69136
G1 X113.94 Y79.516 E147.74749
G1 F1136.4 X115.243 Y79.419 E147.80485
G1 F1138.5 X116.541 Y79.362 E147.86179
G1 F1136.4 X117.797 Y79.352 E147.91693
G1 X119.089 Y79.384 E147.97367
G1 F1138.5 X120.287 Y79.451 E148.02625
G1 F1140.7 X121.779 Y79.594 E148.0918
G1 F1142.9 X122.912 Y79.739 E148.14167
G1 F1138.5 X124.179 Y79.941 E148.19789
G1 F1136.4 X125.438 Y80.186 E148.2542
G1 X126.575 Y80.445 E148.3054
G1 X128.037 Y80.837 E148.37185
G1 X129.04 Y81.136 E148.4178
G1 F1134.2 X130.371 Y81.585 E148.47959
G1 F1136.4 X131.564 Y82.033 E148.53554
G1 X132.738 Y82.525 E148.59142
G1 X134.015 Y83.109 E148.65307
G1 F1132.1 X134.906 Y83.549 E148.69686
G1 X136.206 Y84.249 E148.76193
G1 F1136.4 X137.379 Y84.936 E148.82161
G1 X138.393 Y85.576 E148.87426
G1 X139.376 Y86.239 E148.92631
G1 X140.483 Y87.045 E148.98643
G1 F1138.5 X141.493 Y87.833 E149.04257
G1 X142.473 Y88.657 E149.09867
G1 F1140.7 X143.438 Y89.519 E149.15527
G1 F1136.4 X144.352 Y90.398 E149.21094
G1 X145.254 Y91.319 E149.26754
G1 X146.12 Y92.268 E149.32394
G1 X146.95 Y93.241 E149.38009
G1 X147.755 Y94.246 E149.43662
G1 F1134.2 X148.563 Y95.339 E149.49641
G1 F1132.1 X149.241 Y96.319 E149.54893
G1 F1136.4 X149.943 Y97.416 E149.60611
G1 F1140.7 X150.601 Y98.515 E149.66213
G1 X151.218 Y99.636 E149.71809
G1 X151.802 Y100.782 E149.77435
G1 F1134.2 X152.435 Y102.135 E149.84006
G1 F1132.1 X152.902 Y103.251 E149.89337
G1 F1138.5 X153.302 Y104.287 E149.94203
G1 F1140.7 X153.73 Y105.519 E149.99908
G1 X154.119 Y106.763 E150.05608
G1 F1136.4 X154.463 Y107.991 E150.11207
G1 F1132.1 X154.807 Y109.431 E150.17732
G1 F1134.2 X155.013 Y110.482 E150.22443
G1 F1136.4 X155.227 Y111.717 E150.27946
G1 X155.405 Y113.021 E150.33724
G1 F1138.5 X155.534 Y114.296 E150.39339
G1 X155.62 Y115.538 E150.44795
G1 F1136.4 X155.668 Y116.845 E150.50537
G1 X155.668 Y118.138 E150.56214
G1 F1138.5 X155.625 Y119.418 E150.61826
G1 F1136.4 X155.538 Y120.702 E150.67476
G1 F1140.7 X155.408 Y121.997 E150.73168
G1 F1145 X155.23 Y123.283 E150.78825
G1 X155.026 Y124.512 E150.84253
G1 F1140.7 X154.786 Y125.696 E150.89537
G1 F1136.4 X154.474 Y127.01 E150.95466
G1 F1140.7 X154.128 Y128.254 E151.01114
G1 X153.751 Y129.476 E151.06707
G1 X153.33 Y130.681 E151.1229
G1 F1142.9 X152.869 Y131.866 E151.1784
G1 F1138.5 X152.511 Y132.726 E151.21922
G1 F1136.4 X151.824 Y134.22 E151.29142
G1 F1138.5 X151.236 Y135.378 E151.34833
G1 F1140.7 X150.574 Y136.577 E151.40823
G1 X149.961 Y137.6 E151.46039
G1 X149.265 Y138.689 E151.51692
G1 F1138.5 X148.594 Y139.66 E151.56864
G1 X147.789 Y140.755 E151.62819
G1 F1140.7 X146.975 Y141.774 E151.68523
G1 X146.152 Y142.742 E151.74081
G1 F1138.5 X145.283 Y143.699 E151.79745
G1 F1140.7 X144.389 Y144.611 E151.85331
G1 X143.472 Y145.495 E151.90902
G1 F1138.5 X142.51 Y146.356 E151.96559
G1 F1136.4 X141.525 Y147.187 E152.02217
G1 X140.509 Y147.98 E152.07875
G1 F1140.7 X139.404 Y148.783 E152.1385
G1 X138.426 Y149.446 E152.19017
G1 F1136.4 X137.409 Y150.095 E152.24314
G1 F1132.1 X136.242 Y150.779 E152.30275
G1 X134.913 Y151.495 E152.36928
G1 F1136.4 X133.95 Y151.965 E152.41632
G1 F1140.7 X132.784 Y152.501 E152.47245
G1 F1138.5 X131.597 Y152.997 E152.52883
G1 F1136.4 X130.439 Y153.437 E152.58321
G1 X129.172 Y153.864 E152.64191
G1 F1132.1 X128.083 Y154.203 E152.69217
G1 F1127.8 X126.624 Y154.589 E152.75894
G1 F1134.2 X125.473 Y154.854 E152.81089
G1 F1140.7 X124.205 Y155.101 E152.86739
G1 X122.956 Y155.303 E152.92273
G1 F1134.2 X121.763 Y155.459 E152.97565
G1 F1132.1 X120.297 Y155.596 E153.04054
G1 F1136.4 X119.124 Y155.66 E153.09211
G1 X117.829 Y155.696 E153.14899
G1 F1138.5 X117.5 Y155.693 E153.16341
G0 F9000 X117.5 Y155.165
G1 F1138.5 X117.801 Y155.168 E153.1766
G1 F1136.4 X119.088 Y155.135 E153.23312
G1 F1138.5 X120.384 Y155.059 E153.29001
G1 F1136.4 X121.602 Y154.944 E153.34372
G1 X122.853 Y154.786 E153.39908
G1 F1140.7 X124.09 Y154.588 E153.45387
G1 F1145 X125.249 Y154.365 E153.5053
G1 F1140.7 X126.69 Y154.026 E153.57004
G1 F1134.2 X127.788 Y153.736 E153.62
G1 F1136.4 X128.997 Y153.368 E153.67548
G1 F1138.5 X130.221 Y152.954 E153.7321
G1 F1136.4 X131.365 Y152.523 E153.78577
G1 F1140.7 X132.557 Y152.027 E153.84224
G1 F1142.9 X133.71 Y151.499 E153.8976
G1 F1138.5 X134.838 Y150.937 E153.95282
G1 F1136.4 X135.953 Y150.337 E154.00841
G1 X137.054 Y149.692 E154.06443
G1 F1138.5 X138.125 Y149.015 E154.11996
G1 F1142.9 X139.131 Y148.334 E154.17299
G1 X140.194 Y147.56 E154.23039
G1 F1136.4 X141.179 Y146.788 E154.28533
G1 X142.154 Y145.97 E154.34121
G1 F1140.7 X143.092 Y145.128 E154.39634
G1 X144.005 Y144.254 E154.45162
G1 X144.881 Y143.356 E154.50649
G1 F1138.5 X145.744 Y142.412 E154.56253
G1 F1140.7 X146.557 Y141.454 E154.61749
G1 F1138.5 X147.354 Y140.457 E154.67342
G1 F1140.7 X148.1 Y139.449 E154.72827
G1 F1142.9 X148.817 Y138.414 E154.78323
G1 F1140.7 X149.506 Y137.338 E154.83912
G1 X150.158 Y136.247 E154.8947
G1 X150.762 Y135.151 E154.94944
G1 X151.336 Y134.019 E155.00495
G1 X151.869 Y132.875 E155.06015
G1 F1145 X152.376 Y131.689 E155.11635
G1 X152.809 Y130.58 E155.16822
G1 F1142.9 X153.245 Y129.327 E155.22614
G1 X153.606 Y128.171 E155.279
G1 X153.958 Y126.902 E155.33649
G1 F1140.7 X154.252 Y125.674 E155.39172
G1 X154.506 Y124.433 E155.44712
G1 F1142.9 X154.695 Y123.32 E155.4964
G1 F1145 X154.885 Y121.944 E155.55693
G1 F1140.7 X155.01 Y120.686 E155.61222
G1 F1136.4 X155.097 Y119.4 E155.66881
G1 F1138.5 X155.139 Y118.149 E155.72366
G1 F1136.4 X155.14 Y116.88 E155.77937
G1 X155.096 Y115.615 E155.83494
G1 F1138.5 X155.011 Y114.358 E155.89015
G1 F1136.4 X154.883 Y113.097 E155.9458
G1 X154.713 Y111.837 E156.00162
G1 F1140.7 X154.503 Y110.608 E156.05615
G1 X154.251 Y109.367 E156.11153
G1 F1136.4 X153.957 Y108.142 E156.16684
G1 X153.614 Y106.911 E156.22295
G1 F1142.9 X153.243 Y105.714 E156.27765
G1 F1145 X152.816 Y104.486 E156.3343
G1 F1140.7 X152.382 Y103.372 E156.38659
G1 F1136.4 X151.867 Y102.161 E156.44436
G1 X151.335 Y101.028 E156.49932
G1 F1138.5 X150.763 Y99.901 E156.5547
G1 F1140.7 X150.203 Y98.878 E156.60571
G1 F1142.9 X149.542 Y97.766 E156.66218
G1 F1138.5 X148.815 Y96.633 E156.72117
G1 F1136.4 X148.097 Y95.594 E156.77662
G1 X147.357 Y94.594 E156.83123
G1 X146.562 Y93.599 E156.88715
G1 X145.737 Y92.629 E156.94306
G1 X144.883 Y91.694 E156.99865
G1 X143.997 Y90.787 E157.05432
G1 F1138.5 X143.099 Y89.922 E157.10895
G1 F1140.7 X142.152 Y89.075 E157.16452
G1 F1136.4 X141.176 Y88.254 E157.22052
G1 X140.231 Y87.513 E157.27324
G1 F1138.5 X139.128 Y86.71 E157.33302
G1 F1136.4 X138.124 Y86.03 E157.38626
G1 X137.057 Y85.357 E157.44165
G1 X135.961 Y84.716 E157.49739
G1 X134.846 Y84.111 E157.55308
G1 F1138.5 X133.714 Y83.548 E157.60849
G1 X132.554 Y83.02 E157.66434
G1 F1136.4 X131.37 Y82.524 E157.72069
G1 X130.277 Y82.112 E157.77198
G1 X129.018 Y81.682 E157.83039
G1 F1140.7 X127.812 Y81.32 E157.88546
G1 F1138.5 X126.572 Y80.989 E157.9417
G1 X125.36 Y80.707 E157.99623
G1 F1136.4 X124.102 Y80.464 E158.05248
G1 F1138.5 X122.855 Y80.26 E158.10785
G1 F1145 X121.521 Y80.092 E158.16643
G1 X120.393 Y79.986 E158.21579
G1 F1140.7 X119.095 Y79.912 E158.27266
G1 F1136.4 X117.811 Y79.88 E158.32905
G1 F1138.5 X116.566 Y79.889 E158.3836
G1 F1140.7 X115.277 Y79.945 E158.44003
G1 X114.08 Y80.033 E158.49253
G1 F1136.4 X112.771 Y80.177 E158.55035
G1 F1132.1 X111.485 Y80.361 E158.6076
G1 F1134.2 X110.274 Y80.576 E158.6617
G1 F1132.1 X109.039 Y80.84 E158.71735
G1 X107.796 Y81.149 E158.7738
G1 F1134.2 X106.604 Y81.486 E158.82829
G1 F1136.4 X105.398 Y81.876 E158.88393
G1 F1132.1 X104.186 Y82.31 E158.94067
G1 X103.026 Y82.774 E158.99572
G1 F1134.2 X101.85 Y83.286 E159.05214
G1 F1136.4 X100.75 Y83.809 E159.10562
G1 X99.61 Y84.401 E159.16201
G1 X98.487 Y85.03 E159.21852
G1 X97.415 Y85.682 E159.27361
G1 X96.347 Y86.383 E159.3297
G1 F1132.1 X95.308 Y87.112 E159.38563
G1 X94.325 Y87.853 E159.43988
G1 F1136.4 X93.321 Y88.667 E159.49663
G1 X92.363 Y89.496 E159.55225
G1 F1138.5 X91.448 Y90.347 E159.607
G1 F1136.4 X90.468 Y91.324 E159.66776
G1 F1134.2 X89.672 Y92.166 E159.71873
G1 F1136.4 X88.841 Y93.111 E159.77397
G1 F1140.7 X88.049 Y94.072 E159.82844
G1 F1136.4 X87.27 Y95.087 E159.88461
G1 F1134.2 X86.517 Y96.138 E159.94148
G1 X85.818 Y97.183 E159.99678
G1 F1136.4 X85.204 Y98.172 E160.04789
G1 X84.53 Y99.349 E160.10744
G1 X83.812 Y100.713 E160.17511
G1 X83.427 Y101.512 E160.21405
G1 X82.867 Y102.76 E160.27411
G1 X82.412 Y103.876 E160.32702
G1 X81.959 Y105.109 E160.38469
G1 F1138.5 X81.559 Y106.312 E160.44024
G1 X81.21 Y107.51 E160.49492
G1 F1134.2 X80.883 Y108.775 E160.55239
G1 F1136.4 X80.615 Y109.974 E160.60633
G1 F1138.5 X80.389 Y111.183 E160.66023
G1 F1136.4 X80.191 Y112.476 E160.71766
G1 F1134.2 X80.043 Y113.76 E160.77451
G1 X79.937 Y115.001 E160.8293
G1 F1136.4 X79.876 Y116.271 E160.88512
G1 X79.852 Y117.545 E160.94106
G1 X79.876 Y118.769 E160.99481
G1 X79.936 Y120.037 E161.05054
G1 X80.04 Y121.263 E161.10456
G1 X80.189 Y122.562 E161.16196
G1 X80.383 Y123.824 E161.21802
G1 F1140.7 X80.613 Y125.065 E161.27322
G1 F1138.5 X80.878 Y126.246 E161.32626
G1 F1134.2 X81.207 Y127.526 E161.38439
G1 X81.554 Y128.722 E161.43917
G1 X81.956 Y129.932 E161.49526
G1 F1136.4 X82.409 Y131.163 E161.55284
G1 X82.863 Y132.28 E161.60578
G1 X83.379 Y133.432 E161.6612
G1 X83.815 Y134.329 E161.70499
G1 X84.527 Y135.692 E161.7725
G1 X85.15 Y136.784 E161.8277
G1 F1134.2 X85.815 Y137.859 E161.8833
G1 F1136.4 X86.512 Y138.903 E161.93841
G1 X87.275 Y139.967 E161.99589
G1 F1140.7 X88.031 Y140.952 E162.0502
G1 X88.836 Y141.932 E162.10567
G1 F1136.4 X89.666 Y142.875 E162.16082
G1 X90.548 Y143.81 E162.21725
G1 F1138.5 X91.443 Y144.695 E162.27241
G1 F1140.7 X92.36 Y145.549 E162.32721
G1 F1136.4 X93.311 Y146.372 E162.38243
G1 X94.315 Y147.184 E162.43912
G1 X95.327 Y147.949 E162.49482
G1 X96.344 Y148.664 E162.5494
G1 F1138.5 X97.404 Y149.357 E162.60489
G1 F1136.4 X98.488 Y150.015 E162.66056
G1 X99.578 Y150.63 E162.71551
G1 X100.702 Y151.214 E162.77112
G1 F1138.5 X101.858 Y151.766 E162.82726
G1 F1140.7 X103.143 Y152.325 E162.88855
G1 F1138.5 X104.164 Y152.726 E162.93661
G1 F1136.4 X105.391 Y153.168 E162.99387
G1 X106.594 Y153.556 E163.04937
G1 X107.755 Y153.886 E163.10236
G1 X109.032 Y154.204 E163.16013
G1 F1138.5 X110.261 Y154.466 E163.2152
G1 X111.473 Y154.684 E163.26916
G1 F1140.7 X112.762 Y154.869 E163.32612
G1 X114.029 Y155.01 E163.38187
G1 F1145 X115.264 Y155.101 E163.43583
G1 F1142.9 X116.557 Y155.155 E163.49232
G1 F1140.7 X117.5 Y155.165 E163.53357
G1 F2700 E158.53357
;MESH:NONMESH
G0 F300 X117.5 Y155.165 Z0.8
G0 F9000 X117.499 Y154.844
G0 X117.5 Y156.413
;TIME_ELAPSED:243.395154
;LAYER:3
M106 S255
;TYPE:WALL-OUTER
;MESH:Led Ring.stl
G1 F2700 E163.53357
G1 F1500 X116.545 Y156.404 E163.56533
G1 X115.216 Y156.348 E163.60958
G1 X113.903 Y156.248 E163.65337
G1 X112.623 Y156.107 E163.6962
G1 X111.334 Y155.924 E163.73951
G1 X110.045 Y155.694 E163.78306
G1 X108.776 Y155.424 E163.82621
G1 X107.509 Y155.111 E163.86962
G1 X106.222 Y154.744 E163.91413
G1 X104.996 Y154.352 E163.95694
G1 X103.747 Y153.904 E164.00107
G1 X102.551 Y153.43 E164.04386
G1 X101.367 Y152.913 E164.08683
G1 X100.175 Y152.344 E164.13076
G1 X99.025 Y151.748 E164.17384
G1 X97.876 Y151.105 E164.21764
G1 X96.758 Y150.423 E164.26119
G1 X95.657 Y149.706 E164.30489
G1 X94.582 Y148.946 E164.34868
G1 X93.552 Y148.171 E164.39155
G1 X92.529 Y147.342 E164.43535
G1 X91.55 Y146.496 E164.47838
G1 X90.589 Y145.604 E164.52199
G1 X89.662 Y144.686 E164.56539
G1 X88.765 Y143.735 E164.60887
G1 X87.902 Y142.757 E164.65225
G1 X87.075 Y141.752 E164.69554
G1 X86.273 Y140.713 E164.73919
G1 X85.512 Y139.649 E164.7827
G1 X84.792 Y138.572 E164.82579
G1 X84.088 Y137.437 E164.87021
G1 X83.448 Y136.318 E164.91309
G1 X82.837 Y135.168 E164.9564
G1 X82.27 Y133.999 E164.99961
G1 X81.732 Y132.799 E165.04335
G1 X81.238 Y131.584 E165.08698
G1 X80.783 Y130.359 E165.13044
G1 X80.403 Y129.22 E165.17038
G1 X80.01 Y127.876 E165.21695
G1 X79.68 Y126.602 E165.26072
G1 X79.392 Y125.308 E165.30481
G1 X79.15 Y124.003 E165.34896
G1 X78.951 Y122.705 E165.39263
G1 X78.805 Y121.451 E165.43462
G1 X78.697 Y120.16 E165.47771
G1 X78.627 Y118.804 E165.52287
G1 X78.604 Y117.528 E165.56532
G1 X78.629 Y116.243 E165.60807
G1 X78.695 Y114.925 E165.65196
G1 X78.804 Y113.616 E165.69565
G1 X78.952 Y112.341 E165.73834
G1 X79.151 Y111.043 E165.78201
G1 X79.389 Y109.76 E165.82541
G1 X79.675 Y108.463 E165.86959
G1 X80 Y107.21 E165.91264
G1 X80.402 Y105.846 E165.95994
G1 X80.77 Y104.727 E165.99912
G1 X81.225 Y103.498 E166.04271
G1 X81.724 Y102.267 E166.08689
G1 X82.262 Y101.065 E166.13069
G1 X82.827 Y99.899 E166.17378
G1 X83.431 Y98.761 E166.21663
G1 X84.088 Y97.611 E166.26068
G1 X84.781 Y96.493 E166.30443
G1 X85.501 Y95.414 E166.34758
G1 X86.25 Y94.367 E166.39039
G1 X87.044 Y93.329 E166.43386
G1 X87.877 Y92.32 E166.47738
G1 X88.739 Y91.342 E166.52074
G1 X89.634 Y90.391 E166.56417
G1 X90.562 Y89.47 E166.60766
G1 X91.534 Y88.565 E166.65183
G1 X92.529 Y87.702 E166.69564
G1 X93.535 Y86.89 E166.73864
G1 X94.569 Y86.112 E166.78168
G1 X95.657 Y85.342 E166.82601
G1 X96.73 Y84.642 E166.86862
G1 X97.839 Y83.964 E166.91185
G1 X98.991 Y83.317 E166.9558
G1 X100.14 Y82.72 E166.99886
G1 X101.329 Y82.151 E167.04271
G1 X102.517 Y81.632 E167.08582
G1 X103.747 Y81.139 E167.1299
G1 X104.874 Y80.738 E167.16968
G1 X106.202 Y80.306 E167.21613
G1 X107.471 Y79.946 E167.26
G1 X108.737 Y79.628 E167.30342
G1 X110.048 Y79.348 E167.34801
G1 X111.295 Y79.129 E167.39012
G1 X112.584 Y78.942 E167.43344
G1 X113.885 Y78.801 E167.47696
G1 X115.237 Y78.698 E167.52206
G1 X116.507 Y78.644 E167.56434
G1 X117.806 Y78.633 E167.60755
G1 X119.127 Y78.664 E167.6515
G1 X120.34 Y78.735 E167.69191
G1 X121.881 Y78.879 E167.74339
G1 X123.039 Y79.026 E167.78221
G1 X124.298 Y79.231 E167.82464
G1 X125.585 Y79.481 E167.86824
G1 X126.776 Y79.751 E167.90886
G1 X128.245 Y80.149 E167.95948
G1 X129.378 Y80.489 E167.99882
G1 X130.619 Y80.911 E168.04242
G1 X131.85 Y81.374 E168.08617
G1 X133.059 Y81.88 E168.12976
G1 X134.225 Y82.413 E168.1724
G1 X135.199 Y82.895 E168.20854
G1 X135.207 Y82.889 E168.20888
G1 X136.553 Y83.616 E168.25976
G1 X137.757 Y84.327 E168.30626
G1 X138.783 Y84.974 E168.34661
G1 X139.862 Y85.704 E168.38994
G1 X140.931 Y86.484 E168.43395
G1 X141.966 Y87.292 E168.47762
G1 X142.953 Y88.119 E168.52045
G1 X143.921 Y88.986 E168.56367
G1 X144.879 Y89.902 E168.60776
G1 X145.778 Y90.829 E168.65071
G1 X146.662 Y91.795 E168.69426
G1 X147.491 Y92.765 E168.7367
G1 X148.323 Y93.808 E168.78107
G1 X149.137 Y94.909 E168.82661
G1 X149.857 Y95.943 E168.86852
G1 X150.552 Y97.03 E168.91143
G1 X151.221 Y98.152 E168.95488
G1 X151.857 Y99.304 E168.99865
G1 X152.452 Y100.473 E169.04227
G1 X153.108 Y101.866 E169.09349
G1 X153.101 Y101.875 E169.09387
G1 X153.516 Y102.847 E169.12902
G1 X153.989 Y104.06 E169.17232
G1 X154.387 Y105.187 E169.21207
G1 X154.816 Y106.565 E169.26008
G1 X155.161 Y107.81 E169.30305
G1 X155.487 Y109.178 E169.34982
G1 X155.724 Y110.357 E169.38982
G1 X155.946 Y111.659 E169.43375
G1 X156.119 Y112.946 E169.47694
G1 X156.25 Y114.234 E169.52
G1 X156.338 Y115.531 E169.56324
G1 X156.388 Y116.843 E169.60691
G1 X156.388 Y118.15 E169.65038
G1 X156.34 Y119.477 E169.69454
G1 X156.252 Y120.795 E169.73848
G1 X156.123 Y122.062 E169.78083
G1 X155.946 Y123.377 E169.82497
G1 X155.729 Y124.652 E169.86798
G1 X155.492 Y125.849 E169.90857
G1 X155.166 Y127.213 E169.95521
G1 X154.821 Y128.46 E169.99825
G1 X154.39 Y129.841 E170.04636
G1 X154.007 Y130.939 E170.08504
G1 X153.531 Y132.164 E170.12875
G1 X153.131 Y133.122 E170.16328
G1 X153.116 Y133.125 E170.16379
G1 X152.47 Y134.538 E170.21546
G1 X151.867 Y135.726 E170.25978
G1 X151.234 Y136.876 E170.30344
G1 X150.576 Y137.98 E170.34618
G1 X149.861 Y139.093 E170.39018
G1 X149.18 Y140.083 E170.43015
G1 X148.353 Y141.2 E170.47637
G1 X147.536 Y142.227 E170.52002
G1 X146.659 Y143.26 E170.56509
G1 X145.817 Y144.186 E170.60672
G1 X144.901 Y145.124 E170.65033
G1 X143.957 Y146.028 E170.6938
G1 X142.983 Y146.903 E170.73735
G1 X141.984 Y147.74 E170.78069
G1 X140.931 Y148.564 E170.82517
G1 X139.809 Y149.374 E170.87119
G1 X138.798 Y150.065 E170.91192
G1 X137.789 Y150.706 E170.95168
G1 X136.589 Y151.408 E170.99792
G1 X135.206 Y152.159 E171.05026
G1 X135.198 Y152.154 E171.05058
G1 X134.257 Y152.619 E171.08549
G1 X133.07 Y153.164 E171.12893
G1 X131.902 Y153.65 E171.17101
G1 X130.66 Y154.119 E171.21516
G1 X129.418 Y154.542 E171.2588
G1 X128.279 Y154.896 E171.29847
G1 X126.791 Y155.292 E171.34969
G1 X125.624 Y155.56 E171.38951
G1 X124.346 Y155.811 E171.43283
G1 X123.058 Y156.016 E171.47621
G1 X121.781 Y156.181 E171.51903
G1 X120.38 Y156.31 E171.56583
G1 X119.146 Y156.383 E171.60694
G1 X117.842 Y156.416 E171.65033
G1 X117.5 Y156.413 E171.6617
G1 F2700 E166.6617
G0 F9000 X117.51 Y155.509
G0 X117.5 Y153.97
G1 F2700 E171.6617
G1 F1500 X118.37 Y153.964 E171.69064
G1 X119.653 Y153.912 E171.73335
G1 X121.097 Y153.796 E171.78153
G1 X122.263 Y153.663 E171.82056
G1 X123.538 Y153.47 E171.86345
G1 X124.801 Y153.237 E171.90617
G1 X126.072 Y152.952 E171.94949
G1 X127.327 Y152.626 E171.99262
G1 X128.662 Y152.218 E172.03905
G1 X129.792 Y151.838 E172.0787
G1 X130.974 Y151.391 E172.12073
G1 X132.186 Y150.885 E172.16442
G1 X133.372 Y150.338 E172.20786
G1 X134.515 Y149.759 E172.25047
G1 X135.649 Y149.136 E172.29351
G1 X136.768 Y148.464 E172.33692
G1 X137.857 Y147.76 E172.38005
G1 X138.975 Y146.981 E172.42537
G1 X139.95 Y146.24 E172.4661
G1 X140.946 Y145.432 E172.50876
G1 X141.932 Y144.575 E172.55221
G1 X142.873 Y143.69 E172.59517
G1 X143.786 Y142.774 E172.63819
G1 X144.659 Y141.833 E172.68088
G1 X145.512 Y140.843 E172.72435
G1 X146.321 Y139.834 E172.76736
G1 X147.089 Y138.808 E172.80999
G1 X147.825 Y137.742 E172.85307
G1 X148.529 Y136.645 E172.89643
G1 X149.185 Y135.543 E172.93908
G1 X149.808 Y134.396 E172.98249
G1 X150.387 Y133.238 E173.02556
G1 X150.923 Y132.059 E173.06863
G1 X151.421 Y130.866 E173.11163
G1 X151.872 Y129.654 E173.15464
G1 X152.276 Y128.432 E173.19745
G1 X152.644 Y127.185 E173.24069
G1 X152.938 Y126.059 E173.2794
G1 X153.264 Y124.575 E173.32993
G1 X153.475 Y123.385 E173.37013
G1 X153.659 Y122.113 E173.41288
G1 X153.799 Y120.826 E173.45594
G1 X153.892 Y119.547 E173.49859
G1 X153.94 Y118.24 E173.54209
G1 X153.944 Y116.945 E173.58516
G1 X153.9 Y115.662 E173.62786
G1 X153.812 Y114.362 E173.6712
G1 X153.679 Y113.087 E173.71383
G1 X153.494 Y111.791 E173.75737
G1 X153.269 Y110.516 E173.80044
G1 X153 Y109.254 E173.84335
G1 X152.682 Y107.998 E173.88645
G1 X152.325 Y106.768 E173.92905
G1 X151.919 Y105.529 E173.97241
G1 X151.47 Y104.311 E174.01559
G1 X150.986 Y103.128 E174.0581
G1 X150.446 Y101.937 E174.10159
G1 X149.876 Y100.775 E174.14464
G1 X149.264 Y99.648 E174.1873
G1 X148.605 Y98.522 E174.23069
G1 X147.909 Y97.428 E174.27381
G1 X147.177 Y96.362 E174.31682
G1 X146.417 Y95.333 E174.35937
G1 X145.609 Y94.319 E174.4025
G1 X144.76 Y93.329 E174.44587
G1 X143.884 Y92.376 E174.48893
G1 X142.975 Y91.455 E174.53197
G1 X142.042 Y90.574 E174.57465
G1 X141.073 Y89.721 E174.61758
G1 X140.059 Y88.896 E174.66106
G1 X139.03 Y88.112 E174.70409
G1 X137.972 Y87.364 E174.74718
G1 X136.898 Y86.664 E174.78982
G1 X135.78 Y85.989 E174.83326
G1 X134.662 Y85.365 E174.87584
G1 X133.507 Y84.777 E174.91895
G1 X132.333 Y84.23 E174.96203
G1 X131.135 Y83.719 E175.00535
G1 X129.932 Y83.261 E175.04816
G1 X128.714 Y82.842 E175.091
G1 X127.463 Y82.46 E175.13451
G1 X126.219 Y82.134 E175.17728
G1 X124.949 Y81.845 E175.2206
G1 X123.682 Y81.603 E175.2635
G1 X122.411 Y81.406 E175.30628
G1 X121.112 Y81.253 E175.34978
G1 X119.837 Y81.148 E175.39233
G1 X118.534 Y81.088 E175.43572
G1 X117.246 Y81.076 E175.47856
G1 X115.943 Y81.108 E175.52191
G1 X114.656 Y81.184 E175.56479
G1 X113.377 Y81.304 E175.60752
G1 X112.081 Y81.477 E175.65101
G1 X110.814 Y81.69 E175.69374
G1 X109.551 Y81.952 E175.73664
G1 X108.281 Y82.257 E175.78008
G1 X107.033 Y82.607 E175.82319
G1 X105.702 Y83.037 E175.86971
G1 X104.592 Y83.436 E175.90894
G1 X103.381 Y83.918 E175.9523
G1 X102.211 Y84.432 E175.9948
G1 X101.038 Y85.002 E176.03818
G1 X99.89 Y85.606 E176.08132
G1 X98.78 Y86.246 E176.12394
G1 X97.67 Y86.938 E176.16744
G1 X96.596 Y87.662 E176.21052
G1 X95.562 Y88.414 E176.25305
G1 X94.532 Y89.222 E176.29659
G1 X93.543 Y90.054 E176.33957
G1 X92.589 Y90.915 E176.38232
G1 X91.652 Y91.824 E176.42574
G1 X90.755 Y92.757 E176.46878
G1 X89.902 Y93.71 E176.51132
G1 X89.066 Y94.716 E176.55483
G1 X88.281 Y95.729 E176.59745
G1 X87.521 Y96.791 E176.64089
G1 X86.801 Y97.868 E176.68398
G1 X86.125 Y98.967 E176.72689
G1 X85.493 Y100.085 E176.76961
G1 X84.886 Y101.238 E176.81294
G1 X84.335 Y102.398 E176.85566
G1 X83.816 Y103.596 E176.89908
G1 X83.341 Y104.798 E176.94207
G1 X82.911 Y106.021 E176.98519
G1 X82.525 Y107.256 E177.02822
G1 X82.183 Y108.503 E177.07123
G1 X81.889 Y109.75 E177.11384
G1 X81.631 Y111.032 E177.15734
G1 X81.426 Y112.308 E177.20032
G1 X81.261 Y113.578 E177.24292
G1 X81.144 Y114.882 E177.28646
G1 X81.076 Y116.173 E177.32946
G1 X81.048 Y117.476 E177.37281
G1 X81.068 Y118.748 E177.41512
G1 X81.132 Y120.042 E177.45821
G1 X81.236 Y121.258 E177.4988
G1 X81.405 Y122.617 E177.54435
G1 X81.61 Y123.896 E177.58743
G1 X81.859 Y125.175 E177.63077
G1 X82.149 Y126.422 E177.67335
G1 X82.491 Y127.673 E177.71649
G1 X82.913 Y129.024 E177.76357
G1 X83.299 Y130.13 E177.80253
G1 X83.709 Y131.208 E177.84089
G1 X84.276 Y132.524 E177.88855
G1 X84.831 Y133.694 E177.93162
G1 X85.426 Y134.844 E177.97468
G1 X86.061 Y135.971 E178.01771
G1 X86.741 Y137.088 E178.0612
G1 X87.449 Y138.155 E178.10379
G1 X88.209 Y139.217 E178.14723
G1 X88.987 Y140.232 E178.18976
G1 X89.813 Y141.232 E178.2329
G1 X90.67 Y142.201 E178.27593
G1 X91.567 Y143.139 E178.3191
G1 X92.5 Y144.051 E178.36249
G1 X93.445 Y144.912 E178.40501
G1 X94.442 Y145.757 E178.44848
G1 X95.452 Y146.55 E178.49119
G1 X96.493 Y147.314 E178.53414
G1 X97.567 Y148.042 E178.57729
G1 X98.661 Y148.73 E178.62027
G1 X99.792 Y149.382 E178.66369
G1 X100.929 Y149.993 E178.70663
G1 X102.356 Y150.686 E178.75939
G1 X102.374 Y150.675 E178.76009
G1 X103.277 Y151.086 E178.79309
G1 X104.477 Y151.57 E178.83612
G1 X105.684 Y152.005 E178.8788
G1 X106.926 Y152.407 E178.92222
G1 X108.136 Y152.75 E178.96405
G1 X109.416 Y153.067 E179.00791
G1 X110.691 Y153.332 E179.05122
G1 X111.958 Y153.55 E179.09398
G1 X113.28 Y153.731 E179.13836
G1 X114.556 Y153.856 E179.181
G1 X115.827 Y153.936 E179.22336
G1 X117.106 Y153.972 E179.26592
G1 X117.5 Y153.97 E179.27902
G0 F9000 X117.503 Y154.68
G0 X117.5 Y155.429
G0 X117.5 Y156.061
;TYPE:SKIN
G1 F1578.9 X116.556 Y156.053 E179.30885
G1 X115.242 Y155.994 E179.35041
G1 X113.948 Y155.898 E179.39141
G1 X112.662 Y155.755 E179.43229
G1 F1570.7 X111.374 Y155.575 E179.4736
G1 F1562.5 X110.104 Y155.347 E179.5148
G1 F1570.7 X108.858 Y155.082 E179.55526
G1 X107.605 Y154.771 E179.59627
G1 X106.338 Y154.411 E179.63811
G1 X105.1 Y154.015 E179.67939
G1 X103.922 Y153.593 E179.71914
G1 F1566.6 X102.686 Y153.105 E179.76146
G1 F1562.5 X101.499 Y152.587 E179.80281
G1 F1570.7 X100.348 Y152.035 E179.84336
G1 X99.185 Y151.433 E179.88495
G1 F1562.5 X98.056 Y150.803 E179.92624
G1 F1570.7 X96.939 Y150.12 E179.96782
G1 X95.862 Y149.419 E180.00864
G1 X94.799 Y148.667 E180.05
G1 X93.76 Y147.886 E180.09129
G1 X92.742 Y147.061 E180.13291
G1 X91.772 Y146.221 E180.17366
G1 X90.83 Y145.347 E180.21448
G1 F1562.5 X89.908 Y144.435 E180.25589
G1 X89.024 Y143.497 E180.29704
G1 F1570.7 X88.164 Y142.523 E180.33831
G1 X87.351 Y141.535 E180.37895
G1 X86.551 Y140.496 E180.42061
G1 F1562.5 X85.797 Y139.445 E180.46191
G1 X85.083 Y138.374 E180.50301
G1 F1558.4 X84.395 Y137.268 E180.5447
G1 X83.753 Y136.142 E180.5862
G1 F1562.5 X83.148 Y134.999 E180.62749
G1 X82.583 Y133.841 E180.66863
G1 F1570.7 X82.057 Y132.665 E180.70955
G1 X81.562 Y131.449 E180.75125
G1 F1566.6 X81.115 Y130.237 E180.79239
G1 F1562.5 X80.745 Y129.129 E180.82969
G1 X80.345 Y127.775 E180.87477
G1 X80.01 Y126.477 E180.91757
G1 X79.743 Y125.262 E180.9573
G1 X79.507 Y124.005 E180.99813
G1 X79.303 Y122.699 E181.04034
G1 F1566.6 X79.155 Y121.407 E181.08175
G1 F1570.7 X79.047 Y120.141 E181.12211
G1 X78.977 Y118.828 E181.16388
G1 F1562.5 X78.956 Y117.533 E181.20523
G1 F1570.7 X78.979 Y116.257 E181.24577
G1 F1578.9 X79.046 Y114.939 E181.28747
G1 F1574.8 X79.149 Y113.696 E181.32698
G1 F1566.6 X79.298 Y112.393 E181.36875
G1 F1562.5 X79.497 Y111.106 E181.41033
G1 X79.732 Y109.833 E181.45166
G1 X80.011 Y108.568 E181.49302
G1 X80.336 Y107.306 E181.53463
G1 F1570.7 X80.704 Y106.059 E181.57593
G1 X81.102 Y104.846 E181.61648
G1 F1566.6 X81.542 Y103.647 E181.65715
G1 X82.036 Y102.427 E181.69907
G1 F1570.7 X82.572 Y101.234 E181.74061
G1 X83.138 Y100.063 E181.78193
G1 F1562.5 X83.735 Y98.935 E181.82268
G1 X84.376 Y97.813 E181.86394
G1 X85.066 Y96.695 E181.90588
G1 F1554.4 X85.77 Y95.639 E181.94662
G1 F1562.5 X86.529 Y94.58 E181.98822
G1 X87.317 Y93.55 E182.02963
G1 X88.141 Y92.55 E182.071
G1 X88.992 Y91.58 E182.1122
G1 F1558.4 X89.88 Y90.641 E182.15358
G1 F1562.5 X90.811 Y89.717 E182.19546
G1 X91.757 Y88.838 E182.23669
G1 X92.734 Y87.988 E182.27804
G1 X93.732 Y87.181 E182.31902
G1 X94.773 Y86.395 E182.36067
G1 X95.842 Y85.64 E182.40246
G1 X96.913 Y84.939 E182.44333
G1 F1554.4 X98.012 Y84.269 E182.48464
G1 X99.161 Y83.622 E182.52696
G1 F1566.6 X100.292 Y83.036 E182.56753
G1 F1562.5 X101.476 Y82.469 E182.60945
G1 F1554.4 X102.649 Y81.958 E182.65051
G1 X103.874 Y81.466 E182.69288
G1 F1550.4 X105.151 Y81.009 E182.73653
G1 F1554.4 X106.298 Y80.645 E182.77515
G1 F1562.5 X107.523 Y80.295 E182.81583
G1 X108.823 Y79.968 E182.85863
G1 F1554.4 X110.067 Y79.702 E182.89946
G1 X111.328 Y79.478 E182.94057
G1 X112.642 Y79.287 E182.98318
G1 F1558.4 X113.912 Y79.151 E183.02407
G1 F1566.6 X115.209 Y79.052 E183.0655
G1 F1570.7 X116.525 Y78.994 E183.10734
G1 F1566.6 X117.8 Y78.984 E183.14795
G1 F1562.5 X119.102 Y79.016 E183.18953
G1 F1554.4 X120.235 Y79.077 E183.22595
G1 X121.869 Y79.231 E183.27863
G1 F1562.5 X122.974 Y79.371 E183.31419
G1 X124.239 Y79.577 E183.35511
G1 X125.506 Y79.824 E183.39633
G1 X126.694 Y80.095 E183.43524
G1 X128.145 Y80.484 E183.4832
G1 F1566.6 X129.275 Y80.827 E183.52081
G1 F1562.5 X130.504 Y81.24 E183.56221
G1 X131.711 Y81.698 E183.60343
G1 F1566.6 X132.892 Y82.191 E183.64419
G1 F1570.7 X134.068 Y82.728 E183.68525
G1 F1558.4 X135.069 Y83.217 E183.72091
G1 F1550.4 X136.394 Y83.93 E183.76933
G1 F1562.5 X137.569 Y84.622 E183.81287
G1 F1566.6 X138.587 Y85.267 E183.85125
G1 X139.663 Y85.996 E183.89264
G1 F1570.7 X140.699 Y86.752 E183.93338
G1 X141.721 Y87.547 E183.97451
G1 X142.717 Y88.379 E184.01573
G1 X143.688 Y89.25 E184.05716
G1 X144.61 Y90.134 E184.09773
G1 X145.515 Y91.066 E184.139
G1 X146.399 Y92.029 E184.18052
G1 X147.243 Y93.016 E184.22177
G1 X148.038 Y94.015 E184.26232
G1 X148.804 Y95.046 E184.30312
G1 X149.554 Y96.123 E184.34481
G1 F1566.6 X150.248 Y97.211 E184.3859
G1 F1562.5 X150.871 Y98.246 E184.42448
G1 F1566.6 X151.544 Y99.466 E184.46885
G1 F1570.7 X152.136 Y100.624 E184.51016
G1 F1562.5 X152.769 Y101.976 E184.55782
G1 X153.209 Y103.03 E184.59429
G1 F1570.7 X153.646 Y104.153 E184.63257
G1 F1562.5 X154.048 Y105.29 E184.67108
G1 X154.468 Y106.639 E184.71619
G1 X154.819 Y107.894 E184.7578
G1 F1558.4 X155.167 Y109.35 E184.80572
G1 F1566.6 X155.377 Y110.417 E184.84035
G1 F1578.9 X155.583 Y111.634 E184.87935
G1 F1574.8 X155.771 Y112.992 E184.92279
G1 F1570.7 X155.897 Y114.258 E184.9632
G1 X155.985 Y115.545 E185.00417
G1 F1566.6 X156.036 Y116.841 E185.04548
G1 F1562.5 X156.035 Y118.144 E185.08708
G1 F1570.7 X155.99 Y119.436 E185.12815
G1 F1574.8 X155.903 Y120.735 E185.16939
G1 X155.774 Y122.015 E185.21015
G1 F1578.9 X155.6 Y123.301 E185.25115
G1 X155.386 Y124.579 E185.29209
G1 F1570.7 X155.149 Y125.772 E185.33073
G1 F1562.5 X154.83 Y127.097 E185.37424
G1 F1570.7 X154.481 Y128.356 E185.41574
G1 X154.055 Y129.721 E185.46116
G1 X153.676 Y130.814 E185.49791
G1 F1566.6 X153.211 Y132.013 E185.53886
G1 F1562.5 X152.821 Y132.941 E185.571
G1 F1570.7 X152.153 Y134.378 E185.62134
G1 F1578.9 X151.556 Y135.555 E185.66304
G1 F1587.3 X150.937 Y136.678 E185.70334
G1 F1578.9 X150.279 Y137.789 E185.74414
G1 F1570.7 X149.578 Y138.88 E185.78533
G1 X148.893 Y139.875 E185.8237
G1 X148.066 Y140.994 E185.8679
G1 F1578.9 X147.267 Y141.998 E185.90844
G1 F1574.8 X146.423 Y142.989 E185.94968
G1 F1570.7 X145.562 Y143.939 E185.9904
G1 F1566.6 X144.655 Y144.87 E186.0318
G1 F1570.7 X143.72 Y145.766 E186.07293
G1 F1578.9 X142.746 Y146.637 E186.11422
G1 F1570.7 X141.754 Y147.473 E186.15542
G1 X140.751 Y148.257 E186.19586
G1 F1578.9 X139.599 Y149.088 E186.24074
G1 F1574.8 X138.626 Y149.755 E186.27811
G1 F1570.7 X137.599 Y150.406 E186.31674
G1 F1562.5 X136.34 Y151.14 E186.36327
G1 X135.135 Y151.795 E186.40706
G1 X134.117 Y152.296 E186.44329
G1 F1570.7 X132.922 Y152.844 E186.48505
G1 X131.776 Y153.321 E186.52448
G1 X130.545 Y153.787 E186.56628
G1 F1562.5 X129.187 Y154.248 E186.61208
G1 F1554.4 X128.197 Y154.55 E186.6453
G1 X126.708 Y154.947 E186.69476
G1 F1558.4 X125.547 Y155.216 E186.73291
G1 F1570.7 X124.276 Y155.464 E186.77404
G1 F1566.6 X123.01 Y155.667 E186.81487
G1 F1562.5 X121.805 Y155.825 E186.85368
G1 F1554.4 X120.261 Y155.968 E186.90345
G1 F1562.5 X119.135 Y156.029 E186.93945
G1 X117.836 Y156.064 E186.98094
G1 F1570.7 X117.5 Y156.061 E186.99162
G0 F9000 X117.5 Y155.678
G1 F1570.7 X117.811 Y155.68 E187.0015
G1 F1566.6 X119.109 Y155.647 E187.04285
G1 F1570.7 X120.423 Y155.571 E187.08465
G1 X121.658 Y155.455 E187.12405
G1 X122.945 Y155.29 E187.16527
G1 X124.186 Y155.093 E187.20518
G1 X125.356 Y154.867 E187.24303
G1 X126.813 Y154.523 E187.29058
G1 F1562.5 X127.941 Y154.225 E187.32783
G1 X129.161 Y153.852 E187.36857
G1 X130.397 Y153.434 E187.41023
G1 F1570.7 X131.555 Y152.999 E187.44952
G1 X132.754 Y152.501 E187.49076
G1 X133.919 Y151.969 E187.53144
G1 X135.07 Y151.396 E187.57228
G1 X136.203 Y150.78 E187.61324
G1 X137.312 Y150.133 E187.65402
G1 X138.406 Y149.446 E187.69506
G1 F1578.9 X139.515 Y148.684 E187.73757
G1 X140.497 Y147.973 E187.77588
G1 F1570.7 X141.502 Y147.186 E187.81642
G1 F1574.8 X142.49 Y146.358 E187.85726
G1 X143.432 Y145.514 E187.89733
G1 F1570.7 X144.365 Y144.618 E187.93842
G1 X145.261 Y143.702 E187.97912
G1 X146.128 Y142.747 E188.02009
G1 F1578.9 X146.964 Y141.768 E188.06077
G1 X147.749 Y140.783 E188.10057
G1 F1574.8 X148.505 Y139.762 E188.14081
G1 X149.259 Y138.674 E188.18275
G1 X149.929 Y137.631 E188.22202
G1 F1578.9 X150.603 Y136.502 E188.26357
G1 F1583.1 X151.214 Y135.392 E188.3035
G1 F1578.9 X151.794 Y134.246 E188.34408
G1 F1587.3 X152.342 Y133.072 E188.3848
G1 F1578.9 X152.852 Y131.881 E188.42574
G1 F1570.7 X153.29 Y130.754 E188.46415
G1 F1574.8 X153.732 Y129.487 E188.50666
G1 F1578.9 X154.106 Y128.281 E188.54655
G1 F1570.7 X154.453 Y127.027 E188.58788
G1 X154.754 Y125.781 E188.6286
G1 F1574.8 X155.01 Y124.522 E188.6693
G1 F1578.9 X155.22 Y123.276 E188.70923
G1 X155.393 Y122.002 E188.74985
G1 F1574.8 X155.522 Y120.716 E188.7908
G1 X155.606 Y119.461 E188.83064
G1 F1570.7 X155.651 Y118.159 E188.87202
G1 F1562.5 X155.652 Y116.872 E188.91312
G1 F1570.7 X155.606 Y115.589 E188.9539
G1 X155.519 Y114.311 E188.99458
G1 X155.394 Y113.049 E189.03486
G1 X155.209 Y111.702 E189.07805
G1 F1578.9 X155.008 Y110.512 E189.11619
G1 F1570.7 X154.752 Y109.253 E189.15699
G1 F1562.5 X154.451 Y108.003 E189.19805
G1 X154.108 Y106.77 E189.23891
G1 F1570.7 X153.735 Y105.559 E189.27916
G1 X153.293 Y104.297 E189.32163
G1 X152.858 Y103.179 E189.35974
G1 F1566.6 X152.337 Y101.953 E189.40216
G1 F1562.5 X151.798 Y100.803 E189.44271
G1 F1570.7 X151.214 Y99.657 E189.48357
G1 X150.596 Y98.539 E189.52414
G1 F1566.6 X149.94 Y97.438 E189.56496
G1 F1562.5 X149.242 Y96.348 E189.60629
G1 F1566.6 X148.492 Y95.267 E189.64819
G1 F1570.7 X147.754 Y94.273 E189.68751
G1 X146.958 Y93.269 E189.72821
G1 X146.125 Y92.296 E189.76889
G1 X145.253 Y91.343 E189.80992
G1 X144.357 Y90.422 E189.85074
G1 X143.432 Y89.533 E189.89149
G1 X142.488 Y88.686 E189.93177
G1 X141.495 Y87.857 E189.97286
G1 X140.538 Y87.106 E190.0115
G1 X139.465 Y86.325 E190.05365
G1 X138.388 Y85.593 E190.09502
G1 X137.369 Y84.949 E190.13331
G1 F1562.5 X136.21 Y84.269 E190.17621
G1 F1554.4 X135.08 Y83.658 E190.21744
G1 F1562.5 X133.938 Y83.089 E190.25818
G1 F1570.7 X132.768 Y82.554 E190.29905
G1 F1566.6 X131.582 Y82.059 E190.33997
G1 X130.428 Y81.62 E190.37929
G1 F1562.5 X129.157 Y81.191 E190.42213
G1 F1570.7 X127.951 Y80.825 E190.46216
G1 F1566.6 X126.705 Y80.494 E190.50322
G1 F1562.5 X125.367 Y80.185 E190.54706
G1 F1566.6 X124.205 Y79.96 E190.58475
G1 F1562.5 X122.925 Y79.751 E190.62617
G1 F1570.7 X121.58 Y79.583 E190.66922
G1 X120.43 Y79.477 E190.7059
G1 F1562.5 X119.115 Y79.4 E190.74796
G1 X117.817 Y79.368 E190.78942
G1 F1566.6 X116.555 Y79.377 E190.82961
G1 F1570.7 X115.243 Y79.433 E190.87132
G1 X114.029 Y79.525 E190.90999
G1 F1562.5 X112.703 Y79.668 E190.95258
G1 F1554.4 X111.402 Y79.857 E190.99477
G1 X110.174 Y80.074 E191.0348
G1 X108.924 Y80.339 E191.07581
G1 F1562.5 X107.633 Y80.662 E191.1183
G1 X106.451 Y80.999 E191.15755
G1 F1554.4 X105.216 Y81.396 E191.19918
G1 X104.063 Y81.806 E191.23846
G1 F1558.4 X102.824 Y82.301 E191.28117
G1 X101.647 Y82.815 E191.32229
G1 F1562.5 X100.498 Y83.359 E191.36288
G1 F1570.7 X99.367 Y83.946 E191.40335
G1 F1562.5 X98.237 Y84.584 E191.44479
G1 F1558.4 X97.116 Y85.264 E191.48676
G1 F1562.5 X96.083 Y85.939 E191.52616
G1 X95.01 Y86.695 E191.56807
G1 F1566.6 X94.008 Y87.451 E191.60805
G1 F1562.5 X92.989 Y88.275 E191.64989
G1 X92.02 Y89.116 E191.69086
G1 X91.09 Y89.979 E191.73137
G1 X90.1 Y90.968 E191.77605
G1 X89.292 Y91.82 E191.81354
G1 X88.452 Y92.777 E191.8542
G1 X87.636 Y93.766 E191.89514
G1 F1566.6 X86.848 Y94.791 E191.93631
G1 F1562.5 X86.094 Y95.848 E191.97777
G1 F1554.4 X85.396 Y96.893 E192.0181
G1 F1562.5 X84.762 Y97.911 E192.0564
G1 F1570.7 X84.085 Y99.093 E192.09966
G1 F1562.5 X83.485 Y100.227 E192.14063
G1 F1566.6 X82.925 Y101.376 E192.18133
G1 F1570.7 X82.405 Y102.538 E192.22177
G1 X81.905 Y103.766 E192.26388
G1 F1566.6 X81.475 Y104.942 E192.30376
G1 F1562.5 X81.099 Y106.071 E192.34176
G1 F1566.6 X80.712 Y107.382 E192.38529
G1 F1562.5 X80.398 Y108.604 E192.42557
G1 X80.12 Y109.854 E192.46646
G1 X79.884 Y111.112 E192.50733
G1 X79.681 Y112.414 E192.5494
G1 X79.531 Y113.712 E192.59112
G1 F1570.7 X79.425 Y114.965 E192.63107
G1 F1578.9 X79.362 Y116.23 E192.67109
G1 F1570.7 X79.34 Y117.536 E192.71257
G1 F1562.5 X79.361 Y118.803 E192.75304
G1 F1570.7 X79.422 Y120.034 E192.79218
G1 F1578.9 X79.53 Y121.32 E192.83296
G1 F1570.7 X79.681 Y122.634 E192.87497
G1 F1562.5 X79.879 Y123.91 E192.9162
G1 F1570.7 X80.116 Y125.175 E192.95708
G1 X80.381 Y126.381 E192.9963
G1 F1566.6 X80.71 Y127.66 E193.03836
G1 F1570.7 X81.068 Y128.882 E193.07881
G1 F1566.6 X81.474 Y130.101 E193.11972
G1 F1570.7 X81.901 Y131.269 E193.15923
G1 X82.403 Y132.505 E193.2016
G1 X82.921 Y133.662 E193.24187
G1 F1566.6 X83.479 Y134.805 E193.28237
G1 F1562.5 X83.929 Y135.656 E193.31311
G1 X84.713 Y137.048 E193.36412
G1 X85.385 Y138.137 E193.40498
G1 X86.092 Y139.195 E193.44561
G1 X86.844 Y140.251 E193.487
G1 F1570.7 X87.633 Y141.276 E193.52809
G1 X88.448 Y142.266 E193.56882
G1 X89.296 Y143.23 E193.6096
G1 F1566.6 X90.168 Y144.152 E193.65002
G1 X91.085 Y145.064 E193.6912
G1 F1570.7 X92.006 Y145.919 E193.73112
G1 X92.983 Y146.765 E193.77217
G1 X93.983 Y147.577 E193.81309
G1 X95.013 Y148.352 E193.85403
G1 X96.058 Y149.089 E193.89465
G1 X97.131 Y149.791 E193.93537
G1 F1566.6 X98.224 Y150.457 E193.97614
G1 F1562.5 X99.354 Y151.091 E194.01751
G1 F1570.7 X100.483 Y151.677 E194.05791
G1 X101.617 Y152.221 E194.09786
G1 F1562.5 X102.823 Y152.745 E194.13985
G1 X104.018 Y153.222 E194.18093
G1 F1570.7 X105.212 Y153.649 E194.22121
G1 X106.43 Y154.04 E194.26184
G1 X107.698 Y154.401 E194.30372
G1 X108.91 Y154.702 E194.34338
G1 X110.165 Y154.971 E194.38415
G1 F1562.5 X111.424 Y155.194 E194.42498
G1 F1566.6 X112.696 Y155.377 E194.4659
G1 F1574.8 X113.984 Y155.519 E194.50695
G1 F1578.9 X115.237 Y155.614 E194.54666
G1 X116.548 Y155.67 E194.58812
G1 F1574.8 X117.5 Y155.678 E194.61828
G0 F9000 X117.505 Y155.129
G1 F2700 E189.61828
;MESH:NONMESH
G0 F300 X117.505 Y155.129 Z1
G0 F9000 X117.512 Y155.509
G0 X117.5 Y156.654
;TIME_ELAPSED:282.225737
;LAYER:4
;TYPE:WALL-OUTER
;MESH:Led Ring.stl
G1 F2700 E194.61828
G1 F1500 X116.517 Y156.648 E194.65098
G1 X115.225 Y156.593 E194.69399
G1 X113.883 Y156.492 E194.73875
G1 X112.595 Y156.351 E194.78184
G1 X111.294 Y156.165 E194.82556
G1 X109.979 Y155.931 E194.86998
G1 X108.705 Y155.657 E194.91332
G1 X107.428 Y155.342 E194.95707
G1 X106.184 Y154.985 E195.00011
G1 X104.923 Y154.585 E195.04411
G1 X103.683 Y154.139 E195.08794
G1 X102.462 Y153.655 E195.13163
G1 X101.269 Y153.134 E195.17493
G1 X100.05 Y152.553 E195.21984
G1 X98.912 Y151.961 E195.26251
G1 X97.738 Y151.303 E195.30727
G1 X96.631 Y150.628 E195.35039
G1 X95.521 Y149.906 E195.39443
G1 X94.454 Y149.153 E195.43787
G1 X93.405 Y148.363 E195.48155
G1 X92.373 Y147.53 E195.52566
G1 X91.39 Y146.677 E195.56895
G1 X90.425 Y145.784 E195.61268
G1 X89.49 Y144.854 E195.65654
G1 X88.572 Y143.885 E195.70093
G1 X87.719 Y142.914 E195.74392
G1 X86.89 Y141.908 E195.78728
G1 X86.081 Y140.856 E195.83142
G1 X85.316 Y139.795 E195.87492
G1 X84.587 Y138.695 E195.91881
G1 X83.892 Y137.576 E195.96263
G1 X83.238 Y136.437 E196.00631
G1 X82.621 Y135.276 E196.05004
G1 X82.05 Y134.105 E196.09337
G1 X81.509 Y132.897 E196.13739
G1 X81.011 Y131.676 E196.18125
G1 X80.555 Y130.439 E196.2251
G1 X80.178 Y129.314 E196.26456
G1 X79.775 Y127.943 E196.31209
G1 X79.444 Y126.659 E196.3562
G1 X79.156 Y125.355 E196.40061
G1 X78.917 Y124.084 E196.44363
G1 X78.711 Y122.736 E196.48898
G1 X78.565 Y121.474 E196.53124
G1 X78.456 Y120.207 E196.57353
G1 X78.383 Y118.809 E196.62009
G1 X78.365 Y117.528 E196.6627
G1 X78.385 Y116.215 E196.70638
G1 X78.451 Y114.912 E196.74977
G1 X78.564 Y113.589 E196.79394
G1 X78.712 Y112.31 E196.83676
G1 X78.911 Y111.007 E196.8806
G1 X79.156 Y109.692 E196.92509
G1 X79.435 Y108.43 E196.96808
G1 X79.769 Y107.126 E197.01285
G1 X80.175 Y105.756 E197.06037
G1 X80.549 Y104.626 E197.09996
G1 X81.003 Y103.393 E197.14366
G1 X81.501 Y102.171 E197.18755
G1 X82.034 Y100.979 E197.23098
G1 X82.601 Y99.812 E197.27414
G1 X83.218 Y98.647 E197.31798
G1 X83.88 Y97.487 E197.36241
G1 X84.556 Y96.401 E197.40495
G1 X85.286 Y95.296 E197.449
G1 X86.069 Y94.208 E197.49358
G1 X86.86 Y93.178 E197.53678
G1 X87.705 Y92.15 E197.58104
G1 X88.558 Y91.18 E197.624
G1 X89.461 Y90.22 E197.66784
G1 X90.392 Y89.296 E197.71146
G1 X91.359 Y88.399 E197.75533
G1 X92.356 Y87.533 E197.79926
G1 X93.37 Y86.712 E197.84265
G1 X94.422 Y85.918 E197.88649
G1 X95.501 Y85.156 E197.93042
G1 X96.6 Y84.44 E197.97405
G1 X97.719 Y83.756 E198.01767
G1 X98.863 Y83.112 E198.06133
G1 X100.044 Y82.5 E198.10557
G1 X101.227 Y81.932 E198.14922
G1 X102.441 Y81.401 E198.19329
G1 X103.615 Y80.934 E198.23532
G1 X104.884 Y80.48 E198.28014
G1 X106.128 Y80.075 E198.32366
G1 X107.408 Y79.711 E198.36792
G1 X108.706 Y79.387 E198.41241
G1 X110.001 Y79.112 E198.45644
G1 X111.251 Y78.889 E198.49868
G1 X112.552 Y78.702 E198.54239
G1 X113.861 Y78.557 E198.5862
G1 X115.183 Y78.457 E198.63029
G1 X116.497 Y78.401 E198.67404
G1 X117.802 Y78.388 E198.71744
G1 X119.118 Y78.424 E198.76123
G1 X120.376 Y78.492 E198.80313
G1 X121.905 Y78.639 E198.85422
G1 X123.053 Y78.784 E198.89271
G1 X124.338 Y78.99 E198.93599
G1 X125.654 Y79.248 E198.98059
G1 X126.831 Y79.515 E199.02074
G1 X128.324 Y79.917 E199.07216
G1 X129.47 Y80.267 E199.11202
G1 X130.695 Y80.682 E199.15503
G1 X131.938 Y81.151 E199.19922
G1 X133.152 Y81.656 E199.24295
G1 X134.325 Y82.192 E199.28585
G1 X135.518 Y82.785 E199.33016
G1 X136.689 Y83.415 E199.37439
G1 X137.881 Y84.119 E199.42043
G1 X138.916 Y84.769 E199.46108
G1 X139.94 Y85.46 E199.50217
G1 X141.062 Y86.28 E199.54839
G1 X142.118 Y87.104 E199.59294
G1 X143.111 Y87.933 E199.63596
G1 X144.083 Y88.804 E199.67937
G1 X145.032 Y89.716 E199.72315
G1 X145.952 Y90.659 E199.76697
G1 X146.844 Y91.633 E199.8109
G1 X147.64 Y92.561 E199.85156
G1 X148.513 Y93.659 E199.89822
G1 X149.309 Y94.729 E199.94257
G1 X150.045 Y95.794 E199.98563
G1 X150.759 Y96.901 E200.02944
G1 X151.39 Y97.951 E200.07019
G1 X152.079 Y99.202 E200.11769
G1 X152.662 Y100.348 E200.16045
G1 X153.229 Y101.562 E200.20502
G1 X153.756 Y102.795 E200.24962
G1 X154.213 Y103.978 E200.2918
G1 X154.647 Y105.214 E200.33537
G1 X155.042 Y106.487 E200.3797
G1 X155.392 Y107.744 E200.4231
G1 X155.723 Y109.12 E200.47017
G1 X155.963 Y110.309 E200.51051
G1 X156.186 Y111.623 E200.55484
G1 X156.362 Y112.914 E200.59818
G1 X156.489 Y114.152 E200.63957
G1 X156.583 Y115.526 E200.68538
G1 X156.628 Y116.839 E200.72907
G1 X156.628 Y118.154 E200.77281
G1 X156.584 Y119.49 E200.81727
G1 X156.496 Y120.815 E200.86144
G1 X156.365 Y122.112 E200.90479
G1 X156.186 Y123.413 E200.94847
G1 X155.969 Y124.692 E200.99162
G1 X155.728 Y125.904 E201.03272
G1 X155.398 Y127.277 E201.07969
G1 X155.053 Y128.524 E201.12272
G1 X154.665 Y129.778 E201.16638
G1 X154.23 Y131.02 E201.21015
G1 X153.759 Y132.246 E201.25383
G1 X153.242 Y133.458 E201.29766
G1 X152.68 Y134.658 E201.34173
G1 X152.083 Y135.838 E201.38571
G1 X151.408 Y137.058 E201.43209
G1 X150.801 Y138.078 E201.47157
G1 X150.065 Y139.229 E201.51701
G1 X149.317 Y140.311 E201.56076
G1 X148.533 Y141.366 E201.60447
G1 X147.713 Y142.396 E201.64826
G1 X146.866 Y143.388 E201.69165
G1 X145.994 Y144.349 E201.73481
G1 X145.055 Y145.309 E201.77947
G1 X144.12 Y146.204 E201.82252
G1 X143.142 Y147.089 E201.86639
G1 X142.126 Y147.94 E201.91047
G1 X141.083 Y148.756 E201.95452
G1 X139.953 Y149.572 E202.00087
G1 X138.941 Y150.259 E202.04156
G1 X137.916 Y150.912 E202.08198
G1 X136.708 Y151.619 E202.12853
G1 X135.554 Y152.244 E202.17218
G1 X134.353 Y152.843 E202.21682
G1 X133.131 Y153.402 E202.26152
G1 X131.976 Y153.884 E202.30314
G1 X130.732 Y154.352 E202.34735
G1 X129.513 Y154.766 E202.39017
G1 X128.222 Y155.161 E202.43507
G1 X126.922 Y155.507 E202.47981
G1 X125.676 Y155.795 E202.52235
G1 X124.385 Y156.047 E202.5661
G1 X123.099 Y156.255 E202.60943
G1 X121.831 Y156.418 E202.65195
G1 X120.402 Y156.554 E202.69969
G1 X119.155 Y156.623 E202.74123
G1 X117.846 Y156.656 E202.78478
G1 X117.5 Y156.654 E202.79629
G1 F2700 E197.79629
G0 F9000 X117.507 Y155.819
G0 X117.503 Y154.68
G0 X117.5 Y153.969
G1 F2700 E202.79629
G1 F1500 X118.346 Y153.964 E202.82443
G1 X119.625 Y153.912 E202.867
G1 X120.88 Y153.816 E202.90887
G1 X122.082 Y153.683 E202.94909
G1 X123.424 Y153.495 E202.99416
G1 X124.781 Y153.241 E203.04008
G1 X126.056 Y152.956 E203.08353
G1 X127.299 Y152.634 E203.12624
G1 X128.651 Y152.224 E203.17323
G1 X129.772 Y151.846 E203.21257
G1 X130.972 Y151.391 E203.25526
G1 X132.166 Y150.893 E203.29829
G1 X133.34 Y150.35 E203.34131
G1 X134.506 Y149.763 E203.38473
G1 X135.641 Y149.14 E203.42779
G1 X136.743 Y148.48 E203.47051
G1 X137.829 Y147.776 E203.51356
G1 X138.899 Y147.033 E203.55689
G1 X139.933 Y146.252 E203.59999
G1 X140.939 Y145.436 E203.64307
G1 X141.915 Y144.592 E203.68599
G1 X142.849 Y143.714 E203.72862
G1 X143.774 Y142.786 E203.7722
G1 X144.643 Y141.848 E203.81473
G1 X145.499 Y140.864 E203.85811
G1 X146.309 Y139.854 E203.90117
G1 X147.085 Y138.816 E203.94428
G1 X147.813 Y137.762 E203.98688
G1 X148.517 Y136.664 E204.03026
G1 X149.172 Y135.563 E204.07287
G1 X149.8 Y134.412 E204.11648
G1 X150.379 Y133.254 E204.15954
G1 X150.91 Y132.092 E204.20204
G1 X151.413 Y130.885 E204.24553
G1 X151.866 Y129.667 E204.28875
G1 X152.274 Y128.444 E204.33163
G1 X152.672 Y127.101 E204.37822
G1 X152.934 Y126.078 E204.41334
G1 X153.26 Y124.595 E204.46384
G1 X153.469 Y123.411 E204.50383
G1 X153.654 Y122.133 E204.54678
G1 X153.795 Y120.846 E204.58984
G1 X153.892 Y119.568 E204.63247
G1 X153.94 Y118.26 E204.67601
G1 X153.944 Y116.969 E204.71895
G1 X153.904 Y115.673 E204.76207
G1 X153.812 Y114.381 E204.80515
G1 X153.683 Y113.107 E204.84774
G1 X153.499 Y111.811 E204.89128
G1 X153.278 Y110.549 E204.93389
G1 X153.004 Y109.274 E204.97727
G1 X152.686 Y108.018 E205.02036
G1 X152.333 Y106.788 E205.06292
G1 X151.927 Y105.545 E205.10641
G1 X151.48 Y104.33 E205.14947
G1 X150.993 Y103.147 E205.19202
G1 X150.455 Y101.957 E205.23546
G1 X149.884 Y100.795 E205.27852
G1 X149.277 Y99.665 E205.32119
G1 X148.617 Y98.538 E205.36462
G1 X147.921 Y97.448 E205.40764
G1 X147.19 Y96.379 E205.45071
G1 X146.421 Y95.341 E205.49368
G1 X145.569 Y94.275 E205.53907
G1 X144.772 Y93.345 E205.5798
G1 X143.908 Y92.4 E205.62239
G1 X142.987 Y91.471 E205.6659
G1 X142.046 Y90.582 E205.70896
G1 X141.077 Y89.726 E205.75196
G1 X140.083 Y88.913 E205.79467
G1 X139.046 Y88.124 E205.83801
G1 X137.988 Y87.38 E205.88103
G1 X136.906 Y86.668 E205.92411
G1 X135.808 Y86.004 E205.96679
G1 X134.678 Y85.373 E206.00983
G1 X133.523 Y84.785 E206.05294
G1 X132.347 Y84.235 E206.09612
G1 X131.151 Y83.727 E206.13934
G1 X129.948 Y83.265 E206.1822
G1 X128.729 Y82.846 E206.22507
G1 X127.478 Y82.468 E206.26854
G1 X126.24 Y82.138 E206.31115
G1 X124.969 Y81.849 E206.3545
G1 X123.703 Y81.603 E206.3974
G1 X122.431 Y81.41 E206.44019
G1 X121.132 Y81.257 E206.48369
G1 X119.857 Y81.148 E206.52626
G1 X118.554 Y81.088 E206.56964
G1 X117.266 Y81.076 E206.61248
G1 X115.963 Y81.104 E206.65583
G1 X114.627 Y81.184 E206.70034
G1 X113.38 Y81.304 E206.74201
G1 X112.101 Y81.473 E206.78492
G1 X110.83 Y81.686 E206.82778
G1 X109.567 Y81.948 E206.87068
G1 X108.309 Y82.249 E206.91371
G1 X107.053 Y82.603 E206.95711
G1 X105.831 Y82.993 E206.99977
G1 X104.612 Y83.427 E207.04281
G1 X103.398 Y83.91 E207.08627
G1 X102.226 Y84.429 E207.1289
G1 X101.06 Y84.991 E207.17195
G1 X99.906 Y85.598 E207.21532
G1 X98.784 Y86.242 E207.25835
G1 X97.694 Y86.922 E207.30108
G1 X96.611 Y87.654 E207.34455
G1 X95.566 Y88.409 E207.38743
G1 X94.552 Y89.202 E207.43025
G1 X93.555 Y90.042 E207.47361
G1 X92.602 Y90.899 E207.51624
G1 X91.664 Y91.812 E207.55977
G1 X90.768 Y92.741 E207.6027
G1 X89.914 Y93.698 E207.64536
G1 X89.078 Y94.704 E207.68887
G1 X88.294 Y95.713 E207.73137
G1 X87.529 Y96.775 E207.7749
G1 X86.823 Y97.838 E207.81734
G1 X86.133 Y98.955 E207.86101
G1 X85.494 Y100.076 E207.90393
G1 X84.898 Y101.215 E207.94668
G1 X84.343 Y102.386 E207.98978
G1 X83.824 Y103.58 E208.03308
G1 X83.346 Y104.782 E208.07611
G1 X82.919 Y105.993 E208.11882
G1 X82.529 Y107.24 E208.16227
G1 X82.187 Y108.487 E208.20528
G1 X81.893 Y109.738 E208.24802
G1 X81.635 Y111.016 E208.29139
G1 X81.426 Y112.291 E208.33436
G1 X81.265 Y113.562 E208.37697
G1 X81.144 Y114.865 E208.42049
G1 X81.076 Y116.157 E208.46353
G1 X81.048 Y117.46 E208.50687
G1 X81.068 Y118.732 E208.54919
G1 X81.132 Y120.026 E208.59228
G1 X81.244 Y121.314 E208.63528
G1 X81.405 Y122.613 E208.67881
G1 X81.606 Y123.88 E208.72148
G1 X81.855 Y125.159 E208.76482
G1 X82.181 Y126.535 E208.81185
G1 X82.486 Y127.669 E208.85091
G1 X82.864 Y128.895 E208.89358
G1 X83.295 Y130.126 E208.93696
G1 X83.765 Y131.333 E208.98004
G1 X84.272 Y132.511 E209.0227
G1 X84.823 Y133.678 E209.06562
G1 X85.418 Y134.828 E209.10869
G1 X86.053 Y135.958 E209.1518
G1 X86.733 Y137.073 E209.19524
G1 X87.441 Y138.143 E209.23791
G1 X88.188 Y139.196 E209.28085
G1 X88.985 Y140.234 E209.32438
G1 X89.802 Y141.22 E209.36697
G1 X90.662 Y142.189 E209.41006
G1 X91.555 Y143.126 E209.45311
G1 X92.488 Y144.039 E209.49653
G1 X93.436 Y144.904 E209.53921
G1 X94.43 Y145.745 E209.58252
G1 X95.435 Y146.541 E209.62516
G1 X96.481 Y147.306 E209.66826
G1 X97.555 Y148.034 E209.71141
G1 X98.649 Y148.722 E209.7544
G1 X99.78 Y149.374 E209.79782
G1 X100.917 Y149.985 E209.84075
G1 X102.08 Y150.552 E209.88378
G1 X103.254 Y151.075 E209.92653
G1 X104.453 Y151.558 E209.96952
G1 X105.667 Y152 E210.01249
G1 X106.914 Y152.403 E210.05608
G1 X108.142 Y152.752 E210.09854
G1 X109.4 Y153.063 E210.14164
G1 X110.682 Y153.332 E210.18521
G1 X111.946 Y153.55 E210.22787
G1 X113.272 Y153.731 E210.27238
G1 X114.552 Y153.856 E210.31516
G1 X115.811 Y153.936 E210.35712
G1 X117.086 Y153.972 E210.39954
G1 X117.5 Y153.969 E210.41331
G0 F9000 X117.503 Y154.68
G0 X117.499 Y155.819
G0 X117.5 Y156.185
;TYPE:SKIN
G1 F969.3 X116.552 Y156.178 E210.46211
G1 X115.254 Y156.123 E210.52898
G1 F972.4 X113.917 Y156.025 E210.59775
G1 F975.6 X112.643 Y155.882 E210.66331
G1 X111.357 Y155.699 E210.72974
G1 F972.4 X110.08 Y155.473 E210.79627
G1 X108.803 Y155.198 E210.86329
G1 F974 X107.523 Y154.882 E210.93082
G1 X106.345 Y154.548 E210.99353
G1 F975.6 X105.063 Y154.136 E211.06239
G1 F977.2 X103.888 Y153.713 E211.12615
G1 F972.4 X102.635 Y153.217 E211.19529
G1 F970.9 X101.425 Y152.691 E211.26309
G1 F975.6 X100.3 Y152.153 E211.32686
G1 X99.126 Y151.545 E211.39447
G1 F970.9 X97.988 Y150.905 E211.46156
G1 X96.872 Y150.227 E211.52866
G1 F972.4 X95.79 Y149.52 E211.59497
G1 F970.9 X94.722 Y148.766 E211.66215
G1 F972.4 X93.703 Y147.998 E211.72761
G1 X92.675 Y147.17 E211.79533
G1 F970.9 X91.695 Y146.322 E211.86193
G1 F972.4 X90.742 Y145.438 E211.92862
G1 F975.6 X89.82 Y144.526 E211.99493
G1 X88.928 Y143.58 E212.06143
G1 F974 X88.07 Y142.605 E212.12795
G1 F977.2 X87.255 Y141.618 E212.1933
G1 F978.8 X86.451 Y140.568 E212.26071
G1 F970.9 X85.699 Y139.525 E212.32678
G1 F969.3 X84.979 Y138.442 E212.39372
G1 F974 X84.289 Y137.326 E212.46092
G1 F972.4 X83.649 Y136.214 E212.52675
G1 F967.7 X83.033 Y135.053 E212.5945
G1 X82.476 Y133.91 E212.66005
G1 F972.4 X81.939 Y132.71 E212.7275
G1 X81.444 Y131.495 E212.79481
G1 F964.6 X81.03 Y130.384 E212.85613
G1 F958.5 X80.625 Y129.175 E212.9225
G1 F964.6 X80.215 Y127.783 E212.99755
G1 F969.3 X79.894 Y126.52 E213.06462
G1 F972.4 X79.617 Y125.28 E213.12981
G1 F970.9 X79.377 Y123.996 E213.19693
G1 F967.7 X79.179 Y122.711 E213.26396
G1 F970.9 X79.03 Y121.417 E213.33089
G1 F966.2 X78.917 Y120.118 E213.39822
G1 F961.5 X78.853 Y118.815 E213.46591
G1 F967.7 X78.832 Y117.532 E213.53206
G1 F972.4 X78.854 Y116.254 E213.59764
G1 X78.92 Y114.937 E213.66529
G1 F974 X79.025 Y113.674 E213.7302
G1 F972.4 X79.174 Y112.373 E213.79739
G1 F967.7 X79.374 Y111.068 E213.86545
G1 F969.3 X79.61 Y109.806 E213.93153
G1 F974 X79.887 Y108.546 E213.99761
G1 X80.214 Y107.274 E214.06488
G1 F970.9 X80.62 Y105.901 E214.13845
G1 F969.3 X80.989 Y104.786 E214.1989
G1 F970.9 X81.426 Y103.597 E214.264
G1 X81.92 Y102.377 E214.33164
G1 X82.462 Y101.169 E214.39967
G1 F967.7 X83.026 Y100.009 E214.46617
G1 F969.3 X83.626 Y98.873 E214.53229
G1 F970.9 X84.278 Y97.731 E214.59987
G1 F969.3 X84.962 Y96.632 E214.66649
G1 X85.68 Y95.552 E214.73325
G1 X86.437 Y94.496 E214.80012
G1 F972.4 X87.241 Y93.448 E214.86789
G1 F975.6 X88.046 Y92.471 E214.93262
G1 F974 X88.901 Y91.496 E214.99904
G1 F969.3 X89.794 Y90.548 E215.06608
G1 F967.7 X90.726 Y89.624 E215.13374
G1 F969.3 X91.682 Y88.738 E215.20082
G1 F967.7 X92.656 Y87.889 E215.26743
G1 X93.654 Y87.084 E215.33354
G1 F969.3 X94.695 Y86.299 E215.40064
G1 F967.7 X95.77 Y85.54 E215.46848
G1 F970.9 X96.808 Y84.862 E215.53219
G1 F972.4 X97.967 Y84.152 E215.60192
G1 X99.121 Y83.503 E215.66985
G1 F974 X100.253 Y82.915 E215.73519
G1 F970.9 X101.415 Y82.36 E215.80136
G1 F964.6 X102.6 Y81.844 E215.86821
G1 F963.1 X103.778 Y81.375 E215.93389
G1 F969.3 X105.071 Y80.91 E216.00461
G1 X106.263 Y80.525 E216.06908
G1 F964.6 X107.507 Y80.169 E216.13601
G1 F966.2 X108.793 Y79.847 E216.20446
G1 F964.6 X110.044 Y79.581 E216.27061
G1 F963.1 X111.309 Y79.354 E216.33719
G1 F964.6 X112.607 Y79.168 E216.405
G1 F966.2 X113.936 Y79.02 E216.47405
G1 F970.9 X115.205 Y78.925 E216.53944
G1 F969.3 X116.516 Y78.87 E216.60698
G1 F967.7 X117.797 Y78.858 E216.67302
G1 F975.6 X119.095 Y78.891 E216.73942
G1 F974 X120.345 Y78.962 E216.80355
G1 F975.6 X121.627 Y79.08 E216.86939
G1 F974 X122.991 Y79.247 E216.93977
G1 F967.7 X124.25 Y79.452 E217.00553
G1 F969.3 X125.544 Y79.704 E217.07339
G1 F966.2 X126.725 Y79.974 E217.13594
G1 F969.3 X128.187 Y80.365 E217.21384
G1 F974 X129.33 Y80.714 E217.27505
G1 X130.544 Y81.123 E217.34067
G1 F970.9 X131.742 Y81.577 E217.4065
G1 F967.7 X132.956 Y82.08 E217.47424
G1 F970.9 X134.136 Y82.619 E217.54091
G1 F967.7 X135.153 Y83.122 E217.5994
G1 F963.1 X136.452 Y83.819 E217.67577
G1 F967.7 X137.635 Y84.516 E217.74655
G1 F969.3 X138.661 Y85.162 E217.80896
G1 F967.7 X139.673 Y85.846 E217.87193
G1 F975.6 X140.837 Y86.696 E217.94563
G1 F977.2 X141.802 Y87.453 E218.00825
G1 F972.4 X142.813 Y88.295 E218.07575
G1 F974 X143.774 Y89.158 E218.14191
G1 X144.699 Y90.047 E218.20762
G1 F970.9 X145.607 Y90.977 E218.27441
G1 F969.3 X146.499 Y91.952 E218.34243
G1 F970.9 X147.327 Y92.919 E218.40785
G1 F974 X148.14 Y93.939 E218.47466
G1 F975.6 X148.92 Y94.993 E218.54171
G1 X149.665 Y96.069 E218.60863
G1 F970.9 X150.316 Y97.076 E218.67025
G1 F967.7 X151.024 Y98.265 E218.74159
G1 F975.6 X151.66 Y99.411 E218.80862
G1 X152.239 Y100.552 E218.87405
G1 F972.4 X152.794 Y101.738 E218.94123
G1 X153.302 Y102.924 E219.00742
G1 F975.6 X153.765 Y104.117 E219.07286
G1 F978.8 X154.2 Y105.356 E219.13979
G1 F977.2 X154.589 Y106.61 E219.20682
G1 F974 X154.937 Y107.858 E219.27319
G1 F963.1 X155.285 Y109.318 E219.35094
G1 F966.2 X155.502 Y110.393 E219.40757
G1 F974 X155.715 Y111.639 E219.47231
G1 F969.3 X155.897 Y112.965 E219.5412
G1 F967.7 X156.02 Y114.186 E219.60447
G1 F972.4 X156.114 Y115.548 E219.67451
G1 F975.6 X156.16 Y116.842 E219.74072
G1 F974 X156.16 Y118.143 E219.80736
G1 X156.116 Y119.461 E219.87491
G1 X156.028 Y120.763 E219.94175
G1 F972.4 X155.901 Y122.032 E220.00718
G1 F974 X155.72 Y123.365 E220.07608
G1 F982 X155.485 Y124.743 E220.1471
G1 F975.6 X155.296 Y125.682 E220.19608
G1 F969.3 X154.95 Y127.135 E220.27296
G1 F978.8 X154.603 Y128.39 E220.33933
G1 F980.4 X154.22 Y129.628 E220.40527
G1 F983.6 X153.772 Y130.912 E220.47425
G1 F982 X153.323 Y132.072 E220.53744
G1 F969.3 X152.953 Y132.952 E220.58658
G1 F972.4 X152.26 Y134.451 E220.6713
G1 F982 X151.682 Y135.593 E220.73633
G1 F986.8 X151.037 Y136.758 E220.80365
G1 F980.4 X150.373 Y137.875 E220.86978
G1 F974 X149.676 Y138.962 E220.93592
G1 F972.4 X148.939 Y140.032 E221.00258
G1 X148.176 Y141.06 E221.06826
G1 F977.2 X147.352 Y142.095 E221.1358
G1 F975.6 X146.517 Y143.077 E221.20171
G1 F974 X145.652 Y144.025 E221.26745
G1 X144.732 Y144.968 E221.33493
G1 F977.2 X143.804 Y145.86 E221.40064
G1 F975.6 X142.821 Y146.743 E221.46821
G1 F974 X141.847 Y147.561 E221.53336
G1 F975.6 X140.813 Y148.37 E221.6005
G1 F980.4 X139.743 Y149.146 E221.66776
G1 F985.2 X138.688 Y149.865 E221.73241
G1 F974 X137.662 Y150.515 E221.79462
G1 F972.4 X136.481 Y151.209 E221.8649
G1 F967.7 X135.19 Y151.91 E221.94064
G1 X135.099 Y151.946 E221.94568
G1 F978.8 X134.169 Y152.411 E221.99868
G1 F974 X132.972 Y152.957 E222.06607
G1 F972.4 X131.794 Y153.45 E222.13158
G1 F974 X130.577 Y153.91 E222.19822
G1 X129.326 Y154.331 E222.26583
G1 X128.063 Y154.718 E222.33349
G1 F969.3 X126.853 Y155.038 E222.39791
G1 F967.7 X125.572 Y155.338 E222.46574
G1 F972.4 X124.294 Y155.585 E222.53252
G1 X123.031 Y155.791 E222.59817
G1 F970.9 X121.77 Y155.953 E222.6635
G1 F972.4 X120.369 Y156.085 E222.7357
G1 F975.6 X119.142 Y156.153 E222.79854
G1 X117.833 Y156.188 E222.8655
G1 F972.4 X117.5 Y156.185 E222.88258
G0 F9000 X117.506 Y155.519
G1 F2700 E217.88258
;MESH:NONMESH
G0 F300 X117.506 Y155.519 Z1.2
G0 F9000 X117.51 Y155.899
G0 X117.5 Y156.862
;TIME_ELAPSED:317.494092
;LAYER:5
;TYPE:WALL-OUTER
;MESH:Led Ring.stl
G1 F2700 E222.88258
G1 F1500 X116.514 Y156.856 E222.91538
G1 X115.213 Y156.797 E222.9587
G1 X113.887 Y156.698 E223.00292
G1 X112.549 Y156.553 E223.04768
G1 X111.24 Y156.366 E223.09166
G1 X109.964 Y156.14 E223.13476
G1 X108.658 Y155.861 E223.17918
G1 X107.399 Y155.548 E223.22233
G1 X106.091 Y155.176 E223.26756
G1 X104.833 Y154.774 E223.31149
G1 X103.591 Y154.324 E223.35542
G1 X102.361 Y153.839 E223.3994
G1 X101.181 Y153.322 E223.44225
G1 X99.98 Y152.751 E223.48648
G1 X98.814 Y152.145 E223.53018
G1 X97.629 Y151.483 E223.57533
G1 X96.52 Y150.804 E223.61858
G1 X95.405 Y150.078 E223.66283
G1 X94.334 Y149.321 E223.70646
G1 X93.28 Y148.53 E223.75029
G1 X92.241 Y147.686 E223.79481
G1 X91.234 Y146.815 E223.83909
G1 X90.282 Y145.929 E223.88235
G1 X89.327 Y144.988 E223.92694
G1 X88.437 Y144.042 E223.97014
G1 X87.594 Y143.086 E224.01253
G1 X86.753 Y142.068 E224.05645
G1 X85.914 Y140.982 E224.10209
G1 X85.144 Y139.911 E224.14597
G1 X84.417 Y138.819 E224.1896
G1 X83.704 Y137.665 E224.23472
G1 X83.03 Y136.495 E224.27963
G1 X82.438 Y135.374 E224.32179
G1 X81.862 Y134.194 E224.36546
G1 X81.318 Y132.98 E224.40971
G1 X80.82 Y131.753 E224.45375
G1 X80.361 Y130.511 E224.49779
G1 X79.983 Y129.376 E224.53758
G1 X79.579 Y127.999 E224.58531
G1 X79.245 Y126.709 E224.62963
G1 X78.957 Y125.418 E224.67363
G1 X78.705 Y124.074 E224.71911
G1 X78.507 Y122.765 E224.76314
G1 X78.355 Y121.479 E224.80621
G1 X78.246 Y120.199 E224.84894
G1 X78.177 Y118.866 E224.89333
G1 X78.157 Y117.528 E224.93784
G1 X78.176 Y116.207 E224.98178
G1 X78.244 Y114.878 E225.02604
G1 X78.354 Y113.592 E225.06897
G1 X78.508 Y112.282 E225.11284
G1 X78.706 Y110.974 E225.15684
G1 X78.949 Y109.674 E225.20083
G1 X79.239 Y108.359 E225.24562
G1 X79.573 Y107.07 E225.2899
G1 X79.973 Y105.712 E225.33699
G1 X80.353 Y104.558 E225.3774
G1 X80.811 Y103.317 E225.4214
G1 X81.308 Y102.091 E225.4654
G1 X81.845 Y100.892 E225.50909
G1 X82.417 Y99.716 E225.55259
G1 X83.032 Y98.551 E225.5964
G1 X83.694 Y97.401 E225.64054
G1 X84.405 Y96.248 E225.68559
G1 X85.115 Y95.179 E225.72827
G1 X85.888 Y94.102 E225.77237
G1 X86.713 Y93.029 E225.81738
G1 X87.549 Y92.014 E225.86112
G1 X88.42 Y91.023 E225.905
G1 X89.312 Y90.077 E225.94825
G1 X90.25 Y89.146 E225.9922
G1 X91.218 Y88.247 E226.03614
G1 X92.223 Y87.375 E226.0804
G1 X93.241 Y86.549 E226.124
G1 X94.305 Y85.747 E226.16832
G1 X95.405 Y84.97 E226.21311
G1 X96.487 Y84.264 E226.25608
G1 X97.607 Y83.579 E226.29975
G1 X98.778 Y82.922 E226.3444
G1 X99.937 Y82.318 E226.38787
G1 X101.139 Y81.744 E226.43218
G1 X102.338 Y81.219 E226.47571
G1 X103.558 Y80.737 E226.51934
G1 X104.818 Y80.285 E226.56386
G1 X106.067 Y79.879 E226.60754
G1 X107.353 Y79.512 E226.65203
G1 X108.658 Y79.187 E226.69676
G1 X109.964 Y78.907 E226.74118
G1 X111.217 Y78.685 E226.7835
G1 X112.527 Y78.497 E226.82752
G1 X113.84 Y78.353 E226.87145
G1 X115.214 Y78.25 E226.91728
G1 X116.486 Y78.193 E226.95963
G1 X117.806 Y78.185 E227.00354
G1 X119.144 Y78.216 E227.04805
G1 X120.393 Y78.284 E227.08965
G1 X121.807 Y78.418 E227.13689
G1 X123.082 Y78.58 E227.17964
G1 X124.396 Y78.789 E227.22389
G1 X125.694 Y79.044 E227.26789
G1 X126.883 Y79.315 E227.30845
G1 X128.38 Y79.717 E227.36001
G1 X129.516 Y80.066 E227.39953
G1 X130.765 Y80.485 E227.44335
G1 X132.014 Y80.954 E227.48772
G1 X133.211 Y81.455 E227.53088
G1 X134.412 Y82.003 E227.57479
G1 X135.401 Y82.494 E227.61151
G1 X135.409 Y82.488 E227.61185
G1 X136.768 Y83.221 E227.6632
G1 X137.987 Y83.943 E227.71033
G1 X139.023 Y84.592 E227.75099
G1 X140.061 Y85.292 E227.79263
G1 X141.184 Y86.11 E227.83884
G1 X142.233 Y86.931 E227.88314
G1 X143.247 Y87.777 E227.92706
G1 X144.225 Y88.65 E227.97067
G1 X145.179 Y89.567 E228.01468
G1 X146.101 Y90.512 E228.05859
G1 X146.995 Y91.492 E228.10271
G1 X147.831 Y92.471 E228.14553
G1 X148.675 Y93.528 E228.19052
G1 X149.464 Y94.591 E228.23455
G1 X150.217 Y95.677 E228.2785
G1 X150.931 Y96.784 E228.32231
G1 X151.612 Y97.926 E228.36654
G1 X152.263 Y99.102 E228.41124
G1 X152.86 Y100.28 E228.45517
G1 X153.417 Y101.478 E228.49911
G1 X153.929 Y102.668 E228.5422
G1 X154.408 Y103.906 E228.58635
G1 X154.81 Y105.044 E228.62649
G1 X155.242 Y106.42 E228.67446
G1 X155.596 Y107.695 E228.71847
G1 X155.927 Y109.074 E228.76564
G1 X156.167 Y110.268 E228.80615
G1 X156.387 Y111.572 E228.85013
G1 X156.553 Y112.764 E228.89016
G1 X156.698 Y114.196 E228.93803
G1 X156.794 Y115.562 E228.98358
G1 X156.836 Y116.833 E229.02587
G1 X156.836 Y118.157 E229.06991
G1 X156.792 Y119.501 E229.11464
G1 X156.7 Y120.831 E229.15898
G1 X156.569 Y122.136 E229.2026
G1 X156.394 Y123.445 E229.24652
G1 X156.171 Y124.747 E229.29046
G1 X155.932 Y125.949 E229.33122
G1 X155.602 Y127.325 E229.37829
G1 X155.253 Y128.581 E229.42164
G1 X154.86 Y129.844 E229.46564
G1 X154.428 Y131.088 E229.50944
G1 X153.949 Y132.326 E229.55359
G1 X153.535 Y133.312 E229.58915
G1 X153.525 Y133.314 E229.58949
G1 X152.863 Y134.761 E229.64242
G1 X152.267 Y135.938 E229.6863
G1 X151.638 Y137.076 E229.72955
G1 X150.964 Y138.205 E229.77328
G1 X150.237 Y139.341 E229.81814
G1 X149.499 Y140.411 E229.86137
G1 X148.71 Y141.472 E229.90535
G1 X147.887 Y142.507 E229.94933
G1 X147.024 Y143.522 E229.99364
G1 X146.142 Y144.493 E230.03727
G1 X145.203 Y145.457 E230.08203
G1 X144.267 Y146.354 E230.12515
G1 X143.278 Y147.245 E230.16942
G1 X142.272 Y148.089 E230.2131
G1 X141.224 Y148.908 E230.25734
G1 X140.057 Y149.752 E230.30524
G1 X139.062 Y150.431 E230.3453
G1 X138.003 Y151.101 E230.38698
G1 X136.814 Y151.798 E230.43282
G1 X135.409 Y152.56 E230.48598
G1 X135.401 Y152.554 E230.48632
G1 X134.452 Y153.022 E230.52151
G1 X133.21 Y153.59 E230.56693
G1 X132.018 Y154.09 E230.60993
G1 X130.803 Y154.547 E230.6531
G1 X129.561 Y154.967 E230.69671
G1 X128.279 Y155.357 E230.74128
G1 X127.013 Y155.696 E230.78487
G1 X125.724 Y155.998 E230.8289
G1 X124.426 Y156.251 E230.87289
G1 X123.131 Y156.462 E230.91653
G1 X121.854 Y156.626 E230.95935
G1 X120.416 Y156.758 E231.00738
G1 X119.166 Y156.831 E231.04902
G1 X117.847 Y156.864 E231.09291
G1 X117.5 Y156.862 E231.10445
G1 F2700 E226.10445
G0 F9000 X117.507 Y156.115
G0 X117.502 Y154.68
G0 X117.5 Y153.969
G1 F2700 E231.10445
G1 F1500 X118.322 Y153.964 E231.13179
G1 X119.592 Y153.916 E231.17406
G1 X121.193 Y153.788 E231.22748
G1 X122.131 Y153.679 E231.25889
G1 X123.622 Y153.454 E231.30904
G1 X124.769 Y153.241 E231.34784
G1 X126.032 Y152.96 E231.39088
G1 X127.279 Y152.638 E231.43371
G1 X128.63 Y152.232 E231.48063
G1 X129.749 Y151.854 E231.51992
G1 X130.963 Y151.396 E231.56307
G1 X132.246 Y150.857 E231.60936
G1 X133.32 Y150.362 E231.64869
G1 X134.487 Y149.771 E231.6922
G1 X135.62 Y149.152 E231.73514
G1 X136.723 Y148.492 E231.77789
G1 X137.809 Y147.788 E231.82094
G1 X138.882 Y147.045 E231.86435
G1 X139.917 Y146.264 E231.90747
G1 X140.922 Y145.452 E231.95044
G1 X141.896 Y144.603 E231.99342
G1 X142.836 Y143.731 E232.03606
G1 X143.751 Y142.809 E232.07927
G1 X144.639 Y141.852 E232.12269
G1 X145.479 Y140.888 E232.16522
G1 X146.296 Y139.87 E232.20863
G1 X147.073 Y138.832 E232.25176
G1 X147.801 Y137.778 E232.29436
G1 X148.506 Y136.686 E232.33759
G1 X149.169 Y135.571 E232.38074
G1 X149.792 Y134.433 E232.42389
G1 X150.371 Y133.274 E232.46698
G1 X150.892 Y132.13 E232.50879
G1 X151.405 Y130.906 E232.55293
G1 X151.86 Y129.691 E232.59608
G1 X152.268 Y128.46 E232.63922
G1 X152.632 Y127.234 E232.68175
G1 X152.958 Y125.971 E232.72514
G1 X153.232 Y124.715 E232.7679
G1 X153.465 Y123.432 E232.81127
G1 X153.654 Y122.154 E232.85424
G1 X153.795 Y120.866 E232.89733
G1 X153.892 Y119.588 E232.93996
G1 X153.94 Y118.28 E232.98349
G1 X153.944 Y116.989 E233.02643
G1 X153.904 Y115.693 E233.06956
G1 X153.816 Y114.402 E233.1126
G1 X153.683 Y113.127 E233.15523
G1 X153.503 Y111.832 E233.19872
G1 X153.281 Y110.573 E233.24124
G1 X153.008 Y109.294 E233.28474
G1 X152.694 Y108.039 E233.32777
G1 X152.336 Y106.804 E233.37053
G1 X151.931 Y105.565 E233.41389
G1 X151.484 Y104.351 E233.45692
G1 X151.002 Y103.164 E233.49953
G1 X150.463 Y101.973 E233.54301
G1 X149.892 Y100.811 E233.58607
G1 X149.281 Y99.673 E233.62903
G1 X148.625 Y98.554 E233.67217
G1 X147.933 Y97.464 E233.71511
G1 X147.201 Y96.395 E233.75821
G1 X146.433 Y95.357 E233.80115
G1 X145.633 Y94.351 E233.8439
G1 X144.789 Y93.358 E233.88725
G1 X143.92 Y92.412 E233.92997
G1 X143.003 Y91.483 E233.97339
G1 X142.062 Y90.594 E234.01644
G1 X141.093 Y89.738 E234.05945
G1 X140.091 Y88.92 E234.10247
G1 X139.07 Y88.141 E234.14518
G1 X138.004 Y87.388 E234.18859
G1 X136.922 Y86.68 E234.2316
G1 X135.824 Y86.016 E234.27428
G1 X134.694 Y85.385 E234.31732
G1 X133.544 Y84.794 E234.36033
G1 X132.369 Y84.246 E234.40345
G1 X131.171 Y83.736 E234.44676
G1 X129.964 Y83.273 E234.48975
G1 X128.75 Y82.854 E234.53247
G1 X127.499 Y82.472 E234.57597
G1 X126.26 Y82.142 E234.61862
G1 X124.985 Y81.852 E234.66211
G1 X123.714 Y81.607 E234.70516
G1 X122.447 Y81.41 E234.74781
G1 X121.152 Y81.257 E234.79118
G1 X119.873 Y81.152 E234.83386
G1 X118.57 Y81.092 E234.87725
G1 X117.283 Y81.076 E234.92006
G1 X115.983 Y81.104 E234.9633
G1 X114.647 Y81.184 E235.00782
G1 X113.4 Y81.304 E235.04949
G1 X112.117 Y81.473 E235.09253
G1 X110.855 Y81.682 E235.13507
G1 X109.583 Y81.944 E235.17827
G1 X108.325 Y82.245 E235.22129
G1 X107.069 Y82.599 E235.26469
G1 X105.847 Y82.985 E235.30732
G1 X104.628 Y83.423 E235.3504
G1 X103.414 Y83.906 E235.39385
G1 X102.243 Y84.42 E235.43639
G1 X101.069 Y84.987 E235.47975
G1 X99.922 Y85.59 E235.52285
G1 X98.796 Y86.234 E235.566
G1 X97.71 Y86.91 E235.60854
G1 X96.624 Y87.642 E235.6521
G1 X95.578 Y88.402 E235.69511
G1 X94.568 Y89.19 E235.73771
G1 X93.567 Y90.03 E235.78118
G1 X92.614 Y90.887 E235.8238
G1 X91.676 Y91.796 E235.86725
G1 X90.779 Y92.729 E235.91029
G1 X89.918 Y93.694 E235.95331
G1 X89.094 Y94.679 E235.99602
G1 X88.305 Y95.701 E236.03897
G1 X87.541 Y96.763 E236.08248
G1 X86.829 Y97.829 E236.12511
G1 X86.141 Y98.938 E236.16852
G1 X85.502 Y100.065 E236.21161
G1 X84.771 Y101.466 E236.26417
G1 X84.777 Y101.475 E236.26453
G1 X84.343 Y102.377 E236.29782
G1 X83.828 Y103.564 E236.34086
G1 X83.353 Y104.766 E236.38385
G1 X82.923 Y105.977 E236.42659
G1 X82.537 Y107.224 E236.47
G1 X82.191 Y108.47 E236.51301
G1 X81.897 Y109.718 E236.55566
G1 X81.639 Y110.996 E236.59902
G1 X81.43 Y112.275 E236.64213
G1 X81.265 Y113.546 E236.68476
G1 X81.148 Y114.793 E236.72641
G1 X81.076 Y116.129 E236.77091
G1 X81.048 Y117.444 E236.81466
G1 X81.068 Y118.716 E236.85697
G1 X81.132 Y120.002 E236.8998
G1 X81.244 Y121.298 E236.94306
G1 X81.405 Y122.597 E236.9866
G1 X81.602 Y123.863 E237.02921
G1 X81.855 Y125.143 E237.07261
G1 X82.177 Y126.518 E237.11958
G1 X82.446 Y127.536 E237.1546
G1 X82.86 Y128.88 E237.20138
G1 X83.287 Y130.102 E237.24443
G1 X83.757 Y131.317 E237.28776
G1 X84.264 Y132.495 E237.33041
G1 X84.819 Y133.666 E237.37351
G1 X85.458 Y134.904 E237.41985
G1 X86.045 Y135.943 E237.45954
G1 X86.725 Y137.057 E237.50295
G1 X87.433 Y138.131 E237.54574
G1 X88.18 Y139.184 E237.58868
G1 X88.977 Y140.222 E237.6322
G1 X89.765 Y141.174 E237.67331
G1 X90.65 Y142.177 E237.7178
G1 X91.543 Y143.114 E237.76085
G1 X92.476 Y144.027 E237.80427
G1 X93.425 Y144.892 E237.84697
G1 X94.358 Y145.689 E237.88779
G1 X95.424 Y146.53 E237.93295
G1 X96.469 Y147.298 E237.97608
G1 X97.539 Y148.026 E238.01913
G1 X98.637 Y148.714 E238.06222
G1 X99.763 Y149.366 E238.1055
G1 X100.905 Y149.977 E238.14858
G1 X102.06 Y150.54 E238.19131
G1 X103.237 Y151.071 E238.23426
G1 X104.449 Y151.558 E238.2777
G1 X105.655 Y151.996 E238.32038
G1 X106.898 Y152.399 E238.36384
G1 X108.133 Y152.749 E238.40653
G1 X109.388 Y153.059 E238.44953
G1 X110.666 Y153.328 E238.49297
G1 X111.93 Y153.546 E238.53563
G1 X113.269 Y153.727 E238.58057
G1 X114.543 Y153.856 E238.62316
G1 X115.795 Y153.936 E238.66489
G1 X117.066 Y153.972 E238.70718
G1 X117.5 Y153.969 E238.72161
G0 F9000 X117.502 Y154.68
G0 X117.499 Y156.115
G0 X117.5 Y156.437
;TYPE:SKIN
G1 F1132.1 X116.534 Y156.43 E238.76418
G1 F1136.4 X115.24 Y156.373 E238.82105
G1 F1140.7 X113.916 Y156.274 E238.87912
G1 F1138.5 X112.617 Y156.131 E238.93639
G1 F1136.4 X111.279 Y155.941 E238.99572
G1 F1134.2 X110.035 Y155.719 E239.0513
G1 X108.76 Y155.446 E239.10866
G1 X107.508 Y155.136 E239.16539
G1 X106.22 Y154.77 E239.22429
G1 F1138.5 X104.985 Y154.374 E239.28112
G1 F1142.9 X103.8 Y153.951 E239.33605
G1 F1138.5 X102.518 Y153.443 E239.39647
G1 F1136.4 X101.311 Y152.914 E239.45433
G1 F1140.7 X100.163 Y152.37 E239.50989
G1 X99.01 Y151.77 E239.56674
G1 F1132.1 X97.871 Y151.129 E239.62434
G1 F1129.9 X96.737 Y150.44 E239.68293
G1 F1136.4 X95.649 Y149.73 E239.73996
G1 F1140.7 X94.574 Y148.972 E239.79749
G1 F1136.4 X93.531 Y148.187 E239.85481
G1 X92.529 Y147.375 E239.91143
G1 F1140.7 X91.528 Y146.507 E239.96938
G1 F1142.9 X90.611 Y145.66 E240.02387
G1 F1138.5 X89.628 Y144.688 E240.08445
G1 F1129.9 X88.744 Y143.75 E240.14136
G1 F1132.1 X87.909 Y142.805 E240.19693
G1 F1134.2 X87.086 Y141.804 E240.25393
G1 F1138.5 X86.247 Y140.718 E240.31407
G1 F1132.1 X85.491 Y139.667 E240.37113
G1 F1125.7 X84.768 Y138.581 E240.42895
G1 F1134.2 X84.078 Y137.461 E240.48681
G1 X83.417 Y136.317 E240.54493
G1 F1129.9 X82.83 Y135.208 E240.60033
G1 F1123.6 X82.176 Y133.866 E240.66662
G1 F1121.5 X81.697 Y132.785 E240.71921
G1 F1129.9 X81.211 Y131.588 E240.77625
G1 X80.759 Y130.36 E240.83403
G1 F1127.8 X80.385 Y129.24 E240.88626
G1 X79.984 Y127.878 E240.94907
G1 F1132.1 X79.652 Y126.586 E241.00786
G1 F1138.5 X79.37 Y125.323 E241.06457
G1 X79.136 Y124.076 E241.12016
G1 F1132.1 X78.93 Y122.744 E241.17956
G1 F1121.5 X78.782 Y121.481 E241.23613
G1 X78.664 Y120.091 E241.29819
G1 F1125.7 X78.602 Y118.843 E241.35357
G1 F1129.9 X78.58 Y117.535 E241.41133
G1 F1134.2 X78.602 Y116.225 E241.46896
G1 F1132.1 X78.663 Y114.963 E241.52464
G1 F1129.9 X78.775 Y113.649 E241.58287
G1 F1132.1 X78.929 Y112.319 E241.64187
G1 F1138.5 X79.125 Y111.044 E241.6984
G1 F1140.7 X79.365 Y109.748 E241.75604
G1 F1136.4 X79.646 Y108.482 E241.81298
G1 X79.974 Y107.206 E241.87082
G1 F1140.7 X80.344 Y105.942 E241.92842
G1 F1134.2 X80.752 Y104.704 E241.98576
G1 F1132.1 X81.192 Y103.505 E242.04205
G1 F1134.2 X81.688 Y102.28 E242.10018
G1 X82.227 Y101.076 E242.1582
G1 F1129.9 X82.802 Y99.892 E242.21632
G1 F1123.6 X83.401 Y98.757 E242.2733
G1 F1129.9 X84.055 Y97.619 E242.33126
G1 F1134.2 X84.743 Y96.504 E242.38889
G1 F1125.7 X85.464 Y95.42 E242.44658
G1 F1127.8 X86.224 Y94.358 E242.50435
G1 F1136.4 X87.039 Y93.299 E242.56302
G1 X87.857 Y92.307 E242.61947
G1 F1132.1 X88.728 Y91.312 E242.67775
G1 F1127.8 X89.614 Y90.374 E242.73482
G1 F1132.1 X90.602 Y89.393 E242.79618
G1 F1134.2 X91.497 Y88.566 E242.84978
G1 F1132.1 X92.498 Y87.696 E242.90823
G1 F1129.9 X93.499 Y86.885 E242.96511
G1 F1127.8 X94.556 Y86.088 E243.02367
G1 X95.623 Y85.335 E243.08144
G1 F1132.1 X96.709 Y84.623 E243.13867
G1 F1127.8 X97.819 Y83.947 E243.19616
G1 F1129.9 X98.985 Y83.292 E243.25521
G1 F1132.1 X100.123 Y82.698 E243.31178
G1 F1123.6 X101.323 Y82.126 E243.37081
G1 F1129.9 X102.654 Y81.546 E243.43491
G1 F1136.4 X103.709 Y81.131 E243.48469
G1 F1134.2 X104.949 Y80.686 E243.54264
G1 F1132.1 X106.185 Y80.285 E243.5999
G1 X107.44 Y79.929 E243.65739
G1 F1129.9 X108.744 Y79.602 E243.71675
G1 F1125.7 X110.02 Y79.327 E243.7746
G1 X111.269 Y79.106 E243.83081
G1 F1132.1 X112.577 Y78.918 E243.88905
G1 X113.872 Y78.776 E243.94646
G1 X115.192 Y78.677 E244.0048
G1 F1129.9 X116.507 Y78.618 E244.06292
G1 F1132.1 X117.802 Y78.608 E244.11999
G1 F1140.7 X119.122 Y78.64 E244.17774
G1 F1134.2 X120.364 Y78.71 E244.23246
G1 F1127.8 X121.827 Y78.845 E244.29745
G1 F1129.9 X123.01 Y78.997 E244.35011
G1 F1127.8 X124.319 Y79.208 E244.40876
G1 X125.597 Y79.46 E244.46638
G1 F1129.9 X126.784 Y79.731 E244.52014
G1 F1132.1 X128.151 Y80.093 E244.58246
G1 F1140.7 X129.268 Y80.426 E244.63344
G1 F1138.5 X130.67 Y80.901 E244.69831
G1 F1129.9 X131.83 Y81.339 E244.75305
G1 X133.038 Y81.844 E244.81086
G1 F1132.1 X134.226 Y82.384 E244.86837
G1 F1125.7 X135.301 Y82.915 E244.92151
G1 F1119.4 X136.556 Y83.589 E244.985
G1 F1132.1 X137.712 Y84.27 E245.04413
G1 F1136.4 X138.795 Y84.951 E245.10029
G1 F1129.9 X139.852 Y85.664 E245.15659
G1 F1136.4 X140.925 Y86.446 E245.21488
G1 F1138.5 X141.962 Y87.258 E245.2726
G1 F1136.4 X142.977 Y88.105 E245.33064
G1 F1134.2 X143.932 Y88.959 E245.38699
G1 F1127.8 X144.876 Y89.865 E245.44487
G1 F1129.9 X145.788 Y90.801 E245.50257
G1 F1134.2 X146.682 Y91.779 E245.56085
G1 F1138.5 X147.502 Y92.739 E245.61618
G1 F1142.9 X148.343 Y93.793 E245.67504
G1 F1140.7 X149.131 Y94.855 E245.73288
G1 X149.861 Y95.91 E245.78899
G1 F1132.1 X150.566 Y97.005 E245.84638
G1 F1125.7 X151.201 Y98.061 E245.90099
G1 F1129.9 X151.884 Y99.296 E245.96331
G1 F1132.1 X152.466 Y100.444 E246.02003
G1 F1138.5 X153.021 Y101.627 E246.07729
G1 X153.535 Y102.824 E246.13437
G1 F1136.4 X154.002 Y104.029 E246.19111
G1 F1129.9 X154.37 Y105.069 E246.23982
G1 F1123.6 X154.833 Y106.535 E246.30808
G1 F1132.1 X155.184 Y107.802 E246.36602
G1 F1125.7 X155.532 Y109.266 E246.43271
G1 F1123.6 X155.752 Y110.367 E246.48257
G1 F1134.2 X155.968 Y111.623 E246.53863
G1 F1132.1 X156.124 Y112.767 E246.58951
G1 F1129.9 X156.273 Y114.231 E246.65448
G1 X156.365 Y115.542 E246.71251
G1 F1132.1 X156.412 Y116.837 E246.76962
G1 F1136.4 X156.412 Y118.148 E246.82717
G1 F1132.1 X156.366 Y119.475 E246.88569
G1 F1129.9 X156.292 Y120.598 E246.93538
G1 F1142.9 X156.144 Y122.082 E247.00048
G1 F1145 X155.974 Y123.372 E247.05718
G1 F1138.5 X155.757 Y124.648 E247.11389
G1 F1136.4 X155.512 Y125.863 E247.16831
G1 F1134.2 X155.196 Y127.19 E247.22831
G1 F1142.9 X154.845 Y128.458 E247.28575
G1 F1145 X154.458 Y129.71 E247.34284
G1 F1140.7 X154.029 Y130.937 E247.39969
G1 F1142.9 X153.561 Y132.155 E247.45666
G1 F1138.5 X153.168 Y133.084 E247.50086
G1 X152.482 Y134.568 E247.5725
G1 F1142.9 X151.904 Y135.713 E247.62849
G1 F1145 X151.221 Y136.945 E247.68987
G1 F1147.2 X150.597 Y137.986 E247.74265
G1 F1142.9 X149.897 Y139.083 E247.79945
G1 F1132.1 X149.206 Y140.089 E247.85324
G1 F1134.2 X148.376 Y141.208 E247.91452
G1 F1145 X147.537 Y142.263 E247.97325
G1 X146.703 Y143.242 E248.02929
G1 F1140.7 X145.832 Y144.199 E248.08588
G1 F1138.5 X144.907 Y145.149 E248.14399
G1 F1142.9 X143.981 Y146.04 E248.20009
G1 F1140.7 X142.996 Y146.925 E248.258
G1 F1136.4 X141.985 Y147.771 E248.31588
G1 F1138.5 X140.978 Y148.559 E248.37191
G1 F1149.4 X139.85 Y149.38 E248.43246
G1 F1147.2 X138.827 Y150.074 E248.48622
G1 F1140.7 X137.716 Y150.777 E248.54373
G1 F1142.9 X136.607 Y151.427 E248.59984
G1 X135.425 Y152.067 E248.65852
G1 F1145 X134.272 Y152.639 E248.7146
G1 X133.07 Y153.188 E248.77217
G1 F1136.4 X131.874 Y153.689 E248.8291
G1 F1129.9 X130.673 Y154.141 E248.88576
G1 F1136.4 X129.432 Y154.561 E248.94328
G1 F1140.7 X128.151 Y154.952 E249.00186
G1 F1127.8 X126.799 Y155.311 E249.06374
G1 F1125.7 X125.628 Y155.582 E249.11701
G1 F1134.2 X124.349 Y155.832 E249.17433
G1 X123.079 Y156.041 E249.23095
G1 F1127.8 X121.847 Y156.198 E249.28589
G1 F1123.6 X120.305 Y156.339 E249.35464
G1 F1134.2 X119.152 Y156.405 E249.40544
G1 F1138.5 X117.833 Y156.44 E249.46326
G1 F1136.4 X117.5 Y156.437 E249.47788
G0 F9000 X117.506 Y155.815
G1 F2700 E244.47788
;MESH:NONMESH
G0 F300 X117.506 Y155.815 Z1.4
G0 F9000 X117.508 Y156.115
G0 X117.5 Y157.041
;TIME_ELAPSED:350.840575
;LAYER:6
;TYPE:WALL-OUTER
;MESH:Led Ring.stl
G1 F2700 E249.47788
G1 F1500 X116.534 Y157.032 E249.51001
G1 X115.204 Y156.977 E249.55428
G1 X113.874 Y156.878 E249.59864
G1 X112.526 Y156.729 E249.64375
G1 X111.24 Y156.545 E249.68696
G1 X109.907 Y156.307 E249.732
G1 X108.641 Y156.037 E249.77505
G1 X107.328 Y155.714 E249.82002
G1 X106.038 Y155.348 E249.86462
G1 X104.777 Y154.942 E249.90868
G1 X103.549 Y154.5 E249.95209
G1 X102.318 Y154.013 E249.99612
G1 X101.109 Y153.482 E250.04004
G1 X99.899 Y152.906 E250.08461
G1 X98.707 Y152.292 E250.12921
G1 X97.563 Y151.646 E250.17291
G1 X96.427 Y150.959 E250.21706
G1 X95.305 Y150.226 E250.26164
G1 X94.23 Y149.468 E250.30539
G1 X93.172 Y148.669 E250.34948
G1 X92.129 Y147.826 E250.39409
G1 X91.114 Y146.95 E250.43868
G1 X90.16 Y146.063 E250.48201
G1 X89.217 Y145.13 E250.52613
G1 X88.305 Y144.163 E250.57034
G1 X87.445 Y143.186 E250.61363
G1 X86.573 Y142.131 E250.65915
G1 X85.772 Y141.089 E250.70287
G1 X84.998 Y140.008 E250.74709
G1 X84.267 Y138.917 E250.79077
G1 X83.548 Y137.757 E250.83616
G1 X82.899 Y136.624 E250.87959
G1 X82.277 Y135.449 E250.92381
G1 X81.701 Y134.27 E250.96745
G1 X81.154 Y133.047 E251.01201
G1 X80.643 Y131.795 E251.05699
G1 X80.194 Y130.575 E251.10022
G1 X79.779 Y129.309 E251.14454
G1 X79.397 Y128.014 E251.18944
G1 X79.072 Y126.752 E251.23279
G1 X78.782 Y125.458 E251.27689
G1 X78.529 Y124.1 E251.32284
G1 X78.338 Y122.837 E251.36532
G1 X78.182 Y121.519 E251.40947
G1 X78.07 Y120.212 E251.4531
G1 X78.001 Y118.869 E251.49782
G1 X77.976 Y117.528 E251.54243
G1 X78 Y116.199 E251.58664
G1 X78.068 Y114.862 E251.63117
G1 X78.178 Y113.576 E251.6741
G1 X78.332 Y112.259 E251.7182
G1 X78.53 Y110.946 E251.76236
G1 X78.772 Y109.643 E251.80644
G1 X79.067 Y108.319 E251.85156
G1 X79.401 Y107.022 E251.8961
G1 X79.806 Y105.661 E251.94333
G1 X80.185 Y104.498 E251.98402
G1 X80.643 Y103.253 E252.02814
G1 X81.136 Y102.044 E252.07157
G1 X81.69 Y100.797 E252.11695
G1 X82.256 Y99.637 E252.15988
G1 X82.875 Y98.464 E252.20399
G1 X83.548 Y97.291 E252.24897
G1 X84.24 Y96.174 E252.29268
G1 X84.985 Y95.054 E252.33741
G1 X85.742 Y93.997 E252.38066
G1 X86.569 Y92.921 E252.42579
G1 X87.398 Y91.916 E252.46913
G1 X88.288 Y90.903 E252.51397
G1 X89.183 Y89.954 E252.55736
G1 X90.126 Y89.018 E252.60155
G1 X91.094 Y88.116 E252.64556
G1 X92.111 Y87.237 E252.69027
G1 X93.133 Y86.409 E252.73402
G1 X94.191 Y85.608 E252.77815
G1 X95.283 Y84.837 E252.82261
G1 X96.387 Y84.115 E252.86649
G1 X97.541 Y83.413 E252.91141
G1 X98.685 Y82.769 E252.95508
G1 X99.857 Y82.162 E252.99898
G1 X101.066 Y81.584 E253.04355
G1 X102.319 Y81.034 E253.08906
G1 X103.504 Y80.565 E253.13145
G1 X104.751 Y80.115 E253.17554
G1 X106.02 Y79.707 E253.21988
G1 X107.305 Y79.34 E253.26432
G1 X108.618 Y79.011 E253.30935
G1 X109.933 Y78.731 E253.35406
G1 X111.187 Y78.51 E253.39641
G1 X112.504 Y78.322 E253.44066
G1 X113.82 Y78.174 E253.48471
G1 X115.156 Y78.074 E253.52927
G1 X116.486 Y78.017 E253.57354
G1 X117.802 Y78.004 E253.61732
G1 X119.151 Y78.036 E253.6622
G1 X120.408 Y78.108 E253.70407
G1 X121.85 Y78.243 E253.75224
G1 X123.102 Y78.404 E253.79423
G1 X124.428 Y78.617 E253.8389
G1 X125.73 Y78.872 E253.88302
G1 X127.035 Y79.171 E253.92755
G1 X128.309 Y79.513 E253.97143
G1 X129.591 Y79.899 E254.01596
G1 X130.848 Y80.325 E254.0601
G1 X132.054 Y80.782 E254.103
G1 X133.286 Y81.295 E254.14738
G1 X134.489 Y81.842 E254.19134
G1 X135.485 Y82.338 E254.22835
G1 X135.493 Y82.332 E254.22868
G1 X136.854 Y83.064 E254.28008
G1 X138.078 Y83.789 E254.32739
G1 X139.121 Y84.446 E254.36839
G1 X140.165 Y85.144 E254.41016
G1 X141.311 Y85.984 E254.45742
G1 X142.366 Y86.808 E254.50194
G1 X143.355 Y87.634 E254.5448
G1 X144.346 Y88.523 E254.58908
G1 X145.301 Y89.437 E254.63305
G1 X146.234 Y90.393 E254.67748
G1 X147.128 Y91.369 E254.7215
G1 X147.978 Y92.367 E254.7651
G1 X148.841 Y93.446 E254.81106
G1 X149.667 Y94.565 E254.85731
G1 X150.364 Y95.576 E254.89816
G1 X151.083 Y96.691 E254.94228
G1 X151.767 Y97.841 E254.98679
G1 X152.419 Y99.018 E255.03154
G1 X153.014 Y100.192 E255.07532
G1 X153.681 Y101.611 E255.12747
G1 X153.674 Y101.621 E255.12787
G1 X154.093 Y102.602 E255.16335
G1 X154.574 Y103.836 E255.2074
G1 X155.015 Y105.103 E255.25202
G1 X155.412 Y106.361 E255.2959
G1 X155.765 Y107.648 E255.34029
G1 X156.098 Y109.035 E255.38773
G1 X156.339 Y110.239 E255.42857
G1 X156.565 Y111.541 E255.47252
G1 X156.742 Y112.867 E255.51701
G1 X156.883 Y114.23 E255.56259
G1 X156.967 Y115.502 E255.60499
G1 X157.015 Y116.83 E255.64919
G1 X157.016 Y118.153 E255.69319
G1 X156.968 Y119.509 E255.73832
G1 X156.882 Y120.819 E255.78198
G1 X156.747 Y122.135 E255.82598
G1 X156.57 Y123.47 E255.87077
G1 X156.347 Y124.783 E255.91507
G1 X156.109 Y125.959 E255.95498
G1 X155.774 Y127.374 E256.00334
G1 X155.425 Y128.629 E256.04667
G1 X155.026 Y129.921 E256.09164
G1 X154.588 Y131.174 E256.13579
G1 X154.115 Y132.389 E256.17915
G1 X153.585 Y133.634 E256.22416
G1 X153.02 Y134.848 E256.2687
G1 X152.427 Y136.018 E256.31232
G1 X151.794 Y137.164 E256.35587
G1 X151.114 Y138.305 E256.40005
G1 X150.385 Y139.441 E256.44494
G1 X149.685 Y140.459 E256.48603
G1 X148.841 Y141.598 E256.53318
G1 X148.029 Y142.621 E256.57662
G1 X147.162 Y143.64 E256.62112
G1 X146.274 Y144.613 E256.66493
G1 X145.344 Y145.568 E256.70927
G1 X144.388 Y146.485 E256.75333
G1 X143.401 Y147.375 E256.79753
G1 X142.384 Y148.225 E256.84162
G1 X141.311 Y149.064 E256.88692
G1 X140.161 Y149.9 E256.93421
G1 X139.157 Y150.58 E256.97454
G1 X138.117 Y151.239 E257.01549
G1 X136.903 Y151.953 E257.06233
G1 X135.493 Y152.716 E257.11566
G1 X135.484 Y152.71 E257.11602
G1 X134.538 Y153.183 E257.15119
G1 X133.352 Y153.722 E257.19452
G1 X132.078 Y154.258 E257.24049
G1 X130.864 Y154.714 E257.28363
G1 X129.599 Y155.144 E257.32807
G1 X128.459 Y155.498 E257.36777
G1 X126.949 Y155.899 E257.41973
G1 X125.756 Y156.171 E257.46043
G1 X124.432 Y156.431 E257.50531
G1 X123.157 Y156.638 E257.54827
G1 X121.949 Y156.797 E257.58879
G1 X120.435 Y156.938 E257.63937
G1 X119.175 Y157.011 E257.68134
G1 X117.851 Y157.044 E257.72539
G1 X117.5 Y157.041 E257.73707
G1 F2700 E252.73707
G0 F9000 X117.506 Y156.333
G0 X117.502 Y154.68
G0 X117.5 Y153.967
G1 F2700 E257.73707
G1 F1500 X118.297 Y153.964 E257.76358
G1 X119.56 Y153.916 E257.80562
G1 X121.064 Y153.8 E257.85579
G1 X122.107 Y153.683 E257.8907
G1 X123.602 Y153.458 E257.94098
G1 X124.648 Y153.269 E257.97633
G1 X126.012 Y152.968 E258.02279
G1 X127.255 Y152.646 E258.0655
G1 X128.494 Y152.276 E258.10851
G1 X129.732 Y151.858 E258.15197
G1 X130.943 Y151.404 E258.19498
G1 X132.126 Y150.909 E258.23763
G1 X133.312 Y150.366 E258.28102
G1 X134.47 Y149.783 E258.32414
G1 X135.601 Y149.16 E258.36709
G1 X136.706 Y148.504 E258.40983
G1 X137.793 Y147.8 E258.4529
G1 X138.863 Y147.057 E258.49623
G1 X139.897 Y146.281 E258.53923
G1 X140.906 Y145.464 E258.58241
G1 X141.872 Y144.623 E258.62501
G1 X142.829 Y143.735 E258.66843
G1 X143.734 Y142.826 E258.71109
G1 X144.623 Y141.869 E258.75454
G1 X145.463 Y140.904 E258.79709
G1 X146.284 Y139.886 E258.84059
G1 X147.06 Y138.853 E258.88356
G1 X147.797 Y137.786 E258.92669
G1 X148.493 Y136.703 E258.96951
G1 X149.156 Y135.587 E259.01268
G1 X149.78 Y134.453 E259.05573
G1 X150.36 Y133.294 E259.09884
G1 X150.894 Y132.128 E259.14149
G1 X151.394 Y130.921 E259.18495
G1 X151.852 Y129.711 E259.22798
G1 X152.262 Y128.484 E259.27101
G1 X152.624 Y127.253 E259.31368
G1 X152.95 Y125.99 E259.35707
G1 X153.228 Y124.74 E259.39966
G1 X153.457 Y123.493 E259.44183
G1 X153.651 Y122.186 E259.48577
G1 X153.791 Y120.886 E259.52926
G1 X153.888 Y119.607 E259.57192
G1 X153.94 Y118.305 E259.61526
G1 X153.944 Y117.009 E259.65837
G1 X153.904 Y115.713 E259.70149
G1 X153.816 Y114.422 E259.74453
G1 X153.688 Y113.147 E259.78715
G1 X153.506 Y111.845 E259.83088
G1 X153.286 Y110.593 E259.87316
G1 X153.012 Y109.314 E259.91666
G1 X152.699 Y108.059 E259.95968
G1 X152.345 Y106.828 E260.00229
G1 X151.939 Y105.585 E260.04578
G1 X151.496 Y104.379 E260.08851
G1 X151.006 Y103.172 E260.13184
G1 X150.47 Y101.993 E260.17491
G1 X149.904 Y100.832 E260.21787
G1 X149.289 Y99.689 E260.26104
G1 X148.637 Y98.571 E260.30409
G1 X147.945 Y97.483 E260.34697
G1 X147.218 Y96.419 E260.38984
G1 X146.51 Y95.45 E260.42975
G1 X145.645 Y94.363 E260.47596
G1 X144.801 Y93.374 E260.5192
G1 X143.932 Y92.428 E260.56192
G1 X143.019 Y91.496 E260.60532
G1 X142.078 Y90.606 E260.6484
G1 X141.105 Y89.749 E260.69152
G1 X140.103 Y88.933 E260.7345
G1 X139.086 Y88.153 E260.77713
G1 X138.028 Y87.408 E260.82017
G1 X136.939 Y86.689 E260.86357
G1 X135.84 Y86.024 E260.90629
G1 X134.71 Y85.393 E260.94934
G1 X133.548 Y84.797 E260.99278
G1 X132.385 Y84.254 E261.03547
G1 X131.187 Y83.743 E261.07879
G1 X129.984 Y83.281 E261.12165
G1 X128.766 Y82.858 E261.16453
G1 X127.515 Y82.476 E261.20804
G1 X126.276 Y82.146 E261.25068
G1 X125.005 Y81.856 E261.29404
G1 X123.739 Y81.611 E261.33693
G1 X122.467 Y81.414 E261.37974
G1 X121.172 Y81.261 E261.42311
G1 X119.893 Y81.152 E261.46581
G1 X118.586 Y81.092 E261.50932
G1 X117.299 Y81.076 E261.55213
G1 X115.999 Y81.104 E261.59538
G1 X114.664 Y81.18 E261.63986
G1 X113.42 Y81.3 E261.68142
G1 X112.137 Y81.469 E261.72446
G1 X110.87 Y81.682 E261.7672
G1 X109.604 Y81.94 E261.81017
G1 X108.345 Y82.241 E261.85322
G1 X107.097 Y82.591 E261.89633
G1 X105.851 Y82.985 E261.9398
G1 X104.644 Y83.415 E261.98242
G1 X103.43 Y83.898 E262.02587
G1 X102.247 Y84.416 E262.06882
G1 X101.092 Y84.975 E262.1115
G1 X99.938 Y85.582 E262.15487
G1 X98.812 Y86.226 E262.19801
G1 X97.722 Y86.902 E262.24067
G1 X96.639 Y87.634 E262.28415
G1 X95.603 Y88.381 E262.32663
G1 X94.58 Y89.182 E262.36985
G1 X93.583 Y90.018 E262.41312
G1 X92.618 Y90.883 E262.45622
G1 X91.696 Y91.776 E262.49892
G1 X90.791 Y92.717 E262.54234
G1 X89.927 Y93.678 E262.58532
G1 X89.106 Y94.668 E262.6281
G1 X88.314 Y95.685 E262.67097
G1 X87.549 Y96.747 E262.7145
G1 X86.837 Y97.812 E262.75711
G1 X86.157 Y98.914 E262.80018
G1 X85.563 Y99.948 E262.83984
G1 X84.779 Y101.45 E262.8962
G1 X84.785 Y101.459 E262.89656
G1 X84.351 Y102.361 E262.92985
G1 X83.836 Y103.548 E262.97288
G1 X83.358 Y104.75 E263.01591
G1 X82.931 Y105.961 E263.05862
G1 X82.541 Y107.208 E263.10207
G1 X82.195 Y108.454 E263.14508
G1 X81.897 Y109.701 E263.18773
G1 X81.643 Y110.981 E263.23113
G1 X81.45 Y112.118 E263.26949
G1 X81.269 Y113.53 E263.31683
G1 X81.152 Y114.777 E263.35849
G1 X81.076 Y116.112 E263.40297
G1 X81.048 Y117.424 E263.44661
G1 X81.068 Y118.7 E263.48906
G1 X81.132 Y119.994 E263.53215
G1 X81.24 Y121.281 E263.57511
G1 X81.401 Y122.581 E263.61867
G1 X81.598 Y123.847 E263.66129
G1 X81.851 Y125.127 E263.70468
G1 X82.173 Y126.502 E263.75165
G1 X82.442 Y127.52 E263.78668
G1 X82.856 Y128.863 E263.83342
G1 X83.283 Y130.086 E263.8765
G1 X83.753 Y131.301 E263.91983
G1 X84.26 Y132.483 E263.96261
G1 X84.811 Y133.654 E264.00565
G1 X85.454 Y134.889 E264.05196
G1 X86.037 Y135.93 E264.09165
G1 X86.713 Y137.037 E264.13479
G1 X87.428 Y138.126 E264.17812
G1 X88.173 Y139.172 E264.22083
G1 X88.965 Y140.206 E264.26415
G1 X89.766 Y141.178 E264.30604
G1 X90.638 Y142.165 E264.34985
G1 X91.531 Y143.102 E264.3929
G1 X92.463 Y144.019 E264.43639
G1 X93.413 Y144.884 E264.47912
G1 X94.406 Y145.725 E264.5224
G1 X95.411 Y146.521 E264.56504
G1 X96.457 Y147.29 E264.60822
G1 X97.539 Y148.022 E264.65167
G1 X98.625 Y148.706 E264.69436
G1 X99.743 Y149.354 E264.73734
G1 X100.893 Y149.973 E264.78077
G1 X102.044 Y150.536 E264.82339
G1 X103.226 Y151.063 E264.86644
G1 X104.436 Y151.554 E264.90987
G1 X105.639 Y151.992 E264.95245
G1 X106.882 Y152.395 E264.99591
G1 X108.117 Y152.745 E265.0386
G1 X109.371 Y153.059 E265.0816
G1 X110.655 Y153.324 E265.12521
G1 X111.918 Y153.542 E265.16783
G1 X113.26 Y153.727 E265.21289
G1 X114.54 Y153.852 E265.25567
G1 X115.783 Y153.932 E265.2971
G1 X117.05 Y153.968 E265.33925
G1 X117.5 Y153.967 E265.35422
G0 F9000 X117.503 Y154.98
G1 F2700 E260.35422
;MESH:NONMESH
G0 F300 X117.503 Y154.98 Z1.6
G0 F9000 X117.507 Y156.333
G0 X117.5 Y157.185
;TIME_ELAPSED:371.211326
;LAYER:7
;TYPE:WALL-OUTER
;MESH:Led Ring.stl
G1 F2700 E265.35422
G1 F1500 X116.506 Y157.176 E265.38728
G1 X115.197 Y157.121 E265.43086
G1 X113.835 Y157.02 E265.47628
G1 X112.51 Y156.873 E265.52062
G1 X111.188 Y156.686 E265.56503
G1 X109.879 Y156.451 E265.60926
G1 X108.585 Y156.177 E265.65326
G1 X107.292 Y155.854 E265.69758
G1 X105.999 Y155.484 E265.74231
G1 X104.733 Y155.078 E265.78653
G1 X103.5 Y154.637 E265.83009
G1 X102.265 Y154.15 E265.87424
G1 X101.048 Y153.615 E265.91846
G1 X99.838 Y153.04 E265.96302
G1 X98.64 Y152.42 E266.00788
G1 X97.489 Y151.769 E266.05186
G1 X96.354 Y151.084 E266.09596
G1 X95.225 Y150.346 E266.14082
G1 X94.126 Y149.57 E266.18556
G1 X93.06 Y148.77 E266.22989
G1 X92.033 Y147.938 E266.27385
G1 X91.018 Y147.059 E266.31851
G1 X90.061 Y146.168 E266.362
G1 X89.096 Y145.212 E266.40718
G1 X88.18 Y144.245 E266.45148
G1 X87.323 Y143.267 E266.49473
G1 X86.479 Y142.245 E266.53882
G1 X85.656 Y141.176 E266.58369
G1 X84.881 Y140.097 E266.62788
G1 X84.146 Y138.992 E266.67202
G1 X83.424 Y137.829 E266.71755
G1 X82.776 Y136.697 E266.76093
G1 X82.151 Y135.521 E266.80522
G1 X81.573 Y134.334 E266.84913
G1 X81.012 Y133.081 E266.8948
G1 X80.52 Y131.87 E266.93827
G1 X80.057 Y130.619 E266.98264
G1 X79.673 Y129.479 E267.02265
G1 X79.267 Y128.084 E267.07097
G1 X78.93 Y126.788 E267.11551
G1 X78.641 Y125.483 E267.15997
G1 X78.394 Y124.178 E267.20414
G1 X78.194 Y122.858 E267.24854
G1 X78.038 Y121.536 E267.29282
G1 X77.929 Y120.259 E267.33545
G1 X77.857 Y118.878 E267.38144
G1 X77.832 Y117.528 E267.42635
G1 X77.856 Y116.195 E267.47069
G1 X77.924 Y114.854 E267.51535
G1 X78.034 Y113.562 E267.55848
G1 X78.188 Y112.241 E267.60271
G1 X78.39 Y110.898 E267.64789
G1 X78.632 Y109.612 E267.69141
G1 X78.923 Y108.283 E267.73666
G1 X79.261 Y106.982 E267.78137
G1 X79.671 Y105.596 E267.82944
G1 X80.049 Y104.45 E267.86958
G1 X80.502 Y103.225 E267.91302
G1 X81.012 Y101.967 E267.95817
G1 X81.562 Y100.737 E268.00298
G1 X82.127 Y99.575 E268.04595
G1 X82.753 Y98.393 E268.09044
G1 X83.424 Y97.215 E268.13553
G1 X84.119 Y96.094 E268.1794
G1 X84.865 Y94.974 E268.22416
G1 X85.626 Y93.913 E268.26759
G1 X86.445 Y92.846 E268.31232
G1 X87.286 Y91.824 E268.35634
G1 X88.18 Y90.803 E268.40148
G1 X89.079 Y89.854 E268.44496
G1 X90.026 Y88.914 E268.48934
G1 X91.018 Y87.989 E268.53445
G1 X92.013 Y87.127 E268.57824
G1 X93.038 Y86.295 E268.62215
G1 X94.106 Y85.489 E268.66665
G1 X95.204 Y84.716 E268.71131
G1 X96.31 Y83.991 E268.7553
G1 X97.446 Y83.299 E268.79954
G1 X98.616 Y82.641 E268.84418
G1 X99.79 Y82.032 E268.88817
G1 X101.007 Y81.452 E268.93301
G1 X102.21 Y80.921 E268.97675
G1 X103.452 Y80.428 E269.02119
G1 X104.711 Y79.978 E269.06566
G1 X105.999 Y79.56 E269.1107
G1 X107.269 Y79.2 E269.1546
G1 X108.585 Y78.871 E269.19972
G1 X109.855 Y78.601 E269.24291
G1 X111.16 Y78.366 E269.28701
G1 X112.487 Y78.178 E269.33159
G1 X113.802 Y78.03 E269.3756
G1 X115.15 Y77.929 E269.42056
G1 X116.475 Y77.869 E269.46467
G1 X117.808 Y77.86 E269.50901
G1 X119.159 Y77.892 E269.55396
G1 X120.416 Y77.964 E269.59583
G1 X121.965 Y78.111 E269.64759
G1 X123.122 Y78.26 E269.68639
G1 X124.452 Y78.473 E269.73118
G1 X125.762 Y78.728 E269.77557
G1 X126.959 Y78.999 E269.81639
G1 X128.472 Y79.409 E269.86853
G1 X129.608 Y79.751 E269.90799
G1 X130.873 Y80.181 E269.95243
G1 X132.134 Y80.654 E269.99722
G1 X133.339 Y81.158 E270.04067
G1 X134.554 Y81.712 E270.08508
G1 X135.511 Y82.182 E270.12054
G1 X135.512 Y82.193 E270.12091
G1 X136.954 Y82.955 E270.17515
G1 X138.152 Y83.664 E270.22145
G1 X139.2 Y84.325 E270.26266
G1 X140.249 Y85.028 E270.30467
G1 X141.399 Y85.868 E270.35203
G1 X142.454 Y86.692 E270.39656
G1 X143.456 Y87.534 E270.44009
G1 X144.464 Y88.431 E270.48496
G1 X145.423 Y89.354 E270.52923
G1 X146.337 Y90.292 E270.57279
G1 X147.222 Y91.258 E270.61637
G1 X148.096 Y92.282 E270.66115
G1 X148.953 Y93.358 E270.7069
G1 X149.787 Y94.485 E270.75353
G1 X150.486 Y95.493 E270.79433
G1 X151.207 Y96.615 E270.83869
G1 X151.89 Y97.763 E270.88312
G1 X152.547 Y98.95 E270.92824
G1 X153.139 Y100.11 E270.97156
G1 X153.704 Y101.325 E271.01612
G1 X154.228 Y102.547 E271.06035
G1 X154.711 Y103.79 E271.1047
G1 X155.162 Y105.075 E271.14999
G1 X155.553 Y106.324 E271.19352
G1 X155.908 Y107.609 E271.23786
G1 X156.242 Y109.002 E271.28551
G1 X156.487 Y110.229 E271.32713
G1 X156.71 Y111.543 E271.37145
G1 X156.886 Y112.853 E271.41542
G1 X157.027 Y114.217 E271.46102
G1 X157.116 Y115.519 E271.50443
G1 X157.16 Y116.827 E271.54796
G1 X157.16 Y118.158 E271.59223
G1 X157.117 Y119.491 E271.63659
G1 X157.026 Y120.833 E271.68132
G1 X156.891 Y122.15 E271.72536
G1 X156.714 Y123.494 E271.77045
G1 X156.491 Y124.807 E271.81474
G1 X156.248 Y126.016 E271.85576
G1 X155.914 Y127.41 E271.90343
G1 X155.56 Y128.695 E271.94777
G1 X155.162 Y129.969 E271.99216
G1 X154.724 Y131.222 E272.03631
G1 X154.242 Y132.468 E272.08074
G1 X153.727 Y133.672 E272.1243
G1 X153.152 Y134.908 E272.16964
G1 X152.555 Y136.086 E272.21356
G1 X151.917 Y137.236 E272.2573
G1 X151.249 Y138.363 E272.30088
G1 X150.505 Y139.52 E272.34663
G1 X149.745 Y140.619 E272.39107
G1 X148.953 Y141.69 E272.43537
G1 X148.142 Y142.711 E272.47874
G1 X147.271 Y143.735 E272.52345
G1 X146.362 Y144.73 E272.56828
G1 X145.43 Y145.686 E272.61268
G1 X144.472 Y146.609 E272.65693
G1 X143.49 Y147.485 E272.7007
G1 X142.458 Y148.352 E272.74553
G1 X141.399 Y149.18 E272.79024
G1 X140.267 Y150.004 E272.83681
G1 X139.235 Y150.701 E272.87823
G1 X138.172 Y151.377 E272.92013
G1 X136.886 Y152.126 E272.96963
G1 X135.804 Y152.713 E273.01057
G1 X134.607 Y153.308 E273.05503
G1 X133.337 Y153.892 E273.10152
G1 X132.169 Y154.379 E273.14361
G1 X130.91 Y154.851 E273.18833
G1 X129.647 Y155.282 E273.23272
G1 X128.464 Y155.647 E273.27389
G1 X126.988 Y156.042 E273.32471
G1 X125.788 Y156.315 E273.36564
G1 X124.485 Y156.57 E273.4098
G1 X123.178 Y156.782 E273.45384
G1 X121.965 Y156.941 E273.49453
G1 X120.444 Y157.082 E273.54534
G1 X119.185 Y157.155 E273.58728
G1 X117.856 Y157.188 E273.6315
G1 X117.5 Y157.185 E273.64334
G1 F2700 E268.64334
G0 F9000 X117.506 Y156.478
G0 X117.501 Y154.68
G0 X117.5 Y153.966
G1 F2700 E273.64334
G1 F1500 X118.269 Y153.964 E273.66892
G1 X119.528 Y153.916 E273.71082
G1 X120.767 Y153.828 E273.75214
G1 X122.174 Y153.675 E273.79921
G1 X123.482 Y153.482 E273.84318
G1 X124.625 Y153.273 E273.88183
G1 X125.992 Y152.972 E273.92839
G1 X127.235 Y152.65 E273.97109
G1 X128.473 Y152.284 E274.01403
G1 X129.709 Y151.866 E274.05743
G1 X130.923 Y151.412 E274.10054
G1 X132.106 Y150.917 E274.14319
G1 X133.292 Y150.374 E274.18657
G1 X134.45 Y149.791 E274.2297
G1 X135.573 Y149.176 E274.27228
G1 X136.695 Y148.508 E274.31571
G1 X137.784 Y147.809 E274.35875
G1 X138.839 Y147.077 E274.40146
G1 X139.881 Y146.292 E274.44485
G1 X140.89 Y145.48 E274.48793
G1 X141.868 Y144.632 E274.53098
G1 X142.813 Y143.751 E274.57395
G1 X143.795 Y142.761 E274.62033
G1 X144.611 Y141.885 E274.66015
G1 X145.451 Y140.92 E274.7027
G1 X146.268 Y139.902 E274.74612
G1 X147.053 Y138.863 E274.78943
G1 X147.785 Y137.806 E274.83219
G1 X148.481 Y136.725 E274.87495
G1 X149.148 Y135.603 E274.91837
G1 X149.772 Y134.469 E274.96142
G1 X150.351 Y133.314 E275.00439
G1 X150.89 Y132.136 E275.04748
G1 X151.389 Y130.942 E275.09052
G1 X151.844 Y129.731 E275.13354
G1 X152.254 Y128.504 E275.17657
G1 X152.622 Y127.27 E275.2194
G1 X152.946 Y126.01 E275.26267
G1 X153.224 Y124.76 E275.30526
G1 X153.437 Y123.613 E275.34407
G1 X153.646 Y122.206 E275.39138
G1 X153.791 Y120.907 E275.43485
G1 X153.888 Y119.628 E275.47751
G1 X153.94 Y118.324 E275.52092
G1 X153.944 Y117.029 E275.56399
G1 X153.904 Y115.733 E275.60712
G1 X153.82 Y114.442 E275.65014
G1 X153.687 Y113.167 E275.69278
G1 X153.507 Y111.872 E275.73627
G1 X153.285 Y110.596 E275.77934
G1 X153.016 Y109.334 E275.82226
G1 X152.703 Y108.079 E275.86528
G1 X152.349 Y106.844 E275.90801
G1 X151.947 Y105.602 E275.95143
G1 X151.5 Y104.386 E275.99452
G1 X151.014 Y103.188 E276.03752
G1 X150.483 Y102.009 E276.08053
G1 X149.912 Y100.847 E276.12359
G1 X149.296 Y99.703 E276.16681
G1 X148.645 Y98.591 E276.20966
G1 X147.962 Y97.505 E276.25233
G1 X147.226 Y96.427 E276.29575
G1 X146.461 Y95.396 E276.33845
G1 X145.654 Y94.372 E276.38181
G1 X144.825 Y93.4 E276.4243
G1 X143.94 Y92.432 E276.46792
G1 X143.039 Y91.519 E276.51059
G1 X142.09 Y90.618 E276.55411
G1 X141.121 Y89.765 E276.59705
G1 X140.119 Y88.945 E276.64011
G1 X139.102 Y88.165 E276.68274
G1 X138.044 Y87.416 E276.72586
G1 X136.954 Y86.7 E276.76923
G1 X135.856 Y86.033 E276.81196
G1 X134.726 Y85.405 E276.85496
G1 X133.564 Y84.806 E276.89844
G1 X132.401 Y84.262 E276.94115
G1 X131.203 Y83.748 E276.9845
G1 X130 Y83.285 E277.02738
G1 X128.786 Y82.866 E277.07009
G1 X127.56 Y82.491 E277.11273
G1 X126.296 Y82.154 E277.15624
G1 X125.021 Y81.861 E277.19975
G1 X123.755 Y81.615 E277.24265
G1 X122.487 Y81.418 E277.28533
G1 X121.193 Y81.261 E277.32868
G1 X119.909 Y81.152 E277.37154
G1 X118.606 Y81.092 E277.41493
G1 X117.32 Y81.072 E277.45771
G1 X116.019 Y81.104 E277.50099
G1 X114.684 Y81.18 E277.54546
G1 X113.436 Y81.3 E277.58716
G1 X112.166 Y81.465 E277.62976
G1 X110.975 Y81.658 E277.66989
G1 X109.619 Y81.936 E277.71593
G1 X108.361 Y82.237 E277.75895
G1 X107.11 Y82.587 E277.80216
G1 X105.875 Y82.977 E277.84523
G1 X104.664 Y83.411 E277.88802
G1 X103.45 Y83.89 E277.93143
G1 X102.263 Y84.408 E277.9745
G1 X101.097 Y84.971 E278.01757
G1 X99.963 Y85.566 E278.06016
G1 X98.759 Y86.262 E278.10641
G1 X97.73 Y86.897 E278.14663
G1 X96.656 Y87.622 E278.18973
G1 X95.607 Y88.377 E278.23272
G1 X94.592 Y89.17 E278.27556
G1 X93.595 Y90.006 E278.31883
G1 X92.63 Y90.87 E278.36191
G1 X91.708 Y91.764 E278.40463
G1 X90.803 Y92.705 E278.44805
G1 X89.939 Y93.666 E278.49103
G1 X89.11 Y94.659 E278.53406
G1 X88.317 Y95.681 E278.57708
G1 X87.557 Y96.73 E278.62017
G1 X86.793 Y97.885 E278.66623
G1 X86.178 Y98.883 E278.70522
G1 X85.562 Y99.948 E278.74614
G1 X84.787 Y101.433 E278.80185
G1 X84.794 Y101.443 E278.80225
G1 X84.359 Y102.345 E278.83556
G1 X83.844 Y103.532 E278.8786
G1 X83.366 Y104.738 E278.92175
G1 X82.935 Y105.944 E278.96434
G1 X82.545 Y107.192 E279.00783
G1 X82.199 Y108.438 E279.05084
G1 X81.901 Y109.685 E279.09348
G1 X81.643 Y110.964 E279.13688
G1 X81.45 Y112.102 E279.17527
G1 X81.269 Y113.514 E279.22262
G1 X81.152 Y114.761 E279.26428
G1 X81.076 Y116.096 E279.30875
G1 X81.048 Y117.408 E279.3524
G1 X81.068 Y118.684 E279.39484
G1 X81.128 Y119.978 E279.43793
G1 X81.24 Y121.266 E279.48093
G1 X81.401 Y122.561 E279.52433
G1 X81.598 Y123.831 E279.56708
G1 X81.843 Y125.098 E279.61
G1 X82.137 Y126.362 E279.65316
G1 X82.394 Y127.313 E279.68593
G1 X82.439 Y127.508 E279.69258
G1 X82.852 Y128.847 E279.73919
G1 X83.274 Y130.07 E279.78222
G1 X83.745 Y131.289 E279.82568
G1 X84.247 Y132.467 E279.86827
G1 X84.803 Y133.638 E279.91139
G1 X85.446 Y134.877 E279.95782
G1 X86.029 Y135.914 E279.99738
G1 X86.709 Y137.032 E280.04091
G1 X87.412 Y138.102 E280.08349
G1 X88.16 Y139.16 E280.12658
G1 X88.957 Y140.195 E280.17003
G1 X89.768 Y141.178 E280.21242
G1 X90.625 Y142.153 E280.25559
G1 X91.518 Y143.094 E280.29874
G1 X92.448 Y144 E280.34192
G1 X93.408 Y144.88 E280.38524
G1 X94.394 Y145.717 E280.42826
G1 X95.399 Y146.513 E280.4709
G1 X96.446 Y147.278 E280.51403
G1 X97.515 Y148.006 E280.55704
G1 X98.612 Y148.7 E280.60022
G1 X99.727 Y149.349 E280.64313
G1 X100.881 Y149.965 E280.68664
G1 X102.032 Y150.528 E280.72925
G1 X103.209 Y151.059 E280.7722
G1 X104.421 Y151.546 E280.81564
G1 X105.627 Y151.984 E280.85832
G1 X106.869 Y152.391 E280.90179
G1 X108.105 Y152.741 E280.94451
G1 X109.359 Y153.055 E280.98751
G1 X110.639 Y153.32 E281.03099
G1 X111.901 Y153.542 E281.0736
G1 X113.409 Y153.743 E281.1242
G1 X114.528 Y153.852 E281.1616
G1 X115.771 Y153.932 E281.20303
G1 X117.03 Y153.968 E281.24492
G1 X117.5 Y153.966 E281.26055
G0 F9000 X117.502 Y154.98
G1 F2700 E276.26055
;MESH:NONMESH
G0 F300 X117.502 Y154.98 Z1.8
G0 F9000 X117.507 Y156.478
G0 X117.5 Y157.317
;TIME_ELAPSED:391.586485
;LAYER:8
;TYPE:WALL-OUTER
;MESH:Led Ring.stl
G1 F2700 E281.26055
G1 F1500 X116.502 Y157.308 E281.29375
G1 X115.189 Y157.253 E281.33745
G1 X113.823 Y157.152 E281.38301
G1 X112.493 Y157.005 E281.42752
G1 X111.168 Y156.818 E281.47202
G1 X109.885 Y156.588 E281.51538
G1 X108.554 Y156.305 E281.56064
G1 X107.257 Y155.982 E281.60509
G1 X105.959 Y155.612 E281.64998
G1 X104.689 Y155.202 E281.69437
G1 X103.427 Y154.752 E281.73893
G1 X102.212 Y154.27 E281.78241
G1 X100.972 Y153.726 E281.82744
G1 X99.765 Y153.148 E281.87196
G1 X98.595 Y152.546 E281.91572
G1 X97.402 Y151.875 E281.96124
G1 X96.259 Y151.182 E282.0057
G1 X95.149 Y150.454 E282.04985
G1 X94.046 Y149.678 E282.09471
G1 X92.98 Y148.874 E282.13912
G1 X91.949 Y148.038 E282.18326
G1 X90.93 Y147.154 E282.22813
G1 X89.971 Y146.266 E282.2716
G1 X89.019 Y145.323 E282.31617
G1 X88.084 Y144.333 E282.36146
G1 X87.201 Y143.33 E282.40591
G1 X86.357 Y142.303 E282.45012
G1 X85.553 Y141.257 E282.494
G1 X84.773 Y140.173 E282.53842
G1 X84.033 Y139.064 E282.58276
G1 X83.312 Y137.897 E282.62839
G1 X82.661 Y136.763 E282.67188
G1 X82.034 Y135.579 E282.71644
G1 X81.452 Y134.39 E282.76047
G1 X80.888 Y133.137 E282.80617
G1 X80.396 Y131.919 E282.84986
G1 X79.925 Y130.642 E282.89513
G1 X79.515 Y129.396 E282.93876
G1 X79.129 Y128.086 E282.98418
G1 X78.801 Y126.82 E283.02768
G1 X78.51 Y125.514 E283.07218
G1 X78.252 Y124.143 E283.11858
G1 X78.062 Y122.875 E283.16123
G1 X77.906 Y121.549 E283.20563
G1 X77.796 Y120.25 E283.24899
G1 X77.725 Y118.883 E283.29452
G1 X77.7 Y117.528 E283.3396
G1 X77.725 Y116.191 E283.38407
G1 X77.792 Y114.846 E283.42886
G1 X77.902 Y113.549 E283.47216
G1 X78.059 Y112.195 E283.51749
G1 X78.258 Y110.874 E283.56193
G1 X78.5 Y109.587 E283.60548
G1 X78.795 Y108.255 E283.65086
G1 X79.129 Y106.962 E283.69527
G1 X79.5 Y105.7 E283.73903
G1 X79.925 Y104.406 E283.78433
G1 X80.378 Y103.177 E283.82789
G1 X80.889 Y101.911 E283.8733
G1 X81.442 Y100.681 E283.91815
G1 X82.023 Y99.491 E283.9622
G1 X82.648 Y98.309 E284.00667
G1 X83.312 Y97.151 E284.05107
G1 X84.017 Y96.009 E284.0957
G1 X84.757 Y94.898 E284.1401
G1 X85.522 Y93.833 E284.18372
G1 X86.341 Y92.765 E284.22848
G1 X87.201 Y91.718 E284.27355
G1 X88.084 Y90.715 E284.31799
G1 X88.981 Y89.764 E284.36147
G1 X89.931 Y88.82 E284.40602
G1 X90.93 Y87.893 E284.45134
G1 X91.929 Y87.027 E284.49532
G1 X92.957 Y86.192 E284.53937
G1 X94.046 Y85.37 E284.58475
G1 X95.127 Y84.609 E284.62872
G1 X96.259 Y83.866 E284.67375
G1 X97.401 Y83.173 E284.71818
G1 X98.553 Y82.525 E284.76214
G1 X99.729 Y81.912 E284.80625
G1 X100.946 Y81.33 E284.85112
G1 X102.127 Y80.814 E284.89399
G1 X103.404 Y80.305 E284.93971
G1 X104.656 Y79.852 E284.98399
G1 X105.935 Y79.443 E285.02866
G1 X107.23 Y79.073 E285.07345
G1 X108.554 Y78.743 E285.11883
G1 X109.823 Y78.47 E285.16201
G1 X111.139 Y78.235 E285.20647
G1 X112.519 Y78.039 E285.25283
G1 X113.789 Y77.898 E285.29533
G1 X115.141 Y77.797 E285.34042
G1 X116.471 Y77.737 E285.3847
G1 X117.806 Y77.728 E285.42911
G1 X119.164 Y77.76 E285.47429
G1 X120.428 Y77.832 E285.5164
G1 X121.981 Y77.979 E285.56828
G1 X123.167 Y78.131 E285.60805
G1 X124.448 Y78.337 E285.6512
G1 X125.79 Y78.6 E285.69669
G1 X126.991 Y78.871 E285.73764
G1 X128.508 Y79.281 E285.7899
G1 X129.674 Y79.635 E285.83043
G1 X130.916 Y80.057 E285.87406
G1 X132.182 Y80.53 E285.91901
G1 X133.391 Y81.038 E285.96263
G1 X134.703 Y81.637 E286.0106
G1 X135.612 Y82.089 E286.04436
G1 X135.62 Y82.084 E286.04468
G1 X137.017 Y82.839 E286.09749
G1 X138.243 Y83.559 E286.14478
G1 X139.272 Y84.213 E286.18533
G1 X140.325 Y84.92 E286.22752
G1 X141.479 Y85.76 E286.27499
G1 X142.53 Y86.584 E286.31941
G1 X143.545 Y87.435 E286.36346
G1 X144.531 Y88.316 E286.40744
G1 X145.515 Y89.259 E286.45277
G1 X146.431 Y90.198 E286.4964
G1 X147.333 Y91.186 E286.5409
G1 X148.203 Y92.202 E286.58539
G1 X149.061 Y93.278 E286.63116
G1 X149.881 Y94.391 E286.67714
G1 X150.596 Y95.423 E286.7189
G1 X151.334 Y96.566 E286.76415
G1 X152.008 Y97.695 E286.80788
G1 X152.65 Y98.862 E286.85218
G1 X153.268 Y100.08 E286.89761
G1 X153.823 Y101.268 E286.94122
G1 X154.351 Y102.492 E286.98556
G1 X154.836 Y103.744 E287.03022
G1 X155.254 Y104.923 E287.07182
G1 X155.677 Y106.29 E287.11942
G1 X156.035 Y107.575 E287.16378
G1 X156.37 Y108.97 E287.2115
G1 X156.614 Y110.181 E287.25259
G1 X156.842 Y111.522 E287.29783
G1 X157.018 Y112.836 E287.34192
G1 X157.159 Y114.206 E287.38773
G1 X157.248 Y115.515 E287.43137
G1 X157.292 Y116.822 E287.47486
G1 X157.292 Y118.161 E287.5194
G1 X157.249 Y119.498 E287.56389
G1 X157.158 Y120.843 E287.60873
G1 X157.024 Y122.162 E287.65282
G1 X156.842 Y123.513 E287.69817
G1 X156.619 Y124.831 E287.74263
G1 X156.376 Y126.045 E287.7838
G1 X156.042 Y127.441 E287.83155
G1 X155.691 Y128.71 E287.87534
G1 X155.25 Y130.125 E287.92463
G1 X154.848 Y131.27 E287.96499
G1 X154.366 Y132.516 E288.00943
G1 X153.837 Y133.746 E288.05396
G1 X153.268 Y134.968 E288.0988
G1 X152.671 Y136.15 E288.14284
G1 X152.022 Y137.324 E288.18746
G1 X151.355 Y138.441 E288.23073
G1 X150.634 Y139.57 E288.27528
G1 X149.853 Y140.695 E288.32083
G1 X149.08 Y141.745 E288.3642
G1 X148.24 Y142.798 E288.409
G1 X147.372 Y143.821 E288.45362
G1 X146.458 Y144.822 E288.49871
G1 X145.542 Y145.762 E288.54236
G1 X144.56 Y146.705 E288.58764
G1 X143.581 Y147.582 E288.63136
G1 X142.556 Y148.441 E288.67584
G1 X141.479 Y149.288 E288.72141
G1 X140.343 Y150.112 E288.76809
G1 X139.307 Y150.813 E288.80969
G1 X138.243 Y151.493 E288.85169
G1 X137.041 Y152.196 E288.89801
G1 X135.62 Y152.964 E288.95173
G1 X135.612 Y152.958 E288.95206
G1 X134.783 Y153.377 E288.98296
G1 X133.444 Y153.987 E289.0319
G1 X132.182 Y154.518 E289.07743
G1 X130.959 Y154.977 E289.12088
G1 X129.684 Y155.407 E289.16564
G1 X128.5 Y155.775 E289.20687
G1 X126.992 Y156.177 E289.25878
G1 X125.815 Y156.443 E289.29892
G1 X124.485 Y156.707 E289.34402
G1 X123.194 Y156.911 E289.38749
G1 X121.981 Y157.073 E289.42819
G1 X120.429 Y157.216 E289.48003
G1 X119.19 Y157.287 E289.5213
G1 X117.857 Y157.32 E289.56565
G1 X117.5 Y157.317 E289.57753
G1 F2700 E284.57753
G0 F9000 X117.506 Y156.61
G0 X117.501 Y154.68
G0 X117.5 Y153.966
G1 F2700 E289.57753
G1 F1500 X118.245 Y153.964 E289.60231
G1 X119.5 Y153.92 E289.64407
G1 X120.731 Y153.832 E289.68512
G1 X122.15 Y153.675 E289.73261
G1 X123.461 Y153.486 E289.77666
G1 X124.705 Y153.257 E289.81873
G1 X125.956 Y152.98 E289.86135
G1 X127.215 Y152.654 E289.9046
G1 X128.465 Y152.284 E289.94796
G1 X129.688 Y151.874 E289.99086
G1 X130.891 Y151.424 E290.03358
G1 X132.097 Y150.921 E290.07704
G1 X133.272 Y150.382 E290.12004
G1 X134.422 Y149.807 E290.1628
G1 X135.556 Y149.188 E290.20577
G1 X136.679 Y148.52 E290.24923
G1 X137.765 Y147.821 E290.29219
G1 X138.822 Y147.089 E290.33495
G1 X139.865 Y146.304 E290.37837
G1 X140.874 Y145.492 E290.42145
G1 X141.839 Y144.656 E290.46391
G1 X142.72 Y143.844 E290.50376
G1 X143.706 Y142.858 E290.55014
G1 X144.604 Y141.896 E290.59391
G1 X145.436 Y140.935 E290.63619
G1 X146.256 Y139.918 E290.67964
G1 X147.028 Y138.893 E290.72232
G1 X147.773 Y137.823 E290.76569
G1 X148.476 Y136.733 E290.80882
G1 X149.131 Y135.633 E290.85141
G1 X149.756 Y134.497 E290.89453
G1 X150.343 Y133.335 E290.93783
G1 X150.878 Y132.168 E290.98053
G1 X151.381 Y130.961 E291.02402
G1 X151.836 Y129.751 E291.06702
G1 X152.246 Y128.524 E291.11004
G1 X152.612 Y127.294 E291.15273
G1 X152.938 Y126.03 E291.19614
G1 X153.22 Y124.78 E291.23876
G1 X153.437 Y123.634 E291.27756
G1 X153.643 Y122.225 E291.32492
G1 X153.787 Y120.927 E291.36836
G1 X153.888 Y119.652 E291.4109
G1 X153.936 Y118.344 E291.45443
G1 X153.944 Y117.05 E291.49747
G1 X153.908 Y115.754 E291.54059
G1 X153.82 Y114.462 E291.58366
G1 X153.691 Y113.187 E291.62628
G1 X153.511 Y111.892 E291.66977
G1 X153.289 Y110.616 E291.71285
G1 X153.02 Y109.354 E291.75577
G1 X152.707 Y108.095 E291.79891
G1 X152.357 Y106.865 E291.84145
G1 X151.95 Y105.621 E291.88498
G1 X151.508 Y104.407 E291.92795
G1 X151.022 Y103.208 E291.97098
G1 X150.491 Y102.026 E292.01408
G1 X149.924 Y100.875 E292.05676
G1 X149.309 Y99.725 E292.10013
G1 X148.657 Y98.607 E292.14318
G1 X147.965 Y97.513 E292.18623
G1 X147.189 Y96.382 E292.23185
G1 X146.465 Y95.401 E292.27241
G1 X145.665 Y94.388 E292.31534
G1 X144.833 Y93.41 E292.35804
G1 X143.997 Y92.489 E292.39941
G1 X143.055 Y91.531 E292.4441
G1 X142.154 Y90.674 E292.48546
G1 X141.145 Y89.782 E292.53025
G1 X140.135 Y88.957 E292.57363
G1 X139.118 Y88.177 E292.61626
G1 X138.06 Y87.428 E292.65937
G1 X136.964 Y86.709 E292.70297
G1 X135.872 Y86.045 E292.74548
G1 X134.742 Y85.413 E292.78854
G1 X133.584 Y84.814 E292.8319
G1 X132.414 Y84.262 E292.87493
G1 X131.231 Y83.759 E292.91769
G1 X130.02 Y83.293 E292.96084
G1 X128.802 Y82.87 E293.00373
G1 X127.556 Y82.488 E293.04707
G1 X126.316 Y82.158 E293.08975
G1 X125.069 Y81.871 E293.13231
G1 X123.774 Y81.619 E293.17619
G1 X122.503 Y81.422 E293.21897
G1 X121.209 Y81.265 E293.26232
G1 X119.929 Y81.156 E293.30505
G1 X118.626 Y81.092 E293.34844
G1 X117.336 Y81.072 E293.39135
G1 X116.035 Y81.104 E293.43464
G1 X114.704 Y81.18 E293.47898
G1 X113.457 Y81.296 E293.52063
G1 X112.185 Y81.465 E293.56331
G1 X110.996 Y81.654 E293.60335
G1 X109.635 Y81.932 E293.64955
G1 X108.377 Y82.233 E293.69258
G1 X107.126 Y82.583 E293.73578
G1 X105.891 Y82.973 E293.77886
G1 X104.636 Y83.419 E293.82316
G1 X103.47 Y83.882 E293.86488
G1 X102.28 Y84.4 E293.90805
G1 X101.113 Y84.963 E293.95115
G1 X99.979 Y85.558 E293.99374
G1 X98.775 Y86.254 E294.04
G1 X97.746 Y86.889 E294.08021
G1 X96.68 Y87.605 E294.12292
G1 X95.622 Y88.369 E294.16633
G1 X94.605 Y89.16 E294.20918
G1 X93.615 Y89.986 E294.25206
G1 X92.686 Y90.819 E294.29356
G1 X91.724 Y91.752 E294.33814
G1 X90.824 Y92.685 E294.38125
G1 X89.951 Y93.654 E294.42463
G1 X89.122 Y94.647 E294.46766
G1 X88.329 Y95.669 E294.51068
G1 X87.569 Y96.718 E294.55377
G1 X86.857 Y97.784 E294.5964
G1 X86.173 Y98.889 E294.63963
G1 X85.57 Y99.932 E294.6797
G1 X84.926 Y101.163 E294.7259
G1 X84.363 Y102.329 E294.76897
G1 X83.852 Y103.508 E294.81171
G1 X83.37 Y104.722 E294.85515
G1 X82.939 Y105.941 E294.89816
G1 X82.549 Y107.175 E294.9412
G1 X82.203 Y108.422 E294.98424
G1 X81.905 Y109.669 E295.02689
G1 X81.647 Y110.948 E295.07028
G1 X81.454 Y112.082 E295.10854
G1 X81.257 Y113.582 E295.15886
G1 X81.152 Y114.746 E295.19773
G1 X81.076 Y116.08 E295.24217
G1 X81.048 Y117.383 E295.28552
G1 X81.068 Y118.668 E295.32827
G1 X81.128 Y119.958 E295.37122
G1 X81.24 Y121.25 E295.41435
G1 X81.397 Y122.544 E295.45771
G1 X81.594 Y123.815 E295.50048
G1 X81.843 Y125.083 E295.54346
G1 X82.133 Y126.345 E295.58653
G1 X82.47 Y127.608 E295.63001
G1 X82.844 Y128.831 E295.67255
G1 X83.271 Y130.054 E295.71563
G1 X83.737 Y131.261 E295.75866
G1 X84.141 Y132.191 E295.79239
G1 X84.131 Y132.207 E295.79302
G1 X84.795 Y133.622 E295.845
G1 X85.39 Y134.776 E295.88819
G1 X86.025 Y135.91 E295.93141
G1 X86.693 Y137.008 E295.97416
G1 X87.404 Y138.09 E296.01722
G1 X88.152 Y139.144 E296.06021
G1 X88.941 Y140.174 E296.10336
G1 X89.701 Y141.103 E296.14328
G1 X90.618 Y142.141 E296.18935
G1 X91.506 Y143.082 E296.23238
G1 X92.436 Y143.988 E296.27557
G1 X93.396 Y144.868 E296.31888
G1 X94.374 Y145.701 E296.36161
G1 X95.4 Y146.51 E296.40507
G1 X96.433 Y147.27 E296.44772
G1 X97.511 Y148.006 E296.49114
G1 X98.597 Y148.69 E296.53382
G1 X99.715 Y149.341 E296.57685
G1 X100.865 Y149.957 E296.62025
G1 X102.016 Y150.52 E296.66286
G1 X103.198 Y151.051 E296.70596
G1 X104.408 Y151.542 E296.74939
G1 X105.611 Y151.98 E296.79197
G1 X106.853 Y152.387 E296.83544
G1 X108.093 Y152.737 E296.8783
G1 X109.338 Y153.05 E296.921
G1 X110.618 Y153.32 E296.96451
G1 X111.89 Y153.538 E297.00743
G1 X113.248 Y153.727 E297.05303
G1 X114.524 Y153.852 E297.09567
G1 X115.758 Y153.932 E297.1368
G1 X117.01 Y153.968 E297.17846
G1 X117.5 Y153.966 E297.19476
G0 F9000 X117.502 Y154.98
G1 F2700 E292.19476
;MESH:NONMESH
G0 F300 X117.502 Y154.98 Z2
G0 F9000 X117.506 Y156.61
G0 X117.5 Y157.429
;TIME_ELAPSED:412.020589
;LAYER:9
;TYPE:WALL-OUTER
;MESH:Led Ring.stl
G1 F2700 E297.19476
G1 F1500 X116.498 Y157.42 E297.22809
G1 X115.156 Y157.364 E297.27276
G1 X113.838 Y157.262 E297.31673
G1 X112.502 Y157.116 E297.36143
G1 X111.148 Y156.926 E297.40691
G1 X109.831 Y156.691 E297.4514
G1 X108.529 Y156.413 E297.49568
G1 X107.228 Y156.09 E297.54027
G1 X105.954 Y155.728 E297.58432
G1 X104.678 Y155.318 E297.6289
G1 X103.423 Y154.87 E297.67322
G1 X102.168 Y154.374 E297.7181
G1 X100.924 Y153.83 E297.76326
G1 X99.729 Y153.255 E297.80737
G1 X98.548 Y152.644 E297.85159
G1 X97.345 Y151.971 E297.89744
G1 X96.224 Y151.29 E297.94106
G1 X95.089 Y150.546 E297.9862
G1 X93.982 Y149.77 E298.03117
G1 X92.932 Y148.973 E298.07501
G1 X91.899 Y148.14 E298.11915
G1 X90.858 Y147.238 E298.16496
G1 X89.875 Y146.327 E298.20954
G1 X88.939 Y145.4 E298.25335
G1 X88 Y144.405 E298.29886
G1 X87.117 Y143.402 E298.3433
G1 X86.286 Y142.392 E298.3868
G1 X85.463 Y141.324 E298.43165
G1 X84.665 Y140.21 E298.47723
G1 X83.94 Y139.122 E298.52071
G1 X83.216 Y137.957 E298.56633
G1 X82.532 Y136.763 E298.6121
G1 X81.935 Y135.634 E298.65458
G1 X81.353 Y134.439 E298.69879
G1 X80.788 Y133.177 E298.74477
G1 X80.294 Y131.962 E298.7884
G1 X79.83 Y130.704 E298.833
G1 X79.408 Y129.432 E298.87757
G1 X79.029 Y128.145 E298.92219
G1 X78.694 Y126.849 E298.96671
G1 X78.402 Y125.534 E299.01152
G1 X78.144 Y124.159 E299.05805
G1 X77.954 Y122.889 E299.10076
G1 X77.794 Y121.564 E299.14515
G1 X77.682 Y120.238 E299.18941
G1 X77.613 Y118.887 E299.2344
G1 X77.588 Y117.528 E299.27961
G1 X77.612 Y116.187 E299.32422
G1 X77.68 Y114.838 E299.36914
G1 X77.792 Y113.513 E299.41337
G1 X77.948 Y112.207 E299.45712
G1 X78.145 Y110.884 E299.5016
G1 X78.392 Y109.563 E299.5463
G1 X78.687 Y108.227 E299.59181
G1 X79.021 Y106.93 E299.63635
G1 X79.399 Y105.644 E299.68094
G1 X79.821 Y104.37 E299.72557
G1 X80.273 Y103.14 E299.76916
G1 X80.778 Y101.898 E299.81375
G1 X81.342 Y100.633 E299.85982
G1 X81.911 Y99.463 E299.90309
G1 X82.548 Y98.257 E299.94845
G1 X83.216 Y97.091 E299.99315
G1 X83.911 Y95.97 E300.03702
G1 X84.665 Y94.834 E300.08237
G1 X85.445 Y93.748 E300.12684
G1 X86.269 Y92.677 E300.17178
G1 X87.117 Y91.646 E300.21618
G1 X88 Y90.639 E300.26073
G1 X88.899 Y89.686 E300.3043
G1 X89.895 Y88.701 E300.35089
G1 X90.837 Y87.828 E300.39361
G1 X91.855 Y86.945 E300.43843
G1 X92.892 Y86.106 E300.4828
G1 X93.982 Y85.278 E300.52832
G1 X95.068 Y84.516 E300.57245
G1 X96.199 Y83.774 E300.61744
G1 X97.345 Y83.077 E300.66205
G1 X98.502 Y82.428 E300.70618
G1 X99.735 Y81.785 E300.75243
G1 X100.924 Y81.218 E300.79624
G1 X102.141 Y80.685 E300.84043
G1 X103.368 Y80.201 E300.8843
G1 X104.625 Y79.748 E300.92874
G1 X105.9 Y79.336 E300.9733
G1 X107.201 Y78.965 E301.0183
G1 X108.53 Y78.635 E301.06385
G1 X109.801 Y78.363 E301.10708
G1 X111.125 Y78.126 E301.15181
G1 X112.447 Y77.935 E301.19624
G1 X113.786 Y77.79 E301.24104
G1 X115.127 Y77.686 E301.28577
G1 X116.471 Y77.629 E301.33051
G1 X117.803 Y77.616 E301.37482
G1 X119.168 Y77.648 E301.42023
G1 X120.437 Y77.72 E301.46251
G1 X121.893 Y77.855 E301.51114
G1 X123.158 Y78.02 E301.55357
G1 X124.496 Y78.233 E301.59863
G1 X125.814 Y78.492 E301.64331
G1 X127.019 Y78.763 E301.68439
G1 X128.536 Y79.173 E301.73665
G1 X129.687 Y79.524 E301.77668
G1 X130.98 Y79.961 E301.82207
G1 X132.222 Y80.43 E301.86623
G1 X133.459 Y80.944 E301.91078
G1 X134.658 Y81.494 E301.95466
G1 X135.891 Y82.106 E302.00044
G1 X137.042 Y82.728 E302.04395
G1 X138.277 Y83.454 E302.0916
G1 X139.331 Y84.12 E302.13307
G1 X140.389 Y84.828 E302.17541
G1 X141.543 Y85.672 E302.22296
G1 X142.606 Y86.5 E302.26778
G1 X143.654 Y87.382 E302.31334
G1 X144.607 Y88.236 E302.3559
G1 X145.595 Y89.182 E302.40139
G1 X146.53 Y90.142 E302.44597
G1 X147.389 Y91.083 E302.48834
G1 X148.286 Y92.129 E302.53417
G1 X149.149 Y93.21 E302.58018
G1 X149.98 Y94.344 E302.62694
G1 X150.701 Y95.38 E302.66892
G1 X151.411 Y96.486 E302.71263
G1 X152.101 Y97.641 E302.75738
G1 X152.749 Y98.808 E302.80178
G1 X153.376 Y100.04 E302.84776
G1 X154.037 Y101.456 E302.89973
G1 X154.03 Y101.465 E302.90011
G1 X154.462 Y102.48 E302.9368
G1 X154.939 Y103.706 E302.98055
G1 X155.358 Y104.888 E303.02227
G1 X155.784 Y106.253 E303.06983
G1 X156.14 Y107.545 E303.1144
G1 X156.477 Y108.944 E303.16226
G1 X156.722 Y110.16 E303.20352
G1 X156.946 Y111.485 E303.24821
G1 X157.117 Y112.696 E303.28889
G1 X157.267 Y114.197 E303.33906
G1 X157.356 Y115.507 E303.38273
G1 X157.403 Y116.818 E303.42637
G1 X157.404 Y118.188 E303.47193
G1 X157.357 Y119.502 E303.51566
G1 X157.266 Y120.85 E303.5606
G1 X157.116 Y122.322 E303.60981
G1 X156.954 Y123.529 E303.65032
G1 X156.727 Y124.851 E303.69493
G1 X156.484 Y126.069 E303.73624
G1 X156.15 Y127.47 E303.78414
G1 X155.792 Y128.767 E303.8289
G1 X155.354 Y130.16 E303.87746
G1 X154.952 Y131.306 E303.91786
G1 X154.466 Y132.556 E303.96246
G1 X154.03 Y133.583 E303.99957
G1 X154.037 Y133.592 E303.99995
G1 X153.376 Y135.008 E304.05193
G1 X152.767 Y136.202 E304.09651
G1 X152.114 Y137.38 E304.1413
G1 X151.444 Y138.509 E304.18497
G1 X150.709 Y139.657 E304.23031
G1 X150.005 Y140.683 E304.27169
G1 X149.149 Y141.838 E304.31951
G1 X148.33 Y142.863 E304.36315
G1 X147.451 Y143.895 E304.40823
G1 X146.556 Y144.879 E304.45247
G1 X145.625 Y145.839 E304.49695
G1 X144.636 Y146.785 E304.54247
G1 X143.652 Y147.667 E304.58642
G1 X142.61 Y148.544 E304.63172
G1 X141.567 Y149.358 E304.67573
G1 X140.406 Y150.201 E304.72345
G1 X139.378 Y150.899 E304.76478
G1 X138.299 Y151.585 E304.8073
G1 X137.094 Y152.291 E304.85375
G1 X135.672 Y153.06 E304.90752
G1 X135.663 Y153.055 E304.90786
G1 X134.678 Y153.543 E304.94443
G1 X133.483 Y154.09 E304.98814
G1 X132.226 Y154.618 E305.03348
G1 X130.994 Y155.082 E305.07727
G1 X129.726 Y155.513 E305.12181
G1 X128.563 Y155.87 E305.16228
G1 X127.042 Y156.274 E305.21462
G1 X125.843 Y156.551 E305.25555
G1 X124.504 Y156.815 E305.30094
G1 X123.217 Y157.022 E305.3443
G1 X121.893 Y157.193 E305.3887
G1 X120.402 Y157.331 E305.4385
G1 X119.189 Y157.395 E305.4789
G1 X117.86 Y157.432 E305.52312
G1 X117.5 Y157.429 E305.5351
G1 F2700 E300.5351
G0 F9000 X117.506 Y156.721
G0 X117.501 Y154.68
G0 X117.5 Y153.968
G1 F2700 E305.5351
G1 F1500 X118.22 Y153.968 E305.55904
G1 X119.468 Y153.92 E305.60058
G1 X120.843 Y153.82 E305.64644
G1 X121.311 Y153.776 E305.66207
G1 X122.12 Y153.679 E305.68917
G1 X123.409 Y153.49 E305.7325
G1 X124.684 Y153.261 E305.77559
G1 X125.936 Y152.984 E305.81824
G1 X127.194 Y152.662 E305.86143
G1 X128.441 Y152.292 E305.90469
G1 X129.668 Y151.882 E305.94772
G1 X130.871 Y151.432 E305.99044
G1 X132.077 Y150.933 E306.03385
G1 X133.248 Y150.398 E306.07667
G1 X134.402 Y149.819 E306.11961
G1 X135.549 Y149.192 E306.16309
G1 X136.651 Y148.536 E306.20574
G1 X137.748 Y147.833 E306.24908
G1 X138.803 Y147.101 E306.29179
G1 X139.848 Y146.321 E306.33516
G1 X140.846 Y145.516 E306.3778
G1 X141.835 Y144.66 E306.42131
G1 X142.781 Y143.779 E306.4643
G1 X143.698 Y142.866 E306.50734
G1 X144.588 Y141.912 E306.55074
G1 X145.456 Y140.912 E306.59478
G1 X146.244 Y139.934 E306.63655
G1 X147.016 Y138.913 E306.67912
G1 X147.761 Y137.838 E306.72263
G1 X148.464 Y136.753 E306.76563
G1 X149.128 Y135.639 E306.80876
G1 X149.752 Y134.509 E306.85169
G1 X150.331 Y133.35 E306.89478
G1 X150.827 Y132.289 E306.93374
G1 X151.369 Y130.994 E306.98043
G1 X151.828 Y129.771 E307.02388
G1 X152.242 Y128.545 E307.06692
G1 X152.612 Y127.302 E307.11005
G1 X152.934 Y126.063 E307.15263
G1 X153.216 Y124.8 E307.19567
G1 X153.433 Y123.654 E307.23447
G1 X153.642 Y122.246 E307.28181
G1 X153.787 Y120.947 E307.32528
G1 X153.888 Y119.656 E307.36835
G1 X153.936 Y118.364 E307.41136
G1 X153.944 Y117.07 E307.45439
G1 X153.908 Y115.774 E307.49752
G1 X153.82 Y114.482 E307.54059
G1 X153.696 Y113.208 E307.58316
G1 X153.515 Y111.916 E307.62655
G1 X153.293 Y110.636 E307.66976
G1 X153.028 Y109.371 E307.71275
G1 X152.715 Y108.115 E307.7558
G1 X152.361 Y106.884 E307.7984
G1 X151.959 Y105.642 E307.84182
G1 X151.516 Y104.427 E307.88484
G1 X151.03 Y103.225 E307.92796
G1 X150.499 Y102.045 E307.971
G1 X149.936 Y100.896 E308.01355
G1 X149.317 Y99.741 E308.05714
G1 X148.665 Y98.623 E308.10019
G1 X147.982 Y97.537 E308.14286
G1 X147.246 Y96.459 E308.18627
G1 X146.486 Y95.425 E308.22895
G1 X145.677 Y94.403 E308.2723
G1 X144.841 Y93.418 E308.31527
G1 X143.972 Y92.469 E308.35807
G1 X143.067 Y91.544 E308.40111
G1 X142.118 Y90.646 E308.44457
G1 X141.157 Y89.798 E308.4872
G1 X140.152 Y88.969 E308.53053
G1 X139.13 Y88.188 E308.57331
G1 X138.076 Y87.44 E308.6163
G1 X136.987 Y86.721 E308.6597
G1 X135.888 Y86.053 E308.70247
G1 X134.75 Y85.417 E308.74583
G1 X133.348 Y84.695 E308.79828
G1 X133.337 Y84.701 E308.7987
G1 X132.527 Y84.315 E308.82854
G1 X131.251 Y83.768 E308.87472
G1 X130.037 Y83.297 E308.91803
G1 X128.81 Y82.874 E308.9612
G1 X127.583 Y82.496 E309.0039
G1 X126.332 Y82.162 E309.04697
G1 X125.069 Y81.87 E309.09008
G1 X123.791 Y81.619 E309.1334
G1 X122.523 Y81.422 E309.17608
G1 X121.224 Y81.265 E309.2196
G1 X119.949 Y81.156 E309.26216
G1 X118.642 Y81.092 E309.30568
G1 X117.356 Y81.072 E309.34846
G1 X116.055 Y81.1 E309.39174
G1 X114.72 Y81.176 E309.43622
G1 X113.557 Y81.284 E309.47506
G1 X112.061 Y81.485 E309.52527
G1 X111.012 Y81.65 E309.56059
G1 X109.655 Y81.928 E309.60666
G1 X108.385 Y82.229 E309.65007
G1 X107.15 Y82.575 E309.69273
G1 X105.907 Y82.969 E309.7361
G1 X104.697 Y83.395 E309.77876
G1 X103.622 Y83.817 E309.81717
G1 X102.331 Y84.378 E309.86399
G1 X101.129 Y84.955 E309.90834
G1 X99.995 Y85.55 E309.95093
G1 X98.788 Y86.242 E309.99721
G1 X97.762 Y86.882 E310.03743
G1 X96.693 Y87.593 E310.08013
G1 X95.634 Y88.357 E310.12356
G1 X94.613 Y89.154 E310.16664
G1 X93.631 Y89.974 E310.20919
G1 X92.658 Y90.847 E310.25267
G1 X91.725 Y91.748 E310.29581
G1 X90.836 Y92.669 E310.33838
G1 X89.963 Y93.642 E310.38186
G1 X89.134 Y94.631 E310.42478
G1 X88.341 Y95.65 E310.46773
G1 X87.581 Y96.702 E310.51089
G1 X86.865 Y97.772 E310.55372
G1 X86.222 Y98.797 E310.59396
G1 X85.534 Y100.004 E310.64017
G1 X84.934 Y101.151 E310.68322
G1 X84.371 Y102.317 E310.72629
G1 X83.8 Y103.628 E310.77385
G1 X83.377 Y104.707 E310.8124
G1 X82.943 Y105.924 E310.85537
G1 X82.553 Y107.159 E310.89845
G1 X82.207 Y108.406 E310.94149
G1 X81.905 Y109.665 E310.98455
G1 X81.631 Y111.016 E311.0304
G1 X81.438 Y112.212 E311.07069
G1 X81.273 Y113.482 E311.11329
G1 X81.156 Y114.729 E311.15495
G1 X81.08 Y116.06 E311.19929
G1 X81.048 Y117.375 E311.24304
G1 X81.064 Y118.651 E311.28548
G1 X81.128 Y119.942 E311.32847
G1 X81.235 Y121.217 E311.37103
G1 X81.393 Y122.529 E311.41498
G1 X81.59 Y123.795 E311.45759
G1 X81.839 Y125.067 E311.5007
G1 X82.129 Y126.329 E311.54377
G1 X82.462 Y127.58 E311.58683
G1 X82.844 Y128.827 E311.63021
G1 X83.262 Y130.042 E311.67294
G1 X83.729 Y131.249 E311.71599
G1 X84.236 Y132.439 E311.75901
G1 X84.67 Y133.353 E311.79266
G1 X84.663 Y133.363 E311.79307
G1 X85.382 Y134.76 E311.84533
G1 X86.013 Y135.89 E311.88837
G1 X86.685 Y136.996 E311.93142
G1 X87.396 Y138.078 E311.97448
G1 X88.152 Y139.144 E312.01795
G1 X88.928 Y140.162 E312.06052
G1 X89.689 Y141.091 E312.10046
G1 X90.606 Y142.129 E312.14653
G1 X91.498 Y143.07 E312.18965
G1 X92.463 Y144.019 E312.23467
G1 X93.385 Y144.86 E312.27618
G1 X94.362 Y145.689 E312.31879
G1 X95.379 Y146.493 E312.36191
G1 X96.421 Y147.261 E312.40497
G1 X97.499 Y147.998 E312.4484
G1 X98.581 Y148.682 E312.49097
G1 X99.699 Y149.333 E312.534
G1 X100.853 Y149.953 E312.57757
G1 X102.004 Y150.516 E312.62019
G1 X103.181 Y151.047 E312.66314
G1 X104.399 Y151.541 E312.70685
G1 X105.599 Y151.976 E312.74931
G1 X106.841 Y152.383 E312.79278
G1 X108.077 Y152.733 E312.8355
G1 X109.327 Y153.046 E312.87836
G1 X110.606 Y153.316 E312.92184
G1 X111.88 Y153.539 E312.96486
G1 X113.24 Y153.727 E313.01052
G1 X114.516 Y153.852 E313.05316
G1 X115.742 Y153.932 E313.09403
G1 X116.99 Y153.968 E313.13555
G1 X117.5 Y153.968 E313.15252
G0 F9000 X117.501 Y154.98
G1 F2700 E308.15252
;MESH:NONMESH
G0 F300 X117.501 Y154.98 Z2.2
G0 F9000 X117.506 Y156.721
G0 X117.5 Y157.522
;TIME_ELAPSED:432.523890
;LAYER:10
;TYPE:WALL-OUTER
;MESH:Led Ring.stl
G1 F2700 E313.15252
G1 F1500 X116.498 Y157.516 E313.18584
G1 X115.178 Y157.457 E313.22979
G1 X113.803 Y157.356 E313.27565
G1 X112.494 Y157.212 E313.31945
G1 X111.164 Y157.022 E313.36413
G1 X109.815 Y156.783 E313.4097
G1 X108.51 Y156.505 E313.45408
G1 X107.204 Y156.178 E313.49886
G1 X105.898 Y155.808 E313.544
G1 X104.621 Y155.398 E313.58861
G1 X103.363 Y154.948 E313.63305
G1 X102.106 Y154.447 E313.67806
G1 X100.888 Y153.914 E313.72228
G1 X99.687 Y153.34 E313.76655
G1 X98.48 Y152.716 E313.81174
G1 X97.297 Y152.051 E313.85688
G1 X96.177 Y151.371 E313.90046
G1 X95.057 Y150.635 E313.94503
G1 X93.926 Y149.846 E313.9909
G1 X92.852 Y149.034 E314.03568
G1 X91.839 Y148.212 E314.07907
G1 X90.773 Y147.288 E314.12599
G1 X89.831 Y146.418 E314.16864
G1 X88.875 Y145.467 E314.21349
G1 X87.932 Y144.469 E314.25916
G1 X87.045 Y143.462 E314.30379
G1 X86.215 Y142.454 E314.34722
G1 X85.389 Y141.377 E314.39236
G1 X84.589 Y140.266 E314.4379
G1 X83.861 Y139.176 E314.48149
G1 X83.136 Y138.005 E314.5273
G1 X82.452 Y136.811 E314.57307
G1 X81.825 Y135.623 E314.61775
G1 X81.266 Y134.476 E314.66019
G1 X80.712 Y133.245 E314.70509
G1 X80.206 Y132.002 E314.74972
G1 X79.738 Y130.736 E314.79461
G1 X79.352 Y129.576 E314.83528
G1 X78.941 Y128.182 E314.88361
G1 X78.602 Y126.869 E314.92872
G1 X78.304 Y125.528 E314.97441
G1 X78.062 Y124.234 E315.01819
G1 X77.85 Y122.844 E315.06496
G1 X77.702 Y121.571 E315.10758
G1 X77.59 Y120.244 E315.15188
G1 X77.517 Y118.893 E315.19688
G1 X77.496 Y117.528 E315.24228
G1 X77.516 Y116.183 E315.28702
G1 X77.588 Y114.83 E315.33209
G1 X77.699 Y113.504 E315.37634
G1 X77.851 Y112.202 E315.41994
G1 X78.058 Y110.838 E315.46583
G1 X78.3 Y109.548 E315.50948
G1 X78.595 Y108.207 E315.55515
G1 X78.933 Y106.894 E315.60025
G1 X79.34 Y105.521 E315.64788
G1 X79.729 Y104.339 E315.68926
G1 X80.195 Y103.077 E315.73401
G1 X80.701 Y101.831 E315.77874
G1 X81.254 Y100.593 E315.82383
G1 X81.839 Y99.399 E315.86806
G1 X82.468 Y98.209 E315.91283
G1 X83.136 Y97.043 E315.95752
G1 X83.833 Y95.918 E316.00154
G1 X84.589 Y94.782 E316.04692
G1 X85.358 Y93.713 E316.09072
G1 X86.179 Y92.64 E316.13566
G1 X87.045 Y91.586 E316.18103
G1 X87.932 Y90.579 E316.22566
G1 X88.837 Y89.62 E316.26952
G1 X89.807 Y88.653 E316.31507
G1 X90.774 Y87.76 E316.35885
G1 X91.795 Y86.872 E316.40386
G1 X92.828 Y86.033 E316.44812
G1 X93.926 Y85.202 E316.49392
G1 X95.017 Y84.44 E316.53818
G1 X96.151 Y83.693 E316.58335
G1 X97.272 Y83.012 E316.62697
G1 X98.455 Y82.346 E316.67213
G1 X99.693 Y81.7 E316.71857
G1 X100.858 Y81.148 E316.76145
G1 X102.078 Y80.613 E316.80576
G1 X103.327 Y80.114 E316.85049
G1 X104.593 Y79.66 E316.89522
G1 X105.898 Y79.24 E316.94082
G1 X107.179 Y78.877 E316.9851
G1 X108.51 Y78.543 E317.03075
G1 X109.786 Y78.27 E317.07415
G1 X111.108 Y78.034 E317.11881
G1 X112.438 Y77.842 E317.16351
G1 X113.772 Y77.694 E317.20815
G1 X115.128 Y77.594 E317.25337
G1 X116.468 Y77.533 E317.29799
G1 X117.799 Y77.52 E317.34226
G1 X119.171 Y77.556 E317.38791
G1 X120.412 Y77.626 E317.42925
G1 X122.001 Y77.775 E317.48233
G1 X123.17 Y77.928 E317.52154
G1 X124.512 Y78.141 E317.56674
G1 X125.834 Y78.4 E317.61154
G1 X127.123 Y78.695 E317.65552
G1 X128.441 Y79.049 E317.70091
G1 X129.738 Y79.439 E317.74596
G1 X131.008 Y79.873 E317.7906
G1 X132.258 Y80.342 E317.835
G1 X133.496 Y80.86 E317.87964
G1 X134.721 Y81.417 E317.9244
G1 X135.703 Y81.909 E317.96093
G1 X135.712 Y81.904 E317.96127
G1 X137.117 Y82.659 E318.01432
G1 X138.347 Y83.387 E318.06186
G1 X139.402 Y84.052 E318.10334
G1 X140.415 Y84.734 E318.14395
G1 X141.577 Y85.58 E318.19176
G1 X142.67 Y86.432 E318.23785
G1 X143.693 Y87.288 E318.28222
G1 X144.668 Y88.162 E318.32577
G1 X145.64 Y89.096 E318.3706
G1 X146.58 Y90.059 E318.41536
G1 X147.51 Y91.073 E318.46113
G1 X148.359 Y92.07 E318.50468
G1 X149.196 Y93.12 E318.54934
G1 X150.017 Y94.225 E318.59513
G1 X150.781 Y95.327 E318.63973
G1 X151.49 Y96.434 E318.68345
G1 X152.181 Y97.593 E318.72833
G1 X152.843 Y98.79 E318.77383
G1 X153.447 Y99.974 E318.81803
G1 X154.121 Y101.416 E318.87098
G1 X154.114 Y101.426 E318.87138
G1 X154.54 Y102.417 E318.90726
G1 X155.036 Y103.694 E318.95282
G1 X155.473 Y104.943 E318.99683
G1 X155.88 Y106.253 E319.04246
G1 X156.231 Y107.524 E319.08632
G1 X156.569 Y108.923 E319.13419
G1 X156.814 Y110.144 E319.17561
G1 X157.042 Y111.491 E319.22104
G1 X157.225 Y112.837 E319.26622
G1 X157.358 Y114.134 E319.30959
G1 X157.45 Y115.473 E319.35423
G1 X157.495 Y116.816 E319.39892
G1 X157.496 Y118.16 E319.44362
G1 X157.452 Y119.534 E319.48935
G1 X157.362 Y120.858 E319.53349
G1 X157.228 Y122.184 E319.57781
G1 X157.046 Y123.541 E319.62335
G1 X156.819 Y124.871 E319.66823
G1 X156.576 Y126.093 E319.70967
G1 X156.242 Y127.494 E319.75757
G1 X155.884 Y128.791 E319.80232
G1 X155.482 Y130.073 E319.84701
G1 X155.04 Y131.338 E319.89158
G1 X154.565 Y132.564 E319.93531
G1 X154.114 Y133.622 E319.97356
G1 X154.121 Y133.632 E319.97397
G1 X153.46 Y135.048 E320.02594
G1 X152.851 Y136.246 E320.07064
G1 X152.198 Y137.428 E320.11555
G1 X151.513 Y138.578 E320.16007
G1 X150.785 Y139.709 E320.20481
G1 X150.073 Y140.747 E320.24668
G1 X149.238 Y141.871 E320.29325
G1 X148.404 Y142.921 E320.33785
G1 X147.523 Y143.955 E320.38303
G1 X146.626 Y144.941 E320.42736
G1 X145.685 Y145.906 E320.47219
G1 X144.675 Y146.88 E320.51886
G1 X143.715 Y147.741 E320.56175
G1 X142.67 Y148.616 E320.60708
G1 X141.618 Y149.433 E320.65138
G1 X140.549 Y150.218 E320.6955
G1 X139.41 Y150.992 E320.7413
G1 X138.374 Y151.652 E320.78215
G1 X137.118 Y152.389 E320.83059
G1 X135.712 Y153.144 E320.88367
G1 X135.704 Y153.139 E320.88398
G1 X134.817 Y153.587 E320.91703
G1 X133.542 Y154.169 E320.96365
G1 X132.258 Y154.706 E321.00994
G1 X131 Y155.179 E321.05464
G1 X129.751 Y155.602 E321.0985
G1 X128.59 Y155.961 E321.13892
G1 X127.068 Y156.366 E321.1913
G1 X125.864 Y156.642 E321.23239
G1 X124.52 Y156.907 E321.27795
G1 X123.229 Y157.114 E321.32144
G1 X121.902 Y157.285 E321.36594
G1 X120.412 Y157.423 E321.41571
G1 X119.199 Y157.491 E321.45612
G1 X117.855 Y157.524 E321.50083
G1 X117.5 Y157.522 E321.51264
G1 F2700 E316.51264
G0 F9000 X117.506 Y156.815
G0 X117.5 Y154.68
G0 X117.5 Y153.968
G1 F2700 E321.51264
G1 F1500 X118.192 Y153.968 E321.53565
G1 X119.436 Y153.924 E321.57706
G1 X120.663 Y153.836 E321.61797
G1 X121.48 Y153.755 E321.64528
G1 X122.096 Y153.683 E321.66591
G1 X123.385 Y153.498 E321.70922
G1 X124.56 Y153.285 E321.74893
G1 X126.04 Y152.956 E321.79936
G1 X127.174 Y152.666 E321.83829
G1 X128.421 Y152.3 E321.88152
G1 X129.648 Y151.89 E321.92455
G1 X130.85 Y151.444 E321.96719
G1 X132.057 Y150.941 E322.01068
G1 X133.22 Y150.406 E322.05326
G1 X134.378 Y149.827 E322.09632
G1 X135.528 Y149.204 E322.13982
G1 X136.634 Y148.549 E322.18257
G1 X137.729 Y147.845 E322.22587
G1 X138.783 Y147.113 E322.26855
G1 X139.828 Y146.333 E322.31192
G1 X140.83 Y145.528 E322.35467
G1 X141.819 Y144.676 E322.39809
G1 X142.757 Y143.803 E322.44071
G1 X143.685 Y142.883 E322.48417
G1 X144.559 Y141.94 E322.52694
G1 X145.415 Y140.96 E322.57021
G1 X146.224 Y139.962 E322.61294
G1 X147.008 Y138.916 E322.65642
G1 X147.752 Y137.849 E322.69968
G1 X148.452 Y136.769 E322.74249
G1 X149.116 Y135.659 E322.78551
G1 X149.726 Y134.555 E322.82746
G1 X150.323 Y133.37 E322.8716
G1 X150.826 Y132.293 E322.91113
G1 X151.361 Y131.014 E322.95724
G1 X151.816 Y129.799 E323.00039
G1 X152.202 Y128.678 E323.03983
G1 X152.608 Y127.322 E323.08691
G1 X152.93 Y126.083 E323.12948
G1 X153.212 Y124.82 E323.17253
G1 X153.429 Y123.674 E323.21132
G1 X153.638 Y122.266 E323.25866
G1 X153.783 Y120.967 E323.30214
G1 X153.884 Y119.676 E323.34521
G1 X153.936 Y118.385 E323.38818
G1 X153.948 Y117.09 E323.43125
G1 X153.908 Y115.793 E323.47441
G1 X153.824 Y114.502 E323.51744
G1 X153.695 Y113.227 E323.56006
G1 X153.519 Y111.936 E323.6034
G1 X153.297 Y110.669 E323.64618
G1 X153.032 Y109.391 E323.68959
G1 X152.719 Y108.135 E323.73265
G1 X152.369 Y106.905 E323.77518
G1 X151.963 Y105.658 E323.8188
G1 X151.52 Y104.443 E323.86181
G1 X151.034 Y103.244 E323.90484
G1 X150.507 Y102.062 E323.94789
G1 X149.944 Y100.912 E323.99047
G1 X149.329 Y99.761 E324.03388
G1 X148.677 Y98.643 E324.07692
G1 X147.994 Y97.557 E324.11959
G1 X147.258 Y96.475 E324.16312
G1 X146.498 Y95.441 E324.2058
G1 X145.69 Y94.416 E324.24921
G1 X144.861 Y93.442 E324.29175
G1 X143.996 Y92.494 E324.33443
G1 X143.071 Y91.551 E324.37837
G1 X142.134 Y90.659 E324.4214
G1 X141.088 Y89.741 E324.46769
G1 X140.168 Y88.981 E324.50738
G1 X139.133 Y88.188 E324.55074
G1 X138.092 Y87.449 E324.5932
G1 X137.01 Y86.736 E324.6363
G1 X135.896 Y86.06 E324.67964
G1 X134.766 Y85.425 E324.72275
G1 X133.628 Y84.838 E324.76534
G1 X132.458 Y84.283 E324.80841
G1 X131.267 Y83.775 E324.85148
G1 X130.057 Y83.305 E324.89465
G1 X128.826 Y82.878 E324.93799
G1 X127.604 Y82.5 E324.98053
G1 X126.352 Y82.166 E325.02363
G1 X125.077 Y81.873 E325.06714
G1 X123.811 Y81.623 E325.11006
G1 X122.539 Y81.426 E325.15287
G1 X121.245 Y81.269 E325.19623
G1 X119.966 Y81.156 E325.23893
G1 X118.662 Y81.092 E325.28236
G1 X117.376 Y81.072 E325.32514
G1 X116.075 Y81.1 E325.36842
G1 X114.74 Y81.176 E325.41289
G1 X113.493 Y81.292 E325.45455
G1 X112.218 Y81.457 E325.49731
G1 X111.028 Y81.646 E325.53738
G1 X109.671 Y81.924 E325.58345
G1 X108.405 Y82.225 E325.62673
G1 X107.166 Y82.567 E325.66948
G1 X105.923 Y82.961 E325.71285
G1 X104.713 Y83.387 E325.75552
G1 X103.638 Y83.809 E325.79393
G1 X102.329 Y84.378 E325.8414
G1 X101.145 Y84.947 E325.8851
G1 X100.011 Y85.542 E325.92769
G1 X98.87 Y86.193 E325.97138
G1 X97.775 Y86.869 E326.01418
G1 X96.708 Y87.581 E326.05685
G1 X95.65 Y88.35 E326.10035
G1 X94.625 Y89.141 E326.14341
G1 X93.635 Y89.97 E326.18636
G1 X92.682 Y90.827 E326.22899
G1 X91.737 Y91.735 E326.27258
G1 X90.848 Y92.657 E326.31517
G1 X89.975 Y93.63 E326.35865
G1 X89.143 Y94.619 E326.40164
G1 X88.354 Y95.633 E326.44437
G1 X87.589 Y96.69 E326.48777
G1 X86.874 Y97.756 E326.53046
G1 X86.234 Y98.786 E326.57079
G1 X85.542 Y99.988 E326.61692
G1 X84.942 Y101.135 E326.65998
G1 X84.379 Y102.301 E326.70304
G1 X83.755 Y103.73 E326.75491
G1 X83.762 Y103.739 E326.75529
G1 X83.386 Y104.69 E326.7893
G1 X82.955 Y105.896 E326.83189
G1 X82.561 Y107.143 E326.87539
G1 X82.211 Y108.389 E326.91844
G1 X81.909 Y109.649 E326.96153
G1 X81.635 Y111.004 E327.00751
G1 X81.442 Y112.191 E327.04751
G1 X81.277 Y113.466 E327.09027
G1 X81.156 Y114.712 E327.13191
G1 X81.08 Y116.044 E327.17628
G1 X81.048 Y117.359 E327.22003
G1 X81.064 Y118.635 E327.26248
G1 X81.128 Y119.926 E327.30547
G1 X81.236 Y121.217 E327.34856
G1 X81.393 Y122.513 E327.39198
G1 X81.586 Y123.779 E327.43457
G1 X81.835 Y125.051 E327.47768
G1 X82.125 Y126.313 E327.52075
G1 X82.458 Y127.576 E327.56419
G1 X82.836 Y128.8 E327.6068
G1 X83.258 Y130.026 E327.64992
G1 X83.725 Y131.233 E327.69297
G1 X84.232 Y132.423 E327.73599
G1 X84.786 Y133.606 E327.77944
G1 X85.374 Y134.748 E327.82216
G1 X86.005 Y135.874 E327.86509
G1 X86.677 Y136.98 E327.90813
G1 X87.388 Y138.062 E327.9512
G1 X88.14 Y139.132 E327.99469
G1 X88.921 Y140.15 E328.03737
G1 X89.749 Y141.159 E328.08078
G1 X90.646 Y142.173 E328.12581
G1 X91.494 Y143.07 E328.16687
G1 X92.412 Y143.968 E328.20958
G1 X93.364 Y144.84 E328.25252
G1 X94.35 Y145.681 E328.29562
G1 X95.363 Y146.485 E328.33864
G1 X96.349 Y147.213 E328.3794
G1 X97.475 Y147.982 E328.42475
G1 X98.569 Y148.673 E328.46779
G1 X99.687 Y149.325 E328.51083
G1 X100.841 Y149.945 E328.55441
G1 X101.992 Y150.508 E328.59702
G1 X103.169 Y151.039 E328.63997
G1 X104.38 Y151.53 E328.68343
G1 X105.582 Y151.972 E328.72603
G1 X106.825 Y152.379 E328.76953
G1 X108.061 Y152.729 E328.81226
G1 X109.315 Y153.043 E328.85525
G1 X110.59 Y153.312 E328.89859
G1 X111.857 Y153.534 E328.94137
G1 X113.232 Y153.723 E328.98754
G1 X114.507 Y153.851 E329.03016
G1 X115.73 Y153.932 E329.07092
G1 X116.974 Y153.968 E329.11232
G1 X117.5 Y153.968 E329.12981
G0 F9000 X117.5 Y154.98
G1 F2700 E324.12981
;MESH:NONMESH
G0 F300 X117.5 Y154.98 Z2.4
G0 F9000 X117.506 Y156.815
G0 X117.5 Y157.605
;TIME_ELAPSED:453.054503
;LAYER:11
;TYPE:WALL-OUTER
;MESH:Led Ring.stl
G1 F2700 E329.12981
G1 F1500 X116.494 Y157.596 E329.16327
G1 X115.148 Y157.54 E329.20808
G1 X113.795 Y157.436 E329.25321
G1 X112.482 Y157.292 E329.29715
G1 X111.12 Y157.102 E329.34288
G1 X109.826 Y156.868 E329.38662
G1 X108.49 Y156.585 E329.43204
G1 X107.184 Y156.258 E329.47682
G1 X105.874 Y155.888 E329.5221
G1 X104.593 Y155.474 E329.56687
G1 X103.327 Y155.02 E329.61161
G1 X102.073 Y154.523 E329.65647
G1 X100.852 Y153.99 E329.70078
G1 X99.653 Y153.417 E329.74498
G1 X98.44 Y152.788 E329.79043
G1 X97.258 Y152.123 E329.83553
G1 X96.13 Y151.436 E329.87946
G1 X94.989 Y150.694 E329.92473
G1 X93.878 Y149.91 E329.96996
G1 X92.826 Y149.115 E330.01381
G1 X91.787 Y148.276 E330.05823
G1 X90.761 Y147.39 E330.10332
G1 X89.751 Y146.455 E330.1491
G1 X88.815 Y145.523 E330.19303
G1 X87.872 Y144.525 E330.2387
G1 X86.985 Y143.518 E330.28333
G1 X86.147 Y142.501 E330.32716
G1 X85.323 Y141.432 E330.37205
G1 X84.538 Y140.338 E330.41684
G1 X83.792 Y139.219 E330.46157
G1 X83.064 Y138.045 E330.50751
G1 X82.409 Y136.903 E330.5513
G1 X81.778 Y135.719 E330.59592
G1 X81.192 Y134.509 E330.64064
G1 X80.624 Y133.249 E330.68661
G1 X80.129 Y132.024 E330.73055
G1 X79.662 Y130.761 E330.77534
G1 X79.263 Y129.576 E330.81693
G1 X78.861 Y128.201 E330.86457
G1 X78.522 Y126.891 E330.90958
G1 X78.23 Y125.572 E330.95451
G1 X77.983 Y124.252 E330.99918
G1 X77.778 Y122.917 E331.0441
G1 X77.612 Y121.518 E331.09096
G1 X77.506 Y120.251 E331.13325
G1 X77.437 Y118.893 E331.17847
G1 X77.412 Y117.528 E331.22388
G1 X77.436 Y116.183 E331.26862
G1 X77.504 Y114.826 E331.31381
G1 X77.615 Y113.497 E331.35817
G1 X77.775 Y112.159 E331.40299
G1 X77.973 Y110.856 E331.44682
G1 X78.225 Y109.504 E331.49257
G1 X78.515 Y108.187 E331.53742
G1 X78.853 Y106.874 E331.58251
G1 X79.271 Y105.472 E331.63117
G1 X79.654 Y104.31 E331.67187
G1 X80.119 Y103.049 E331.71657
G1 X80.625 Y101.799 E331.76142
G1 X81.172 Y100.583 E331.80577
G1 X81.763 Y99.359 E331.85097
G1 X82.335 Y98.285 E331.89145
G1 X83.064 Y97.003 E331.9405
G1 X83.762 Y95.877 E331.98456
G1 X84.521 Y94.734 E332.0302
G1 X85.287 Y93.665 E332.07394
G1 X86.133 Y92.565 E332.12009
G1 X86.981 Y91.534 E332.16449
G1 X87.872 Y90.523 E332.20931
G1 X88.777 Y89.564 E332.25317
G1 X89.751 Y88.593 E332.29891
G1 X90.715 Y87.698 E332.34266
G1 X91.743 Y86.809 E332.38787
G1 X92.804 Y85.95 E332.43327
G1 X93.878 Y85.138 E332.47805
G1 X94.989 Y84.354 E332.52328
G1 X96.085 Y83.64 E332.56679
G1 X97.231 Y82.94 E332.61145
G1 X98.415 Y82.274 E332.65663
G1 X99.599 Y81.657 E332.70104
G1 X100.852 Y81.058 E332.74723
G1 X102.106 Y80.507 E332.79279
G1 X103.3 Y80.034 E332.8355
G1 X104.564 Y79.58 E332.88017
G1 X105.845 Y79.169 E332.92492
G1 X107.158 Y78.797 E332.97031
G1 X108.49 Y78.463 E333.01598
G1 X109.772 Y78.19 E333.05958
G1 X111.088 Y77.951 E333.10406
G1 X112.427 Y77.759 E333.14906
G1 X113.769 Y77.614 E333.19395
G1 X115.118 Y77.51 E333.23895
G1 X116.466 Y77.453 E333.28383
G1 X117.806 Y77.44 E333.3284
G1 X119.175 Y77.472 E333.37394
G1 X120.448 Y77.544 E333.41635
G1 X122.009 Y77.695 E333.46851
G1 X123.178 Y77.843 E333.5077
G1 X124.529 Y78.057 E333.5532
G1 X125.85 Y78.316 E333.59797
G1 X127.059 Y78.591 E333.63921
G1 X128.56 Y78.998 E333.69094
G1 X129.762 Y79.363 E333.73272
G1 X131.04 Y79.793 E333.77756
G1 X132.286 Y80.266 E333.82189
G1 X133.539 Y80.788 E333.86704
G1 X134.843 Y81.388 E333.91478
G1 X135.709 Y81.803 E333.94672
G1 X135.711 Y81.815 E333.94713
G1 X137.158 Y82.587 E334.00167
G1 X138.391 Y83.315 E334.0493
G1 X139.432 Y83.974 E334.09028
G1 X140.568 Y84.74 E334.13585
G1 X141.651 Y85.532 E334.18047
G1 X142.722 Y86.368 E334.22566
G1 X143.725 Y87.211 E334.26924
G1 X144.748 Y88.123 E334.31482
G1 X145.719 Y89.054 E334.35956
G1 X146.638 Y90.001 E334.40345
G1 X147.548 Y90.997 E334.44833
G1 X148.441 Y92.04 E334.49399
G1 X149.289 Y93.102 E334.5392
G1 X150.126 Y94.241 E334.58621
G1 X150.832 Y95.258 E334.62739
G1 X151.564 Y96.396 E334.67239
G1 X152.226 Y97.496 E334.71509
G1 X152.919 Y98.758 E334.76298
G1 X153.528 Y99.952 E334.80756
G1 X154.085 Y101.148 E334.85144
G1 X154.615 Y102.384 E334.89617
G1 X155.102 Y103.639 E334.94094
G1 X155.549 Y104.915 E334.98591
G1 X155.952 Y106.202 E335.03077
G1 X156.314 Y107.503 E335.07568
G1 X156.649 Y108.908 E335.12372
G1 X156.894 Y110.129 E335.16514
G1 X157.121 Y111.449 E335.20969
G1 X157.305 Y112.791 E335.25474
G1 X157.443 Y114.181 E335.3012
G1 X157.53 Y115.47 E335.34417
G1 X157.579 Y116.813 E335.38887
G1 X157.58 Y118.192 E335.43473
G1 X157.533 Y119.509 E335.47857
G1 X157.442 Y120.868 E335.52387
G1 X157.309 Y122.224 E335.56919
G1 X157.126 Y123.557 E335.61394
G1 X156.903 Y124.883 E335.65866
G1 X156.656 Y126.109 E335.70026
G1 X156.322 Y127.513 E335.74826
G1 X155.96 Y128.811 E335.79307
G1 X155.561 Y130.101 E335.83799
G1 X155.116 Y131.366 E335.88259
G1 X154.63 Y132.624 E335.92744
G1 X154.112 Y133.836 E335.97128
G1 X153.528 Y135.092 E336.01735
G1 X152.923 Y136.286 E336.06187
G1 X152.235 Y137.525 E336.10901
G1 X151.597 Y138.6 E336.15058
G1 X150.857 Y139.757 E336.19626
G1 X150.145 Y140.791 E336.23802
G1 X149.289 Y141.946 E336.28584
G1 X148.468 Y142.977 E336.32967
G1 X147.588 Y144.009 E336.37478
G1 X146.67 Y145.018 E336.42015
G1 X145.747 Y145.965 E336.46413
G1 X144.756 Y146.917 E336.50984
G1 X143.767 Y147.799 E336.55391
G1 X142.722 Y148.68 E336.59937
G1 X141.673 Y149.499 E336.64364
G1 X140.599 Y150.285 E336.6879
G1 X139.474 Y151.047 E336.7331
G1 X138.418 Y151.72 E336.77475
G1 X137.158 Y152.461 E336.82336
G1 X135.972 Y153.098 E336.86814
G1 X134.765 Y153.699 E336.91299
G1 X133.555 Y154.252 E336.95724
G1 X132.286 Y154.782 E337.00298
G1 X131.028 Y155.259 E337.04772
G1 X129.776 Y155.682 E337.09168
G1 X128.615 Y156.041 E337.1321
G1 X127.09 Y156.446 E337.18458
G1 X125.881 Y156.722 E337.22582
G1 X124.532 Y156.987 E337.27155
G1 X123.239 Y157.194 E337.3151
G1 X121.947 Y157.365 E337.35845
G1 X120.415 Y157.507 E337.40962
G1 X119.203 Y157.575 E337.45
G1 X117.863 Y157.608 E337.49458
G1 X117.5 Y157.605 E337.50665
G1 F2700 E332.50665
G0 F9000 X117.506 Y156.898
G0 X117.5 Y154.68
G0 X117.5 Y153.968
G1 F2700 E337.50665
G1 F1500 X118.168 Y153.968 E337.52887
G1 X119.404 Y153.924 E337.57001
G1 X120.626 Y153.84 E337.61074
G1 X122.074 Y153.687 E337.65917
G1 X123.362 Y153.498 E337.70247
G1 X124.539 Y153.293 E337.74221
G1 X126.02 Y152.964 E337.79267
G1 X127.154 Y152.674 E337.8316
G1 X128.401 Y152.304 E337.87486
G1 X129.627 Y151.898 E337.91782
G1 X130.83 Y151.452 E337.96049
G1 X132.05 Y150.944 E338.00444
G1 X133.203 Y150.419 E338.04658
G1 X134.325 Y149.858 E338.0883
G1 X135.508 Y149.216 E338.13307
G1 X136.614 Y148.561 E338.17582
G1 X137.712 Y147.857 E338.2192
G1 X138.767 Y147.125 E338.26191
G1 X139.812 Y146.345 E338.30528
G1 X140.814 Y145.54 E338.34803
G1 X141.803 Y144.688 E338.39145
G1 X142.741 Y143.815 E338.43407
G1 X143.669 Y142.895 E338.47753
G1 X144.543 Y141.961 E338.52008
G1 X145.403 Y140.976 E338.56357
G1 X146.212 Y139.978 E338.6063
G1 X146.948 Y139.005 E338.64688
G1 X147.732 Y137.883 E338.6924
G1 X148.44 Y136.789 E338.73574
G1 X149.108 Y135.68 E338.7788
G1 X149.72 Y134.56 E338.82125
G1 X150.315 Y133.391 E338.86488
G1 X150.858 Y132.212 E338.90805
G1 X151.353 Y131.03 E338.95068
G1 X151.815 Y129.811 E338.99403
G1 X152.23 Y128.58 E339.03724
G1 X152.6 Y127.342 E339.08022
G1 X152.922 Y126.103 E339.1228
G1 X153.212 Y124.829 E339.16625
G1 X153.445 Y123.553 E339.20939
G1 X153.634 Y122.286 E339.252
G1 X153.783 Y120.991 E339.29536
G1 X153.884 Y119.7 E339.33843
G1 X153.936 Y118.405 E339.38153
G1 X153.948 Y117.11 E339.42461
G1 X153.908 Y115.813 E339.46777
G1 X153.824 Y114.522 E339.5108
G1 X153.7 Y113.248 E339.55337
G1 X153.523 Y111.952 E339.59687
G1 X153.302 Y110.689 E339.63952
G1 X153.036 Y109.411 E339.68294
G1 X152.723 Y108.155 E339.72599
G1 X152.373 Y106.921 E339.76865
G1 X151.971 Y105.678 E339.8121
G1 X151.528 Y104.463 E339.85512
G1 X151.042 Y103.261 E339.89824
G1 X150.519 Y102.09 E339.94089
G1 X149.948 Y100.92 E339.9842
G1 X149.337 Y99.777 E340.0273
G1 X148.685 Y98.659 E340.07035
G1 X148.002 Y97.573 E340.11302
G1 X147.27 Y96.491 E340.15647
G1 X146.501 Y95.449 E340.19954
G1 X145.71 Y94.44 E340.24218
G1 X144.873 Y93.454 E340.2852
G1 X143.992 Y92.489 E340.32866
G1 X143.087 Y91.564 E340.3717
G1 X142.154 Y90.674 E340.41459
G1 X141.177 Y89.813 E340.4579
G1 X140.192 Y88.998 E340.50042
G1 X139.154 Y88.204 E340.54389
G1 X138.108 Y87.461 E340.58656
G1 X137.026 Y86.749 E340.62964
G1 X135.913 Y86.069 E340.67302
G1 X134.794 Y85.441 E340.7157
G1 X133.644 Y84.846 E340.75877
G1 X132.562 Y84.331 E340.79863
G1 X131.284 Y83.78 E340.84491
G1 X130.072 Y83.313 E340.88811
G1 X128.842 Y82.887 E340.93141
G1 X127.497 Y82.466 E340.97828
G1 X127.302 Y82.422 E340.98493
G1 X126.482 Y82.195 E341.01323
G1 X125.105 Y81.877 E341.06024
G1 X123.861 Y81.632 E341.10241
G1 X122.559 Y81.43 E341.14623
G1 X121.261 Y81.269 E341.18973
G1 X119.985 Y81.16 E341.23233
G1 X118.679 Y81.092 E341.27582
G1 X117.396 Y81.072 E341.3185
G1 X116.091 Y81.1 E341.36191
G1 X114.756 Y81.176 E341.40639
G1 X113.509 Y81.292 E341.44804
G1 X112.238 Y81.457 E341.49067
G1 X110.959 Y81.666 E341.53378
G1 X109.68 Y81.923 E341.57717
G1 X108.43 Y82.217 E341.61988
G1 X107.186 Y82.563 E341.66282
G1 X105.94 Y82.953 E341.70625
G1 X104.729 Y83.383 E341.74899
G1 X103.526 Y83.857 E341.79199
G1 X102.335 Y84.377 E341.83522
G1 X101.161 Y84.939 E341.87851
G1 X99.938 Y85.583 E341.92448
G1 X98.892 Y86.182 E341.96457
G1 X97.791 Y86.861 E342.00759
G1 X96.724 Y87.573 E342.05026
G1 X95.663 Y88.337 E342.09374
G1 X94.641 Y89.129 E342.13675
G1 X93.655 Y89.954 E342.17951
G1 X92.694 Y90.819 E342.22251
G1 X91.753 Y91.723 E342.26591
G1 X90.852 Y92.652 E342.30896
G1 X89.983 Y93.613 E342.35205
G1 X89.154 Y94.607 E342.3951
G1 X88.358 Y95.629 E342.43819
G1 X87.606 Y96.666 E342.48079
G1 X86.878 Y97.748 E342.52417
G1 X86.194 Y98.85 E342.5673
G1 X85.561 Y99.953 E342.6096
G1 X84.95 Y101.119 E342.65339
G1 X84.392 Y102.272 E342.69599
G1 X83.872 Y103.459 E342.73909
G1 X83.39 Y104.674 E342.78257
G1 X82.959 Y105.88 E342.82516
G1 X82.565 Y107.127 E342.86866
G1 X82.215 Y108.373 E342.9117
G1 X81.913 Y109.629 E342.95467
G1 X81.655 Y110.9 E342.99781
G1 X81.446 Y112.167 E343.04052
G1 X81.277 Y113.449 E343.08352
G1 X81.156 Y114.692 E343.12506
G1 X81.08 Y116.028 E343.16957
G1 X81.048 Y117.336 E343.21309
G1 X81.064 Y118.619 E343.25576
G1 X81.124 Y119.91 E343.29875
G1 X81.232 Y121.201 E343.34184
G1 X81.389 Y122.497 E343.38526
G1 X81.586 Y123.763 E343.42787
G1 X81.831 Y125.034 E343.47092
G1 X82.121 Y126.297 E343.51402
G1 X82.454 Y127.548 E343.55708
G1 X82.832 Y128.787 E343.60017
G1 X83.254 Y130.01 E343.6432
G1 X83.717 Y131.216 E343.68616
G1 X84.223 Y132.407 E343.7292
G1 X84.774 Y133.581 E343.77234
G1 X85.374 Y134.744 E343.81586
G1 X85.997 Y135.862 E343.85843
G1 X86.669 Y136.968 E343.90147
G1 X87.376 Y138.05 E343.94446
G1 X88.132 Y139.116 E343.98793
G1 X88.913 Y140.138 E344.03071
G1 X89.737 Y141.147 E344.07404
G1 X90.638 Y142.161 E344.11916
G1 X91.486 Y143.058 E344.16021
G1 X92.399 Y143.955 E344.20278
G1 X93.352 Y144.832 E344.24586
G1 X94.346 Y145.677 E344.28925
G1 X95.431 Y146.537 E344.3353
G1 X96.333 Y147.201 E344.37255
G1 X97.463 Y147.974 E344.41809
G1 X98.561 Y148.669 E344.46131
G1 X99.675 Y149.317 E344.50417
G1 X100.825 Y149.937 E344.54763
G1 X101.975 Y150.504 E344.59027
G1 X103.166 Y151.039 E344.6337
G1 X104.356 Y151.522 E344.67641
G1 X105.579 Y151.968 E344.71971
G1 X106.814 Y152.371 E344.76292
G1 X108.048 Y152.725 E344.80562
G1 X109.299 Y153.038 E344.84851
G1 X110.574 Y153.312 E344.89188
G1 X111.845 Y153.534 E344.9348
G1 X113.224 Y153.723 E344.98109
G1 X114.499 Y153.852 E345.02371
G1 X115.718 Y153.932 E345.06434
G1 X116.954 Y153.968 E345.10547
G1 X117.5 Y153.968 E345.12363
G0 F9000 X117.5 Y154.98
G1 F2700 E340.12363
;MESH:NONMESH
G0 F300 X117.5 Y154.98 Z2.6
G0 F9000 X117.506 Y156.898
G0 X117.5 Y157.669
;TIME_ELAPSED:473.533620
;LAYER:12
;TYPE:WALL-OUTER
;MESH:Led Ring.stl
G1 F2700 E345.12363
G1 F1500 X116.493 Y157.66 E345.15713
G1 X115.144 Y157.604 E345.20203
G1 X113.787 Y157.5 E345.2473
G1 X112.478 Y157.356 E345.2911
G1 X111.112 Y157.162 E345.33699
G1 X109.787 Y156.927 E345.38175
G1 X108.478 Y156.649 E345.42625
G1 X107.193 Y156.325 E345.47033
G1 X105.858 Y155.948 E345.51647
G1 X104.602 Y155.542 E345.56037
G1 X103.333 Y155.091 E345.60517
G1 X102.079 Y154.595 E345.65002
G1 X100.824 Y154.046 E345.69558
G1 X99.626 Y153.474 E345.73973
G1 X98.436 Y152.856 E345.78433
G1 X97.225 Y152.179 E345.83048
G1 X96.097 Y151.494 E345.87437
G1 X94.953 Y150.746 E345.91983
G1 X93.846 Y149.966 E345.96487
G1 X92.789 Y149.169 E346.0089
G1 X91.725 Y148.306 E346.05447
G1 X90.719 Y147.432 E346.09879
G1 X89.73 Y146.521 E346.14351
G1 X88.768 Y145.569 E346.18853
G1 X87.824 Y144.569 E346.23427
G1 X86.933 Y143.558 E346.27909
G1 X86.081 Y142.523 E346.32368
G1 X85.271 Y141.468 E346.36792
G1 X84.486 Y140.374 E346.4127
G1 X83.737 Y139.253 E346.45754
G1 X83.008 Y138.077 E346.50356
G1 X82.353 Y136.93 E346.54749
G1 X81.721 Y135.745 E346.59216
G1 X81.134 Y134.542 E346.63668
G1 X80.58 Y133.3 E346.68192
G1 X80.059 Y132.023 E346.72779
G1 X79.602 Y130.782 E346.77177
G1 X79.213 Y129.623 E346.81243
G1 X78.801 Y128.224 E346.86094
G1 X78.462 Y126.905 E346.90624
G1 X78.16 Y125.555 E346.95225
G1 X77.908 Y124.203 E346.99799
G1 X77.706 Y122.864 E347.04303
G1 X77.558 Y121.586 E347.08582
G1 X77.44 Y120.226 E347.13122
G1 X77.373 Y118.898 E347.17545
G1 X77.348 Y117.528 E347.22102
G1 X77.372 Y116.179 E347.2659
G1 X77.44 Y114.822 E347.31109
G1 X77.554 Y113.515 E347.35473
G1 X77.707 Y112.182 E347.39935
G1 X77.909 Y110.844 E347.44436
G1 X78.155 Y109.52 E347.48915
G1 X78.455 Y108.171 E347.53511
G1 X78.793 Y106.854 E347.58034
G1 X79.207 Y105.452 E347.62896
G1 X79.584 Y104.318 E347.6687
G1 X80.048 Y103.054 E347.71349
G1 X80.558 Y101.801 E347.75848
G1 X81.122 Y100.533 E347.80464
G1 X81.707 Y99.331 E347.8491
G1 X82.327 Y98.165 E347.89302
G1 X83.008 Y96.971 E347.93874
G1 X83.705 Y95.846 E347.98276
G1 X84.469 Y94.698 E348.02863
G1 X85.253 Y93.604 E348.07339
G1 X86.063 Y92.548 E348.11766
G1 X86.933 Y91.49 E348.16321
G1 X87.824 Y90.479 E348.20804
G1 X88.727 Y89.522 E348.2518
G1 X89.707 Y88.549 E348.29773
G1 X90.698 Y87.633 E348.34261
G1 X91.703 Y86.761 E348.38687
G1 X92.739 Y85.918 E348.43129
G1 X93.846 Y85.082 E348.47743
G1 X94.953 Y84.302 E348.52247
G1 X96.071 Y83.57 E348.56692
G1 X97.225 Y82.869 E348.61183
G1 X98.411 Y82.204 E348.65705
G1 X99.571 Y81.601 E348.70053
G1 X100.798 Y81.014 E348.74577
G1 X102.049 Y80.465 E348.79121
G1 X103.277 Y79.978 E348.83515
G1 X104.541 Y79.521 E348.87986
G1 X105.833 Y79.108 E348.92497
G1 X107.139 Y78.734 E348.97015
G1 X108.477 Y78.399 E349.01603
G1 X109.819 Y78.114 E349.06166
G1 X111.082 Y77.891 E349.10432
G1 X112.421 Y77.699 E349.14931
G1 X113.757 Y77.55 E349.19402
G1 X115.113 Y77.446 E349.23925
G1 X116.465 Y77.389 E349.28426
G1 X117.802 Y77.376 E349.32873
G1 X119.18 Y77.412 E349.37458
G1 X120.457 Y77.48 E349.41711
G1 X122.017 Y77.631 E349.46924
G1 X123.219 Y77.786 E349.50955
G1 X124.54 Y77.997 E349.55404
G1 X125.862 Y78.256 E349.59885
G1 X127.076 Y78.531 E349.64025
G1 X128.604 Y78.941 E349.69287
G1 X129.782 Y79.299 E349.73382
G1 X131.06 Y79.733 E349.77871
G1 X132.309 Y80.206 E349.82313
G1 X133.555 Y80.728 E349.86806
G1 X134.765 Y81.278 E349.91227
G1 X135.737 Y81.745 E349.94814
G1 X135.737 Y81.758 E349.94857
G1 X137.19 Y82.535 E350.00337
G1 X138.344 Y83.207 E350.04779
G1 X139.551 Y83.973 E350.09533
G1 X140.525 Y84.632 E350.13445
G1 X141.691 Y85.48 E350.1824
G1 X142.757 Y86.312 E350.22738
G1 X143.765 Y87.163 E350.27125
G1 X144.792 Y88.079 E350.31702
G1 X145.763 Y89.011 E350.36179
G1 X146.685 Y89.956 E350.4057
G1 X147.596 Y90.953 E350.45062
G1 X148.493 Y92 E350.49648
G1 X149.319 Y93.043 E350.54073
G1 X150.177 Y94.203 E350.58872
G1 X150.884 Y95.222 E350.62997
G1 X151.647 Y96.41 E350.67693
G1 X152.308 Y97.519 E350.71987
G1 X152.975 Y98.726 E350.76574
G1 X153.592 Y99.936 E350.81091
G1 X154.257 Y101.357 E350.86309
G1 X154.251 Y101.366 E350.86345
G1 X154.674 Y102.358 E350.89932
G1 X155.162 Y103.618 E350.94426
G1 X155.608 Y104.894 E350.98922
G1 X156.012 Y106.187 E351.03428
G1 X156.374 Y107.484 E351.07906
G1 X156.72 Y108.923 E351.12829
G1 X156.963 Y110.141 E351.1696
G1 X157.166 Y111.348 E351.21031
G1 X157.357 Y112.673 E351.25483
G1 X157.507 Y114.178 E351.30514
G1 X157.594 Y115.466 E351.34807
G1 X157.643 Y116.812 E351.39287
G1 X157.644 Y118.192 E351.43877
G1 X157.597 Y119.513 E351.48273
G1 X157.504 Y120.898 E351.5289
G1 X157.349 Y122.376 E351.57833
G1 X157.19 Y123.565 E351.61823
G1 X156.963 Y124.895 E351.6631
G1 X156.72 Y126.121 E351.70467
G1 X156.382 Y127.529 E351.75284
G1 X156.027 Y128.81 E351.79705
G1 X155.622 Y130.121 E351.84268
G1 X155.185 Y131.364 E351.88651
G1 X154.69 Y132.649 E351.93231
G1 X154.277 Y133.637 E351.96792
G1 X154.261 Y133.641 E351.96847
G1 X153.591 Y135.113 E352.02227
G1 X152.979 Y136.314 E352.0671
G1 X152.335 Y137.477 E352.11131
G1 X151.654 Y138.627 E352.15577
G1 X150.923 Y139.765 E352.20075
G1 X150.197 Y140.827 E352.24354
G1 X149.337 Y141.982 E352.29143
G1 X148.517 Y143.015 E352.3353
G1 X147.593 Y144.099 E352.38268
G1 X146.735 Y145.04 E352.42503
G1 X145.771 Y146.029 E352.47097
G1 X144.8 Y146.961 E352.51573
G1 X143.808 Y147.847 E352.55997
G1 X142.761 Y148.728 E352.60548
G1 X141.687 Y149.568 E352.65083
G1 X140.521 Y150.412 E352.6987
G1 X139.501 Y151.103 E352.73968
G1 X138.423 Y151.793 E352.78225
G1 X137.212 Y152.501 E352.82891
G1 X135.789 Y153.278 E352.88283
G1 X135.774 Y153.269 E352.88342
G1 X134.805 Y153.748 E352.91937
G1 X133.582 Y154.308 E352.96411
G1 X132.31 Y154.842 E353.00999
G1 X131.074 Y155.306 E353.0539
G1 X129.806 Y155.739 E353.09847
G1 X128.502 Y156.132 E353.14376
G1 X127.217 Y156.477 E353.18802
G1 X125.896 Y156.786 E353.23314
G1 X124.545 Y157.051 E353.27893
G1 X123.251 Y157.258 E353.32252
G1 X122.017 Y157.421 E353.36392
G1 X120.423 Y157.567 E353.41715
G1 X119.204 Y157.635 E353.45776
G1 X117.866 Y157.672 E353.50228
G1 X117.5 Y157.669 E353.51445
G1 F2700 E348.51445
G0 F9000 X117.5 Y153.968
G1 F2700 E353.51445
G1 F1500 X118.144 Y153.968 E353.53587
G1 X119.375 Y153.928 E353.57684
G1 X120.59 Y153.844 E353.61735
G1 X122.05 Y153.687 E353.66619
G1 X123.337 Y153.502 E353.70943
G1 X124.515 Y153.298 E353.74919
G1 X126 Y152.968 E353.79979
G1 X127.13 Y152.678 E353.83859
G1 X128.377 Y152.312 E353.88182
G1 X129.607 Y151.906 E353.9249
G1 X130.81 Y151.46 E353.96757
G1 X132.017 Y150.957 E354.01106
G1 X133.195 Y150.423 E354.05408
G1 X134.342 Y149.847 E354.09677
G1 X135.488 Y149.224 E354.14016
G1 X136.594 Y148.573 E354.18284
G1 X137.685 Y147.873 E354.22595
G1 X138.758 Y147.133 E354.26931
G1 X139.796 Y146.361 E354.31233
G1 X140.806 Y145.548 E354.35546
G1 X141.787 Y144.704 E354.3985
G1 X142.729 Y143.831 E354.44121
G1 X143.646 Y142.918 E354.48425
G1 X144.538 Y141.965 E354.52767
G1 X145.387 Y140.992 E354.57062
G1 X146.196 Y139.994 E354.61335
G1 X146.936 Y139.022 E354.65398
G1 X147.72 Y137.899 E354.69953
G1 X148.432 Y136.806 E354.74292
G1 X149.088 Y135.703 E354.7856
G1 X149.72 Y134.561 E354.82901
G1 X150.433 Y133.158 E354.88136
G1 X150.427 Y133.149 E354.88172
G1 X150.81 Y132.333 E354.9117
G1 X151.345 Y131.05 E354.95793
G1 X151.808 Y129.827 E355.00143
G1 X152.222 Y128.601 E355.04447
G1 X152.596 Y127.362 E355.08751
G1 X152.918 Y126.123 E355.13009
G1 X153.208 Y124.849 E355.17355
G1 X153.445 Y123.573 E355.21671
G1 X153.634 Y122.306 E355.25932
G1 X153.779 Y121.011 E355.30266
G1 X153.884 Y119.721 E355.34571
G1 X153.936 Y118.425 E355.38885
G1 X153.948 Y117.13 E355.43192
G1 X153.912 Y115.834 E355.47505
G1 X153.828 Y114.546 E355.51798
G1 X153.699 Y113.26 E355.56096
G1 X153.523 Y111.972 E355.6042
G1 X153.306 Y110.71 E355.64679
G1 X153.04 Y109.431 E355.69024
G1 X152.731 Y108.176 E355.73323
G1 X152.381 Y106.941 E355.77592
G1 X151.979 Y105.698 E355.81937
G1 X151.536 Y104.483 E355.86239
G1 X151.05 Y103.281 E355.90551
G1 X150.527 Y102.099 E355.9485
G1 X149.956 Y100.935 E355.99162
G1 X149.342 Y99.787 E356.03492
G1 X148.697 Y98.675 E356.07768
G1 X148.01 Y97.581 E356.12064
G1 X147.282 Y96.507 E356.1638
G1 X146.514 Y95.461 E356.20696
G1 X145.669 Y94.395 E356.2522
G1 X144.877 Y93.462 E356.29291
G1 X144.012 Y92.513 E356.33562
G1 X143.099 Y91.58 E356.37903
G1 X142.163 Y90.687 E356.42206
G1 X141.193 Y89.826 E356.4652
G1 X140.204 Y89.009 E356.50787
G1 X139.171 Y88.213 E356.55124
G1 X138.124 Y87.472 E356.5939
G1 X137.032 Y86.75 E356.63744
G1 X135.936 Y86.085 E356.68008
G1 X134.798 Y85.445 E356.72351
G1 X133.653 Y84.85 E356.76643
G1 X132.49 Y84.303 E356.80917
G1 X131.304 Y83.788 E356.85218
G1 X130.089 Y83.317 E356.89552
G1 X128.862 Y82.891 E356.93872
G1 X127.635 Y82.512 E356.98143
G1 X126.502 Y82.199 E357.02053
G1 X125.12 Y81.879 E357.06771
G1 X123.864 Y81.635 E357.11026
G1 X122.58 Y81.43 E357.15351
G1 X121.281 Y81.273 E357.19703
G1 X120.002 Y81.16 E357.23973
G1 X118.698 Y81.096 E357.28316
G1 X117.412 Y81.072 E357.32594
G1 X116.111 Y81.1 E357.36922
G1 X114.777 Y81.172 E357.41365
G1 X113.529 Y81.288 E357.45534
G1 X112.254 Y81.453 E357.4981
G1 X110.979 Y81.662 E357.54107
G1 X109.7 Y81.919 E357.58446
G1 X108.446 Y82.213 E357.6273
G1 X107.202 Y82.559 E357.67025
G1 X105.956 Y82.949 E357.71367
G1 X104.745 Y83.375 E357.75637
G1 X103.542 Y83.854 E357.79944
G1 X102.344 Y84.372 E357.84285
G1 X101.177 Y84.931 E357.88589
G1 X100.043 Y85.526 E357.92848
G1 X98.905 Y86.174 E357.97204
G1 X97.803 Y86.849 E358.01502
G1 X96.736 Y87.561 E358.05768
G1 X95.678 Y88.325 E358.10109
G1 X94.653 Y89.117 E358.14417
G1 X93.667 Y89.942 E358.18693
G1 X92.706 Y90.807 E358.22993
G1 X91.765 Y91.711 E358.27333
G1 X90.864 Y92.64 E358.31638
G1 X89.995 Y93.601 E358.35947
G1 X89.166 Y94.591 E358.40242
G1 X88.37 Y95.613 E358.4455
G1 X87.617 Y96.654 E358.48824
G1 X86.886 Y97.735 E358.53164
G1 X86.202 Y98.834 E358.57469
G1 X85.566 Y99.949 E358.61739
G1 X84.959 Y101.102 E358.66073
G1 X84.4 Y102.256 E358.70338
G1 X83.88 Y103.443 E358.74648
G1 X83.398 Y104.658 E358.78995
G1 X82.963 Y105.864 E358.83259
G1 X82.569 Y107.111 E358.87609
G1 X82.219 Y108.353 E358.91901
G1 X81.917 Y109.613 E358.9621
G1 X81.66 Y110.884 E359.00523
G1 X81.446 Y112.15 E359.04794
G1 X81.281 Y113.43 E359.09086
G1 X81.156 Y114.676 E359.13251
G1 X81.08 Y116.012 E359.17702
G1 X81.048 Y117.327 E359.22077
G1 X81.064 Y118.603 E359.26321
G1 X81.124 Y119.894 E359.3062
G1 X81.232 Y121.185 E359.34929
G1 X81.385 Y122.48 E359.39266
G1 X81.582 Y123.747 E359.4353
G1 X81.827 Y125.018 E359.47836
G1 X82.117 Y126.281 E359.52146
G1 X82.45 Y127.532 E359.56451
G1 X82.824 Y128.77 E359.60753
G1 X83.25 Y130.006 E359.65101
G1 X83.713 Y131.205 E359.69376
G1 X84.22 Y132.395 E359.73678
G1 X84.766 Y133.565 E359.77973
G1 X85.366 Y134.728 E359.82325
G1 X85.989 Y135.85 E359.86594
G1 X86.656 Y136.956 E359.90889
G1 X87.368 Y138.038 E359.95197
G1 X88.124 Y139.104 E359.99544
G1 X88.9 Y140.126 E360.03812
G1 X89.721 Y141.127 E360.08118
G1 X90.578 Y142.097 E360.12423
G1 X91.474 Y143.046 E360.16764
G1 X92.387 Y143.947 E360.2103
G1 X93.34 Y144.82 E360.25329
G1 X94.334 Y145.669 E360.29677
G1 X95.339 Y146.465 E360.33941
G1 X96.381 Y147.234 E360.38248
G1 X97.451 Y147.966 E360.4256
G1 X98.552 Y148.665 E360.46898
G1 X99.659 Y149.309 E360.51157
G1 X100.809 Y149.929 E360.55503
G1 X101.963 Y150.496 E360.59779
G1 X103.149 Y151.031 E360.64107
G1 X104.34 Y151.518 E360.68386
G1 X105.555 Y151.96 E360.72686
G1 X106.797 Y152.367 E360.77034
G1 X108.032 Y152.721 E360.81307
G1 X109.286 Y153.038 E360.85609
G1 X110.562 Y153.308 E360.89947
G1 X111.836 Y153.531 E360.94248
G1 X113.22 Y153.723 E360.98896
G1 X114.492 Y153.848 E361.03147
G1 X115.706 Y153.928 E361.07193
G1 X116.933 Y153.968 E361.11276
G1 X117.5 Y153.968 E361.13162
G1 F2700 E356.13162
G0 F9000 X117.5 Y157.309
;TYPE:SKIN
G1 F2700 E361.13162
G1 F1500 X116.506 Y157.3 E361.16468
G1 X115.185 Y157.24 E361.20867
G1 X114.257 Y157.173 E361.23961
G1 X114.256 Y154.185 E361.33899
G1 X115.674 Y154.288 E361.38628
G1 X116.925 Y154.328 E361.42791
G1 X118.136 Y154.328 E361.46819
G1 X119.391 Y154.288 E361.50995
G1 X120.74 Y154.19 E361.55494
G1 X120.74 Y157.173 E361.65415
G1 X120.411 Y157.204 E361.66514
G1 X119.197 Y157.271 E361.70558
G1 X117.881 Y157.312 E361.74937
G1 X117.5 Y157.309 E361.76205
G1 F2700 E356.76205
G0 F9000 X117.491 Y158.536
G0 X113.997 Y158.385
G0 X114.079 Y157.309
G0 X113.999 Y156.808
G0 X114.457 Y156.884
G1 F2700 E361.76205
G1 F1500 X114.568 Y156.995 E361.76727
G0 F9000 X115.179 Y157.039
G1 F1500 X114.457 Y156.318 E361.8012
G0 F9000 X114.457 Y155.752
G1 F1500 X115.771 Y157.066 E361.86301
G0 F9000 X116.364 Y157.093
G1 F1500 X114.457 Y155.187 E361.95269
G0 F9000 X114.457 Y154.621
G1 F1500 X116.94 Y157.104 E362.06948
G0 F9000 X117.511 Y157.109
G1 F1500 X114.833 Y154.431 E362.19544
G0 F9000 X115.44 Y154.472
G1 F1500 X118.073 Y157.106 E362.31932
G0 F9000 X118.621 Y157.088
G1 F1500 X116.033 Y154.5 E362.44105
G0 F9000 X116.618 Y154.519
G1 F1500 X119.17 Y157.071 E362.56109
G0 F9000 X119.704 Y157.039
G1 F1500 X117.193 Y154.528 E362.6792
G0 F9000 X117.759 Y154.528
G1 F1500 X120.238 Y157.007 E362.7958
G0 F9000 X120.54 Y156.744
G1 F1500 X118.319 Y154.523 E362.90027
G0 F9000 X118.867 Y154.506
G1 F1500 X120.54 Y156.178 E362.97894
G0 F9000 X120.54 Y155.612
G1 F1500 X119.415 Y154.488 E363.03183
G0 F9000 X119.944 Y154.451
G1 F1500 X120.54 Y155.047 E363.05987
G0 F9000 X120.54 Y154.481
G1 F1500 X120.473 Y154.414 E363.06302
G0 F9000 X121.206 Y154.798
G1 F2700 E358.06302
;MESH:NONMESH
G0 F300 X121.206 Y154.798 Z2.8
G0 F9000 X120.914 Y157.301
G0 X120.598 Y158.421
G0 X117.844 Y158.537
G0 X117.5 Y157.726
;TIME_ELAPSED:499.176565
;LAYER:13
;TYPE:WALL-OUTER
;MESH:Led Ring.stl
G1 F2700 E363.06302
G1 F1500 X116.493 Y157.72 E363.09651
G1 X115.141 Y157.66 E363.14152
G1 X113.783 Y157.556 E363.18682
G1 X112.442 Y157.409 E363.23169
G1 X111.104 Y157.218 E363.27664
G1 X109.805 Y156.989 E363.32052
G1 X108.466 Y156.705 E363.36604
G1 X107.178 Y156.381 E363.41022
G1 X105.842 Y156.004 E363.45639
G1 X104.557 Y155.59 E363.50129
G1 X103.283 Y155.136 E363.54627
G1 X102.03 Y154.635 E363.59116
G1 X100.8 Y154.097 E363.63581
G1 X99.601 Y153.525 E363.67999
G1 X98.412 Y152.91 E363.72452
G1 X97.223 Y152.241 E363.76989
G1 X96.068 Y151.542 E363.81479
G1 X94.948 Y150.812 E363.85926
G1 X93.84 Y150.032 E363.90433
G1 X92.753 Y149.21 E363.94965
G1 X91.71 Y148.371 E363.99418
G1 X90.658 Y147.459 E364.04048
G1 X89.687 Y146.558 E364.08454
G1 X88.708 Y145.592 E364.13029
G1 X87.78 Y144.609 E364.17525
G1 X86.889 Y143.594 E364.22017
G1 X86.053 Y142.58 E364.26388
G1 X85.227 Y141.504 E364.309
G1 X84.421 Y140.382 E364.35494
G1 X83.689 Y139.285 E364.39881
G1 X82.96 Y138.109 E364.44483
G1 X82.303 Y136.962 E364.48879
G1 X81.671 Y135.77 E364.53367
G1 X81.082 Y134.565 E364.57828
G1 X80.526 Y133.329 E364.62335
G1 X80.016 Y132.066 E364.66866
G1 X79.547 Y130.804 E364.71344
G1 X79.147 Y129.612 E364.75525
G1 X78.737 Y128.207 E364.80393
G1 X78.406 Y126.917 E364.84823
G1 X78.111 Y125.599 E364.89315
G1 X77.852 Y124.211 E364.94011
G1 X77.65 Y122.874 E364.98509
G1 X77.501 Y121.616 E365.02722
G1 X77.386 Y120.261 E365.07245
G1 X77.317 Y118.898 E365.11784
G1 X77.292 Y117.528 E365.16341
G1 X77.316 Y116.179 E365.20829
G1 X77.384 Y114.818 E365.25361
G1 X77.496 Y113.485 E365.29811
G1 X77.651 Y112.173 E365.34205
G1 X77.853 Y110.836 E365.38702
G1 X78.105 Y109.477 E365.43299
G1 X78.399 Y108.159 E365.4779
G1 X78.737 Y106.842 E365.52313
G1 X79.155 Y105.436 E365.57191
G1 X79.537 Y104.27 E365.61272
G1 X80.007 Y103.005 E365.65761
G1 X80.513 Y101.755 E365.70246
G1 X81.07 Y100.509 E365.74786
G1 X81.646 Y99.329 E365.79153
G1 X82.273 Y98.14 E365.83624
G1 X82.96 Y96.939 E365.88226
G1 X83.656 Y95.815 E365.92623
G1 X84.421 Y94.666 E365.97214
G1 X85.209 Y93.568 E366.01709
G1 X86.018 Y92.513 E366.06131
G1 X86.889 Y91.454 E366.10691
G1 X87.78 Y90.439 E366.15183
G1 X88.708 Y89.456 E366.1968
G1 X89.689 Y88.487 E366.24266
G1 X90.636 Y87.609 E366.28561
G1 X91.685 Y86.698 E366.33182
G1 X92.704 Y85.873 E366.37543
G1 X93.806 Y85.038 E366.42141
G1 X94.895 Y84.272 E366.4657
G1 X96.02 Y83.537 E366.51039
G1 X97.166 Y82.837 E366.55506
G1 X98.412 Y82.137 E366.60259
G1 X99.522 Y81.562 E366.64417
G1 X100.8 Y80.95 E366.6913
G1 X102.003 Y80.424 E366.73497
G1 X103.251 Y79.924 E366.77968
G1 X104.531 Y79.467 E366.82489
G1 X105.814 Y79.053 E366.86973
G1 X107.121 Y78.678 E366.91495
G1 X108.465 Y78.343 E366.96102
G1 X109.808 Y78.058 E367.00669
G1 X111.077 Y77.834 E367.04955
G1 X112.475 Y77.63 E367.09654
G1 X113.75 Y77.491 E367.13919
G1 X115.114 Y77.39 E367.18468
G1 X116.462 Y77.329 E367.22956
G1 X117.802 Y77.316 E367.27414
G1 X119.179 Y77.352 E367.31995
G1 X120.461 Y77.424 E367.36266
G1 X121.926 Y77.559 E367.41159
G1 X123.227 Y77.726 E367.45522
G1 X124.548 Y77.941 E367.49973
G1 X125.874 Y78.2 E367.54467
G1 X127.172 Y78.499 E367.58897
G1 X128.497 Y78.853 E367.63458
G1 X129.798 Y79.247 E367.6798
G1 X131.08 Y79.681 E367.72481
G1 X132.334 Y80.154 E367.76939
G1 X133.58 Y80.672 E367.81427
G1 X134.779 Y81.221 E367.85813
G1 X135.798 Y81.725 E367.89594
G1 X135.807 Y81.719 E367.8963
G1 X137.189 Y82.467 E367.94857
G1 X138.455 Y83.211 E367.99741
G1 X139.492 Y83.866 E368.0382
G1 X140.56 Y84.584 E368.08101
G1 X141.723 Y85.436 E368.12896
G1 X142.798 Y86.272 E368.17425
G1 X143.804 Y87.118 E368.21797
G1 X144.831 Y88.035 E368.26376
G1 X145.766 Y88.934 E368.3069
G1 X146.714 Y89.905 E368.35204
G1 X147.683 Y90.964 E368.39978
G1 X148.516 Y91.938 E368.44241
G1 X149.377 Y93.018 E368.48835
G1 X150.164 Y94.081 E368.53234
G1 X150.933 Y95.192 E368.57728
G1 X151.681 Y96.35 E368.62313
G1 X152.37 Y97.512 E368.66806
G1 X153.027 Y98.702 E368.71327
G1 X153.623 Y99.874 E368.757
G1 X154.209 Y101.126 E368.80298
G1 X154.727 Y102.342 E368.84694
G1 X155.216 Y103.594 E368.89165
G1 X155.67 Y104.899 E368.9376
G1 X156.068 Y106.175 E368.98206
G1 X156.438 Y107.499 E369.02778
G1 X156.776 Y108.911 E369.07607
G1 X157.014 Y110.104 E369.11654
G1 X157.246 Y111.463 E369.16239
G1 X157.413 Y112.664 E369.20272
G1 X157.562 Y114.115 E369.25123
G1 X157.654 Y115.463 E369.29617
G1 X157.699 Y116.815 E369.34117
G1 X157.7 Y118.162 E369.38597
G1 X157.656 Y119.546 E369.43202
G1 X157.564 Y120.902 E369.47723
G1 X157.412 Y122.355 E369.52582
G1 X157.246 Y123.573 E369.5667
G1 X157.022 Y124.883 E369.61091
G1 X156.776 Y126.133 E369.65328
G1 X156.438 Y127.541 E369.70144
G1 X156.076 Y128.847 E369.74651
G1 X155.674 Y130.137 E369.79146
G1 X155.243 Y131.379 E369.83518
G1 X154.752 Y132.643 E369.88028
G1 X154.213 Y133.914 E369.9262
G1 X153.636 Y135.148 E369.97151
G1 X153.031 Y136.342 E370.01603
G1 X152.388 Y137.504 E370.0602
G1 X151.685 Y138.686 E370.10594
G1 X150.957 Y139.821 E370.15079
G1 X150.237 Y140.867 E370.19302
G1 X149.385 Y142.018 E370.24065
G1 X148.541 Y143.076 E370.28567
G1 X147.676 Y144.089 E370.32997
G1 X146.754 Y145.102 E370.37553
G1 X145.811 Y146.07 E370.42048
G1 X144.839 Y147.005 E370.46534
G1 X143.845 Y147.894 E370.50969
G1 X142.798 Y148.776 E370.55522
G1 X141.748 Y149.593 E370.59947
G1 X140.552 Y150.46 E370.6486
G1 X139.539 Y151.151 E370.68939
G1 X138.484 Y151.823 E370.73099
G1 X137.241 Y152.552 E370.77892
G1 X135.823 Y153.327 E370.83267
G1 X135.805 Y153.317 E370.83335
G1 X134.851 Y153.788 E370.86874
G1 X133.606 Y154.36 E370.91431
G1 X132.334 Y154.894 E370.96019
G1 X131.068 Y155.371 E371.00519
G1 X129.822 Y155.795 E371.04897
G1 X128.514 Y156.188 E371.09439
G1 X127.166 Y156.55 E371.14081
G1 X125.909 Y156.841 E371.18373
G1 X124.557 Y157.107 E371.22956
G1 X123.256 Y157.315 E371.27338
G1 X122.025 Y157.481 E371.31469
G1 X120.427 Y157.627 E371.36806
G1 X119.208 Y157.695 E371.40867
G1 X117.862 Y157.728 E371.45345
G1 X117.5 Y157.726 E371.46549
G1 F2700 E366.46549
G0 F9000 X117.5 Y153.968
G1 F2700 E371.46549
G1 F1500 X118.12 Y153.968 E371.48611
G1 X119.343 Y153.928 E371.52681
G1 X120.457 Y153.856 E371.56394
G1 X121.103 Y153.796 E371.58552
G1 X122.031 Y153.691 E371.61658
G1 X123.321 Y153.506 E371.65993
G1 X124.584 Y153.277 E371.70262
G1 X125.862 Y153.004 E371.74609
G1 X127.118 Y152.682 E371.78921
G1 X128.357 Y152.32 E371.83214
G1 X129.587 Y151.914 E371.87522
G1 X130.79 Y151.468 E371.9179
G1 X131.997 Y150.965 E371.96139
G1 X133.175 Y150.431 E372.00441
G1 X134.298 Y149.872 E372.04613
G1 X135.468 Y149.236 E372.09042
G1 X136.578 Y148.585 E372.13322
G1 X137.676 Y147.881 E372.1766
G1 X138.734 Y147.149 E372.21939
G1 X139.78 Y146.373 E372.26271
G1 X140.782 Y145.568 E372.30546
G1 X141.771 Y144.716 E372.34888
G1 X142.712 Y143.847 E372.39148
G1 X143.638 Y142.926 E372.43492
G1 X144.522 Y141.981 E372.47796
G1 X145.375 Y141.008 E372.521
G1 X146.192 Y140.003 E372.56407
G1 X146.964 Y138.977 E372.60678
G1 X147.708 Y137.919 E372.6498
G1 X148.42 Y136.821 E372.69333
G1 X149.084 Y135.711 E372.73635
G1 X149.711 Y134.582 E372.7793
G1 X150.295 Y133.427 E372.82235
G1 X150.842 Y132.253 E372.86542
G1 X151.337 Y131.07 E372.90808
G1 X151.763 Y129.96 E372.94762
G1 X152.214 Y128.633 E372.99424
G1 X152.588 Y127.382 E373.03766
G1 X152.914 Y126.143 E373.08028
G1 X153.2 Y124.868 E373.12374
G1 X153.441 Y123.598 E373.16673
G1 X153.63 Y122.33 E373.20937
G1 X153.779 Y121.031 E373.25286
G1 X153.88 Y119.74 E373.29593
G1 X153.936 Y118.445 E373.33904
G1 X153.948 Y117.15 E373.38211
G1 X153.912 Y115.854 E373.42524
G1 X153.828 Y114.566 E373.46817
G1 X153.704 Y113.288 E373.51087
G1 X153.528 Y112.003 E373.55401
G1 X153.31 Y110.718 E373.59736
G1 X153.044 Y109.451 E373.64042
G1 X152.735 Y108.196 E373.68341
G1 X152.385 Y106.961 E373.7261
G1 X151.983 Y105.718 E373.76955
G1 X151.545 Y104.5 E373.8126
G1 X151.058 Y103.3 E373.85568
G1 X150.491 Y102.03 E373.90194
G1 X150.094 Y101.222 E373.93188
G1 X150.1 Y101.214 E373.93221
G1 X149.361 Y99.822 E373.98463
G1 X148.705 Y98.691 E374.02812
G1 X148.018 Y97.593 E374.07119
G1 X147.29 Y96.523 E374.11424
G1 X146.526 Y95.478 E374.15729
G1 X145.734 Y94.472 E374.19988
G1 X144.889 Y93.474 E374.24337
G1 X144.024 Y92.529 E374.28598
G1 X143.131 Y91.607 E374.32867
G1 X142.174 Y90.694 E374.37267
G1 X141.209 Y89.842 E374.41548
G1 X140.22 Y89.022 E374.45821
G1 X139.182 Y88.225 E374.50174
G1 X138.128 Y87.476 E374.54474
G1 X137.063 Y86.769 E374.58726
G1 X135.957 Y86.093 E374.63037
G1 X134.819 Y85.453 E374.6738
G1 X133.669 Y84.858 E374.71686
G1 X132.51 Y84.311 E374.75949
G1 X131.324 Y83.796 E374.8025
G1 X130.113 Y83.325 E374.84571
G1 X128.995 Y82.931 E374.88514
G1 X127.54 Y82.48 E374.9358
G1 X127.338 Y82.434 E374.94269
G1 X126.518 Y82.207 E374.97099
G1 X125.146 Y81.885 E375.01787
G1 X123.871 Y81.635 E375.06108
G1 X122.596 Y81.434 E375.10401
G1 X121.301 Y81.273 E375.14741
G1 X120.022 Y81.16 E375.19012
G1 X118.718 Y81.096 E375.23354
G1 X117.432 Y81.072 E375.27632
G1 X116.127 Y81.1 E375.31974
G1 X114.793 Y81.172 E375.36417
G1 X113.545 Y81.288 E375.40586
G1 X112.274 Y81.449 E375.44847
G1 X110.999 Y81.658 E375.49144
G1 X109.716 Y81.915 E375.53496
G1 X108.466 Y82.209 E375.57767
G1 X107.218 Y82.555 E375.62075
G1 X105.976 Y82.941 E375.66401
G1 X104.765 Y83.371 E375.70675
G1 X103.558 Y83.845 E375.74988
G1 X102.364 Y84.364 E375.79318
G1 X101.218 Y84.911 E375.83541
G1 X100.055 Y85.518 E375.87905
G1 X98.921 Y86.162 E375.92242
G1 X97.83 Y86.838 E375.96511
G1 X96.741 Y87.561 E376.00859
G1 X95.691 Y88.317 E376.05162
G1 X94.669 Y89.109 E376.09462
G1 X93.684 Y89.93 E376.13727
G1 X92.718 Y90.795 E376.1804
G1 X91.777 Y91.699 E376.2238
G1 X90.876 Y92.628 E376.26685
G1 X90.007 Y93.589 E376.30994
G1 X89.175 Y94.579 E376.35295
G1 X88.378 Y95.601 E376.39606
G1 X87.618 Y96.646 E376.43903
G1 X86.894 Y97.72 E376.48211
G1 X86.213 Y98.818 E376.52509
G1 X85.574 Y99.932 E376.5678
G1 X84.966 Y101.091 E376.61133
G1 X84.4 Y102.252 E376.65429
G1 X83.884 Y103.427 E376.69697
G1 X83.402 Y104.642 E376.74045
G1 X82.971 Y105.848 E376.78304
G1 X82.573 Y107.095 E376.82658
G1 X82.223 Y108.337 E376.8695
G1 X81.921 Y109.601 E376.91272
G1 X81.664 Y110.868 E376.95572
G1 X81.446 Y112.142 E376.99871
G1 X81.281 Y113.414 E377.04137
G1 X81.16 Y114.66 E377.08301
G1 X81.08 Y115.995 E377.12749
G1 X81.048 Y117.304 E377.17104
G1 X81.064 Y118.583 E377.21359
G1 X81.124 Y119.878 E377.2567
G1 X81.232 Y121.169 E377.29979
G1 X81.385 Y122.464 E377.34316
G1 X81.578 Y123.731 E377.38579
G1 X81.823 Y125.002 E377.42884
G1 X82.113 Y126.265 E377.47194
G1 X82.442 Y127.515 E377.51493
G1 X82.824 Y128.767 E377.55847
G1 X83.242 Y129.978 E377.60108
G1 X83.705 Y131.188 E377.64417
G1 X84.211 Y132.379 E377.68721
G1 X84.762 Y133.553 E377.73035
G1 X85.349 Y134.703 E377.77329
G1 X85.981 Y135.834 E377.81638
G1 X86.648 Y136.944 E377.85945
G1 X87.369 Y138.035 E377.90295
G1 X88.108 Y139.084 E377.94563
G1 X88.893 Y140.11 E377.98859
G1 X89.708 Y141.115 E378.03163
G1 X90.566 Y142.085 E378.0747
G1 X91.454 Y143.026 E378.11774
G1 X92.383 Y143.943 E378.16115
G1 X93.332 Y144.812 E378.20395
G1 X94.322 Y145.657 E378.24724
G1 X95.327 Y146.457 E378.28996
G1 X96.373 Y147.229 E378.3332
G1 X97.523 Y148.01 E378.37944
G1 X98.536 Y148.653 E378.41935
G1 X99.654 Y149.309 E378.46246
G1 X100.793 Y149.921 E378.50546
G1 X101.952 Y150.488 E378.54838
G1 X103.129 Y151.023 E378.59138
G1 X104.336 Y151.514 E378.63472
G1 X105.543 Y151.956 E378.67747
G1 X106.781 Y152.363 E378.72082
G1 X108.02 Y152.721 E378.76371
G1 X109.271 Y153.034 E378.8066
G1 X110.522 Y153.299 E378.84913
G1 X111.813 Y153.526 E378.89273
G1 X113.212 Y153.723 E378.93972
G1 X114.484 Y153.848 E378.98223
G1 X115.69 Y153.928 E379.02243
G1 X116.913 Y153.968 E379.06313
G1 X117.5 Y153.968 E379.08265
G1 F2700 E374.08265
G0 F9000 X117.5 Y157.366
;TYPE:SKIN
G1 F2700 E379.08265
G1 F1500 X116.506 Y157.36 E379.11572
G1 X115.214 Y157.301 E379.15873
G1 X113.841 Y157.196 E379.20453
G1 X113.392 Y157.148 E379.21955
G1 X113.393 Y154.101 E379.32089
G1 X114.44 Y154.204 E379.35589
G1 X115.658 Y154.288 E379.39649
G1 X116.905 Y154.328 E379.43799
G1 X118.112 Y154.328 E379.47814
G1 X119.359 Y154.288 E379.51963
G1 X120.627 Y154.2 E379.56191
G1 X121.604 Y154.098 E379.59458
G1 X121.604 Y157.157 E379.69632
G1 X120.459 Y157.262 E379.73456
G1 X119.203 Y157.331 E379.7764
G1 X117.874 Y157.368 E379.82062
G1 X117.5 Y157.366 E379.83306
G1 F2700 E374.83306
G0 F9000 X117.844 Y158.595
G0 X119.408 Y158.529
G0 X121.879 Y158.36
G0 X121.779 Y157.279
G0 X121.866 Y156.817
G0 X121.404 Y156.913
G1 F2700 E379.83306
G1 F1500 X121.336 Y156.981 E379.83626
G0 F9000 X120.713 Y157.039
G1 F1500 X121.404 Y156.348 E379.86876
G0 F9000 X121.404 Y155.782
G1 F1500 X120.104 Y157.082 E379.92991
G0 F9000 X119.506 Y157.114
G1 F1500 X121.404 Y155.216 E380.01919
G0 F9000 X121.404 Y154.651
G1 F1500 X118.915 Y157.14 E380.13626
G0 F9000 X118.333 Y157.156
G1 F1500 X121.142 Y154.347 E380.26839
G0 F9000 X120.515 Y154.408
G1 F1500 X117.755 Y157.168 E380.39821
G0 F9000 X117.192 Y157.165
G1 F1500 X119.908 Y154.45 E380.52594
G0 F9000 X119.302 Y154.489
G1 F1500 X116.63 Y157.162 E380.65165
G0 F9000 X116.085 Y157.141
G1 F1500 X118.718 Y154.508 E380.77549
G0 F9000 X118.133 Y154.528
G1 F1500 X115.545 Y157.116 E380.89722
G0 F9000 X115.01 Y157.085
G1 F1500 X117.566 Y154.528 E381.01747
G0 F9000 X117.001 Y154.528
G1 F1500 X114.483 Y157.046 E381.13591
G0 F9000 X113.958 Y157.005
G1 F1500 X116.45 Y154.513 E381.25313
G0 F9000 X115.902 Y154.496
G1 F1500 X113.593 Y156.804 E381.36171
G0 F9000 X113.593 Y156.239
G1 F1500 X115.364 Y154.468 E381.44502
G0 F9000 X114.835 Y154.431
G1 F1500 X113.593 Y155.673 E381.50344
G0 F9000 X113.593 Y155.107
G1 F1500 X114.31 Y154.39 E381.53716
G0 F9000 X113.793 Y154.342
G1 F1500 X113.593 Y154.542 E381.54657
G0 F9000 X112.813 Y154.686
G1 F2700 E376.54657
;MESH:NONMESH
G0 F300 X112.813 Y154.686 Z3
G0 F9000 X113.221 Y157.274
G0 X114.296 Y157.643
;TIME_ELAPSED:525.569949
;LAYER:14
;TYPE:WALL-OUTER
;MESH:Led Ring.stl
G1 F2700 E381.54657
G1 F1500 X112.463 Y157.448 E381.60788
G1 X111.096 Y157.254 E381.6538
G1 X109.767 Y157.019 E381.69869
G1 X108.454 Y156.737 E381.74336
G1 X107.171 Y156.418 E381.78733
G1 X105.83 Y156.036 E381.8337
G1 X104.545 Y155.626 E381.87857
G1 X103.299 Y155.178 E381.92261
G1 X102.013 Y154.671 E381.96858
G1 X100.788 Y154.134 E382.01307
G1 X99.554 Y153.545 E382.05855
G1 X98.364 Y152.928 E382.10313
G1 X97.178 Y152.259 E382.14842
G1 X96.05 Y151.575 E382.1923
G1 X94.925 Y150.838 E382.23703
G1 X93.786 Y150.038 E382.28332
G1 X92.704 Y149.222 E382.3284
G1 X91.687 Y148.396 E382.37197
G1 X90.634 Y147.487 E382.41824
G1 X89.643 Y146.567 E382.46322
G1 X88.728 Y145.661 E382.50604
G1 X87.756 Y144.633 E382.5531
G1 X86.861 Y143.618 E382.59811
G1 X86.026 Y142.6 E382.6419
G1 X85.196 Y141.525 E382.68707
G1 X84.407 Y140.428 E382.73201
G1 X83.661 Y139.309 E382.77675
G1 X82.928 Y138.125 E382.82306
G1 X82.271 Y136.983 E382.86688
G1 X81.638 Y135.79 E382.9118
G1 X81.05 Y134.58 E382.95655
G1 X80.48 Y133.309 E383.00288
G1 X79.983 Y132.085 E383.04681
G1 X79.513 Y130.81 E383.09201
G1 X79.115 Y129.623 E383.13365
G1 X78.71 Y128.25 E383.18126
G1 X78.369 Y126.924 E383.2268
G1 X78.068 Y125.575 E383.27277
G1 X77.816 Y124.219 E383.31864
G1 X77.622 Y122.938 E383.36174
G1 X77.459 Y121.567 E383.40766
G1 X77.35 Y120.265 E383.45111
G1 X77.281 Y118.902 E383.4965
G1 X77.257 Y117.528 E383.54221
G1 X77.28 Y116.175 E383.58722
G1 X77.348 Y114.814 E383.63254
G1 X77.46 Y113.481 E383.67703
G1 X77.619 Y112.135 E383.72211
G1 X77.817 Y110.829 E383.76605
G1 X78.069 Y109.473 E383.81192
G1 X78.363 Y108.151 E383.85696
G1 X78.701 Y106.83 E383.90232
G1 X79.119 Y105.424 E383.9511
G1 X79.505 Y104.259 E383.99192
G1 X79.971 Y102.993 E384.03679
G1 X80.481 Y101.739 E384.08182
G1 X81.026 Y100.519 E384.12626
G1 X81.608 Y99.317 E384.17068
G1 X82.241 Y98.121 E384.21569
G1 X82.928 Y96.923 E384.26162
G1 X83.629 Y95.79 E384.30593
G1 X84.389 Y94.646 E384.35161
G1 X85.177 Y93.548 E384.39656
G1 X86.009 Y92.469 E384.44188
G1 X86.84 Y91.455 E384.48548
G1 X87.756 Y90.415 E384.53158
G1 X88.662 Y89.455 E384.57548
G1 X89.621 Y88.502 E384.62045
G1 X90.61 Y87.583 E384.66535
G1 X91.643 Y86.688 E384.71081
G1 X92.677 Y85.847 E384.75514
G1 X93.762 Y85.028 E384.80036
G1 X94.876 Y84.243 E384.84568
G1 X95.996 Y83.507 E384.89026
G1 X97.178 Y82.789 E384.93626
G1 X98.364 Y82.12 E384.98155
G1 X99.583 Y81.489 E385.0272
G1 X100.788 Y80.914 E385.07161
G1 X102.013 Y80.377 E385.1161
G1 X103.244 Y79.89 E385.16013
G1 X104.516 Y79.432 E385.20509
G1 X105.798 Y79.018 E385.2499
G1 X107.112 Y78.645 E385.29533
G1 X108.425 Y78.318 E385.34033
G1 X109.733 Y78.035 E385.38485
G1 X111.069 Y77.798 E385.42997
G1 X112.471 Y77.594 E385.4771
G1 X113.745 Y77.455 E385.51972
G1 X115.11 Y77.354 E385.56525
G1 X116.458 Y77.293 E385.61013
G1 X117.801 Y77.28 E385.6548
G1 X119.183 Y77.316 E385.70078
G1 X120.461 Y77.388 E385.74335
G1 X121.93 Y77.523 E385.79242
G1 X123.231 Y77.69 E385.83604
G1 X124.556 Y77.905 E385.88069
G1 X125.856 Y78.16 E385.92475
G1 X127.099 Y78.439 E385.96712
G1 X128.603 Y78.846 E386.01894
G1 X129.81 Y79.211 E386.06089
G1 X131.092 Y79.645 E386.1059
G1 X132.346 Y80.118 E386.15048
G1 X133.603 Y80.644 E386.1958
G1 X134.797 Y81.188 E386.23944
G1 X136.012 Y81.792 E386.28457
G1 X137.203 Y82.434 E386.32957
G1 X138.471 Y83.179 E386.37848
G1 X139.512 Y83.838 E386.41946
G1 X140.581 Y84.556 E386.46229
G1 X141.747 Y85.408 E386.51032
G1 X142.81 Y86.24 E386.55522
G1 X143.857 Y87.116 E386.60063
G1 X144.856 Y88.007 E386.64515
G1 X145.83 Y88.946 E386.69015
G1 X146.748 Y89.887 E386.73387
G1 X147.711 Y90.94 E386.78133
G1 X148.543 Y91.913 E386.82391
G1 X149.386 Y92.974 E386.86898
G1 X150.193 Y94.063 E386.91407
G1 X150.981 Y95.195 E386.95994
G1 X151.694 Y96.309 E387.00393
G1 X152.389 Y97.473 E387.04902
G1 X153.059 Y98.678 E387.09488
G1 X153.656 Y99.859 E387.13889
G1 X154.241 Y101.11 E387.18483
G1 X154.762 Y102.325 E387.22879
G1 X155.251 Y103.589 E387.27387
G1 X155.674 Y104.784 E387.31603
G1 X156.103 Y106.156 E387.36385
G1 X156.474 Y107.494 E387.41003
G1 X156.801 Y108.873 E387.45716
G1 X157.05 Y110.098 E387.49874
G1 X157.277 Y111.426 E387.54355
G1 X157.449 Y112.66 E387.58499
G1 X157.598 Y114.111 E387.63351
G1 X157.69 Y115.458 E387.67841
G1 X157.735 Y116.81 E387.7234
G1 X157.736 Y118.162 E387.76837
G1 X157.692 Y119.546 E387.81443
G1 X157.6 Y120.907 E387.8598
G1 X157.465 Y122.24 E387.90436
G1 X157.282 Y123.577 E387.94924
G1 X157.055 Y124.915 E387.99438
G1 X156.808 Y126.145 E388.03611
G1 X156.474 Y127.554 E388.08427
G1 X156.112 Y128.863 E388.12944
G1 X155.67 Y130.264 E388.1783
G1 X155.273 Y131.396 E388.2182
G1 X154.778 Y132.684 E388.2641
G1 X154.257 Y133.902 E388.30816
G1 X153.668 Y135.164 E388.35448
G1 X153.063 Y136.358 E388.399
G1 X152.419 Y137.521 E388.44321
G1 X151.736 Y138.675 E388.48781
G1 X150.998 Y139.821 E388.53315
G1 X150.269 Y140.887 E388.5761
G1 X149.43 Y142.015 E388.62286
G1 X148.59 Y143.075 E388.66785
G1 X147.705 Y144.113 E388.71321
G1 X146.802 Y145.105 E388.75783
G1 X145.839 Y146.098 E388.80384
G1 X144.864 Y147.033 E388.84877
G1 X143.853 Y147.936 E388.89385
G1 X142.818 Y148.804 E388.93878
G1 X141.747 Y149.64 E388.98397
G1 X140.577 Y150.492 E389.03211
G1 X139.555 Y151.183 E389.07314
G1 X138.5 Y151.855 E389.11475
G1 X137.262 Y152.581 E389.16248
G1 X136.068 Y153.225 E389.2076
G1 X134.863 Y153.829 E389.25243
G1 X133.618 Y154.396 E389.29793
G1 X132.346 Y154.93 E389.34382
G1 X131.107 Y155.394 E389.38782
G1 X129.828 Y155.829 E389.43275
G1 X128.528 Y156.227 E389.47797
G1 X127.096 Y156.609 E389.52727
G1 X125.886 Y156.884 E389.56854
G1 X124.561 Y157.143 E389.61344
G1 X123.239 Y157.354 E389.65797
G1 X121.894 Y157.527 E389.70307
G1 X120.7 Y157.64 E389.74296
G1 X120.7 Y153.829 E389.86972
G1 X122.013 Y153.695 E389.91361
G1 X123.301 Y153.51 E389.95689
G1 X124.564 Y153.285 E389.99956
G1 X125.839 Y153.008 E390.04296
G1 X127.09 Y152.69 E390.08589
G1 X128.336 Y152.329 E390.12903
G1 X129.568 Y151.918 E390.17223
G1 X130.77 Y151.476 E390.21483
G1 X131.977 Y150.977 E390.25827
G1 X133.155 Y150.443 E390.30129
G1 X134.306 Y149.867 E390.34409
G1 X135.44 Y149.252 E390.387
G1 X136.558 Y148.597 E390.4301
G1 X137.656 Y147.893 E390.47348
G1 X138.714 Y147.161 E390.51627
G1 X139.763 Y146.385 E390.55967
G1 X140.774 Y145.577 E390.60271
G1 X141.755 Y144.732 E390.64578
G1 X142.704 Y143.855 E390.68876
G1 X143.614 Y142.95 E390.73144
G1 X144.51 Y141.998 E390.77492
G1 X145.363 Y141.024 E390.81799
G1 X146.18 Y140.019 E390.86106
G1 X146.952 Y138.997 E390.90366
G1 X147.704 Y137.928 E390.94714
G1 X148.408 Y136.841 E390.99021
G1 X149.076 Y135.732 E391.03327
G1 X149.704 Y134.597 E391.07641
G1 X150.273 Y133.476 E391.11823
G1 X150.834 Y132.273 E391.16237
G1 X151.329 Y131.09 E391.20503
G1 X151.755 Y129.976 E391.2447
G1 X152.206 Y128.653 E391.29118
G1 X152.584 Y127.402 E391.33465
G1 X152.914 Y126.151 E391.37768
G1 X153.196 Y124.888 E391.42072
G1 X153.437 Y123.618 E391.46372
G1 X153.626 Y122.346 E391.50649
G1 X153.775 Y121.051 E391.54985
G1 X153.88 Y119.761 E391.59289
G1 X153.936 Y118.465 E391.63604
G1 X153.948 Y117.174 E391.67898
G1 X153.912 Y115.878 E391.7221
G1 X153.832 Y114.587 E391.76512
G1 X153.708 Y113.308 E391.80786
G1 X153.53 Y112.012 E391.85137
G1 X153.314 Y110.738 E391.89435
G1 X153.052 Y109.483 E391.93699
G1 X152.771 Y108.324 E391.97666
G1 X152.389 Y106.977 E392.02322
G1 X151.991 Y105.735 E392.0666
G1 X151.548 Y104.519 E392.10965
G1 X151.07 Y103.329 E392.1523
G1 X150.544 Y102.135 E392.1957
G1 X150.106 Y101.239 E392.22887
G1 X150.112 Y101.23 E392.22923
G1 X149.369 Y99.837 E392.28174
G1 X148.718 Y98.708 E392.32508
G1 X148.03 Y97.613 E392.3681
G1 X147.258 Y96.479 E392.41372
G1 X146.602 Y95.574 E392.4509
G1 X145.745 Y94.488 E392.49691
G1 X144.901 Y93.49 E392.54038
G1 X144.041 Y92.541 E392.58298
G1 X143.137 Y91.618 E392.62595
G1 X142.191 Y90.715 E392.66945
G1 X141.221 Y89.854 E392.71259
G1 X140.236 Y89.034 E392.75521
G1 X139.198 Y88.237 E392.79874
G1 X138.157 Y87.493 E392.8413
G1 X137.079 Y86.777 E392.88434
G1 X135.972 Y86.105 E392.92741
G1 X134.835 Y85.461 E392.97088
G1 X133.684 Y84.866 E393.01397
G1 X132.524 Y84.313 E393.05671
G1 X131.34 Y83.804 E393.09958
G1 X130.121 Y83.329 E393.14309
G1 X129.011 Y82.935 E393.18227
G1 X127.663 Y82.52 E393.22918
G1 X126.421 Y82.182 E393.27199
G1 X125.162 Y81.889 E393.31498
G1 X123.883 Y81.639 E393.35833
G1 X122.604 Y81.434 E393.40141
G1 X121.245 Y81.265 E393.44696
G1 X120.037 Y81.164 E393.48728
G1 X118.739 Y81.096 E393.53051
G1 X117.448 Y81.072 E393.57345
G1 X116.16 Y81.096 E393.6163
G1 X114.856 Y81.168 E393.65974
G1 X113.566 Y81.284 E393.70282
G1 X112.29 Y81.449 E393.74561
G1 X111.016 Y81.654 E393.78853
G1 X109.736 Y81.911 E393.83195
G1 X108.482 Y82.205 E393.87479
G1 X107.226 Y82.551 E393.91812
G1 X105.996 Y82.932 E393.96095
G1 X104.781 Y83.363 E394.00383
G1 X103.574 Y83.837 E394.04696
G1 X102.379 Y84.36 E394.09034
G1 X101.21 Y84.915 E394.13338
G1 X100.071 Y85.51 E394.17612
G1 X98.937 Y86.154 E394.2195
G1 X97.843 Y86.825 E394.26218
G1 X96.757 Y87.549 E394.3056
G1 X95.707 Y88.305 E394.34863
G1 X94.693 Y89.089 E394.39126
G1 X93.688 Y89.926 E394.43476
G1 X92.73 Y90.782 E394.47749
G1 X91.789 Y91.683 E394.52082
G1 X90.888 Y92.612 E394.56387
G1 X90.019 Y93.578 E394.60708
G1 X89.186 Y94.567 E394.65009
G1 X88.39 Y95.584 E394.69304
G1 X87.63 Y96.634 E394.73616
G1 X86.906 Y97.708 E394.77924
G1 X86.226 Y98.793 E394.82182
G1 X85.574 Y99.928 E394.86536
G1 X84.974 Y101.075 E394.90841
G1 X84.408 Y102.24 E394.95149
G1 X83.892 Y103.411 E394.99405
G1 X83.41 Y104.626 E395.03753
G1 X82.971 Y105.844 E395.08059
G1 X82.581 Y107.067 E395.12329
G1 X82.227 Y108.321 E395.16662
G1 X81.925 Y109.581 E395.20972
G1 X81.664 Y110.851 E395.25284
G1 X81.45 Y112.127 E395.29587
G1 X81.281 Y113.397 E395.33849
G1 X81.16 Y114.644 E395.38016
G1 X81.08 Y115.979 E395.42464
G1 X81.048 Y117.287 E395.46816
G1 X81.064 Y118.571 E395.51087
G1 X81.124 Y119.862 E395.55385
G1 X81.228 Y121.149 E395.5968
G1 X81.38 Y122.437 E395.63993
G1 X81.578 Y123.715 E395.68295
G1 X81.819 Y124.986 E395.72597
G1 X82.109 Y126.249 E395.76907
G1 X82.438 Y127.499 E395.81206
G1 X82.82 Y128.751 E395.8556
G1 X83.238 Y129.966 E395.89834
G1 X83.701 Y131.172 E395.9413
G1 X84.203 Y132.362 E395.98426
G1 X84.754 Y133.538 E396.02745
G1 X85.341 Y134.691 E396.07049
G1 X85.973 Y135.822 E396.11358
G1 X86.64 Y136.928 E396.15654
G1 X87.352 Y138.014 E396.19973
G1 X88.096 Y139.072 E396.24275
G1 X88.889 Y140.11 E396.28619
G1 X89.701 Y141.103 E396.32886
G1 X90.553 Y142.073 E396.3718
G1 X91.442 Y143.014 E396.41485
G1 X92.375 Y143.931 E396.45836
G1 X93.32 Y144.8 E396.50106
G1 X94.253 Y145.6 E396.54194
G1 X95.315 Y146.449 E396.58716
G1 X96.357 Y147.217 E396.63022
G1 X97.422 Y147.949 E396.6732
G1 X98.525 Y148.646 E396.7166
G1 X99.642 Y149.301 E396.75966
G1 X100.772 Y149.912 E396.80239
G1 X101.935 Y150.484 E396.8455
G1 X103.113 Y151.015 E396.88847
G1 X104.324 Y151.51 E396.93199
G1 X105.527 Y151.952 E396.97461
G1 X106.769 Y152.359 E397.01808
G1 X108.004 Y152.717 E397.06085
G1 X109.259 Y153.03 E397.10387
G1 X110.529 Y153.303 E397.14708
G1 X111.797 Y153.526 E397.1899
G1 X112.863 Y153.678 E397.22571
G1 X113.5 Y153.755 E397.24705
G1 X114.296 Y153.83 E397.27365
G1 X114.296 Y157.643 E397.40047
G0 F9000 X113.936 Y157.245
;TYPE:SKIN
G1 F1500 X113.06 Y157.149 E397.42978
G1 X113.064 Y154.063 E397.53242
G1 X113.936 Y154.158 E397.56159
G1 X113.936 Y157.245 E397.66427
G0 F9000 X113.259 Y156.817
G1 F1500 X113.431 Y156.988 E397.67233
G0 F9000 X113.736 Y156.728
G1 F1500 X113.26 Y156.252 E397.69472
G0 F9000 X113.736 Y156.162
G1 F1500 X113.262 Y155.688 E397.71702
G0 F9000 X113.736 Y155.597
G1 F1500 X113.262 Y155.123 E397.73931
G0 F9000 X113.736 Y155.031
G1 F1500 X113.264 Y154.559 E397.76152
G0 F9000 X113.595 Y154.325
G1 F1500 X113.736 Y154.465 E397.76812
G1 F2700 E392.76812
G0 F9000 X112.804 Y154.464
G0 X112.884 Y157.24
G0 X112.763 Y158.353
G0 X115.151 Y158.567
G0 X119.836 Y157.244
G0 X121.06 Y157.244
G1 F2700 E397.76812
G1 F1500 X121.06 Y154.153 E397.87093
G1 X121.932 Y154.062 E397.90009
G1 X121.936 Y157.162 E398.0032
G1 X121.06 Y157.244 E398.03246
G0 F9000 X121.376 Y157.014
G1 F1500 X121.26 Y156.898 E398.03792
G0 F9000 X121.736 Y156.809
G1 F1500 X121.26 Y156.332 E398.06033
G0 F9000 X121.736 Y156.242
G1 F1500 X121.26 Y155.766 E398.08272
G0 F9000 X121.735 Y155.676
G1 F1500 X121.26 Y155.201 E398.10506
G0 F9000 X121.733 Y155.109
G1 F1500 X121.26 Y154.635 E398.12733
G0 F9000 X121.499 Y154.308
G1 F1500 X121.733 Y154.542 E398.13834
G0 F9000 X122.51 Y154.644
G1 F2700 E393.13834
;MESH:NONMESH
G0 F300 X122.51 Y154.644 Z3.2
G0 F9000 X122.11 Y157.275
G0 X121.564 Y157.594
;TIME_ELAPSED:548.286422
;LAYER:15
;TYPE:WALL-OUTER
;MESH:Led Ring.stl
G1 F2700 E398.13834
G1 F1500 X121.564 Y153.746 E398.26633
G1 X121.992 Y153.695 E398.28066
G1 X123.276 Y153.515 E398.32379
G1 X124.543 Y153.289 E398.36659
G1 X125.819 Y153.012 E398.41002
G1 X127.066 Y152.694 E398.45282
G1 X128.316 Y152.333 E398.4961
G1 X129.535 Y151.93 E398.5388
G1 X130.762 Y151.476 E398.58231
G1 X131.948 Y150.989 E398.62496
G1 X133.123 Y150.455 E398.66788
G1 X134.293 Y149.876 E398.7113
G1 X135.432 Y149.256 E398.75443
G1 X136.527 Y148.614 E398.79665
G1 X137.628 Y147.913 E398.84006
G1 X138.698 Y147.173 E398.88333
G1 X139.744 Y146.397 E398.92665
G1 X140.757 Y145.589 E398.96975
G1 X141.739 Y144.744 E399.01284
G1 X142.688 Y143.867 E399.05582
G1 X143.609 Y142.959 E399.09883
G1 X144.487 Y142.021 E399.14157
G1 X145.347 Y141.04 E399.18496
G1 X146.167 Y140.035 E399.2281
G1 X146.94 Y139.013 E399.27072
G1 X147.688 Y137.952 E399.3139
G1 X148.396 Y136.862 E399.35713
G1 X149.064 Y135.752 E399.40021
G1 X149.691 Y134.617 E399.44334
G1 X150.274 Y133.474 E399.48602
G1 X150.826 Y132.293 E399.52938
G1 X151.329 Y131.098 E399.5725
G1 X151.784 Y129.899 E399.61515
G1 X152.206 Y128.661 E399.65866
G1 X152.58 Y127.422 E399.7017
G1 X152.906 Y126.183 E399.74431
G1 X153.192 Y124.908 E399.78777
G1 X153.433 Y123.638 E399.83077
G1 X153.626 Y122.367 E399.87353
G1 X153.775 Y121.071 E399.91692
G1 X153.88 Y119.781 E399.95996
G1 X153.936 Y118.485 E400.00311
G1 X153.948 Y117.194 E400.04605
G1 X153.912 Y115.898 E400.08917
G1 X153.832 Y114.607 E400.13219
G1 X153.707 Y113.328 E400.17493
G1 X153.535 Y112.033 E400.21838
G1 X153.318 Y110.758 E400.2614
G1 X153.056 Y109.503 E400.30404
G1 X152.747 Y108.232 E400.34755
G1 X152.393 Y106.985 E400.39066
G1 X151.999 Y105.755 E400.43362
G1 X151.556 Y104.535 E400.47679
G1 X151.078 Y103.345 E400.51944
G1 X150.552 Y102.151 E400.56284
G1 X150.114 Y101.255 E400.59601
G1 X150.12 Y101.246 E400.59637
G1 X149.381 Y99.854 E400.64879
G1 X148.725 Y98.723 E400.69227
G1 X148.038 Y97.629 E400.73524
G1 X147.323 Y96.564 E400.7779
G1 X146.55 Y95.509 E400.8214
G1 X145.758 Y94.504 E400.86396
G1 X144.918 Y93.503 E400.90743
G1 X144.044 Y92.545 E400.95056
G1 X143.154 Y91.635 E400.99289
G1 X142.207 Y90.727 E401.03653
G1 X141.237 Y89.866 E401.07967
G1 X140.24 Y89.038 E401.12277
G1 X139.222 Y88.257 E401.16545
G1 X138.173 Y87.501 E401.20845
G1 X137.095 Y86.789 E401.25142
G1 X135.981 Y86.109 E401.29483
G1 X134.863 Y85.477 E401.33755
G1 X133.701 Y84.874 E401.38109
G1 X132.542 Y84.323 E401.42377
G1 X131.344 Y83.804 E401.4672
G1 X130.137 Y83.333 E401.51029
G1 X128.926 Y82.911 E401.55294
G1 X127.68 Y82.524 E401.59634
G1 X126.433 Y82.186 E401.63931
G1 X125.182 Y81.893 E401.68205
G1 X123.903 Y81.639 E401.72542
G1 X122.667 Y81.445 E401.76703
G1 X121.35 Y81.277 E401.81119
G1 X120.058 Y81.164 E401.85432
G1 X118.755 Y81.096 E401.89772
G1 X117.468 Y81.072 E401.94053
G1 X116.176 Y81.096 E401.98351
G1 X114.872 Y81.168 E402.02695
G1 X113.581 Y81.284 E402.07006
G1 X112.31 Y81.445 E402.11267
G1 X111.027 Y81.654 E402.15591
G1 X109.753 Y81.907 E402.19911
G1 X108.502 Y82.201 E402.24185
G1 X107.246 Y82.547 E402.28518
G1 X106.008 Y82.933 E402.32831
G1 X104.798 Y83.355 E402.37094
G1 X103.594 Y83.83 E402.41398
G1 X102.396 Y84.352 E402.45745
G1 X101.238 Y84.903 E402.5001
G1 X100.079 Y85.506 E402.54356
G1 X98.953 Y86.146 E402.58663
G1 X97.859 Y86.817 E402.62932
G1 X96.773 Y87.537 E402.67266
G1 X95.719 Y88.293 E402.7158
G1 X94.705 Y89.077 E402.75843
G1 X93.7 Y89.914 E402.80193
G1 X92.742 Y90.77 E402.84466
G1 X91.801 Y91.671 E402.88799
G1 X90.908 Y92.592 E402.93066
G1 X90.031 Y93.561 E402.97413
G1 X89.198 Y94.551 E403.01716
G1 X88.398 Y95.572 E403.0603
G1 X87.638 Y96.618 E403.1033
G1 X86.917 Y97.692 E403.14633
G1 X86.23 Y98.789 E403.18938
G1 X85.59 Y99.9 E403.23202
G1 X84.992 Y101.033 E403.27464
G1 X84.415 Y102.225 E403.31868
G1 X83.893 Y103.407 E403.36166
G1 X83.316 Y104.852 E403.41341
G1 X83.329 Y104.871 E403.41417
G1 X83.012 Y105.713 E403.4441
G1 X82.585 Y107.051 E403.49081
G1 X82.231 Y108.305 E403.53415
G1 X81.929 Y109.565 E403.57725
G1 X81.668 Y110.835 E403.62037
G1 X81.454 Y112.111 E403.6634
G1 X81.281 Y113.393 E403.70643
G1 X81.156 Y114.68 E403.74943
G1 X81.08 Y115.964 E403.79221
G1 X81.048 Y117.267 E403.83557
G1 X81.064 Y118.551 E403.87828
G1 X81.12 Y119.845 E403.92135
G1 X81.228 Y121.133 E403.96434
G1 X81.381 Y122.432 E404.00785
G1 X81.574 Y123.699 E404.05047
G1 X81.815 Y124.974 E404.09363
G1 X82.105 Y126.233 E404.1366
G1 X82.434 Y127.483 E404.17959
G1 X82.816 Y128.735 E404.22313
G1 X83.23 Y129.949 E404.26579
G1 X83.693 Y131.16 E404.30891
G1 X84.2 Y132.351 E404.35197
G1 X84.746 Y133.521 E404.39491
G1 X85.333 Y134.675 E404.43797
G1 X85.965 Y135.806 E404.48106
G1 X86.632 Y136.916 E404.52413
G1 X87.34 Y137.998 E404.56714
G1 X88.088 Y139.06 E404.61035
G1 X88.876 Y140.098 E404.65369
G1 X89.689 Y141.091 E404.69638
G1 X90.546 Y142.061 E404.73943
G1 X91.421 Y142.988 E404.78182
G1 X92.363 Y143.923 E404.82597
G1 X93.308 Y144.788 E404.86858
G1 X94.241 Y145.592 E404.90954
G1 X95.303 Y146.437 E404.95468
G1 X96.345 Y147.205 E404.99774
G1 X97.41 Y147.941 E405.04079
G1 X98.513 Y148.638 E405.08419
G1 X99.63 Y149.293 E405.12726
G1 X100.76 Y149.904 E405.16998
G1 X101.923 Y150.476 E405.21309
G1 X103.113 Y151.015 E405.25654
G1 X104.295 Y151.501 E405.29905
G1 X105.414 Y151.916 E405.33874
G1 X106.741 Y152.351 E405.38519
G1 X107.988 Y152.709 E405.42834
G1 X109.242 Y153.026 E405.47136
G1 X110.518 Y153.3 E405.51477
G1 X111.727 Y153.513 E405.5556
G1 X112.923 Y153.686 E405.59579
G1 X113.432 Y153.746 E405.61284
G1 X113.432 Y157.592 E405.74076
G1 X112.443 Y157.482 E405.77385
G1 X111.092 Y157.29 E405.81924
G1 X109.759 Y157.051 E405.86428
G1 X108.45 Y156.773 E405.90879
G1 X107.161 Y156.45 E405.95299
G1 X105.822 Y156.068 E405.9993
G1 X104.533 Y155.658 E406.04429
G1 X103.287 Y155.21 E406.08833
G1 X102.002 Y154.703 E406.13428
G1 X100.772 Y154.162 E406.17897
G1 X99.542 Y153.576 E406.22428
G1 X98.348 Y152.956 E406.26903
G1 X97.161 Y152.287 E406.31435
G1 X96.003 Y151.586 E406.35937
G1 X94.881 Y150.85 E406.404
G1 X93.766 Y150.066 E406.44934
G1 X92.709 Y149.269 E406.49337
G1 X91.665 Y148.426 E406.538
G1 X90.61 Y147.511 E406.58445
G1 X89.619 Y146.591 E406.62942
G1 X88.656 Y145.64 E406.67444
G1 X87.763 Y144.691 E406.71778
G1 X86.855 Y143.659 E406.7635
G1 X85.981 Y142.603 E406.80909
G1 X85.167 Y141.544 E406.85351
G1 X84.38 Y140.449 E406.89836
G1 X83.634 Y139.33 E406.94309
G1 X82.9 Y138.145 E406.98946
G1 X82.242 Y136.997 E407.03347
G1 X81.609 Y135.805 E407.07836
G1 X81.018 Y134.594 E407.12317
G1 X80.461 Y133.35 E407.16851
G1 X79.951 Y132.097 E407.2135
G1 X79.482 Y130.823 E407.25866
G1 X79.083 Y129.632 E407.30043
G1 X78.678 Y128.259 E407.34804
G1 X78.338 Y126.933 E407.39357
G1 X78.036 Y125.583 E407.43958
G1 X77.784 Y124.224 E407.48556
G1 X77.587 Y122.947 E407.52853
G1 X77.43 Y121.599 E407.57367
G1 X77.312 Y120.234 E407.61924
G1 X77.245 Y118.903 E407.66356
G1 X77.221 Y117.528 E407.7093
G1 X77.244 Y116.175 E407.75431
G1 X77.312 Y114.814 E407.79963
G1 X77.426 Y113.503 E407.8434
G1 X77.583 Y112.131 E407.88933
G1 X77.786 Y110.821 E407.93342
G1 X78.036 Y109.465 E407.97929
G1 X78.331 Y108.143 E408.02434
G1 X78.669 Y106.822 E408.06969
G1 X79.087 Y105.416 E408.11848
G1 X79.473 Y104.25 E408.15933
G1 X79.928 Y103.01 E408.20326
G1 X80.437 Y101.756 E408.24827
G1 X81.006 Y100.477 E408.29483
G1 X81.595 Y99.271 E408.33947
G1 X82.228 Y98.077 E408.38442
G1 X82.9 Y96.903 E408.42941
G1 X83.613 Y95.748 E408.47456
G1 X84.361 Y94.626 E408.51941
G1 X85.149 Y93.528 E408.56436
G1 X85.981 Y92.445 E408.60978
G1 X86.837 Y91.41 E408.65445
G1 X87.729 Y90.391 E408.6995
G1 X88.655 Y89.408 E408.74441
G1 X89.641 Y88.435 E408.79049
G1 X90.61 Y87.537 E408.83443
G1 X91.641 Y86.642 E408.87984
G1 X92.659 Y85.818 E408.9234
G1 X93.742 Y85 E408.96854
G1 X94.857 Y84.214 E409.01391
G1 X96.03 Y83.444 E409.06058
G1 X97.135 Y82.772 E409.1036
G1 X98.348 Y82.088 E409.14991
G1 X99.516 Y81.484 E409.19365
G1 X100.772 Y80.882 E409.23997
G1 X102.001 Y80.345 E409.28458
G1 X103.232 Y79.858 E409.32861
G1 X104.533 Y79.39 E409.3746
G1 X105.822 Y78.976 E409.41963
G1 X107.106 Y78.613 E409.46401
G1 X108.417 Y78.283 E409.50897
G1 X109.729 Y78.003 E409.55359
G1 X111.06 Y77.763 E409.59857
G1 X112.405 Y77.571 E409.64376
G1 X113.744 Y77.422 E409.68857
G1 X115.105 Y77.318 E409.73397
G1 X116.46 Y77.261 E409.77908
G1 X117.801 Y77.248 E409.82368
G1 X119.183 Y77.284 E409.86966
G1 X120.465 Y77.356 E409.91237
G1 X122.029 Y77.503 E409.96462
G1 X123.235 Y77.659 E410.00506
G1 X124.56 Y77.869 E410.04968
G1 X125.89 Y78.132 E410.09478
G1 X127.187 Y78.431 E410.13905
G1 X128.513 Y78.785 E410.18469
G1 X129.823 Y79.179 E410.23019
G1 X131.104 Y79.613 E410.27518
G1 X132.358 Y80.086 E410.31975
G1 X133.579 Y80.596 E410.36377
G1 X134.807 Y81.155 E410.40864
G1 X136.026 Y81.763 E410.45395
G1 X137.17 Y82.371 E410.49704
G1 X138.467 Y83.137 E410.54714
G1 X139.532 Y83.81 E410.58904
G1 X140.601 Y84.528 E410.63187
G1 X141.767 Y85.38 E410.6799
G1 X142.842 Y86.22 E410.72528
G1 X143.869 Y87.08 E410.76983
G1 X144.88 Y87.983 E410.81492
G1 X145.874 Y88.938 E410.86076
G1 X146.798 Y89.89 E410.90489
G1 X147.693 Y90.87 E410.94903
G1 X148.569 Y91.896 E410.9939
G1 X149.433 Y92.978 E411.03996
G1 X150.222 Y94.043 E411.08404
G1 X151.009 Y95.176 E411.12992
G1 X151.76 Y96.344 E411.17611
G1 X152.434 Y97.48 E411.22004
G1 X153.087 Y98.662 E411.26495
G1 X153.7 Y99.868 E411.30995
G1 X154.273 Y101.094 E411.35496
G1 X154.791 Y102.314 E411.39904
G1 X155.292 Y103.602 E411.44501
G1 X155.742 Y104.883 E411.49017
G1 X156.144 Y106.177 E411.53524
G1 X156.498 Y107.455 E411.57934
G1 X156.844 Y108.899 E411.62873
G1 X157.077 Y110.065 E411.66828
G1 X157.309 Y111.42 E411.714
G1 X157.493 Y112.773 E411.75942
G1 X157.63 Y114.107 E411.80402
G1 X157.722 Y115.454 E411.84893
G1 X157.767 Y116.814 E411.89418
G1 X157.768 Y118.166 E411.93915
G1 X157.724 Y119.55 E411.98521
G1 X157.632 Y120.907 E412.03045
G1 X157.497 Y122.244 E412.07514
G1 X157.314 Y123.586 E412.12019
G1 X157.091 Y124.919 E412.16514
G1 X156.844 Y126.149 E412.20687
G1 X156.506 Y127.562 E412.25519
G1 X156.144 Y128.867 E412.30023
G1 X155.742 Y130.157 E412.34517
G1 X155.296 Y131.434 E412.39016
G1 X154.806 Y132.696 E412.43519
G1 X154.277 Y133.942 E412.48021
G1 X153.7 Y135.18 E412.52564
G1 X153.095 Y136.374 E412.57016
G1 X152.438 Y137.56 E412.61526
G1 X151.762 Y138.695 E412.65919
G1 X151.013 Y139.861 E412.70529
G1 X150.297 Y140.907 E412.74745
G1 X149.441 Y142.062 E412.79526
G1 X148.617 Y143.095 E412.83921
G1 X147.729 Y144.137 E412.88475
G1 X146.826 Y145.128 E412.92934
G1 X145.862 Y146.122 E412.97539
G1 X144.888 Y147.057 E413.0203
G1 X143.869 Y147.968 E413.06576
G1 X142.842 Y148.828 E413.11031
G1 X141.795 Y149.646 E413.15451
G1 X140.597 Y150.52 E413.20383
G1 X139.575 Y151.211 E413.24486
G1 X138.491 Y151.901 E413.2876
G1 X137.31 Y152.591 E413.33309
G1 X135.839 Y153.389 E413.38875
G1 X135.83 Y153.383 E413.38911
G1 X134.933 Y153.835 E413.42252
G1 X133.607 Y154.44 E413.471
G1 X132.37 Y154.957 E413.51559
G1 X131.064 Y155.447 E413.56198
G1 X129.811 Y155.869 E413.60596
G1 X128.54 Y156.258 E413.65017
G1 X127.104 Y156.641 E413.6996
G1 X125.894 Y156.916 E413.74087
G1 X124.568 Y157.175 E413.78581
G1 X123.268 Y157.386 E413.82961
G1 X121.564 Y157.594 E413.88671
G0 F9000 X121.924 Y157.189
;TYPE:SKIN
G1 F1500 X121.924 Y154.063 E413.99068
G1 X123.344 Y153.867 E414.03835
G1 X124.612 Y153.641 E414.08119
G1 X126.016 Y153.332 E414.12901
G1 X127.198 Y153.03 E414.16958
G1 X128.416 Y152.681 E414.21173
G1 X129.652 Y152.27 E414.25505
G1 X130.914 Y151.804 E414.29979
G1 X132.081 Y151.321 E414.3418
G1 X133.267 Y150.783 E414.38512
G1 X134.457 Y150.192 E414.42931
G1 X135.596 Y149.576 E414.47238
G1 X136.704 Y148.927 E414.51508
G1 X137.812 Y148.221 E414.55878
G1 X138.906 Y147.465 E414.60301
G1 X139.952 Y146.689 E414.64633
G1 X140.985 Y145.865 E414.69028
G1 X141.979 Y145.012 E414.73384
G1 X142.928 Y144.135 E414.77682
G1 X143.865 Y143.211 E414.82059
G1 X144.751 Y142.261 E414.8638
G1 X145.611 Y141.28 E414.90719
G1 X146.448 Y140.255 E414.9512
G1 X147.224 Y139.234 E414.99386
G1 X147.984 Y138.152 E415.03783
G1 X148.7 Y137.054 E415.08143
G1 X149.376 Y135.932 E415.125
G1 X150.008 Y134.785 E415.16856
G1 X150.591 Y133.639 E415.21132
G1 X151.154 Y132.442 E415.25532
G1 X151.661 Y131.234 E415.29889
G1 X152.111 Y130.048 E415.34108
G1 X152.55 Y128.769 E415.38606
G1 X152.928 Y127.518 E415.42953
G1 X153.258 Y126.259 E415.47281
G1 X153.544 Y124.98 E415.5164
G1 X153.781 Y123.73 E415.55872
G1 X153.982 Y122.427 E415.60257
G1 X154.131 Y121.103 E415.64689
G1 X154.24 Y119.801 E415.69034
G1 X154.296 Y118.493 E415.73389
G1 X154.308 Y117.19 E415.77723
G1 X154.272 Y115.882 E415.82075
G1 X154.192 Y114.563 E415.8647
G1 X154.063 Y113.284 E415.90745
G1 X153.887 Y111.965 E415.95171
G1 X153.674 Y110.702 E415.99431
G1 X153.408 Y109.434 E416.0374
G1 X153.127 Y108.249 E416.07791
G1 X152.741 Y106.889 E416.12493
G1 X152.343 Y105.65 E416.16821
G1 X151.876 Y104.363 E416.21375
G1 X151.41 Y103.205 E416.25527
G1 X150.88 Y101.995 E416.2992
G1 X150.449 Y101.122 E416.33159
G1 X150.452 Y101.107 E416.33209
G1 X149.69 Y99.671 E416.38616
G1 X149.034 Y98.536 E416.42977
G1 X148.342 Y97.441 E416.47285
G1 X147.619 Y96.357 E416.51619
G1 X146.833 Y95.289 E416.56029
G1 X146.042 Y94.284 E416.60283
G1 X145.186 Y93.263 E416.64714
G1 X144.312 Y92.305 E416.69027
G1 X143.408 Y91.38 E416.73329
G1 X142.459 Y90.471 E416.777
G1 X141.474 Y89.59 E416.82095
G1 X140.464 Y88.754 E416.86456
G1 X139.438 Y87.969 E416.90753
G1 X138.377 Y87.205 E416.95101
G1 X137.299 Y86.493 E416.99398
G1 X136.165 Y85.797 E417.03824
G1 X135.051 Y85.169 E417.08077
G1 X133.857 Y84.546 E417.12556
G1 X132.702 Y83.999 E417.16807
G1 X131.48 Y83.468 E417.21239
G1 X130.145 Y82.949 E417.26003
G1 X129.038 Y82.566 E417.29899
G1 X127.78 Y82.177 E417.34278
G1 X126.533 Y81.838 E417.38576
G1 X125.27 Y81.541 E417.42892
G1 X123.991 Y81.287 E417.47229
G1 X122.716 Y81.086 E417.51522
G1 X121.401 Y80.921 E417.5593
G1 X120.094 Y80.804 E417.60294
G1 X118.767 Y80.736 E417.64714
G1 X117.476 Y80.712 E417.69008
G1 X116.176 Y80.736 E417.73333
G1 X114.849 Y80.808 E417.77753
G1 X113.626 Y80.912 E417.81835
G1 X112.278 Y81.085 E417.86356
G1 X110.967 Y81.298 E417.90773
G1 X109.676 Y81.555 E417.95151
G1 X108.426 Y81.845 E417.99419
G1 X107.142 Y82.199 E418.03849
G1 X105.904 Y82.585 E418.08162
G1 X104.67 Y83.015 E418.12509
G1 X103.465 Y83.494 E418.16821
G1 X102.389 Y83.951 E418.2071
G1 X101.088 Y84.57 E418.25502
G1 X99.927 Y85.174 E418.29854
G1 X98.769 Y85.834 E418.34288
G1 X97.663 Y86.513 E418.38604
G1 X96.565 Y87.237 E418.42978
G1 X95.511 Y87.997 E418.473
G1 X94.489 Y88.785 E418.51593
G1 X93.464 Y89.638 E418.56028
G1 X92.498 Y90.503 E418.60341
G1 X91.557 Y91.407 E418.64681
G1 X90.644 Y92.344 E418.69032
G1 X89.759 Y93.321 E418.73416
G1 X88.926 Y94.315 E418.7773
G1 X88.11 Y95.356 E418.82129
G1 X87.342 Y96.41 E418.86467
G1 X86.614 Y97.492 E418.90804
G1 X85.922 Y98.602 E418.95155
G1 X85.274 Y99.724 E418.99464
G1 X84.671 Y100.87 E419.03771
G1 X84.088 Y102.072 E419.08215
G1 X83.565 Y103.255 E419.12517
G1 X82.969 Y104.759 E419.17897
G1 X82.975 Y104.787 E419.17993
G1 X82.669 Y105.593 E419.2086
G1 X82.241 Y106.935 E419.25545
G1 X81.879 Y108.209 E419.2995
G1 X81.577 Y109.485 E419.34312
G1 X81.312 Y110.767 E419.38666
G1 X81.102 Y112.002 E419.42832
G1 X80.921 Y113.349 E419.47353
G1 X80.792 Y114.648 E419.51694
G1 X80.72 Y115.936 E419.55985
G1 X80.688 Y117.263 E419.604
G1 X80.704 Y118.551 E419.64684
G1 X80.756 Y119.848 E419.69001
G1 X80.868 Y121.158 E419.73374
G1 X81.021 Y122.479 E419.77797
G1 X81.222 Y123.779 E419.82173
G1 X81.459 Y125.034 E419.86421
G1 X81.753 Y126.317 E419.90798
G1 X82.082 Y127.568 E419.95101
G1 X82.472 Y128.843 E419.99535
G1 X82.902 Y130.109 E420.03982
G1 X83.341 Y131.252 E420.08055
G1 X83.867 Y132.491 E420.12532
G1 X84.422 Y133.677 E420.16887
G1 X85.005 Y134.831 E420.21187
G1 X85.645 Y135.974 E420.25544
G1 X86.316 Y137.095 E420.29889
G1 X87.032 Y138.19 E420.34241
G1 X87.796 Y139.268 E420.38636
G1 X88.58 Y140.309 E420.4297
G1 X89.401 Y141.311 E420.47278
G1 X90.27 Y142.293 E420.5164
G1 X91.154 Y143.23 E420.55924
G1 X92.11 Y144.182 E420.60412
G1 X93.057 Y145.048 E420.6468
G1 X94.005 Y145.868 E420.68849
G1 X95.156 Y146.777 E420.73727
G1 X96.133 Y147.494 E420.77758
G1 X97.197 Y148.233 E420.82066
G1 X98.313 Y148.938 E420.86457
G1 X99.45 Y149.605 E420.90841
G1 X100.58 Y150.216 E420.95114
G1 X101.775 Y150.804 E420.99543
G1 X102.969 Y151.343 E421.03901
G1 X104.163 Y151.837 E421.08198
G1 X105.282 Y152.252 E421.12168
G1 X106.633 Y152.695 E421.16897
G1 X107.852 Y153.045 E421.21115
G1 X109.146 Y153.374 E421.25556
G1 X110.446 Y153.652 E421.29977
G1 X111.583 Y153.855 E421.33819
G1 X113.072 Y154.066 E421.38821
G1 X113.072 Y157.188 E421.49204
G1 X112.483 Y157.122 E421.51176
G1 X111.144 Y156.934 E421.55673
G1 X109.846 Y156.699 E421.6006
G1 X108.562 Y156.426 E421.64426
G1 X107.256 Y156.102 E421.68902
G1 X105.961 Y155.729 E421.73384
G1 X104.641 Y155.314 E421.77986
G1 X103.427 Y154.875 E421.8228
G1 X102.141 Y154.371 E421.86874
G1 X100.942 Y153.844 E421.9123
G1 X99.698 Y153.249 E421.95817
G1 X98.548 Y152.652 E422.00126
G1 X97.359 Y151.982 E422.04665
G1 X96.218 Y151.292 E422.091
G1 X95.103 Y150.562 E422.13533
G1 X94.014 Y149.8 E422.17954
G1 X92.941 Y148.994 E422.22417
G1 X91.916 Y148.166 E422.268
G1 X90.846 Y147.238 E422.31511
G1 X89.88 Y146.343 E422.35891
G1 X88.968 Y145.443 E422.40152
G1 X88.012 Y144.43 E422.44785
G1 X87.138 Y143.434 E422.49192
G1 X86.265 Y142.379 E422.53747
G1 X85.449 Y141.32 E422.58193
G1 X84.669 Y140.238 E422.6263
G1 X83.949 Y139.155 E422.66955
G1 X83.204 Y137.953 E422.71659
G1 X82.564 Y136.838 E422.75935
G1 X81.938 Y135.654 E422.80389
G1 X81.356 Y134.465 E422.84792
G1 X80.799 Y133.226 E422.8931
G1 X80.291 Y131.974 E422.93804
G1 X79.862 Y130.831 E422.97865
G1 X79.435 Y129.552 E423.0235
G1 X79.029 Y128.183 E423.07099
G1 X78.692 Y126.863 E423.1163
G1 X78.388 Y125.503 E423.16265
G1 X78.15 Y124.239 E423.20543
G1 X77.946 Y122.915 E423.24999
G1 X77.789 Y121.572 E423.29496
G1 X77.674 Y120.274 E423.3383
G1 X77.605 Y118.904 E423.38392
G1 X77.58 Y117.532 E423.42956
G1 X77.604 Y116.191 E423.47417
G1 X77.672 Y114.83 E423.5195
G1 X77.782 Y113.562 E423.56183
G1 X77.943 Y112.155 E423.60893
G1 X78.138 Y110.883 E423.65173
G1 X78.388 Y109.541 E423.69714
G1 X78.671 Y108.278 E423.74019
G1 X79.013 Y106.921 E423.78673
G1 X79.427 Y105.528 E423.83506
G1 X79.809 Y104.374 E423.8755
G1 X80.255 Y103.163 E423.91842
G1 X80.755 Y101.923 E423.96289
G1 X81.323 Y100.645 E424.0094
G1 X81.898 Y99.464 E424.05309
G1 X82.528 Y98.279 E424.09773
G1 X83.192 Y97.113 E424.14236
G1 X83.909 Y95.949 E424.18783
G1 X84.653 Y94.834 E424.23241
G1 X85.417 Y93.768 E424.27603
G1 X86.241 Y92.697 E424.32098
G1 X87.097 Y91.661 E424.36567
G1 X87.997 Y90.627 E424.41127
G1 X88.888 Y89.684 E424.45442
G1 X89.866 Y88.718 E424.50014
G1 X90.83 Y87.823 E424.54389
G1 X91.852 Y86.932 E424.58899
G1 X92.882 Y86.1 E424.63302
G1 X93.93 Y85.305 E424.67677
G1 X95.062 Y84.506 E424.72286
G1 X96.198 Y83.765 E424.76797
G1 X97.289 Y83.096 E424.81054
G1 X98.455 Y82.443 E424.85499
G1 X99.706 Y81.791 E424.90191
G1 X100.896 Y81.218 E424.94583
G1 X102.105 Y80.689 E424.98973
G1 X103.336 Y80.203 E425.03375
G1 X104.615 Y79.739 E425.079
G1 X105.892 Y79.328 E425.12362
G1 X107.183 Y78.963 E425.16824
G1 X108.506 Y78.631 E425.21361
G1 X109.854 Y78.343 E425.25945
G1 X111.086 Y78.122 E425.30108
G1 X112.5 Y77.919 E425.3486
G1 X113.75 Y77.782 E425.39042
G1 X115.111 Y77.678 E425.43582
G1 X116.454 Y77.621 E425.48053
G1 X117.772 Y77.608 E425.52437
G1 X119.164 Y77.644 E425.57068
G1 X120.413 Y77.712 E425.61228
G1 X122.033 Y77.863 E425.6664
G1 X123.097 Y78.005 E425.7021
G1 X124.459 Y78.217 E425.74795
G1 X125.782 Y78.476 E425.79278
G1 X127.082 Y78.777 E425.83717
G1 X128.382 Y79.124 E425.88192
G1 X129.664 Y79.508 E425.92643
G1 X130.984 Y79.953 E425.97276
G1 X132.218 Y80.418 E426.01662
G1 X133.434 Y80.927 E426.06047
G1 X134.621 Y81.466 E426.10383
G1 X135.849 Y82.079 E426.14947
G1 X136.998 Y82.687 E426.19271
G1 X138.279 Y83.443 E426.24218
G1 X139.337 Y84.113 E426.28384
G1 X140.371 Y84.806 E426.32524
G1 X141.502 Y85.636 E426.3719
G1 X142.589 Y86.479 E426.41765
G1 X143.617 Y87.34 E426.46225
G1 X144.608 Y88.225 E426.50644
G1 X145.615 Y89.19 E426.55283
G1 X146.547 Y90.151 E426.59735
G1 X147.409 Y91.094 E426.63985
G1 X148.273 Y92.104 E426.68405
G1 X149.125 Y93.17 E426.72944
G1 X149.869 Y94.172 E426.77095
G1 X150.689 Y95.344 E426.81853
G1 X151.4 Y96.449 E426.86223
G1 X152.094 Y97.611 E426.90725
G1 X152.766 Y98.826 E426.95343
G1 X153.354 Y99.985 E426.99665
G1 X154.029 Y101.416 E427.04928
G1 X154.022 Y101.425 E427.04966
G1 X154.446 Y102.427 E427.08584
G1 X154.931 Y103.67 E427.13022
G1 X155.394 Y104.987 E427.17665
G1 X155.796 Y106.281 E427.22172
G1 X156.143 Y107.519 E427.26448
G1 X156.516 Y109.075 E427.3177
G1 X156.711 Y110.085 E427.35192
G1 X156.954 Y111.476 E427.39888
G1 X157.125 Y112.705 E427.44015
G1 X157.266 Y114.11 E427.48712
G1 X157.366 Y115.53 E427.53446
G1 X157.404 Y116.796 E427.57659
G1 X157.408 Y118.13 E427.62096
G1 X157.364 Y119.494 E427.66635
G1 X157.274 Y120.852 E427.71162
G1 X157.141 Y122.164 E427.75548
G1 X156.958 Y123.526 E427.80118
G1 X156.737 Y124.829 E427.84514
G1 X156.516 Y125.969 E427.88376
G1 X156.158 Y127.465 E427.93493
G1 X155.796 Y128.759 E427.97962
G1 X155.405 Y130.017 E428.02343
G1 X154.96 Y131.302 E428.06866
G1 X154.474 Y132.552 E428.11327
G1 X153.949 Y133.786 E428.15787
G1 X153.372 Y135.024 E428.2033
G1 X152.791 Y136.17 E428.24603
G1 X152.093 Y137.426 E428.29383
G1 X151.468 Y138.482 E428.33464
G1 X150.725 Y139.637 E428.38032
G1 X150.004 Y140.692 E428.42282
G1 X149.177 Y141.81 E428.46907
G1 X148.328 Y142.874 E428.51435
G1 X147.472 Y143.878 E428.55823
G1 X146.584 Y144.859 E428.60224
G1 X145.63 Y145.838 E428.6477
G1 X144.682 Y146.751 E428.69148
G1 X143.669 Y147.663 E428.73681
G1 X142.656 Y148.509 E428.78071
G1 X141.585 Y149.346 E428.82592
G1 X140.414 Y150.204 E428.8742
G1 X139.396 Y150.896 E428.91515
G1 X138.296 Y151.597 E428.95853
G1 X137.046 Y152.321 E429.00657
G1 X135.693 Y153.055 E429.05777
G1 X135.675 Y153.055 E429.05837
G1 X134.81 Y153.493 E429.09062
G1 X133.46 Y154.108 E429.13996
G1 X132.23 Y154.622 E429.1843
G1 X130.944 Y155.107 E429.23001
G1 X129.694 Y155.524 E429.27384
G1 X128.457 Y155.904 E429.31688
G1 X127.024 Y156.289 E429.36623
G1 X125.839 Y156.555 E429.40662
G1 X124.553 Y156.807 E429.45021
G1 X123.211 Y157.03 E429.49546
G1 X121.924 Y157.189 E429.53859
G1 F2700 E424.53859
G0 F9000 X123.939 Y156.078
G0 X141.975 Y148.787
G1 F2700 E429.53859
G1 F1500 X148.793 Y141.969 E429.85929
G0 F9000 X148.238 Y141.525
G0 X149.731 Y139.477
G0 X150.315 Y139.882
G1 F1500 X139.852 Y150.345 E430.35143
G0 F9000 X139.456 Y149.752
G0 X137.847 Y150.791
G0 X138.227 Y151.404
G1 F1500 X151.361 Y138.27 E430.96922
G0 F9000 X150.751 Y137.905
G0 X151.526 Y136.576
G0 X152.146 Y136.919
G1 F1500 X136.883 Y152.182 E431.68714
G0 F9000 X136.529 Y151.565
G0 X135.313 Y152.217
G0 X135.648 Y152.852
G1 F1500 X152.81 Y135.69 E432.49439
G0 F9000 X152.175 Y135.367
G0 X152.718 Y134.273
G0 X153.361 Y134.573
G1 F1500 X134.533 Y153.401 E433.38
G0 F9000 X134.22 Y152.756
G0 X133.205 Y153.217
G0 X133.496 Y153.872
G1 F1500 X153.842 Y133.526 E434.33701
G0 F9000 X153.189 Y133.248
G0 X153.607 Y132.264
G0 X154.261 Y132.542
G1 F1500 X147.179 Y139.624 E434.67013
G1 F2700 E429.67013
G0 F9000 X148.482 Y137.755
G1 F2700 E434.67013
G1 F1500 X154.623 Y131.614 E434.95898
G0 F9000 X154.949 Y130.722
G1 F1500 X149.412 Y136.259 E435.21943
G0 F9000 X150.132 Y134.973
G1 F1500 X155.244 Y129.862 E435.45986
G0 F9000 X155.499 Y129.041
G1 F1500 X150.727 Y133.813 E435.68432
G0 F9000 X151.237 Y132.737
G1 F1500 X155.732 Y128.242 E435.89575
G0 F9000 X155.952 Y127.457
G1 F1500 X151.664 Y131.745 E436.09744
G0 F9000 X152.039 Y130.804
G1 F1500 X156.133 Y126.71 E436.29001
G0 F9000 X156.311 Y125.966
G1 F1500 X152.372 Y129.905 E436.47529
G0 F9000 X152.668 Y129.043
G1 F1500 X156.45 Y125.261 E436.65318
G0 F9000 X156.579 Y124.567
G1 F1500 X152.925 Y128.22 E436.82503
G0 F9000 X153.163 Y127.417
G1 F1500 X156.693 Y123.887 E436.99107
G0 F9000 X156.797 Y123.218
G1 F1500 X153.363 Y126.651 E437.15257
G0 F9000 X153.543 Y125.905
G1 F1500 X156.884 Y122.564 E437.30972
G0 F9000 X156.964 Y121.919
G1 F1500 X153.705 Y125.178 E437.46302
G0 F9000 X153.844 Y124.473
G1 F1500 X157.029 Y121.288 E437.61283
G0 F9000 X157.086 Y120.666
G1 F1500 X153.976 Y123.776 E437.75912
G0 F9000 X154.081 Y123.105
G1 F1500 X157.126 Y120.06 E437.90234
G0 F9000 X157.165 Y119.455
G1 F1500 X154.184 Y122.436 E438.04256
G0 F9000 X154.255 Y121.8
G1 F1500 X157.184 Y118.87 E438.18035
G0 F9000 X157.203 Y118.286
G1 F1500 X154.325 Y121.163 E438.3157
G0 F9000 X154.378 Y120.545
G1 F1500 X157.207 Y117.716 E438.44877
G0 F9000 X157.205 Y117.153
G1 F1500 X154.431 Y119.927 E438.57925
G0 F9000 X154.46 Y119.331
G1 F1500 X157.198 Y116.594 E438.70802
G0 F9000 X157.181 Y116.045
G1 F1500 X154.487 Y118.739 E438.83473
G0 F9000 X154.5 Y118.16
G1 F1500 X157.163 Y115.497 E438.95999
G0 F9000 X157.125 Y114.969
G1 F1500 X154.505 Y117.59 E439.08325
G0 F9000 X154.504 Y117.025
G1 F1500 X157.088 Y114.441 E439.2048
G0 F9000 X157.045 Y113.918
G1 F1500 X154.489 Y116.475 E439.32505
G0 F9000 X154.475 Y115.923
G1 F1500 X156.994 Y113.404 E439.44353
G0 F9000 X156.942 Y112.89
G1 F1500 X154.443 Y115.389 E439.56108
G0 F9000 X154.411 Y114.855
G1 F1500 X156.879 Y112.388 E439.67714
G0 F9000 X156.809 Y111.892
G1 F1500 X154.37 Y114.331 E439.79186
G0 F9000 X154.318 Y113.817
G1 F1500 X156.737 Y111.398 E439.90565
G0 F9000 X156.653 Y110.916
G1 F1500 X154.266 Y113.303 E440.01792
G0 F9000 X154.201 Y112.803
G1 F1500 X156.569 Y110.435 E440.12931
G0 F9000 X156.482 Y109.956
G1 F1500 X154.134 Y112.303 E440.23973
G0 F9000 X154.064 Y111.808
G1 F1500 X156.391 Y109.481 E440.34918
G0 F9000 X156.295 Y109.011
G1 F1500 X153.982 Y111.325 E440.458
G0 F9000 X153.9 Y110.841
G1 F1500 X156.186 Y108.555 E440.56553
G0 F9000 X156.076 Y108.099
G1 F1500 X153.808 Y110.367 E440.67221
G0 F9000 X153.71 Y109.899
G1 F1500 X155.967 Y107.643 E440.77835
G0 F9000 X155.845 Y107.199
G1 F1500 X153.613 Y109.431 E440.88333
G0 F9000 X153.505 Y108.973
G1 F1500 X155.72 Y106.758 E440.98752
G0 F9000 X155.597 Y106.316
G1 F1500 X153.397 Y108.515 E441.09098
G0 F9000 X153.283 Y108.064
G1 F1500 X155.462 Y105.884 E441.19349
G0 F9000 X155.328 Y105.453
G1 F1500 X153.158 Y107.623 E441.29556
G0 F9000 X153.033 Y107.183
G1 F1500 X155.193 Y105.022 E441.39719
G0 F9000 X155.047 Y104.603
G1 F1500 X152.905 Y106.745 E441.49794
G0 F9000 X152.768 Y106.316
G1 F1500 X154.9 Y104.184 E441.59822
G0 F9000 X154.753 Y103.765
G1 F1500 X152.63 Y105.889 E441.69811
G0 F9000 X152.488 Y105.464
G1 F1500 X154.595 Y103.358 E441.79719
G0 F9000 X154.436 Y102.951
G1 F1500 X152.338 Y105.048 E441.89585
G0 F9000 X152.188 Y104.633
G1 F1500 X154.277 Y102.544 E441.99411
G0 F9000 X154.11 Y102.146
G1 F1500 X152.035 Y104.22 E442.09169
G0 F9000 X151.872 Y103.817
G1 F1500 X153.941 Y101.748 E442.18901
G0 F9000 X153.776 Y101.348
G1 F1500 X151.71 Y103.414 E442.28619
G0 F9000 X151.545 Y103.013
G1 F1500 X153.595 Y100.964 E442.38259
G0 F9000 X153.413 Y100.58
G1 F1500 X151.372 Y102.62 E442.47857
G0 F9000 X151.2 Y102.227
G1 F1500 X153.232 Y100.195 E442.57415
G0 F9000 X153.044 Y99.817
G1 F1500 X151.025 Y101.837 E442.66914
G0 F9000 X150.838 Y101.458
G1 F1500 X152.854 Y99.442 E442.76396
G0 F9000 X152.664 Y99.066
G1 F1500 X150.651 Y101.079 E442.85865
G0 F9000 X150.462 Y100.703
G1 F1500 X152.466 Y98.699 E442.95291
G0 F9000 X152.264 Y98.335
G1 F1500 X150.266 Y100.333 E443.04689
G0 F9000 X150.07 Y99.963
G1 F1500 X152.063 Y97.97 E443.14063
G0 F9000 X151.859 Y97.608
G1 F1500 X149.874 Y99.593 E443.234
G0 F9000 X149.668 Y99.234
G1 F1500 X151.648 Y97.254 E443.32714
G0 F9000 X151.436 Y96.9
G1 F1500 X149.461 Y98.875 E443.42003
G0 F9000 X149.254 Y98.516
G1 F1500 X151.224 Y96.546 E443.5127
G0 F9000 X151.003 Y96.202
G1 F1500 X149.038 Y98.166 E443.6051
G0 F9000 X148.819 Y97.82
G1 F1500 X150.781 Y95.858 E443.69739
G0 F9000 X150.56 Y95.513
G1 F1500 X148.6 Y97.473 E443.78958
G0 F9000 X148.376 Y97.131
G1 F1500 X150.329 Y95.179 E443.88142
G0 F9000 X150.096 Y94.846
G1 F1500 X148.15 Y96.792 E443.97295
G0 F9000 X147.924 Y96.452
G1 F1500 X149.863 Y94.513 E444.06416
G0 F9000 X149.627 Y94.183
G1 F1500 X147.692 Y96.118 E444.15517
G0 F9000 X147.452 Y95.792
G1 F1500 X149.386 Y93.859 E444.24612
G0 F9000 X149.145 Y93.534
G1 F1500 X147.212 Y95.467 E444.33704
G0 F9000 X146.971 Y95.142
G1 F1500 X148.901 Y93.212 E444.42782
G0 F9000 X148.65 Y92.898
G1 F1500 X146.723 Y94.825 E444.51846
G0 F9000 X146.474 Y94.508
G1 F1500 X148.399 Y92.583 E444.60901
G0 F9000 X148.148 Y92.268
G1 F1500 X146.225 Y94.192 E444.69949
G0 F9000 X145.967 Y93.883
G1 F1500 X147.888 Y91.963 E444.78982
G0 F9000 X147.628 Y91.657
G1 F1500 X145.709 Y93.576 E444.88008
G0 F9000 X145.451 Y93.268
G1 F1500 X147.367 Y91.353 E444.97018
G0 F9000 X147.1 Y91.053
G1 F1500 X145.187 Y92.967 E445.06019
G0 F9000 X144.917 Y92.671
G1 F1500 X146.829 Y90.759 E445.15012
G0 F9000 X146.558 Y90.464
G1 F1500 X144.647 Y92.375 E445.24001
G0 F9000 X144.375 Y92.082
G1 F1500 X146.286 Y90.171 E445.3299
G0 F9000 X146.008 Y89.883
G1 F1500 X144.095 Y91.796 E445.41988
G0 F9000 X143.815 Y91.51
G1 F1500 X145.729 Y89.596 E445.50991
G0 F9000 X145.45 Y89.309
G1 F1500 X143.535 Y91.225 E445.60001
G0 F9000 X143.246 Y90.948
G1 F1500 X145.161 Y89.033 E445.69008
G0 F9000 X144.873 Y88.755
G1 F1500 X142.956 Y90.672 E445.78025
G0 F9000 X142.667 Y90.395
G1 F1500 X144.584 Y88.478 E445.87042
G0 F9000 X144.289 Y88.208
G1 F1500 X142.371 Y90.126 E445.96064
G0 F9000 X142.073 Y89.858
G1 F1500 X143.99 Y87.941 E446.05081
G0 F9000 X143.691 Y87.674
G1 F1500 X141.774 Y89.591 E446.14098
G0 F9000 X141.471 Y89.329
G1 F1500 X143.389 Y87.41 E446.23122
G0 F9000 X143.082 Y87.152
G1 F1500 X141.162 Y89.072 E446.32153
G0 F9000 X140.852 Y88.816
G1 F1500 X142.774 Y86.894 E446.41194
G0 F9000 X142.466 Y86.637
G1 F1500 X140.541 Y88.562 E446.50248
G0 F9000 X140.221 Y88.316
G1 F1500 X142.148 Y86.389 E446.59312
G0 F9000 X141.829 Y86.142
G1 F1500 X139.9 Y88.071 E446.68386
G0 F9000 X139.58 Y87.825
G1 F1500 X141.511 Y85.894 E446.77468
G0 F9000 X141.187 Y85.653
G1 F1500 X139.251 Y87.589 E446.86575
G0 F9000 X138.922 Y87.352
G1 F1500 X140.861 Y85.413 E446.95695
G0 F9000 X140.535 Y85.174
G1 F1500 X138.593 Y87.116 E447.0483
G0 F9000 X138.256 Y86.886
G1 F1500 X140.207 Y84.936 E447.14004
G0 F9000 X139.868 Y84.709
G1 F1500 X137.916 Y86.662 E447.23188
G0 F9000 X137.575 Y86.436
G1 F1500 X139.529 Y84.482 E447.32379
G0 F9000 X139.19 Y84.256
G1 F1500 X137.23 Y86.215 E447.41596
G0 F9000 X136.879 Y86.001
G1 F1500 X138.843 Y84.037 E447.50834
G0 F9000 X138.497 Y83.818
G1 F1500 X136.528 Y85.786 E447.60094
G0 F9000 X136.175 Y85.574
G1 F1500 X138.15 Y83.599 E447.69383
G0 F9000 X137.794 Y83.389
G1 F1500 X135.813 Y85.37 E447.78701
G0 F9000 X135.451 Y85.166
G1 F1500 X137.438 Y83.179 E447.88048
G0 F9000 X137.083 Y82.969
G1 F1500 X135.088 Y84.964 E447.97431
G0 F9000 X134.716 Y84.77
G1 F1500 X136.72 Y82.766 E448.06858
G0 F9000 X136.35 Y82.57
G1 F1500 X134.344 Y84.576 E448.16293
G0 F9000 X133.973 Y84.382
G1 F1500 X135.98 Y82.374 E448.25736
G0 F9000 X135.608 Y82.181
G1 F1500 X133.589 Y84.199 E448.3523
G0 F9000 X133.206 Y84.017
G1 F1500 X135.23 Y81.993 E448.44751
G0 F9000 X134.853 Y81.804
G1 F1500 X132.822 Y83.835 E448.54304
G0 F9000 X132.429 Y83.663
G1 F1500 X134.473 Y81.619 E448.63918
G0 F9000 X134.084 Y81.442
G1 F1500 X132.035 Y83.492 E448.73558
G0 F9000 X131.641 Y83.32
G1 F1500 X133.696 Y81.264 E448.83227
G0 F9000 X133.305 Y81.09
G1 F1500 X131.236 Y83.159 E448.92959
G0 F9000 X130.829 Y83
G1 F1500 X132.906 Y80.923 E449.02728
G0 F9000 X132.508 Y80.756
G1 F1500 X130.422 Y82.842 E449.1254
G0 F9000 X130.008 Y82.69
G1 F1500 X132.107 Y80.59 E449.22416
G0 F9000 X131.697 Y80.436
G1 F1500 X129.587 Y82.545 E449.32338
G0 F9000 X129.166 Y82.4
G1 F1500 X131.286 Y80.28 E449.4231
G0 F9000 X130.874 Y80.127
G1 F1500 X128.737 Y82.264 E449.52362
G0 F9000 X128.305 Y82.13
G1 F1500 X130.451 Y79.984 E449.62456
G0 F9000 X130.028 Y79.842
G1 F1500 X127.872 Y81.997 E449.72595
G0 F9000 X127.428 Y81.875
G1 F1500 X129.604 Y79.699 E449.8283
G0 F9000 X129.169 Y79.569
G1 F1500 X126.984 Y81.754 E449.93107
G0 F9000 X126.537 Y81.635
G1 F1500 X128.734 Y79.438 E450.03441
G0 F9000 X128.298 Y79.308
G1 F1500 X126.08 Y81.527 E450.13877
G0 F9000 X125.622 Y81.419
G1 F1500 X127.852 Y79.189 E450.24366
G0 F9000 X127.405 Y79.07
G1 F1500 X125.159 Y81.316 E450.3493
G0 F9000 X124.688 Y81.222
G1 F1500 X126.957 Y78.953 E450.45603
G0 F9000 X126.497 Y78.847
G1 F1500 X124.215 Y81.128 E450.56335
G0 F9000 X123.734 Y81.044
G1 F1500 X126.038 Y78.741 E450.67169
G0 F9000 X125.574 Y78.639
G1 F1500 X123.245 Y80.967 E450.78122
G0 F9000 X122.757 Y80.89
G1 F1500 X125.101 Y78.545 E450.8915
G0 F9000 X124.628 Y78.453
G1 F1500 X122.254 Y80.827 E451.00316
G0 F9000 X121.751 Y80.764
G1 F1500 X124.145 Y78.37 E451.11577
G0 F9000 X123.656 Y78.294
G1 F1500 X121.243 Y80.707 E451.22927
G0 F9000 X120.724 Y80.66
G1 F1500 X123.166 Y78.218 E451.34413
G0 F9000 X122.669 Y78.149
G1 F1500 X120.205 Y80.613 E451.46003
G0 F9000 X119.67 Y80.583
G1 F1500 X122.17 Y78.082 E451.57765
G0 F9000 X121.658 Y78.029
G1 F1500 X119.132 Y80.555 E451.69647
G0 F9000 X118.588 Y80.533
G1 F1500 X121.141 Y77.98 E451.81655
G0 F9000 X120.623 Y77.932
G1 F1500 X118.033 Y80.522 E451.93838
G0 F9000 X117.477 Y80.513
G1 F1500 X120.095 Y77.895 E452.06152
G0 F9000 X119.558 Y77.866
G1 F1500 X116.901 Y80.523 E452.1865
G0 F9000 X116.325 Y80.534
G1 F1500 X119.018 Y77.84 E452.31319
G0 F9000 X118.467 Y77.826
G1 F1500 X115.734 Y80.559 E452.44174
G0 F9000 X115.135 Y80.592
G1 F1500 X117.915 Y77.812 E452.5725
G0 F9000 X117.349 Y77.813
G1 F1500 X114.527 Y80.635 E452.70524
G0 F9000 X113.909 Y80.687
G1 F1500 X116.778 Y77.818 E452.84019
G0 F9000 X116.198 Y77.832
G1 F1500 X113.274 Y80.756 E452.97773
G0 F9000 X112.624 Y80.84
G1 F1500 X115.609 Y77.855 E453.11813
G0 F9000 X115.014 Y77.885
G1 F1500 X111.964 Y80.935 E453.2616
G0 F9000 X111.289 Y81.044
G1 F1500 X114.401 Y77.932 E453.40797
G0 F9000 X113.788 Y77.979
G1 F1500 X110.599 Y81.168 E453.55798
G0 F9000 X109.894 Y81.308
G1 F1500 X113.153 Y78.049 E453.71127
G0 F9000 X112.516 Y78.12
G1 F1500 X109.168 Y81.468 E453.86875
G0 F9000 X108.432 Y81.638
G1 F1500 X111.858 Y78.212 E454.0299
G0 F9000 X111.197 Y78.307
G1 F1500 X107.654 Y81.85 E454.19655
G0 F9000 X106.862 Y82.077
G1 F1500 X110.51 Y78.429 E454.36814
G0 F9000 X109.818 Y78.555
G1 F1500 X106.041 Y82.333 E454.54582
G0 F9000 X105.184 Y82.624
G1 F1500 X109.099 Y78.709 E454.72997
G0 F9000 X108.37 Y78.871
G1 F1500 X104.291 Y82.951 E454.92186
G0 F9000 X103.35 Y83.326
G1 F1500 X107.615 Y79.061 E455.12247
G0 F9000 X106.844 Y79.267
G1 F1500 X102.367 Y83.743 E455.33303
G0 F9000 X101.292 Y84.252
G1 F1500 X106.057 Y79.488 E455.55714
G0 F9000 X105.227 Y79.752
G1 F1500 X100.142 Y84.837 E455.79632
G0 F9000 X98.863 Y85.55
G1 F1500 X104.375 Y80.038 E456.05559
G0 F9000 X103.488 Y80.36
G1 F1500 X97.405 Y86.443 E456.34172
G1 F2700 E451.34172
G0 F9000 X95.585 Y87.697
G1 F2700 E456.34172
G1 F1500 X102.556 Y80.726 E456.66961
G0 F9000 X102.819 Y81.398
G0 X101.866 Y81.802
G0 X101.579 Y81.137
G1 F1500 X92.294 Y90.422 E457.10635
G1 F2700 E452.10635
G0 F9000 X90.393 Y92.323
G1 F2700 E457.10635
G1 F1500 X81.119 Y101.598 E457.54259
G0 F9000 X81.777 Y101.887
G0 X81.374 Y102.84
G0 X80.709 Y102.573
G1 F1500 X87.693 Y95.59 E457.87107
G1 F2700 E452.87107
G0 F9000 X86.415 Y97.433
G1 F2700 E457.87107
G1 F1500 X80.343 Y103.505 E458.15668
G0 F9000 X80.012 Y104.401
G1 F1500 X85.526 Y98.887 E458.41604
G0 F9000 X84.817 Y100.162
G1 F1500 X79.73 Y105.249 E458.65532
G0 F9000 X79.475 Y106.07
G1 F1500 X84.235 Y101.31 E458.87922
G0 F9000 X83.735 Y102.376
G1 F1500 X79.236 Y106.875 E459.09084
G0 F9000 X79.039 Y107.637
G1 F1500 X83.304 Y103.373 E459.29142
G0 F9000 X83.168 Y104.793
G0 X82.935 Y104.307
G1 F1500 X78.851 Y108.391 E459.48352
G0 F9000 X78.688 Y109.12
G1 F1500 X82.601 Y105.206 E459.6676
G0 F9000 X82.308 Y106.065
G1 F1500 X78.536 Y109.837 E459.84503
G0 F9000 X78.407 Y110.532
G1 F1500 X82.043 Y106.895 E460.01608
G0 F9000 X81.82 Y107.685
G1 F1500 X78.29 Y111.214 E460.18209
G0 F9000 X78.188 Y111.883
G1 F1500 X81.615 Y108.455 E460.34331
G0 F9000 X81.44 Y109.196
G1 F1500 X78.101 Y112.535 E460.50037
G0 F9000 X78.027 Y113.175
G1 F1500 X81.283 Y109.919 E460.65352
G0 F9000 X81.136 Y110.632
G1 F1500 X77.961 Y113.806 E460.80284
G0 F9000 X77.908 Y114.425
G1 F1500 X81.015 Y111.318 E460.94898
G0 F9000 X80.901 Y111.998
G1 F1500 X77.863 Y115.036 E461.09188
G0 F9000 X77.833 Y115.632
G1 F1500 X80.813 Y112.651 E461.23207
G0 F9000 X80.725 Y113.305
G1 F1500 X77.804 Y116.226 E461.36947
G0 F9000 X77.793 Y116.803
G1 F1500 X80.662 Y113.933 E461.50444
G0 F9000 X80.6 Y114.562
G1 F1500 X77.782 Y117.379 E461.63697
G0 F9000 X77.787 Y117.94
G1 F1500 X80.563 Y115.164 E461.76754
G0 F9000 X80.529 Y115.764
G1 F1500 X77.798 Y118.495 E461.896
G0 F9000 X77.813 Y119.046
G1 F1500 X80.51 Y116.349 E462.02286
G0 F9000 X80.496 Y116.929
G1 F1500 X77.84 Y119.584 E462.14777
G0 F9000 X77.867 Y120.123
G1 F1500 X80.491 Y117.499 E462.27119
G0 F9000 X80.498 Y118.058
G1 F1500 X77.908 Y120.647 E462.39299
G0 F9000 X77.954 Y121.167
G1 F1500 X80.506 Y118.615 E462.51303
G0 F9000 X80.528 Y119.159
G1 F1500 X78.004 Y121.682 E462.63173
G0 F9000 X78.063 Y122.189
G1 F1500 X80.55 Y119.703 E462.74869
G0 F9000 X80.588 Y120.23
G1 F1500 X78.123 Y122.696 E462.86466
G0 F9000 X78.192 Y123.192
G1 F1500 X80.633 Y120.751 E462.97947
G0 F9000 X80.679 Y121.27
G1 F1500 X78.267 Y123.683 E463.09295
G0 F9000 X78.342 Y124.174
G1 F1500 X80.738 Y121.777 E463.20567
G0 F9000 X80.797 Y122.284
G1 F1500 X78.431 Y124.65 E463.31696
G0 F9000 X78.521 Y125.125
G1 F1500 X80.865 Y122.782 E463.42719
G0 F9000 X80.94 Y123.272
G1 F1500 X78.615 Y125.598 E463.53658
G0 F9000 X78.718 Y126.06
G1 F1500 X81.016 Y123.762 E463.64467
G0 F9000 X81.104 Y124.239
G1 F1500 X78.821 Y126.523 E463.75208
G0 F9000 X78.929 Y126.98
G1 F1500 X81.194 Y124.715 E463.85862
G0 F9000 X81.288 Y125.188
G1 F1500 X79.044 Y127.431 E463.96414
G0 F9000 X79.159 Y127.882
G1 F1500 X81.394 Y125.647 E464.06927
G0 F9000 X81.499 Y126.108
G1 F1500 X79.281 Y128.326 E464.1736
G0 F9000 X79.41 Y128.762
G1 F1500 X81.611 Y126.562 E464.2771
G0 F9000 X81.728 Y127.01
G1 F1500 X79.54 Y129.198 E464.38002
G0 F9000 X79.673 Y129.631
G1 F1500 X81.845 Y127.458 E464.48221
G0 F9000 X81.973 Y127.896
G1 F1500 X79.814 Y130.055 E464.58376
G0 F9000 X79.955 Y130.48
G1 F1500 X82.106 Y128.329 E464.68494
G0 F9000 X82.239 Y128.762
G1 F1500 X80.101 Y130.9 E464.7855
G0 F9000 X80.256 Y131.31
G1 F1500 X82.378 Y129.188 E464.88532
G0 F9000 X82.521 Y129.611
G1 F1500 X80.41 Y131.722 E464.98461
G0 F9000 X80.57 Y132.128
G1 F1500 X82.665 Y130.033 E465.08315
G0 F9000 X82.817 Y130.446
G1 F1500 X80.734 Y132.529 E465.18113
G0 F9000 X80.897 Y132.932
G1 F1500 X82.974 Y130.855 E465.27883
G0 F9000 X83.131 Y131.264
G1 F1500 X81.066 Y133.329 E465.37596
G0 F9000 X81.241 Y133.72
G1 F1500 X83.298 Y131.663 E465.47271
G0 F9000 X83.466 Y132.06
G1 F1500 X81.417 Y134.109 E465.56909
G0 F9000 X81.595 Y134.497
G1 F1500 X83.635 Y132.457 E465.66505
G0 F9000 X83.812 Y132.846
G1 F1500 X81.781 Y134.876 E465.76056
G0 F9000 X81.966 Y135.257
G1 F1500 X83.992 Y133.231 E465.85585
G0 F9000 X84.172 Y133.617
G1 F1500 X82.154 Y135.634 E465.95075
G0 F9000 X82.35 Y136.004
G1 F1500 X84.359 Y133.996 E466.04522
G0 F9000 X84.548 Y134.372
G1 F1500 X82.546 Y136.374 E466.13939
G0 F9000 X82.742 Y136.744
G1 F1500 X84.738 Y134.748 E466.23328
G0 F9000 X84.935 Y135.117
G1 F1500 X82.948 Y137.104 E466.32674
G0 F9000 X83.154 Y137.463
G1 F1500 X85.138 Y135.48 E466.42004
G0 F9000 X85.341 Y135.842
G1 F1500 X83.36 Y137.823 E466.51322
G0 F9000 X83.576 Y138.173
G1 F1500 X85.547 Y136.201 E466.60595
G0 F9000 X85.759 Y136.556
G1 F1500 X83.792 Y138.522 E466.69845
G0 F9000 X84.009 Y138.871
G1 F1500 X85.971 Y136.909 E466.79073
G0 F9000 X86.184 Y137.261
G1 F1500 X84.231 Y139.215 E466.88262
G0 F9000 X84.456 Y139.555
G1 F1500 X86.408 Y137.603 E466.97444
G0 F9000 X86.632 Y137.945
G1 F1500 X84.682 Y139.895 E467.06616
G0 F9000 X84.911 Y140.232
G1 F1500 X86.856 Y138.287 E467.15765
G0 F9000 X87.09 Y138.618
G1 F1500 X85.148 Y140.56 E467.24899
G0 F9000 X85.385 Y140.889
G1 F1500 X87.325 Y138.949 E467.34024
G0 F9000 X87.56 Y139.28
G1 F1500 X85.623 Y141.217 E467.43135
G0 F9000 X85.869 Y141.537
G1 F1500 X87.8 Y139.606 E467.52218
G0 F9000 X88.043 Y139.929
G1 F1500 X86.116 Y141.856 E467.61282
G0 F9000 X86.362 Y142.175
G1 F1500 X88.285 Y140.252 E467.70327
G0 F9000 X88.534 Y140.569
G1 F1500 X86.615 Y142.488 E467.79354
G0 F9000 X86.872 Y142.797
G1 F1500 X88.789 Y140.88 E467.88371
G0 F9000 X89.043 Y141.191
G1 F1500 X87.128 Y143.106 E467.97378
G0 F9000 X87.387 Y143.413
G1 F1500 X89.3 Y141.5 E468.06377
G0 F9000 X89.566 Y141.8
G1 F1500 X87.652 Y143.714 E468.15379
G0 F9000 X87.916 Y144.015
G1 F1500 X89.831 Y142.1 E468.24387
G0 F9000 X90.097 Y142.4
G1 F1500 X88.181 Y144.316 E468.33399
G0 F9000 X88.456 Y144.607
G1 F1500 X90.37 Y142.692 E468.42405
G0 F9000 X90.645 Y142.983
G1 F1500 X88.73 Y144.898 E468.51412
G0 F9000 X89.004 Y145.19
G1 F1500 X90.92 Y143.274 E468.60424
G0 F9000 X91.201 Y143.558
G1 F1500 X89.284 Y145.475 E468.69441
G0 F9000 X89.569 Y145.757
G1 F1500 X91.484 Y143.841 E468.78451
G0 F9000 X91.768 Y144.123
G1 F1500 X89.853 Y146.038 E468.87459
G0 F9000 X90.142 Y146.315
G1 F1500 X92.055 Y144.402 E468.96457
G0 F9000 X92.35 Y144.672
G1 F1500 X90.436 Y146.586 E469.0546
G0 F9000 X90.73 Y146.858
G1 F1500 X92.646 Y144.942 E469.14472
G0 F9000 X92.941 Y145.212
G1 F1500 X91.024 Y147.129 E469.23489
G0 F9000 X91.328 Y147.391
G1 F1500 X93.245 Y145.474 E469.32506
G0 F9000 X93.548 Y145.737
G1 F1500 X91.63 Y147.655 E469.41528
G0 F9000 X91.933 Y147.918
G1 F1500 X93.851 Y145.999 E469.50552
G0 F9000 X94.167 Y146.249
G1 F1500 X92.243 Y148.174 E469.59604
G0 F9000 X92.556 Y148.426
G1 F1500 X94.483 Y146.499 E469.68668
G0 F9000 X94.799 Y146.749
G1 F1500 X92.869 Y148.679 E469.77746
G0 F9000 X93.185 Y148.928
G1 F1500 X95.117 Y146.996 E469.86834
G0 F9000 X95.444 Y147.235
G1 F1500 X93.508 Y149.171 E469.9594
G0 F9000 X93.831 Y149.414
G1 F1500 X95.77 Y147.475 E470.05061
G0 F9000 X96.098 Y147.712
G1 F1500 X94.155 Y149.656 E470.14202
G0 F9000 X94.488 Y149.888
G1 F1500 X96.432 Y147.944 E470.23346
G0 F9000 X96.766 Y148.176
G1 F1500 X94.82 Y150.122 E470.325
G0 F9000 X95.153 Y150.354
G1 F1500 X97.101 Y148.407 E470.4166
G0 F9000 X97.447 Y148.626
G1 F1500 X95.493 Y150.58 E470.50851
G0 F9000 X95.836 Y150.803
G1 F1500 X97.794 Y148.845 E470.60061
G0 F9000 X98.14 Y149.064
G1 F1500 X96.177 Y151.027 E470.69294
G0 F9000 X96.525 Y151.245
G1 F1500 X98.494 Y149.276 E470.78556
G0 F9000 X98.851 Y149.485
G1 F1500 X96.877 Y151.459 E470.87841
G0 F9000 X97.23 Y151.672
G1 F1500 X99.207 Y149.695 E470.9714
G0 F9000 X99.57 Y149.897
G1 F1500 X97.586 Y151.882 E471.06475
G0 F9000 X97.948 Y152.085
G1 F1500 X99.938 Y150.095 E471.15835
G0 F9000 X100.305 Y150.294
G1 F1500 X98.31 Y152.288 E471.25216
G0 F9000 X98.673 Y152.492
G1 F1500 X100.678 Y150.486 E471.3465
G0 F9000 X101.057 Y150.673
G1 F1500 X99.045 Y152.685 E471.44114
G0 F9000 X99.418 Y152.878
G1 F1500 X101.436 Y150.86 E471.53606
G0 F9000 X101.819 Y151.042
G1 F1500 X99.79 Y153.072 E471.63152
G0 F9000 X100.172 Y153.255
G1 F1500 X102.209 Y151.218 E471.72733
G0 F9000 X102.598 Y151.394
G1 F1500 X100.555 Y153.438 E471.82345
G0 F9000 X100.937 Y153.621
G1 F1500 X102.991 Y151.568 E471.92004
G0 F9000 X103.391 Y151.733
G1 F1500 X101.328 Y153.796 E472.01708
G0 F9000 X101.722 Y153.968
G1 F1500 X103.791 Y151.899 E472.1144
G0 F9000 X104.194 Y152.062
G1 F1500 X102.115 Y154.141 E472.21219
G0 F9000 X102.517 Y154.304
G1 F1500 X104.607 Y152.215 E472.31047
G0 F9000 X105.019 Y152.368
G1 F1500 X102.924 Y154.463 E472.40901
G0 F9000 X103.33 Y154.622
G1 F1500 X105.439 Y152.514 E472.50819
G0 F9000 X105.865 Y152.653
G1 F1500 X103.742 Y154.776 E472.60805
G0 F9000 X104.158 Y154.926
G1 F1500 X106.292 Y152.792 E472.70843
G0 F9000 X106.722 Y152.927
G1 F1500 X104.573 Y155.077 E472.80953
G0 F9000 X104.998 Y155.217
G1 F1500 X107.161 Y153.054 E472.91127
G0 F9000 X107.601 Y153.18
G1 F1500 X105.428 Y155.353 E473.01349
G0 F9000 X105.858 Y155.489
G1 F1500 X108.047 Y153.3 E473.11645
G0 F9000 X108.498 Y153.415
G1 F1500 X106.294 Y155.618 E473.2201
G0 F9000 X106.734 Y155.745
G1 F1500 X108.948 Y153.53 E473.32426
G0 F9000 X109.409 Y153.635
G1 F1500 X107.173 Y155.871 E473.42943
G0 F9000 X107.622 Y155.988
G1 F1500 X109.875 Y153.734 E473.53543
G0 F9000 X110.341 Y153.834
G1 F1500 X108.075 Y156.1 E473.64202
G0 F9000 X108.528 Y156.213
G1 F1500 X110.819 Y153.922 E473.74978
G0 F9000 X111.299 Y154.007
G1 F1500 X108.993 Y156.314 E473.85827
G0 F9000 X109.459 Y156.413
G1 F1500 X111.786 Y154.086 E473.96772
G0 F9000 X112.28 Y154.158
G1 F1500 X109.927 Y156.511 E474.0784
G0 F9000 X110.406 Y156.597
G1 F1500 X112.774 Y154.229 E474.18979
G0 F9000 X112.872 Y154.697
G1 F1500 X110.885 Y156.684 E474.28325
G0 F9000 X111.371 Y156.763
G1 F1500 X112.872 Y155.263 E474.35383
G0 F9000 X112.872 Y155.829
G1 F1500 X111.867 Y156.833 E474.40108
G0 F9000 X112.364 Y156.903
G1 F1500 X112.872 Y156.394 E474.42499
G1 F2700 E469.42499
G0 F9000 X114.298 Y156.393
G0 X120.701 Y156.193
G0 X122.124 Y156.193
G1 F2700 E474.42499
G1 F1500 X124.443 Y153.874 E474.53407
G0 F9000 X123.755 Y153.997
G1 F1500 X122.124 Y155.627 E474.61077
G0 F9000 X122.124 Y155.061
G1 F1500 X123.081 Y154.105 E474.65576
G0 F9000 X122.425 Y154.195
G1 F1500 X122.124 Y154.496 E474.66992
G1 F2700 E469.66992
G0 F9000 X122.124 Y156.759
G1 F2700 E474.66992
G1 F1500 X125.157 Y153.726 E474.81258
G0 F9000 X125.883 Y153.565
G1 F1500 X122.537 Y156.912 E474.96999
G0 F9000 X123.183 Y156.831
G1 F1500 X126.634 Y153.38 E475.13231
G0 F9000 X127.4 Y153.18
G1 F1500 X123.86 Y156.72 E475.29882
G0 F9000 X124.539 Y156.606
G1 F1500 X128.194 Y152.952 E475.47072
G0 F9000 X129.022 Y152.69
G1 F1500 X125.243 Y156.469 E475.64847
G0 F9000 X125.951 Y156.326
G1 F1500 X129.877 Y152.4 E475.83314
G0 F9000 X130.773 Y152.07
G1 F1500 X126.682 Y156.161 E476.02557
G0 F9000 X127.437 Y155.971
G1 F1500 X131.723 Y151.686 E476.22714
G0 F9000 X132.727 Y151.247
G1 F1500 X128.21 Y155.764 E476.43961
G0 F9000 X129.016 Y155.524
G1 F1500 X133.797 Y150.743 E476.66449
G0 F9000 X134.956 Y150.15
G1 F1500 X129.841 Y155.264 E476.90506
G0 F9000 X130.69 Y154.982
G1 F1500 X136.241 Y149.43 E477.16619
G1 F2700 E472.16619
G0 F9000 X137.72 Y148.516
G1 F2700 E477.16619
G1 F1500 X131.586 Y154.651 E477.45474
G0 F9000 X131.342 Y153.983
G0 X132.249 Y153.622
G0 X132.517 Y154.285
G1 F1500 X139.612 Y147.191 E477.78844
G1 F2700 E472.78844
G0 F9000 X138.765 Y146.051
G0 X114.287 Y152.986
G0 X114.285 Y158.543
G0 X110.962 Y158.144
G0 X108.25 Y157.613
G0 X105.578 Y156.901
G0 X102.96 Y156.012
G0 X100.409 Y154.95
G0 X97.934 Y153.718
G0 X95.548 Y152.322
G0 X93.262 Y150.77
G0 X91.084 Y149.067
G0 X89.025 Y147.221
G0 X87.095 Y145.242
G0 X85.303 Y143.138
G0 X83.656 Y140.918
G0 X82.161 Y138.593
G0 X80.826 Y136.173
G0 X79.657 Y133.667
G0 X78.659 Y131.09
G0 X77.836 Y128.451
G0 X77.192 Y125.762
G0 X76.73 Y123.038
G0 X76.451 Y120.287
G0 X76.358 Y117.525
G0 X76.451 Y114.763
G0 X76.73 Y112.012
G0 X77.192 Y109.288
G0 X77.836 Y106.599
G0 X78.659 Y103.96
G0 X79.907 Y100.821
G0 X81.583 Y100.568
G1 F2700 E477.78844
G1 F1500 X100.539 Y81.612 E478.68007
G0 F9000 X100.847 Y82.266
G0 X99.747 Y82.805
G0 X99.419 Y82.167
G1 F1500 X82.13 Y99.455 E479.49327
G0 F9000 X82.768 Y99.79
G0 X83.406 Y98.593
G0 X82.782 Y98.238
G1 F1500 X98.209 Y82.81 E480.21893
G0 F9000 X98.56 Y83.44
G0 X97.232 Y84.212
G0 X96.859 Y83.594
G1 F1500 X83.564 Y96.89 E480.84431
G0 F9000 X84.179 Y97.268
G0 X85.172 Y95.716
G0 X84.571 Y95.317
G1 F1500 X95.296 Y84.592 E481.34878
G0 F9000 X95.689 Y85.195
G0 X93.682 Y86.647
G0 X93.249 Y86.073
G1 F1500 X86.054 Y93.268 E481.68721
G1 F2700 E476.68721
;MESH:NONMESH
G0 F300 X86.054 Y93.268 Z3.4
G0 F9000 X86.623 Y93.703
G0 X85.146 Y95.857
G0 X83.734 Y98.134
G0 X82.479 Y100.502
G0 X81.395 Y102.944
G0 X80.475 Y105.467
G0 X79.729 Y108.065
G0 X79.17 Y110.661
G0 X78.789 Y113.313
G0 X78.592 Y115.985
G0 X78.576 Y118.656
G0 X78.78 Y121.536
G0 X79.099 Y123.984
G0 X79.689 Y126.786
G0 X80.348 Y129.193
G0 X81.24 Y131.72
G0 X82.3 Y134.18
G0 X83.531 Y136.561
G0 X84.923 Y138.857
G0 X86.463 Y141.041
G0 X88.155 Y143.122
G0 X89.983 Y145.076
G0 X91.948 Y146.908
G0 X94.191 Y148.702
G0 X96.116 Y150.066
G0 X98.508 Y151.518
G0 X100.889 Y152.745
G0 X103.351 Y153.802
G0 X105.886 Y154.692
G0 X108.293 Y155.356
G0 X110.56 Y155.822
G0 X112.012 Y156.045
G0 X113.1 Y157.574
;TIME_ELAPSED:687.431141
;LAYER:16
;TYPE:WALL-OUTER
;MESH:Led Ring.stl
G1 F2700 E481.68721
G1 F1500 X112.297 Y157.478 E481.71411
G1 X111.296 Y157.328 E481.74778
G1 X110.081 Y157.123 E481.78876
G1 X108.864 Y156.88 E481.83004
G1 X107.445 Y156.538 E481.87858
G1 X106.814 Y156.371 E481.90029
G1 X105.538 Y155.996 E481.94453
G1 X104.765 Y155.744 E481.97157
G1 X103.602 Y155.335 E482.01257
G1 X102.451 Y154.898 E482.05352
G1 X101.636 Y154.554 E482.08295
G1 X100.469 Y154.034 E482.12544
G1 X99.289 Y153.458 E482.16911
G1 X98.084 Y152.823 E482.21442
G1 X96.887 Y152.14 E482.26025
G1 X95.762 Y151.443 E482.30427
G1 X94.618 Y150.683 E482.34995
G1 X93.512 Y149.891 E482.3952
G1 X92.437 Y149.067 E482.44025
G1 X91.402 Y148.215 E482.48483
G1 X90.355 Y147.294 E482.53121
G1 X89.42 Y146.415 E482.57389
G1 X88.445 Y145.433 E482.61992
G1 X87.529 Y144.45 E482.66461
G1 X86.656 Y143.441 E482.70899
G1 X85.794 Y142.38 E482.75445
G1 X84.989 Y141.319 E482.79875
G1 X84.209 Y140.215 E482.84371
G1 X83.457 Y139.065 E482.88941
G1 X82.745 Y137.902 E482.93477
G1 X82.097 Y136.748 E482.97879
G1 X81.463 Y135.538 E483.02422
G1 X80.874 Y134.308 E483.06958
G1 X80.333 Y133.07 E483.11451
G1 X79.831 Y131.817 E483.15941
G1 X79.383 Y130.57 E483.20348
G1 X78.966 Y129.29 E483.24826
G1 X78.594 Y127.991 E483.2932
G1 X78.265 Y126.674 E483.33835
G1 X77.98 Y125.358 E483.38313
G1 X77.739 Y124.026 E483.42815
G1 X77.543 Y122.686 E483.4732
G1 X77.394 Y121.357 E483.51768
G1 X77.29 Y119.992 E483.56321
G1 X77.229 Y118.644 E483.60809
G1 X77.212 Y117.278 E483.65353
G1 X77.244 Y115.924 E483.69857
G1 X77.32 Y114.563 E483.74391
G1 X77.439 Y113.226 E483.78855
G1 X77.603 Y111.918 E483.8324
G1 X77.818 Y110.551 E483.87842
G1 X78.076 Y109.226 E483.92332
G1 X78.375 Y107.908 E483.96827
G1 X78.718 Y106.614 E484.0128
G1 X79.107 Y105.305 E484.05822
G1 X79.526 Y104.056 E484.10203
G1 X80.014 Y102.758 E484.14816
G1 X80.52 Y101.536 E484.19215
G1 X81.089 Y100.278 E484.23807
G1 X81.694 Y99.056 E484.28342
G1 X82.365 Y97.816 E484.33032
G1 X82.992 Y96.734 E484.37191
G1 X83.724 Y95.562 E484.41787
G1 X84.466 Y94.465 E484.46192
G1 X85.217 Y93.416 E484.50483
G1 X86.087 Y92.3 E484.55189
G1 X86.947 Y91.26 E484.59678
G1 X87.863 Y90.228 E484.64267
G1 X88.781 Y89.272 E484.68675
G1 X89.763 Y88.305 E484.73259
G1 X90.705 Y87.434 E484.77526
G1 X91.761 Y86.53 E484.8215
G1 X92.839 Y85.666 E484.86745
G1 X93.901 Y84.868 E484.91163
G1 X95.009 Y84.098 E484.95651
G1 X96.14 Y83.363 E485.00137
G1 X97.355 Y82.632 E485.04853
G1 X98.473 Y82.009 E485.0911
G1 X99.744 Y81.358 E485.1386
G1 X101.13 Y80.704 E485.18957
G1 X101.146 Y80.715 E485.19022
G1 X102.169 Y80.265 E485.22739
G1 X103.404 Y79.782 E485.27149
G1 X104.6 Y79.354 E485.31374
G1 X105.968 Y78.923 E485.36145
G1 X107.269 Y78.555 E485.40642
G1 X108.683 Y78.211 E485.45482
G1 X109.916 Y77.957 E485.49669
G1 X111.199 Y77.731 E485.54002
G1 X112.571 Y77.539 E485.5861
G1 X113.914 Y77.394 E485.63102
G1 X115.278 Y77.298 E485.6765
G1 X116.624 Y77.245 E485.72131
G1 X117.967 Y77.241 E485.76597
G1 X119.346 Y77.28 E485.81186
G1 X120.708 Y77.364 E485.85724
G1 X122.041 Y77.491 E485.90178
G1 X123.394 Y77.67 E485.94717
G1 X124.728 Y77.889 E485.99214
G1 X126.042 Y78.152 E486.03671
G1 X127.22 Y78.422 E486.0769
G1 X128.664 Y78.813 E486.12666
G1 X129.966 Y79.215 E486.17198
G1 X131.244 Y79.653 E486.21692
G1 X132.466 Y80.118 E486.2604
G1 X133.743 Y80.656 E486.30649
G1 X134.981 Y81.225 E486.35181
G1 X136.153 Y81.817 E486.39548
G1 X137.373 Y82.478 E486.44163
G1 X138.531 Y83.163 E486.48638
G1 X139.645 Y83.87 E486.53026
G1 X140.784 Y84.648 E486.57614
G1 X141.874 Y85.448 E486.62111
G1 X142.924 Y86.275 E486.66557
G1 X143.972 Y87.151 E486.711
G1 X144.975 Y88.058 E486.75597
G1 X145.946 Y88.998 E486.80092
G1 X146.894 Y89.977 E486.84625
G1 X147.762 Y90.929 E486.8891
G1 X148.629 Y91.947 E486.93357
G1 X149.572 Y93.146 E486.98431
G1 X150.317 Y94.156 E487.02605
G1 X151.06 Y95.238 E487.06971
G1 X151.788 Y96.374 E487.11458
G1 X152.479 Y97.538 E487.15961
G1 X153.151 Y98.758 E487.20593
G1 X153.742 Y99.928 E487.24953
G1 X154.325 Y101.182 E487.29552
G1 X154.85 Y102.427 E487.34046
G1 X155.325 Y103.659 E487.38438
G1 X155.767 Y104.937 E487.42936
G1 X156.18 Y106.268 E487.47571
G1 X156.526 Y107.528 E487.51917
G1 X156.841 Y108.843 E487.56414
G1 X157.109 Y110.171 E487.6092
G1 X157.33 Y111.485 E487.65352
G1 X157.505 Y112.736 E487.69553
G1 X157.655 Y114.246 E487.746
G1 X157.74 Y115.566 E487.79
G1 X157.783 Y116.887 E487.83396
G1 X157.78 Y118.268 E487.87989
G1 X157.732 Y119.621 E487.92492
G1 X157.638 Y120.95 E487.96923
G1 X157.501 Y122.316 E488.01489
G1 X157.314 Y123.697 E488.06124
G1 X157.091 Y124.965 E488.10407
G1 X156.84 Y126.212 E488.14637
G1 X156.502 Y127.621 E488.19457
G1 X156.136 Y128.934 E488.2399
G1 X155.694 Y130.332 E488.28867
G1 X155.288 Y131.49 E488.32948
G1 X154.798 Y132.753 E488.37454
G1 X154.383 Y133.742 E488.41021
G1 X154.366 Y133.744 E488.41078
G1 X153.691 Y135.221 E488.46479
G1 X153.079 Y136.422 E488.50963
G1 X152.374 Y137.692 E488.55794
G1 X151.726 Y138.774 E488.59989
G1 X151.001 Y139.901 E488.64446
G1 X150.285 Y140.939 E488.6864
G1 X149.425 Y142.098 E488.7344
G1 X148.596 Y143.137 E488.77861
G1 X147.721 Y144.164 E488.82348
G1 X146.794 Y145.182 E488.86928
G1 X145.867 Y146.129 E488.91335
G1 X144.872 Y147.085 E488.95925
G1 X143.865 Y147.984 E489.00415
G1 X142.826 Y148.852 E489.04917
G1 X141.755 Y149.692 E489.09445
G1 X140.585 Y150.54 E489.14251
G1 X139.564 Y151.23 E489.18349
G1 X138.479 Y151.921 E489.22628
G1 X137.212 Y152.662 E489.2751
G1 X136.108 Y153.258 E489.31682
G1 X134.838 Y153.891 E489.36402
G1 X133.604 Y154.452 E489.40911
G1 X132.366 Y154.97 E489.45374
G1 X131.119 Y155.437 E489.49803
G1 X129.836 Y155.874 E489.54311
G1 X128.674 Y156.236 E489.58359
G1 X127.108 Y156.653 E489.63749
G1 X125.898 Y156.928 E489.67876
G1 X124.572 Y157.187 E489.7237
G1 X123.266 Y157.399 E489.7677
G1 X121.896 Y157.573 E489.81364
G1 X121.893 Y153.703 E489.94235
G1 X123.247 Y153.519 E489.9878
G1 X124.523 Y153.293 E490.0309
G1 X125.798 Y153.02 E490.07427
G1 X127.046 Y152.702 E490.1171
G1 X128.296 Y152.341 E490.16038
G1 X129.515 Y151.938 E490.20308
G1 X130.738 Y151.484 E490.24647
G1 X131.924 Y150.998 E490.2891
G1 X133.115 Y150.459 E490.33258
G1 X134.277 Y149.884 E490.3757
G1 X135.416 Y149.268 E490.41877
G1 X136.505 Y148.627 E490.4608
G1 X137.612 Y147.925 E490.5044
G1 X138.694 Y147.179 E490.54811
G1 X139.719 Y146.421 E490.59051
G1 X140.73 Y145.608 E490.63366
G1 X141.722 Y144.761 E490.67705
G1 X142.632 Y143.928 E490.71808
G1 X143.594 Y142.97 E490.76323
G1 X144.474 Y142.038 E490.80587
G1 X145.335 Y141.056 E490.8493
G1 X146.152 Y140.055 E490.89228
G1 X146.928 Y139.029 E490.93507
G1 X147.68 Y137.964 E490.97843
G1 X148.38 Y136.89 E491.02107
G1 X149.056 Y135.772 E491.06452
G1 X149.683 Y134.637 E491.10765
G1 X150.249 Y133.52 E491.1493
G1 X150.818 Y132.309 E491.1938
G1 X151.321 Y131.114 E491.23692
G1 X151.775 Y129.915 E491.27956
G1 X152.174 Y128.762 E491.32014
G1 X152.572 Y127.442 E491.366
G1 X152.898 Y126.203 E491.40861
G1 X153.189 Y124.924 E491.45224
G1 X153.429 Y123.658 E491.4951
G1 X153.622 Y122.387 E491.53785
G1 X153.767 Y121.164 E491.57882
G1 X153.872 Y119.873 E491.6219
G1 X153.936 Y118.506 E491.66741
G1 X153.949 Y117.213 E491.71042
G1 X153.916 Y115.918 E491.75351
G1 X153.836 Y114.627 E491.79653
G1 X153.712 Y113.348 E491.83927
G1 X153.539 Y112.053 E491.88272
G1 X153.322 Y110.778 E491.92574
G1 X153.06 Y109.523 E491.96838
G1 X152.751 Y108.252 E492.01189
G1 X152.397 Y107.005 E492.055
G1 X152.007 Y105.787 E492.09754
G1 X151.617 Y104.689 E492.13629
G1 X151.086 Y103.365 E492.18374
G1 X150.559 Y102.171 E492.22715
G1 X149.992 Y101.004 E492.2703
G1 X149.389 Y99.873 E492.31293
G1 X148.738 Y98.744 E492.35627
G1 X148.05 Y97.645 E492.3994
G1 X147.33 Y96.58 E492.44216
G1 X146.562 Y95.526 E492.48553
G1 X145.77 Y94.516 E492.52822
G1 X144.926 Y93.514 E492.5718
G1 X144.076 Y92.582 E492.61375
G1 X143.156 Y91.632 E492.65774
G1 X142.218 Y90.739 E492.70081
G1 X141.262 Y89.886 E492.74342
G1 X140.256 Y89.05 E492.78693
G1 X139.238 Y88.269 E492.8296
G1 X138.189 Y87.513 E492.87261
G1 X137.099 Y86.793 E492.91606
G1 X136.005 Y86.121 E492.95876
G1 X134.879 Y85.485 E493.00177
G1 X133.733 Y84.886 E493.04478
G1 X132.626 Y84.363 E493.0855
G1 X131.365 Y83.812 E493.13128
G1 X130.15 Y83.339 E493.17464
G1 X128.946 Y82.919 E493.21705
G1 X127.768 Y82.553 E493.25808
G1 X126.454 Y82.191 E493.30341
G1 X125.202 Y81.897 E493.34619
G1 X123.919 Y81.643 E493.38969
G1 X122.64 Y81.438 E493.43277
G1 X121.365 Y81.281 E493.4755
G1 X120.079 Y81.164 E493.51845
G1 X118.775 Y81.096 E493.56188
G1 X117.484 Y81.072 E493.60482
G1 X116.196 Y81.096 E493.64767
G1 X114.892 Y81.168 E493.69111
G1 X113.602 Y81.28 E493.73417
G1 X112.186 Y81.465 E493.78167
G1 X111.044 Y81.65 E493.82015
G1 X109.769 Y81.903 E493.86338
G1 X108.51 Y82.197 E493.90638
G1 X107.27 Y82.539 E493.94917
G1 X106.024 Y82.924 E493.99254
G1 X104.813 Y83.351 E494.03525
G1 X103.506 Y83.865 E494.08196
G1 X102.411 Y84.344 E494.12171
G1 X101.254 Y84.895 E494.16434
G1 X100.095 Y85.498 E494.20779
G1 X98.969 Y86.133 E494.25079
G1 X97.863 Y86.813 E494.29397
G1 X96.797 Y87.521 E494.33653
G1 X95.735 Y88.285 E494.38004
G1 X94.717 Y89.069 E494.42278
G1 X93.712 Y89.901 E494.46617
G1 X92.746 Y90.767 E494.50932
G1 X91.821 Y91.651 E494.55188
G1 X90.912 Y92.588 E494.5953
G1 X90.051 Y93.537 E494.63792
G1 X89.215 Y94.531 E494.68112
G1 X88.41 Y95.56 E494.72457
G1 X87.658 Y96.594 E494.7671
G1 X86.926 Y97.68 E494.81065
G1 X86.238 Y98.777 E494.85372
G1 X85.446 Y100.156 E494.90662
G1 X85.452 Y100.165 E494.90698
G1 X84.987 Y101.042 E494.93999
G1 X84.428 Y102.196 E494.98264
G1 X83.941 Y103.29 E495.02247
G1 X83.37 Y104.713 E495.07347
G1 X83.015 Y105.7 E495.10835
G1 X82.553 Y107.151 E495.159
G1 X82.255 Y108.222 E495.19597
G1 X81.933 Y109.548 E495.24136
G1 X81.672 Y110.819 E495.28451
G1 X81.454 Y112.094 E495.32754
G1 X81.285 Y113.377 E495.37058
G1 X81.16 Y114.664 E495.41359
G1 X81.084 Y115.948 E495.45637
G1 X81.048 Y117.25 E495.49969
G1 X81.064 Y118.535 E495.54243
G1 X81.12 Y119.829 E495.58551
G1 X81.224 Y121.117 E495.62849
G1 X81.377 Y122.416 E495.67199
G1 X81.57 Y123.683 E495.71462
G1 X81.811 Y124.958 E495.75778
G1 X82.101 Y126.221 E495.80088
G1 X82.43 Y127.471 E495.84387
G1 X82.808 Y128.722 E495.88733
G1 X83.226 Y129.934 E495.92997
G1 X83.689 Y131.144 E495.97307
G1 X84.191 Y132.334 E496.01602
G1 X84.738 Y133.509 E496.05913
G1 X85.333 Y134.672 E496.10258
G1 X85.957 Y135.794 E496.14528
G1 X86.632 Y136.912 E496.18872
G1 X87.332 Y137.986 E496.23136
G1 X88.08 Y139.044 E496.27445
G1 X88.86 Y140.073 E496.3174
G1 X89.689 Y141.087 E496.36096
G1 X90.541 Y142.06 E496.40398
G1 X91.422 Y142.99 E496.44658
G1 X92.351 Y143.911 E496.49009
G1 X93.296 Y144.776 E496.5327
G1 X94.289 Y145.628 E496.57622
G1 X95.298 Y146.437 E496.61924
G1 X96.333 Y147.198 E496.66196
G1 X97.398 Y147.933 E496.705
G1 X98.496 Y148.629 E496.74824
G1 X99.618 Y149.289 E496.79154
G1 X100.745 Y149.897 E496.83413
G1 X101.907 Y150.472 E496.87725
G1 X103.097 Y151.011 E496.9207
G1 X104.284 Y151.494 E496.96332
G1 X105.398 Y151.908 E497.00285
G1 X106.681 Y152.331 E497.04778
G1 X107.908 Y152.689 E497.09029
G1 X109.226 Y153.022 E497.13551
G1 X110.502 Y153.296 E497.17892
G1 X111.777 Y153.522 E497.22198
G1 X113.103 Y153.703 E497.2665
G1 X113.1 Y157.574 E497.39525
G0 F9000 X112.74 Y157.166
;TYPE:SKIN
G1 F1500 X112.333 Y157.118 E497.40888
G1 X111.364 Y156.971 E497.44147
G1 X110.165 Y156.771 E497.4819
G1 X108.932 Y156.524 E497.52373
G1 X107.2 Y156.106 E497.58299
G1 X105.721 Y155.672 E497.63425
G1 X104.864 Y155.398 E497.66418
G1 X103.72 Y154.994 E497.70453
G1 X102.579 Y154.558 E497.74516
G1 X101.798 Y154.231 E497.77332
G1 X100.613 Y153.702 E497.81648
G1 X99.476 Y153.147 E497.85856
G1 X98.269 Y152.511 E497.90394
G1 X97.067 Y151.828 E497.94992
G1 X95.97 Y151.149 E497.99283
G1 X94.85 Y150.403 E498.03759
G1 X93.719 Y149.595 E498.08382
G1 X92.674 Y148.795 E498.12759
G1 X91.638 Y147.943 E498.17221
G1 X90.615 Y147.044 E498.2175
G1 X89.684 Y146.167 E498.26004
G1 X88.665 Y145.137 E498.30823
G1 X87.793 Y144.202 E498.35076
G1 X86.926 Y143.203 E498.39475
G1 X86.116 Y142.205 E498.4375
G1 X85.299 Y141.131 E498.48239
G1 X84.502 Y140.003 E498.52832
G1 X83.789 Y138.914 E498.57162
G1 X83.084 Y137.767 E498.6164
G1 X82.419 Y136.587 E498.66145
G1 X81.792 Y135.395 E498.70624
G1 X81.221 Y134.203 E498.7502
G1 X80.682 Y132.972 E498.7949
G1 X80.173 Y131.705 E498.84031
G1 X79.726 Y130.467 E498.88409
G1 X79.315 Y129.196 E498.92852
G1 X78.945 Y127.913 E498.97293
G1 X78.617 Y126.605 E499.01778
G1 X78.334 Y125.301 E499.06216
G1 X78.094 Y123.987 E499.10659
G1 X77.901 Y122.652 E499.15145
G1 X77.754 Y121.352 E499.19497
G1 X77.649 Y119.982 E499.24067
G1 X77.587 Y118.596 E499.28681
G1 X77.572 Y117.311 E499.32955
G1 X77.604 Y115.94 E499.37517
G1 X77.679 Y114.606 E499.41961
G1 X77.799 Y113.218 E499.46594
G1 X77.962 Y111.945 E499.50863
G1 X78.17 Y110.619 E499.55327
G1 X78.42 Y109.33 E499.59694
G1 X78.723 Y107.992 E499.64257
G1 X79.065 Y106.707 E499.6868
G1 X79.444 Y105.433 E499.73101
G1 X79.873 Y104.148 E499.77606
G1 X80.339 Y102.914 E499.81994
G1 X80.856 Y101.656 E499.86517
G1 X81.413 Y100.438 E499.90972
G1 X82.014 Y99.216 E499.95501
G1 X82.728 Y97.902 E500.00475
G1 X83.292 Y96.931 E500.0421
G1 X84.02 Y95.762 E500.0879
G1 X84.762 Y94.668 E500.13187
G1 X85.501 Y93.636 E500.17409
G1 X86.366 Y92.524 E500.22095
G1 X87.22 Y91.494 E500.26545
G1 X88.086 Y90.52 E500.3088
G1 X89.019 Y89.542 E500.35375
G1 X89.98 Y88.595 E500.39863
G1 X90.923 Y87.719 E500.44144
G1 X91.97 Y86.822 E500.48729
G1 X93.035 Y85.967 E500.53272
G1 X94.161 Y85.123 E500.57952
G1 X95.197 Y84.403 E500.62148
G1 X96.356 Y83.648 E500.66749
G1 X97.455 Y82.987 E500.71014
G1 X98.646 Y82.324 E500.75548
G1 X99.849 Y81.704 E500.80049
G1 X101.249 Y81.045 E500.85196
G1 X101.274 Y81.047 E500.85279
G1 X102.277 Y80.611 E500.88917
G1 X103.512 Y80.125 E500.93331
G1 X104.68 Y79.706 E500.97458
G1 X106.048 Y79.274 E501.0223
G1 X107.367 Y78.902 E501.06788
G1 X108.836 Y78.542 E501.11818
G1 X109.834 Y78.336 E501.15208
G1 X111.226 Y78.09 E501.19909
G1 X112.663 Y77.887 E501.24736
G1 X113.97 Y77.749 E501.29107
G1 X115.332 Y77.654 E501.33648
G1 X116.614 Y77.605 E501.37916
G1 X117.933 Y77.6 E501.42303
G1 X119.322 Y77.64 E501.46924
G1 X120.684 Y77.724 E501.51463
G1 X122.041 Y77.851 E501.55996
G1 X123.342 Y78.026 E501.60362
G1 X124.643 Y78.242 E501.64749
G1 X125.957 Y78.504 E501.69205
G1 X127.139 Y78.775 E501.73238
G1 X128.555 Y79.154 E501.78114
G1 X129.711 Y79.508 E501.82135
G1 X131.12 Y79.989 E501.87087
G1 X132.329 Y80.45 E501.9139
G1 X133.544 Y80.962 E501.95776
G1 X134.805 Y81.542 E502.00392
G1 X135.985 Y82.135 E502.04784
G1 X137.175 Y82.783 E502.09291
G1 X138.323 Y83.459 E502.13722
G1 X139.42 Y84.154 E502.18042
G1 X140.568 Y84.936 E502.22661
G1 X141.627 Y85.712 E502.27028
G1 X142.676 Y86.538 E502.31469
G1 X143.74 Y87.427 E502.3608
G1 X144.684 Y88.282 E502.40317
G1 X145.67 Y89.234 E502.44875
G1 X146.616 Y90.207 E502.49389
G1 X147.473 Y91.146 E502.53617
G1 X148.325 Y92.147 E502.57989
G1 X149.265 Y93.338 E502.63036
G1 X150.024 Y94.368 E502.67291
G1 X150.744 Y95.415 E502.71517
G1 X151.479 Y96.562 E502.76048
G1 X152.152 Y97.7 E502.80446
G1 X152.775 Y98.814 E502.84691
G1 X153.519 Y100.291 E502.90192
G1 X153.511 Y100.303 E502.90239
G1 X153.972 Y101.277 E502.93824
G1 X154.504 Y102.531 E502.98354
G1 X154.975 Y103.757 E503.02722
G1 X155.414 Y105.024 E503.07182
G1 X155.825 Y106.351 E503.11803
G1 X156.172 Y107.603 E503.16124
G1 X156.513 Y109.02 E503.20971
G1 X156.748 Y110.218 E503.25032
G1 X156.95 Y111.38 E503.28955
G1 X157.141 Y112.736 E503.33509
G1 X157.303 Y114.35 E503.38904
G1 X157.379 Y115.579 E503.43
G1 X157.42 Y116.865 E503.47279
G1 X157.42 Y118.225 E503.51803
G1 X157.373 Y119.567 E503.56269
G1 X157.276 Y120.95 E503.6088
G1 X157.147 Y122.22 E503.65126
G1 X156.974 Y123.549 E503.69583
G1 X156.71 Y125.015 E503.74538
G1 X156.484 Y126.137 E503.78345
G1 X156.154 Y127.525 E503.8309
G1 X155.792 Y128.822 E503.87569
G1 X155.315 Y130.311 E503.92769
G1 X154.952 Y131.359 E503.96458
G1 X154.474 Y132.592 E504.00856
G1 X154.065 Y133.564 E504.04363
G1 X154.047 Y133.575 E504.04434
G1 X153.367 Y135.057 E504.09857
G1 X152.763 Y136.246 E504.14293
G1 X152.08 Y137.48 E504.18984
G1 X151.434 Y138.554 E504.23152
G1 X150.71 Y139.677 E504.27596
G1 X150.048 Y140.651 E504.31513
G1 X149.155 Y141.851 E504.36488
G1 X148.333 Y142.885 E504.40882
G1 X147.456 Y143.914 E504.45378
G1 X146.553 Y144.91 E504.4985
G1 X145.632 Y145.852 E504.54232
G1 X144.652 Y146.793 E504.58751
G1 X143.633 Y147.704 E504.63297
G1 X142.62 Y148.553 E504.67693
G1 X141.567 Y149.38 E504.72146
G1 X140.416 Y150.213 E504.76872
G1 X139.379 Y150.918 E504.81042
G1 X138.362 Y151.567 E504.85055
G1 X137.123 Y152.296 E504.89836
G1 X135.962 Y152.924 E504.94227
G1 X134.8 Y153.51 E504.98555
G1 X133.486 Y154.11 E505.0336
G1 X132.254 Y154.626 E505.07802
G1 X131.014 Y155.089 E505.12204
G1 X129.626 Y155.565 E505.17085
G1 X128.614 Y155.875 E505.20605
G1 X127.028 Y156.301 E505.26067
G1 X125.843 Y156.567 E505.30107
G1 X124.557 Y156.819 E505.34465
G1 X123.231 Y157.039 E505.38936
G1 X122.256 Y157.161 E505.42204
G1 X122.253 Y154.015 E505.52668
G1 X123.319 Y153.871 E505.56245
G1 X124.579 Y153.649 E505.60501
G1 X125.878 Y153.372 E505.64918
G1 X127.15 Y153.046 E505.69286
G1 X128.376 Y152.693 E505.73529
G1 X129.643 Y152.274 E505.77968
G1 X130.866 Y151.82 E505.82306
G1 X132.052 Y151.333 E505.86571
G1 X133.267 Y150.783 E505.91007
G1 X134.441 Y150.204 E505.9536
G1 X135.586 Y149.584 E505.99691
G1 X136.762 Y148.889 E506.04235
G1 X137.808 Y148.225 E506.08355
G1 X138.89 Y147.477 E506.1273
G1 X139.939 Y146.706 E506.1706
G1 X140.958 Y145.884 E506.21415
G1 X141.95 Y145.037 E506.25753
G1 X142.875 Y144.192 E506.2992
G1 X143.85 Y143.222 E506.34495
G1 X144.73 Y142.29 E506.38758
G1 X145.599 Y141.296 E506.43149
G1 X146.435 Y140.275 E506.47538
G1 X147.212 Y139.249 E506.51819
G1 X147.976 Y138.168 E506.56222
G1 X148.728 Y137.005 E506.60828
G1 X149.367 Y135.952 E506.64925
G1 X150 Y134.805 E506.69282
G1 X150.571 Y133.675 E506.73493
G1 X151.146 Y132.454 E506.77982
G1 X151.665 Y131.218 E506.82441
G1 X152.108 Y130.047 E506.86605
G1 X152.514 Y128.874 E506.90733
G1 X152.916 Y127.538 E506.95374
G1 X153.25 Y126.28 E506.99703
G1 X153.545 Y124.988 E507.0411
G1 X153.777 Y123.745 E507.08316
G1 X153.978 Y122.447 E507.12685
G1 X154.123 Y121.2 E507.1686
G1 X154.232 Y119.897 E507.21209
G1 X154.296 Y118.514 E507.25814
G1 X154.308 Y117.21 E507.30151
G1 X154.276 Y115.903 E507.345
G1 X154.196 Y114.595 E507.38858
G1 X154.071 Y113.316 E507.43132
G1 X153.895 Y111.989 E507.47585
G1 X153.678 Y110.722 E507.5186
G1 X153.412 Y109.454 E507.56169
G1 X153.131 Y108.269 E507.6022
G1 X152.745 Y106.909 E507.64922
G1 X152.351 Y105.679 E507.69218
G1 X151.953 Y104.56 E507.73168
G1 X151.418 Y103.225 E507.77951
G1 X150.883 Y102.018 E507.82343
G1 X150.312 Y100.84 E507.86697
G1 X149.709 Y99.709 E507.9096
G1 X149.046 Y98.556 E507.95383
G1 X148.35 Y97.445 E507.99744
G1 X147.63 Y96.38 E508.04019
G1 X146.85 Y95.306 E508.08434
G1 X146.057 Y94.3 E508.12695
G1 X145.198 Y93.279 E508.17133
G1 X144.346 Y92.342 E508.21345
G1 X143.408 Y91.376 E508.25823
G1 X142.463 Y90.475 E508.30166
G1 X141.506 Y89.618 E508.34439
G1 X140.48 Y88.766 E508.38874
G1 X139.454 Y87.981 E508.43171
G1 X138.393 Y87.217 E508.4752
G1 X137.303 Y86.493 E508.51872
G1 X136.189 Y85.809 E508.5622
G1 X135.059 Y85.173 E508.60533
G1 X133.902 Y84.563 E508.64883
G1 X132.773 Y84.034 E508.6903
G1 X131.509 Y83.48 E508.7362
G1 X130.165 Y82.957 E508.78417
G1 X129.052 Y82.572 E508.82334
G1 X127.888 Y82.212 E508.86386
G1 X126.546 Y81.843 E508.91015
G1 X125.291 Y81.545 E508.95305
G1 X123.983 Y81.287 E508.9974
G1 X122.716 Y81.082 E509.04009
G1 X121.405 Y80.921 E509.08402
G1 X120.11 Y80.804 E509.12726
G1 X118.787 Y80.736 E509.17133
G1 X117.492 Y80.712 E509.21441
G1 X116.196 Y80.736 E509.25752
G1 X114.865 Y80.808 E509.30185
G1 X113.562 Y80.92 E509.34535
G1 X112.114 Y81.109 E509.39392
G1 X110.987 Y81.294 E509.4319
G1 X109.693 Y81.551 E509.47578
G1 X108.435 Y81.841 E509.51872
G1 X107.15 Y82.195 E509.56305
G1 X105.916 Y82.576 E509.60601
G1 X104.697 Y83.007 E509.64901
G1 X103.37 Y83.529 E509.69644
G1 X102.271 Y84.012 E509.73637
G1 X101.01 Y84.611 E509.7828
G1 X99.927 Y85.178 E509.82346
G1 X98.797 Y85.813 E509.86657
G1 X97.667 Y86.509 E509.91071
G1 X96.601 Y87.213 E509.9532
G1 X95.599 Y87.933 E509.99424
G1 X94.498 Y88.777 E510.04038
G1 X93.484 Y89.618 E510.0842
G1 X92.51 Y90.495 E510.12779
G1 X91.565 Y91.395 E510.17119
G1 X90.648 Y92.34 E510.21499
G1 X89.779 Y93.297 E510.25798
G1 X88.943 Y94.291 E510.30118
G1 X88.122 Y95.34 E510.34549
G1 X87.362 Y96.386 E510.38849
G1 X86.622 Y97.479 E510.43239
G1 X85.926 Y98.589 E510.47597
G1 X85.178 Y99.9 E510.52617
G1 X84.663 Y100.878 E510.56293
G1 X84.104 Y102.028 E510.60546
G1 X83.609 Y103.147 E510.64616
G1 X83.054 Y104.525 E510.69557
G1 X82.659 Y105.624 E510.73441
G1 X82.225 Y106.978 E510.7817
G1 X81.903 Y108.13 E510.82149
G1 X81.581 Y109.469 E510.86729
G1 X81.316 Y110.751 E510.91083
G1 X81.098 Y112.018 E510.95359
G1 X80.925 Y113.333 E510.99771
G1 X80.797 Y114.632 E511.04112
G1 X80.724 Y115.92 E511.08403
G1 X80.688 Y117.246 E511.12815
G1 X80.704 Y118.535 E511.17102
G1 X80.756 Y119.836 E511.21433
G1 X80.864 Y121.137 E511.25775
G1 X81.017 Y122.459 E511.30201
G1 X81.218 Y123.767 E511.34603
G1 X81.451 Y125.017 E511.38832
G1 X81.749 Y126.302 E511.43219
G1 X82.078 Y127.555 E511.47528
G1 X82.46 Y128.818 E511.51917
G1 X82.902 Y130.102 E511.56433
G1 X83.329 Y131.216 E511.60401
G1 X83.855 Y132.466 E511.64912
G1 X84.406 Y133.653 E511.69265
G1 X85.013 Y134.84 E511.73699
G1 X85.637 Y135.962 E511.77969
G1 X86.32 Y137.092 E511.8236
G1 X87.032 Y138.186 E511.86702
G1 X87.78 Y139.244 E511.91011
G1 X88.558 Y140.272 E511.95299
G1 X89.413 Y141.319 E511.99795
G1 X90.265 Y142.292 E512.04097
G1 X91.162 Y143.238 E512.08433
G1 X92.091 Y144.159 E512.12784
G1 X93.048 Y145.036 E512.17101
G1 X94.049 Y145.896 E512.21491
G1 X95.07 Y146.72 E512.25854
G1 X96.114 Y147.482 E512.30153
G1 X97.186 Y148.225 E512.34491
G1 X98.228 Y148.889 E512.38601
G1 X99.426 Y149.597 E512.43229
G1 X100.565 Y150.209 E512.4753
G1 X101.738 Y150.792 E512.51887
G1 X102.949 Y151.339 E512.56306
G1 X104.152 Y151.83 E512.60628
G1 X105.254 Y152.24 E512.64539
G1 X106.589 Y152.678 E512.69212
G1 X107.78 Y153.025 E512.73338
G1 X109.13 Y153.37 E512.77972
G1 X110.43 Y153.648 E512.82394
G1 X111.668 Y153.867 E512.86575
G1 X112.74 Y154.015 E512.90175
G1 X112.74 Y157.166 E513.00655
G1 F2700 E508.00655
G0 F9000 X111.062 Y156.079
G0 X91.881 Y147.884
G1 F2700 E513.00655
G1 F1500 X87.13 Y143.133 E513.23002
G1 F2700 E508.23002
G0 F9000 X87.687 Y142.661
G0 X87.316 Y142.095
G0 X88.613 Y140.656
G1 F2700 E513.23002
G1 F1500 X80.877 Y132.92 E513.5939
G0 F9000 X81.553 Y132.634
G0 X81.178 Y131.711
G0 X80.496 Y131.974
G1 F1500 X86.977 Y138.454 E513.89872
G1 F2700 E508.89872
G0 F9000 X85.942 Y136.854
G1 F2700 E513.89872
G1 F1500 X80.156 Y131.067 E514.1709
G0 F9000 X79.848 Y130.194
G1 F1500 X85.149 Y135.495 E514.42024
G0 F9000 X84.506 Y134.287
G1 F1500 X79.576 Y129.357 E514.65214
G0 F9000 X79.337 Y128.551
G1 F1500 X83.968 Y133.183 E514.86999
G0 F9000 X83.509 Y132.158
G1 F1500 X79.113 Y127.761 E515.07678
G0 F9000 X78.923 Y127.006
G1 F1500 X83.104 Y131.187 E515.27345
G0 F9000 X82.753 Y130.27
G1 F1500 X78.747 Y126.265 E515.46185
G0 F9000 X78.59 Y125.542
G1 F1500 X82.45 Y129.402 E515.64342
G0 F9000 X82.174 Y128.56
G1 F1500 X78.453 Y124.839 E515.81844
G0 F9000 X78.327 Y124.147
G1 F1500 X81.928 Y127.749 E515.98784
G0 F9000 X81.719 Y126.974
G1 F1500 X78.223 Y123.478 E516.15228
G0 F9000 X78.127 Y122.816
G1 F1500 X81.523 Y126.212 E516.31202
G0 F9000 X81.353 Y125.476
G1 F1500 X78.048 Y122.171 E516.46748
G0 F9000 X77.975 Y121.533
G1 F1500 X81.199 Y124.757 E516.61913
G0 F9000 X81.069 Y124.061
G1 F1500 X77.921 Y120.913 E516.7672
G0 F9000 X77.874 Y120.301
G1 F1500 X80.957 Y123.383 E516.91219
G0 F9000 X80.854 Y122.715
G1 F1500 X77.835 Y119.696 E517.05419
G0 F9000 X77.809 Y119.104
G1 F1500 X80.771 Y122.066 E517.19352
G0 F9000 X80.697 Y121.426
G1 F1500 X77.785 Y118.515 E517.33047
G0 F9000 X77.779 Y117.943
G1 F1500 X80.636 Y120.8 E517.46485
G0 F9000 X80.584 Y120.182
G1 F1500 X77.773 Y117.371 E517.59707
G0 F9000 X77.783 Y116.815
G1 F1500 X80.546 Y119.578 E517.72703
G0 F9000 X80.522 Y118.989
G1 F1500 X77.796 Y116.262 E517.85528
G0 F9000 X77.816 Y115.717
G1 F1500 X80.503 Y118.404 E517.98167
G0 F9000 X80.496 Y117.832
G1 F1500 X77.846 Y115.181 E518.10634
G0 F9000 X77.876 Y114.646
G1 F1500 X80.489 Y117.259 E518.22925
G0 F9000 X80.503 Y116.707
G1 F1500 X77.921 Y114.125 E518.3507
G0 F9000 X77.966 Y113.604
G1 F1500 X80.518 Y116.156 E518.47073
G0 F9000 X80.541 Y115.613
G1 F1500 X78.017 Y113.09 E518.58943
G0 F9000 X78.081 Y112.588
G1 F1500 X80.571 Y115.078 E518.70655
G0 F9000 X80.605 Y114.546
G1 F1500 X78.145 Y112.086 E518.82227
G0 F9000 X78.219 Y111.595
G1 F1500 X80.655 Y114.031 E518.93685
G0 F9000 X80.706 Y113.516
G1 F1500 X78.296 Y111.106 E519.05021
G0 F9000 X78.374 Y110.618
G1 F1500 X80.766 Y113.011 E519.16274
G0 F9000 X80.832 Y112.511
G1 F1500 X78.466 Y110.144 E519.27405
G0 F9000 X78.557 Y109.67
G1 F1500 X80.898 Y112.011 E519.38417
G0 F9000 X80.98 Y111.527
G1 F1500 X78.654 Y109.201 E519.49358
G0 F9000 X78.759 Y108.74
G1 F1500 X81.063 Y111.044 E519.60195
G0 F9000 X81.15 Y110.566
G1 F1500 X78.863 Y108.279 E519.70952
G0 F9000 X78.975 Y107.825
G1 F1500 X81.247 Y110.097 E519.81639
G0 F9000 X81.344 Y109.628
G1 F1500 X79.093 Y107.378 E519.92225
G0 F9000 X79.212 Y106.931
G1 F1500 X81.448 Y109.167 E520.02742
G0 F9000 X81.558 Y108.711
G1 F1500 X79.338 Y106.491 E520.13184
G0 F9000 X79.467 Y106.055
G1 F1500 X81.667 Y108.255 E520.23533
G0 F9000 X81.785 Y107.807
G1 F1500 X79.597 Y105.618 E520.33827
G0 F9000 X79.735 Y105.191
G1 F1500 X81.91 Y107.366 E520.44057
G0 F9000 X82.034 Y106.924
G1 F1500 X79.877 Y104.767 E520.54203
G0 F9000 X80.018 Y104.343
G1 F1500 X82.171 Y106.495 E520.64328
G0 F9000 X82.308 Y106.067
G1 F1500 X80.17 Y103.928 E520.74387
G0 F9000 X80.325 Y103.518
G1 F1500 X82.445 Y105.638 E520.84358
G0 F9000 X82.592 Y105.22
G1 F1500 X80.479 Y103.107 E520.94297
G0 F9000 X80.641 Y102.703
G1 F1500 X82.741 Y104.803 E521.04175
G0 F9000 X82.893 Y104.389
G1 F1500 X80.807 Y102.303 E521.13987
G0 F9000 X80.972 Y101.902
G1 F1500 X83.055 Y103.986 E521.23787
G0 F9000 X83.218 Y103.583
G1 F1500 X81.144 Y101.509 E521.33543
G0 F9000 X81.322 Y101.121
G1 F1500 X83.381 Y103.18 E521.43227
G0 F9000 X83.551 Y102.784
G1 F1500 X81.498 Y100.732 E521.52882
G0 F9000 X81.681 Y100.348
G1 F1500 X83.724 Y102.392 E521.62494
G0 F9000 X83.898 Y102
G1 F1500 X81.867 Y99.969 E521.72047
G0 F9000 X82.053 Y99.59
G1 F1500 X84.081 Y101.618 E521.81586
G0 F9000 X84.267 Y101.237
G1 F1500 X82.243 Y99.213 E521.91106
G0 F9000 X82.442 Y98.847
G1 F1500 X84.451 Y100.856 E522.00556
G0 F9000 X84.645 Y100.484
G1 F1500 X82.641 Y98.48 E522.09982
G0 F9000 X82.84 Y98.114
G1 F1500 X84.84 Y100.114 E522.1939
G0 F9000 X85.037 Y99.744
G1 F1500 X83.045 Y97.753 E522.28757
G0 F9000 X83.253 Y97.395
G1 F1500 X85.242 Y99.385 E522.38115
G0 F9000 X85.448 Y99.025
G1 F1500 X83.461 Y97.038 E522.47461
G0 F9000 X83.678 Y96.689
G1 F1500 X85.653 Y98.664 E522.56751
G0 F9000 X85.865 Y98.31
G1 F1500 X83.895 Y96.34 E522.66017
G0 F9000 X84.112 Y95.992
G1 F1500 X86.083 Y97.963 E522.75288
G0 F9000 X86.301 Y97.615
G1 F1500 X84.337 Y95.651 E522.84526
G0 F9000 X84.566 Y95.314
G1 F1500 X86.522 Y97.27 E522.93727
G0 F9000 X86.75 Y96.932
G1 F1500 X84.794 Y94.976 E523.02927
G0 F9000 X85.025 Y94.642
G1 F1500 X86.978 Y96.595 E523.12114
G0 F9000 X87.207 Y96.258
G1 F1500 X85.262 Y94.312 E523.21265
G0 F9000 X85.498 Y93.983
G1 F1500 X87.446 Y95.931 E523.30427
G0 F9000 X87.684 Y95.604
G1 F1500 X85.737 Y93.657 E523.39585
G0 F9000 X85.985 Y93.339
G1 F1500 X87.922 Y95.276 E523.48696
G0 F9000 X88.168 Y94.957
G1 F1500 X86.232 Y93.021 E523.57803
G0 F9000 X86.48 Y92.702
G1 F1500 X88.417 Y94.64 E523.66916
G0 F9000 X88.666 Y94.322
G1 F1500 X86.735 Y92.392 E523.75997
G0 F9000 X86.991 Y92.082
G1 F1500 X88.919 Y94.01 E523.85065
G0 F9000 X89.177 Y93.703
G1 F1500 X87.248 Y91.773 E523.94141
G0 F9000 X87.509 Y91.469
G1 F1500 X89.436 Y93.395 E524.03203
G0 F9000 X89.697 Y93.091
G1 F1500 X87.775 Y91.169 E524.12243
G0 F9000 X88.042 Y90.87
G1 F1500 X89.966 Y92.794 E524.21293
G0 F9000 X90.235 Y92.498
G1 F1500 X88.311 Y90.573 E524.30346
G0 F9000 X88.586 Y90.283
G1 F1500 X90.504 Y92.201 E524.39367
G0 F9000 X90.783 Y91.914
G1 F1500 X88.863 Y89.994 E524.48398
G0 F9000 X89.139 Y89.704
G1 F1500 X91.061 Y91.627 E524.57441
G0 F9000 X91.34 Y91.34
G1 F1500 X89.424 Y89.424 E524.66453
G0 F9000 X89.709 Y89.144
G1 F1500 X91.625 Y91.06 E524.75466
G0 F9000 X91.915 Y90.784
G1 F1500 X89.994 Y88.863 E524.84502
G0 F9000 X90.284 Y88.587
G1 F1500 X92.205 Y90.508 E524.93537
G0 F9000 X92.498 Y90.235
G1 F1500 X90.577 Y88.314 E525.02573
G0 F9000 X90.87 Y88.042
G1 F1500 X92.796 Y89.967 E525.1163
G0 F9000 X93.093 Y89.699
G1 F1500 X91.167 Y87.772 E525.20692
G0 F9000 X91.471 Y87.512
G1 F1500 X93.393 Y89.433 E525.2973
G0 F9000 X93.702 Y89.176
G1 F1500 X91.777 Y87.251 E525.38785
G0 F9000 X92.082 Y86.99
G1 F1500 X94.011 Y88.919 E525.47858
G0 F9000 X94.32 Y88.663
G1 F1500 X92.395 Y86.738 E525.56913
G0 F9000 X92.709 Y86.486
G1 F1500 X94.638 Y88.416 E525.65988
G0 F9000 X94.959 Y88.171
G1 F1500 X93.023 Y86.235 E525.75095
G0 F9000 X93.342 Y85.988
G1 F1500 X95.279 Y87.925 E525.84206
G0 F9000 X95.603 Y87.683
G1 F1500 X93.665 Y85.746 E525.93319
G0 F9000 X93.989 Y85.503
G1 F1500 X95.932 Y87.446 E526.02458
G0 F9000 X96.261 Y87.21
G1 F1500 X94.312 Y85.262 E526.11624
G0 F9000 X94.646 Y85.03
G1 F1500 X96.594 Y86.977 E526.20784
G0 F9000 X96.934 Y86.752
G1 F1500 X94.98 Y84.798 E526.29975
G0 F9000 X95.314 Y84.566
G1 F1500 X97.276 Y86.528 E526.39204
G0 F9000 X97.618 Y86.305
G1 F1500 X95.657 Y84.343 E526.4843
G0 F9000 X95.999 Y84.12
G1 F1500 X97.968 Y86.089 E526.57692
G0 F9000 X98.318 Y85.873
G1 F1500 X96.342 Y83.897 E526.66986
G0 F9000 X96.691 Y83.68
G1 F1500 X98.668 Y85.658 E526.76288
G0 F9000 X99.03 Y85.453
G1 F1500 X97.044 Y83.468 E526.85627
G0 F9000 X97.398 Y83.255
G1 F1500 X99.392 Y85.25 E526.95008
G0 F9000 X99.754 Y85.046
G1 F1500 X97.755 Y83.048 E527.04409
G0 F9000 X98.12 Y82.846
G1 F1500 X100.123 Y84.849 E527.1383
G0 F9000 X100.494 Y84.655
G1 F1500 X98.483 Y82.644 E527.23289
G0 F9000 X98.849 Y82.444
G1 F1500 X100.865 Y84.46 E527.32772
G0 F9000 X101.246 Y84.276
G1 F1500 X99.223 Y82.252 E527.4229
G0 F9000 X99.596 Y82.06
G1 F1500 X101.63 Y84.094 E527.51857
G0 F9000 X102.014 Y83.912
G1 F1500 X99.969 Y81.867 E527.61476
G0 F9000 X100.355 Y81.687
G1 F1500 X102.402 Y83.735 E527.71107
G0 F9000 X102.796 Y83.562
G1 F1500 X100.739 Y81.506 E527.8078
G0 F9000 X101.124 Y81.325
G1 F1500 X103.189 Y83.39 E527.90493
G0 F9000 X103.591 Y83.226
G1 F1500 X101.522 Y81.157 E528.00225
G0 F9000 X101.917 Y80.986
G1 F1500 X103.997 Y83.067 E528.10011
G0 F9000 X104.403 Y82.907
G1 F1500 X102.311 Y80.815 E528.19851
G0 F9000 X102.716 Y80.654
G1 F1500 X104.814 Y82.753 E528.29722
G0 F9000 X105.232 Y82.605
G1 F1500 X103.122 Y80.494 E528.39649
G0 F9000 X103.528 Y80.334
G1 F1500 X105.65 Y82.457 E528.49633
G0 F9000 X106.076 Y82.317
G1 F1500 X103.942 Y80.183 E528.5967
G0 F9000 X104.358 Y80.034
G1 F1500 X106.508 Y82.183 E528.69781
G0 F9000 X106.94 Y82.05
G1 F1500 X104.777 Y79.887 E528.79955
G0 F9000 X105.206 Y79.75
G1 F1500 X107.379 Y81.923 E528.90176
G0 F9000 X107.823 Y81.802
G1 F1500 X105.636 Y79.615 E529.00463
G0 F9000 X106.066 Y79.479
G1 F1500 X108.267 Y81.679 E529.10814
G0 F9000 X108.722 Y81.569
G1 F1500 X106.505 Y79.352 E529.21242
G0 F9000 X106.947 Y79.228
G1 F1500 X109.182 Y81.464 E529.31757
G0 F9000 X109.642 Y81.358
G1 F1500 X107.388 Y79.104 E529.42359
G0 F9000 X107.842 Y78.992
G1 F1500 X110.113 Y81.264 E529.53043
G0 F9000 X110.585 Y81.169
G1 F1500 X108.296 Y78.881 E529.63808
G0 F9000 X108.751 Y78.77
G1 F1500 X111.06 Y81.079 E529.74669
G0 F9000 X111.547 Y81
G1 F1500 X109.215 Y78.668 E529.85638
G0 F9000 X109.684 Y78.572
G1 F1500 X112.033 Y80.92 E529.96684
G0 F9000 X112.532 Y80.853
G1 F1500 X110.16 Y78.482 E530.07839
G0 F9000 X110.641 Y78.397
G1 F1500 X113.032 Y80.788 E530.19086
G0 F9000 X113.532 Y80.723
G1 F1500 X111.122 Y78.312 E530.30424
G0 F9000 X111.613 Y78.238
G1 F1500 X114.052 Y80.677 E530.41896
G0 F9000 X114.573 Y80.632
G1 F1500 X112.109 Y78.168 E530.53486
G0 F9000 X112.605 Y78.098
G1 F1500 X115.101 Y80.595 E530.65229
G0 F9000 X115.638 Y80.566
G1 F1500 X113.114 Y78.041 E530.77103
G0 F9000 X113.625 Y77.987
G1 F1500 X116.175 Y80.537 E530.89098
G0 F9000 X116.729 Y80.525
G1 F1500 X114.143 Y77.939 E531.01262
G0 F9000 X114.671 Y77.901
G1 F1500 X117.285 Y80.515 E531.13557
G0 F9000 X117.853 Y80.518
G1 F1500 X115.2 Y77.864 E531.26038
G0 F9000 X115.74 Y77.839
G1 F1500 X118.43 Y80.529 E531.38691
G0 F9000 X119.013 Y80.547
G1 F1500 X116.285 Y77.819 E531.51523
G0 F9000 X116.837 Y77.804
G1 F1500 X119.61 Y80.578 E531.64569
G0 F9000 X120.21 Y80.612
G1 F1500 X117.4 Y77.802 E531.77786
G0 F9000 X117.965 Y77.802
G1 F1500 X120.832 Y80.668 E531.91269
G0 F9000 X121.454 Y80.725
G1 F1500 X118.547 Y77.818 E532.04943
G0 F9000 X119.13 Y77.835
G1 F1500 X122.099 Y80.804 E532.18908
G0 F9000 X122.745 Y80.884
G1 F1500 X119.727 Y77.866 E532.33104
G0 F9000 X120.33 Y77.903
G1 F1500 X123.419 Y80.993 E532.47636
G0 F9000 X124.098 Y81.106
G1 F1500 X120.943 Y77.951 E532.62476
G0 F9000 X121.566 Y78.008
G1 F1500 X124.802 Y81.244 E532.77697
G0 F9000 X125.515 Y81.392
G1 F1500 X122.198 Y78.074 E532.93302
G0 F9000 X122.851 Y78.162
G1 F1500 X126.257 Y81.568 E533.09322
G0 F9000 X127.02 Y81.766
G1 F1500 X123.512 Y78.257 E533.25825
G0 F9000 X124.19 Y78.369
G1 F1500 X127.801 Y81.981 E533.42813
G0 F9000 X128.613 Y82.227
G1 F1500 X124.878 Y78.492 E533.60381
G0 F9000 X125.586 Y78.634
G1 F1500 X129.45 Y82.498 E533.78556
G0 F9000 X130.32 Y82.803
G1 F1500 X126.309 Y78.791 E533.97425
G0 F9000 X127.042 Y78.958
G1 F1500 X131.246 Y83.163 E534.17202
G0 F9000 X132.223 Y83.574
G1 F1500 X127.811 Y79.162 E534.37954
G0 F9000 X128.587 Y79.373
G1 F1500 X133.252 Y84.038 E534.59897
G0 F9000 X134.357 Y84.577
G1 F1500 X129.403 Y79.623 E534.83199
G0 F9000 X130.249 Y79.903
G1 F1500 X135.587 Y85.241 E535.08307
G1 F2700 E530.08307
G0 F9000 X136.957 Y86.046
G1 F2700 E535.08307
G1 F1500 X131.112 Y80.2 E535.35803
G0 F9000 X132.026 Y80.549
G1 F1500 X138.59 Y87.113 E535.66678
G1 F2700 E530.66678
G0 F9000 X139.688 Y85.576
G0 X140.77 Y85.333
G1 F2700 E535.66678
G1 F1500 X149.692 Y94.255 E536.08644
G0 F9000 X149.1 Y94.676
G0 X150.295 Y96.424
G0 X150.898 Y96.027
G1 F1500 X138.99 Y84.119 E536.64656
G0 F9000 X138.593 Y84.726
G0 X137.155 Y83.841
G0 X137.529 Y83.224
G1 F1500 X151.796 Y97.49 E537.31761
G0 F9000 X151.169 Y97.846
G0 X151.887 Y99.133
G0 X152.535 Y98.795
G1 F1500 X136.242 Y82.502 E538.08398
G0 F9000 X135.911 Y83.143
G0 X134.766 Y82.555
G0 X135.075 Y81.901
G1 F1500 X153.122 Y99.947 E538.93284
G0 F9000 X152.467 Y100.261
G0 X152.968 Y101.311
G0 X153.63 Y101.021
G1 F1500 X134.001 Y81.392 E539.85612
G0 F9000 X133.691 Y82.047
G0 X132.699 Y81.613
G0 X132.988 Y80.945
G1 F1500 X140.885 Y88.842 E540.22757
G1 F2700 E535.22757
G0 F9000 X142.096 Y87.37
G0 X143.437 Y87.434
G1 F2700 E540.22757
G1 F1500 X147.572 Y91.57 E540.4221
G1 F2700 E535.4221
G0 F9000 X147.022 Y92.049
G0 X147.432 Y92.648
G0 X146.183 Y94.14
G1 F2700 E540.4221
G1 F1500 X154.075 Y102.032 E540.79331
G0 F9000 X153.412 Y102.322
G0 X153.791 Y103.257
G0 X154.465 Y102.988
G1 F1500 X147.901 Y96.424 E541.10206
G1 F2700 E536.10206
G0 F9000 X148.97 Y98.058
G1 F2700 E541.10206
G1 F1500 X154.815 Y103.904 E541.37702
G0 F9000 X155.115 Y104.769
G1 F1500 X149.781 Y99.435 E541.62791
G0 F9000 X150.445 Y100.664
G1 F1500 X155.385 Y105.605 E541.8603
G0 F9000 X155.638 Y106.424
G1 F1500 X150.984 Y101.77 E542.07921
G0 F9000 X151.447 Y102.798
G1 F1500 X155.855 Y107.206 E542.28655
G0 F9000 X156.056 Y107.973
G1 F1500 X151.85 Y103.767 E542.48438
G0 F9000 X152.213 Y104.695
G1 F1500 X156.236 Y108.718 E542.67361
G0 F9000 X156.393 Y109.441
G1 F1500 X152.525 Y105.573 E542.85555
G0 F9000 X152.793 Y106.407
G1 F1500 X156.53 Y110.144 E543.03133
G0 F9000 X156.652 Y110.832
G1 F1500 X153.04 Y107.219 E543.20125
G0 F9000 X153.265 Y108.011
G1 F1500 X156.768 Y111.513 E543.366
G0 F9000 X156.86 Y112.17
G1 F1500 X153.455 Y108.766 E543.52613
G0 F9000 X153.627 Y109.503
G1 F1500 X156.95 Y112.827 E543.68246
G0 F9000 X157.013 Y113.455
G1 F1500 X153.777 Y110.219 E543.83467
G0 F9000 X153.915 Y110.922
G1 F1500 X157.076 Y114.084 E543.98338
G0 F9000 X157.123 Y114.697
G1 F1500 X154.031 Y111.605 E544.12882
G0 F9000 X154.134 Y112.273
G1 F1500 X157.162 Y115.301 E544.27125
G0 F9000 X157.189 Y115.894
G1 F1500 X154.22 Y112.925 E544.4109
G0 F9000 X154.296 Y113.566
G1 F1500 X157.208 Y116.479 E544.54789
G0 F9000 X157.22 Y117.057
G1 F1500 X154.357 Y114.194 E544.68256
G0 F9000 X154.409 Y114.812
G1 F1500 X157.22 Y117.622 E544.81476
G0 F9000 X157.22 Y118.188
G1 F1500 X154.446 Y115.414 E544.94524
G0 F9000 X154.478 Y116.011
G1 F1500 X157.203 Y118.736 E545.07341
G0 F9000 X157.183 Y119.282
G1 F1500 X154.492 Y116.591 E545.19999
G0 F9000 X154.506 Y117.171
G1 F1500 X157.155 Y119.82 E545.32459
G0 F9000 X157.118 Y120.348
G1 F1500 X154.503 Y117.733 E545.44759
G0 F9000 X154.498 Y118.294
G1 F1500 X157.08 Y120.876 E545.56904
G0 F9000 X157.029 Y121.391
G1 F1500 X154.481 Y118.843 E545.68889
G0 F9000 X154.455 Y119.383
G1 F1500 X156.978 Y121.905 E545.80754
G0 F9000 X156.92 Y122.414
G1 F1500 X154.429 Y119.922 E545.92474
G0 F9000 X154.386 Y120.445
G1 F1500 X156.855 Y122.914 E546.04087
G0 F9000 X156.79 Y123.415
G1 F1500 X154.343 Y120.968 E546.15597
G0 F9000 X154.292 Y121.482
G1 F1500 X156.708 Y123.899 E546.26963
G0 F9000 X156.622 Y124.378
G1 F1500 X154.233 Y121.989 E546.382
G0 F9000 X154.173 Y122.495
G1 F1500 X156.536 Y124.857 E546.49313
G0 F9000 X156.443 Y125.33
G1 F1500 X154.097 Y122.984 E546.60348
G0 F9000 X154.021 Y123.474
G1 F1500 X156.348 Y125.801 E546.71293
G0 F9000 X156.248 Y126.267
G1 F1500 X153.941 Y123.959 E546.82147
G0 F9000 X153.852 Y124.436
G1 F1500 X156.14 Y126.724 E546.92909
G0 F9000 X156.031 Y127.181
G1 F1500 X153.762 Y124.913 E547.03579
G0 F9000 X153.661 Y125.376
G1 F1500 X155.916 Y127.632 E547.14189
G0 F9000 X155.793 Y128.075
G1 F1500 X153.555 Y125.837 E547.24715
G0 F9000 X153.45 Y126.297
G1 F1500 X155.67 Y128.517 E547.35158
G0 F9000 X155.54 Y128.953
G1 F1500 X153.333 Y126.745 E547.45541
G0 F9000 X153.214 Y127.193
G1 F1500 X155.403 Y129.381 E547.55835
G0 F9000 X155.266 Y129.81
G1 F1500 X153.095 Y127.639 E547.66047
G0 F9000 X152.964 Y128.074
G1 F1500 X155.129 Y130.239 E547.7623
G0 F9000 X154.984 Y130.659
G1 F1500 X152.833 Y128.508 E547.86348
G0 F9000 X152.701 Y128.942
G1 F1500 X154.838 Y131.079 E547.964
G0 F9000 X154.685 Y131.492
G1 F1500 X152.556 Y129.363 E548.06414
G0 F9000 X152.411 Y129.783
G1 F1500 X154.528 Y131.9 E548.16372
G0 F9000 X154.37 Y132.308
G1 F1500 X152.263 Y130.202 E548.2628
G0 F9000 X152.108 Y130.612
G1 F1500 X154.208 Y132.712 E548.36158
G0 F9000 X154.04 Y133.11
G1 F1500 X151.953 Y131.023 E548.45974
G0 F9000 X151.794 Y131.429
G1 F1500 X153.864 Y133.499 E548.55711
G0 F9000 X153.685 Y133.886
G1 F1500 X151.626 Y131.827 E548.65396
G0 F9000 X151.459 Y132.225
G1 F1500 X153.507 Y134.274 E548.75031
G0 F9000 X153.329 Y134.661
G1 F1500 X151.288 Y132.621 E548.84629
G0 F9000 X151.107 Y133.005
G1 F1500 X153.149 Y135.047 E548.94234
G0 F9000 X152.958 Y135.422
G1 F1500 X150.926 Y133.389 E549.03795
G0 F9000 X150.745 Y133.774
G1 F1500 X152.768 Y135.797 E549.1331
G0 F9000 X152.575 Y136.17
G1 F1500 X150.554 Y134.149 E549.22816
G0 F9000 X150.364 Y134.525
G1 F1500 X152.374 Y136.535 E549.32271
G0 F9000 X152.173 Y136.899
G1 F1500 X150.175 Y134.901 E549.41669
G0 F9000 X149.973 Y135.265
G1 F1500 X151.972 Y137.264 E549.51071
G0 F9000 X151.763 Y137.621
G1 F1500 X149.772 Y135.63 E549.60436
G0 F9000 X149.571 Y135.994
G1 F1500 X151.55 Y137.974 E549.69747
G0 F9000 X151.337 Y138.326
G1 F1500 X149.359 Y136.349 E549.79049
G0 F9000 X149.146 Y136.701
G1 F1500 X151.119 Y138.674 E549.88329
G0 F9000 X150.897 Y139.018
G1 F1500 X148.933 Y137.054 E549.97567
G0 F9000 X148.712 Y137.398
G1 F1500 X150.677 Y139.363 E550.0681
G0 F9000 X150.453 Y139.705
G1 F1500 X148.49 Y137.742 E550.16043
G0 F9000 X148.267 Y138.085
G1 F1500 X150.223 Y140.04 E550.25242
G0 F9000 X149.994 Y140.377
G1 F1500 X148.04 Y138.423 E550.34433
G0 F9000 X147.806 Y138.755
G1 F1500 X149.757 Y140.706 E550.43609
G0 F9000 X149.516 Y141.031
G1 F1500 X147.572 Y139.086 E550.52756
G0 F9000 X147.336 Y139.417
G1 F1500 X149.275 Y141.356 E550.61876
G0 F9000 X149.034 Y141.68
G1 F1500 X147.092 Y139.738 E550.71011
G0 F9000 X146.848 Y140.06
G1 F1500 X148.785 Y141.997 E550.80122
G0 F9000 X148.535 Y142.312
G1 F1500 X146.604 Y140.382 E550.89202
G0 F9000 X146.351 Y140.694
G1 F1500 X148.284 Y142.627 E550.98295
G0 F9000 X148.028 Y142.937
G1 F1500 X146.095 Y141.004 E551.07387
G0 F9000 X145.841 Y141.315
G1 F1500 X147.767 Y143.241 E551.16446
G0 F9000 X147.507 Y143.547
G1 F1500 X145.581 Y141.621 E551.25505
G0 F9000 X145.317 Y141.923
G1 F1500 X147.244 Y143.85 E551.34569
G0 F9000 X146.975 Y144.147
G1 F1500 X145.053 Y142.225 E551.4361
G0 F9000 X144.785 Y142.522
G1 F1500 X146.706 Y144.444 E551.52648
G0 F9000 X146.437 Y144.74
G1 F1500 X144.511 Y142.814 E551.61707
G0 F9000 X144.236 Y143.104
G1 F1500 X146.159 Y145.028 E551.70755
G0 F9000 X145.879 Y145.313
G1 F1500 X143.961 Y143.395 E551.79777
G0 F9000 X143.677 Y143.677
G1 F1500 X145.6 Y145.6 E551.88822
G0 F9000 X145.314 Y145.88
G1 F1500 X143.393 Y143.959 E551.97858
G0 F9000 X143.11 Y144.241
G1 F1500 X145.025 Y146.156 E552.06865
G0 F9000 X144.736 Y146.433
G1 F1500 X142.819 Y144.516 E552.15882
G0 F9000 X142.523 Y144.786
G1 F1500 X144.445 Y146.708 E552.24923
G0 F9000 X144.147 Y146.975
G1 F1500 X142.227 Y145.055 E552.33954
G0 F9000 X141.927 Y145.321
G1 F1500 X143.848 Y147.242 E552.4299
G0 F9000 X143.55 Y147.51
G1 F1500 X141.621 Y145.581 E552.52063
G0 F9000 X141.316 Y145.841
G1 F1500 X143.244 Y147.769 E552.61132
G0 F9000 X142.936 Y148.027
G1 F1500 X141.009 Y146.1 E552.70196
G0 F9000 X140.696 Y146.353
G1 F1500 X142.628 Y148.285 E552.79283
G0 F9000 X142.316 Y148.538
G1 F1500 X140.383 Y146.605 E552.88376
G0 F9000 X140.069 Y146.858
G1 F1500 X141.998 Y148.787 E552.97449
G0 F9000 X141.682 Y149.035
G1 F1500 X139.744 Y147.098 E553.06562
G0 F9000 X139.418 Y147.338
G1 F1500 X141.361 Y149.28 E553.15699
G0 F9000 X141.033 Y149.518
G1 F1500 X139.092 Y147.577 E553.24829
G0 F9000 X138.76 Y147.811
G1 F1500 X140.705 Y149.756 E553.33978
G0 F9000 X140.378 Y149.994
G1 F1500 X138.425 Y148.042 E553.43162
G0 F9000 X138.091 Y148.273
G1 F1500 X140.043 Y150.226 E553.52346
G0 F9000 X139.706 Y150.454
G1 F1500 X137.751 Y148.499 E553.61541
G0 F9000 X137.405 Y148.719
G1 F1500 X139.369 Y150.682 E553.70777
G0 F9000 X139.026 Y150.905
G1 F1500 X137.059 Y148.939 E553.80027
G0 F9000 X136.708 Y149.154
G1 F1500 X138.681 Y151.126 E553.89305
G0 F9000 X138.336 Y151.346
G1 F1500 X136.353 Y149.364 E553.9863
G0 F9000 X135.997 Y149.574
G1 F1500 X137.983 Y151.559 E554.07969
G0 F9000 X137.626 Y151.768
G1 F1500 X135.64 Y149.782 E554.17311
G0 F9000 X135.273 Y149.981
G1 F1500 X137.27 Y151.978 E554.26704
G0 F9000 X136.91 Y152.184
G1 F1500 X134.906 Y150.18 E554.3613
G0 F9000 X134.538 Y150.378
G1 F1500 X136.543 Y152.382 E554.45559
G0 F9000 X136.176 Y152.581
G1 F1500 X134.16 Y150.565 E554.55042
G0 F9000 X133.782 Y150.752
G1 F1500 X135.808 Y152.778 E554.64571
G0 F9000 X135.431 Y152.968
G1 F1500 X133.403 Y150.939 E554.74113
G0 F9000 X133.015 Y151.117
G1 F1500 X135.055 Y153.157 E554.83708
G0 F9000 X134.679 Y153.347
G1 F1500 X132.626 Y151.293 E554.93367
G0 F9000 X132.236 Y151.469
G1 F1500 X134.29 Y153.523 E555.03029
G0 F9000 X133.901 Y153.7
G1 F1500 X131.839 Y151.638 E555.12728
G0 F9000 X131.437 Y151.802
G1 F1500 X133.513 Y153.878 E555.22492
G0 F9000 X133.117 Y154.047
G1 F1500 X131.036 Y151.966 E555.32281
G0 F9000 X130.626 Y152.122
G1 F1500 X132.718 Y154.214 E555.42121
G0 F9000 X132.319 Y154.381
G1 F1500 X130.214 Y152.275 E555.52025
G0 F9000 X129.801 Y152.429
G1 F1500 X131.912 Y154.54 E555.61954
G0 F9000 X131.501 Y154.694
G1 F1500 X129.379 Y152.572 E555.71935
G0 F9000 X128.954 Y152.712
G1 F1500 X131.089 Y154.848 E555.8198
G0 F9000 X130.671 Y154.996
G1 F1500 X128.529 Y152.853 E555.92058
G0 F9000 X128.092 Y152.983
G1 F1500 X130.25 Y155.14 E556.02206
G0 F9000 X129.828 Y155.284
G1 F1500 X127.654 Y153.11 E556.12432
G0 F9000 X127.215 Y153.236
G1 F1500 X129.403 Y155.424 E556.22723
G0 F9000 X128.969 Y155.556
G1 F1500 X126.764 Y153.352 E556.33093
G0 F9000 X126.315 Y153.468
G1 F1500 X128.536 Y155.689 E556.4354
G0 F9000 X128.09 Y155.809
G1 F1500 X125.862 Y153.581 E556.5402
G0 F9000 X125.395 Y153.68
G1 F1500 X127.644 Y155.928 E556.64596
G0 F9000 X127.198 Y156.048
G1 F1500 X124.93 Y153.779 E556.75266
G0 F9000 X124.458 Y153.874
G1 F1500 X126.744 Y156.16 E556.86019
G0 F9000 X126.282 Y156.264
G1 F1500 X123.977 Y153.958 E556.96863
G0 F9000 X123.495 Y154.043
G1 F1500 X125.82 Y156.367 E557.07797
G0 F9000 X125.347 Y156.46
G1 F1500 X123.003 Y154.115 E557.18825
G0 F9000 X122.505 Y154.183
G1 F1500 X124.874 Y156.553 E557.2997
G0 F9000 X124.398 Y156.643
G1 F1500 X122.453 Y154.697 E557.39121
G0 F9000 X122.454 Y155.264
G1 F1500 X123.913 Y156.723 E557.45984
G0 F9000 X123.428 Y156.804
G1 F1500 X122.455 Y155.83 E557.50563
G0 F9000 X122.455 Y156.396
G1 F1500 X122.933 Y156.874 E557.52811
G1 F2700 E552.52811
G0 F9000 X123.058 Y156.151
G0 X126.705 Y155.351
G0 X129.112 Y154.694
G0 X131.647 Y153.804
G0 X134.109 Y152.747
G0 X136.49 Y151.52
G0 X138.882 Y150.061
G0 X140.813 Y148.709
G0 X143.051 Y146.909
G0 X145.062 Y145.029
G0 X146.841 Y143.126
G0 X148.536 Y141.042
G0 X150.076 Y138.858
G0 X151.468 Y136.562
G0 X152.699 Y134.181
G0 X153.759 Y131.721
G0 X154.651 Y129.194
G0 X155.317 Y126.787
G0 X155.9 Y123.985
G0 X156.227 Y121.537
G0 X156.423 Y118.658
G0 X156.41 Y115.979
G0 X156.212 Y113.308
G0 X155.831 Y110.656
G0 X155.266 Y108.036
G0 X154.525 Y105.463
G0 X153.607 Y102.946
G0 X152.523 Y100.504
G0 X151.268 Y98.136
G0 X149.852 Y95.853
G0 X148.285 Y93.68
G0 X146.577 Y91.626
G0 X144.713 Y89.674
G0 X142.747 Y87.88
G0 X140.643 Y86.209
G0 X138.435 Y84.693
G0 X136.128 Y83.33
G0 X133.732 Y82.13
G0 X131.261 Y81.099
G0 X128.723 Y80.237
G0 X126.139 Y79.556
G0 X123.502 Y79.051
G0 X120.848 Y78.731
G0 X118.165 Y78.592
G0 X115.495 Y78.638
G0 X112.82 Y78.868
G0 X110.18 Y79.28
G0 X107.561 Y79.875
G0 X105.002 Y80.646
G0 X102.489 Y81.595
G0 X100.055 Y82.712
G0 X97.702 Y83.995
G0 X95.442 Y85.435
G0 X93.289 Y87.028
G0 X91.248 Y88.765
G0 X89.333 Y90.64
G0 X87.55 Y92.639
G0 X85.909 Y94.758
G0 X84.223 Y97.324
G0 X83.084 Y99.308
G0 X81.896 Y101.759
G0 X80.911 Y104.202
G0 X80.082 Y106.749
G0 X79.428 Y109.347
G0 X78.956 Y111.986
G0 X78.669 Y114.642
G0 X78.569 Y117.966
G0 X78.639 Y120.002
G0 X78.9 Y122.661
G0 X79.3 Y125.037
G0 X79.969 Y127.907
G0 X80.775 Y130.472
G0 X81.752 Y132.965
G0 X82.894 Y135.38
G0 X84.204 Y137.717
G0 X85.672 Y139.96
G0 X87.3 Y142.108
G0 X89.053 Y144.115
G0 X90.948 Y146.008
G0 X92.975 Y147.771
G0 X95.113 Y149.385
G0 X97.351 Y150.846
G0 X99.695 Y152.156
G0 X102.113 Y153.296
G0 X104.612 Y154.269
G0 X107.166 Y155.069
G0 X107.904 Y155.245
G0 X111.941 Y156.151
G0 X112.54 Y156.664
G1 F2700 E557.52811
G1 F1500 X109.539 Y153.662 E557.66929
G0 F9000 X110.258 Y153.816
G1 F1500 X112.54 Y156.098 E557.77663
G0 F9000 X112.54 Y155.532
G1 F1500 X110.951 Y153.944 E557.85135
G0 F9000 X111.638 Y154.064
G1 F1500 X112.54 Y154.967 E557.8938
G0 F9000 X112.54 Y154.401
G1 F1500 X112.294 Y154.155 E557.90537
G1 F2700 E552.90537
G0 F9000 X112.007 Y156.05
G0 X112.202 Y156.891
G1 F2700 E557.90537
G1 F1500 X108.805 Y153.494 E558.06516
G0 F9000 X108.044 Y153.299
G1 F1500 X111.54 Y156.795 E558.2296
G0 F9000 X110.864 Y156.684
G1 F1500 X107.262 Y153.082 E558.39902
G0 F9000 X106.46 Y152.846
G1 F1500 X110.183 Y156.57 E558.57417
G0 F9000 X109.476 Y156.428
G1 F1500 X105.618 Y152.57 E558.75563
G0 F9000 X104.747 Y152.265
G1 F1500 X108.759 Y156.276 E558.94432
G0 F9000 X108.013 Y156.097
G1 F1500 X103.833 Y151.916 E559.14096
G0 F9000 X102.876 Y151.525
G1 F1500 X107.268 Y155.917 E559.34755
G0 F9000 X106.468 Y155.683
G1 F1500 X101.845 Y151.06 E559.565
G0 F9000 X100.737 Y150.518
G1 F1500 X105.663 Y155.443 E559.79668
G0 F9000 X104.825 Y155.171
G1 F1500 X99.538 Y149.884 E560.04536
G1 F2700 E555.04536
G0 F9000 X98.183 Y149.095
G1 F2700 E560.04536
G1 F1500 X103.952 Y154.863 E560.3167
G0 F9000 X103.044 Y154.521
G1 F1500 X96.553 Y148.03 E560.62201
G1 F2700 E555.62201
G0 F9000 X94.366 Y146.409
G1 F2700 E560.62201
G1 F1500 X102.096 Y154.139 E560.98561
G0 F9000 X102.369 Y153.468
G0 X101.381 Y153.034
G0 X101.086 Y153.695
G1 F1500 X81.317 Y133.926 E561.91548
G0 F9000 X81.979 Y133.618
G0 X82.472 Y134.67
G0 X81.824 Y134.998
G1 F1500 X100.011 Y153.185 E562.77094
G0 F9000 X100.328 Y152.536
G0 X99.193 Y151.956
G0 X98.854 Y152.594
G1 F1500 X82.42 Y136.16 E563.54395
G0 F9000 X83.052 Y135.811
G0 X83.743 Y137.053
G0 X83.119 Y137.425
G1 F1500 X97.589 Y151.895 E564.22457
G0 F9000 X97.951 Y151.266
G0 X96.545 Y150.414
G0 X96.16 Y151.032
G1 F1500 X83.999 Y138.87 E564.79661
G0 F9000 X84.611 Y138.476
G0 X85.776 Y140.207
G0 X85.181 Y140.618
G1 F1500 X94.392 Y149.829 E565.22987
G1 F2700 E560.22987
;MESH:NONMESH
G0 F300 X94.392 Y149.829 Z3.6
G0 F9000 X94.815 Y149.241
G0 X91.949 Y146.909
G0 X89.984 Y145.077
G0 X88.159 Y143.126
G0 X86.463 Y141.041
G0 X84.923 Y138.857
G0 X83.531 Y136.561
G0 X82.3 Y134.18
G0 X81.24 Y131.72
G0 X80.35 Y129.199
G0 X79.682 Y126.786
G0 X79.099 Y123.984
G0 X78.772 Y121.536
G0 X78.576 Y118.656
G0 X78.591 Y115.986
G0 X78.788 Y113.314
G0 X79.169 Y110.662
G0 X79.733 Y108.042
G0 X80.474 Y105.468
G0 X81.394 Y102.945
G0 X82.478 Y100.503
G0 X83.733 Y98.135
G0 X85.145 Y95.858
G0 X86.712 Y93.685
G0 X88.424 Y91.625
G0 X90.284 Y89.677
G0 X92.254 Y87.879
G0 X94.358 Y86.208
G0 X96.561 Y84.695
G0 X98.873 Y83.329
G0 X101.269 Y82.129
G0 X103.74 Y81.098
G0 X106.278 Y80.236
G0 X108.862 Y79.555
G0 X111.499 Y79.05
G0 X114.152 Y78.731
G0 X116.835 Y78.592
G0 X119.505 Y78.638
G0 X122.18 Y78.868
G0 X124.821 Y79.281
G0 X127.44 Y79.876
G0 X129.999 Y80.647
G0 X132.512 Y81.596
G0 X134.94 Y82.71
G0 X137.299 Y83.996
G0 X139.553 Y85.432
G0 X141.707 Y87.025
G0 X143.753 Y88.766
G0 X145.663 Y90.636
G0 X147.447 Y92.635
G0 X149.088 Y94.753
G0 X150.778 Y97.325
G0 X151.917 Y99.309
G0 X153.085 Y101.712
G0 X154.09 Y104.203
G0 X154.917 Y106.743
G0 X155.572 Y109.342
G0 X156.044 Y111.98
G0 X156.332 Y114.643
G0 X156.439 Y117.319
G0 X156.36 Y120.003
G0 X156.099 Y122.662
G0 X155.699 Y125.038
G0 X155.03 Y127.908
G0 X154.224 Y130.473
G0 X153.247 Y132.966
G0 X152.105 Y135.381
G0 X150.795 Y137.718
G0 X149.327 Y139.961
G0 X147.709 Y142.095
G0 X145.947 Y144.115
G0 X144.051 Y146.009
G0 X142.024 Y147.772
G0 X139.886 Y149.386
G0 X137.648 Y150.847
G0 X135.304 Y152.157
G0 X132.886 Y153.297
G0 X130.387 Y154.27
G0 X127.833 Y155.07
G0 X127.095 Y155.246
G0 X123.088 Y156.148
G0 X122.871 Y156.399
;TIME_ELAPSED:828.910865
;LAYER:17
;TYPE:WALL-OUTER
;MESH:Led Ring.stl
G1 F2700 E565.22987
G1 F1197.6 X122.805 Y155.903 E565.25071
G1 F1200 X124.001 Y155.723 E565.301
G1 X125.085 Y155.526 E565.3468
G1 F1202.4 X126.478 Y155.22 E565.40598
G1 X127.778 Y154.886 E565.46167
G1 F1200 X129.059 Y154.509 E565.51719
G1 F1197.6 X130.327 Y154.089 E565.57283
G1 F1202.4 X131.575 Y153.626 E565.62806
G1 F1204.8 X132.798 Y153.127 E565.68276
G1 X134.024 Y152.572 E565.73849
G1 F1200 X135.214 Y151.988 E565.7936
G1 X136.395 Y151.352 E565.84936
G1 X137.545 Y150.684 E565.90466
G1 F1204.8 X138.676 Y149.975 E565.95993
G1 X139.776 Y149.23 E566.01495
G1 X140.851 Y148.445 E566.07007
G1 X141.906 Y147.62 E566.12552
G1 X142.928 Y146.763 E566.18075
G1 X143.919 Y145.869 E566.23602
G1 X144.877 Y144.943 E566.29119
G1 X145.799 Y143.994 E566.34598
G1 X146.698 Y142.995 E566.40163
G1 X147.558 Y141.977 E566.45682
G1 F1207.2 X148.383 Y140.93 E566.5119
G1 F1209.7 X149.169 Y139.85 E566.56699
G1 F1207.2 X149.918 Y138.748 E566.62206
G1 F1204.8 X150.627 Y137.621 E566.67719
G1 X151.295 Y136.478 E566.73201
G1 X151.931 Y135.298 E566.78752
G1 X152.523 Y134.103 E566.84274
G1 X153.071 Y132.887 E566.89797
G1 X153.579 Y131.651 E566.95331
G1 X154.045 Y130.403 E567.00847
G1 X154.465 Y129.139 E567.06363
G1 X154.839 Y127.871 E567.11837
G1 X155.175 Y126.571 E567.17397
G1 X155.466 Y125.267 E567.22929
G1 F1207.2 X155.709 Y123.957 E567.28435
G1 F1204.8 X155.906 Y122.649 E567.33913
G1 X156.06 Y121.313 E567.39482
G1 X156.169 Y119.985 E567.44999
G1 X156.229 Y118.656 E567.50508
G1 X156.245 Y117.319 E567.56045
G1 X156.217 Y115.986 E567.61566
G1 F1209.7 X156.139 Y114.614 E567.67233
G1 F1212.1 X156.031 Y113.413 E567.72197
G1 F1204.8 X155.831 Y111.875 E567.78619
G1 X155.642 Y110.693 E567.83576
G1 F1207.2 X155.384 Y109.38 E567.89105
G1 F1204.8 X155.051 Y107.97 E567.95105
G1 X154.768 Y106.912 E567.9964
G1 X154.346 Y105.535 E568.05604
G1 X153.907 Y104.259 E568.11191
G1 F1207.2 X153.432 Y103.026 E568.16652
G1 X152.909 Y101.791 E568.22194
G1 X152.345 Y100.579 E568.27719
G1 X151.75 Y99.403 E568.33165
G1 F1204.8 X151.098 Y98.223 E568.38748
G1 X150.418 Y97.081 E568.44252
G1 F1207.2 X149.693 Y95.96 E568.49769
G1 F1204.8 X148.933 Y94.866 E568.55285
G1 X148.136 Y93.799 E568.60799
G1 X147.302 Y92.76 E568.66316
G1 X146.429 Y91.745 E568.7186
G1 F1202.4 X145.531 Y90.774 E568.77348
G1 F1204.8 X144.59 Y89.817 E568.82906
G1 F1207.2 X143.619 Y88.902 E568.88419
G1 F1204.8 X142.629 Y88.029 E568.93885
G1 X141.59 Y87.175 E568.99454
G1 X140.54 Y86.37 E569.04933
G1 X139.445 Y85.589 E569.10502
G1 X138.346 Y84.86 E569.15963
G1 X137.206 Y84.163 E569.21496
G1 X136.039 Y83.499 E569.27056
G1 F1190.5 X134.576 Y82.75 E569.33944
G1 X133.66 Y82.304 E569.38214
G1 F1204.8 X132.443 Y81.777 E569.43705
G1 F1207.2 X131.197 Y81.276 E569.49255
G1 F1200 X129.94 Y80.828 E569.54803
G1 X128.681 Y80.422 E569.60303
G1 F1204.8 X127.509 Y80.088 E569.65349
G1 X126.104 Y79.741 E569.71342
G1 X124.799 Y79.468 E569.76863
G1 F1200 X123.483 Y79.24 E569.82416
G1 F1197.6 X122.155 Y79.056 E569.88001
G1 F1200 X120.834 Y78.919 E569.93522
G1 X119.51 Y78.827 E569.9904
G1 F1204.8 X118.165 Y78.778 E570.04613
G1 X116.84 Y78.779 E570.101
G1 F1200 X115.521 Y78.826 E570.15587
G1 X114.17 Y78.918 E570.21217
G1 X112.883 Y79.049 E570.26595
G1 X111.547 Y79.233 E570.32202
G1 X110.209 Y79.466 E570.37849
G1 X108.901 Y79.739 E570.43404
G1 X107.495 Y80.09 E570.49429
G1 F1204.8 X106.324 Y80.42 E570.54467
G1 F1200 X105.08 Y80.818 E570.59897
G1 X103.812 Y81.273 E570.65498
G1 F1204.8 X102.56 Y81.768 E570.71073
G1 X101.351 Y82.299 E570.7654
G1 F1197.6 X100.441 Y82.739 E570.80751
G1 F1195.2 X100.43 Y82.73 E570.80811
G1 F1202.4 X98.969 Y83.491 E570.87646
G1 F1204.8 X97.797 Y84.155 E570.93224
G1 X96.661 Y84.851 E570.9874
G1 F1202.4 X95.561 Y85.584 E571.04225
G1 F1204.8 X94.468 Y86.361 E571.09778
G1 X93.404 Y87.174 E571.15323
G1 X92.378 Y88.02 E571.20829
G1 F1207.2 X91.387 Y88.893 E571.26287
G1 F1204.8 X90.408 Y89.818 E571.31864
G1 F1202.4 X89.471 Y90.764 E571.37389
G1 F1204.8 X88.565 Y91.747 E571.42925
G1 X87.703 Y92.75 E571.48401
G1 F1209.7 X86.862 Y93.796 E571.53937
G1 F1204.8 X86.064 Y94.867 E571.59467
G1 X85.304 Y95.958 E571.64973
G1 X84.582 Y97.081 E571.70501
G1 X83.898 Y98.224 E571.76017
G1 X83.254 Y99.392 E571.8154
G1 X82.65 Y100.579 E571.87055
G1 X82.094 Y101.779 E571.92532
G1 X81.567 Y103.018 E571.98107
G1 X81.095 Y104.251 E572.03574
G1 X80.656 Y105.523 E572.09146
G1 F1209.7 X80.231 Y106.903 E572.15101
G1 X79.948 Y107.96 E572.19614
G1 F1204.8 X79.617 Y109.371 E572.25616
G1 F1200 X79.358 Y110.692 E572.31212
G1 F1202.4 X79.162 Y111.867 E572.36155
G1 F1204.8 X78.969 Y113.401 E572.42557
G1 X78.86 Y114.605 E572.47563
G1 X78.779 Y115.977 E572.53254
G1 X78.751 Y117.323 E572.58829
G1 F1207.2 X78.764 Y118.643 E572.64285
G1 F1209.7 X78.828 Y119.988 E572.69838
G1 F1204.8 X78.936 Y121.305 E572.7531
G1 F1207.2 X79.089 Y122.64 E572.80863
G1 F1209.7 X79.287 Y123.957 E572.86356
G1 F1212.1 X79.528 Y125.257 E572.91797
G1 F1209.7 X79.817 Y126.562 E572.9731
G1 F1204.8 X80.151 Y127.851 E573.02824
G1 F1202.4 X80.528 Y129.127 E573.08345
G1 F1204.8 X80.948 Y130.394 E573.13872
G1 F1209.7 X81.411 Y131.643 E573.19366
G1 X81.919 Y132.875 E573.24862
G1 X82.47 Y134.091 E573.30368
G1 X83.061 Y135.286 E573.35866
G1 X83.697 Y136.47 E573.41409
G1 X84.361 Y137.613 E573.46861
G1 X85.078 Y138.748 E573.52397
G1 X85.827 Y139.848 E573.57886
G1 X86.607 Y140.918 E573.63347
G1 F1207.2 X87.432 Y141.966 E573.68859
G1 F1202.4 X88.293 Y142.989 E573.74407
G1 X89.191 Y143.987 E573.79977
G1 F1207.2 X90.109 Y144.937 E573.85437
G1 F1209.7 X91.071 Y145.863 E573.90944
G1 F1204.8 X92.061 Y146.754 E573.96459
G1 F1200 X93.083 Y147.612 E574.02007
G1 X94.138 Y148.44 E574.07582
G1 F1204.8 X95.217 Y149.226 E574.1311
G1 X96.312 Y149.967 E574.18585
G1 F1200 X97.447 Y150.68 E574.24158
G1 X98.594 Y151.348 E574.29676
G1 F1204.8 X99.77 Y151.98 E574.35205
G1 F1202.4 X100.966 Y152.569 E574.40736
G1 F1200 X102.189 Y153.12 E574.46313
G1 X103.413 Y153.623 E574.51815
G1 X104.661 Y154.086 E574.57349
G1 F1202.4 X105.904 Y154.498 E574.62782
G1 F1200 X107.213 Y154.884 E574.68456
G1 X108.509 Y155.218 E574.7402
G1 X109.902 Y155.524 E574.7995
G1 F1204.8 X110.986 Y155.725 E574.84515
G1 X112.192 Y155.904 E574.89564
G1 F1200 X112.128 Y156.399 E574.91639
G1 X111.061 Y156.242 E574.96123
G1 X109.804 Y156.012 E575.01435
G1 X108.448 Y155.717 E575.07205
G1 F1195.2 X107.26 Y155.418 E575.12318
G1 X105.78 Y154.982 E575.18759
G1 F1200 X104.598 Y154.592 E575.23933
G1 X103.342 Y154.131 E575.29496
G1 X102.113 Y153.63 E575.35014
G1 F1197.6 X100.882 Y153.082 E575.40627
G1 F1195.2 X99.694 Y152.502 E575.46145
G1 F1197.6 X98.505 Y151.87 E575.51755
G1 F1195.2 X97.348 Y151.205 E575.57325
G1 X96.22 Y150.503 E575.62871
G1 X95.105 Y149.755 E575.68475
G1 X94.03 Y148.985 E575.73995
G1 X92.964 Y148.158 E575.79627
G1 X91.947 Y147.316 E575.85138
G1 X90.948 Y146.43 E575.90712
G1 X89.97 Y145.5 E575.96345
G1 F1197.6 X89.035 Y144.549 E576.01901
G1 F1192.8 X88.184 Y143.627 E576.07148
G1 F1190.5 X87.272 Y142.558 E576.13037
G1 F1195.2 X86.433 Y141.51 E576.18641
G1 F1197.6 X85.642 Y140.449 E576.24154
G1 F1200 X84.874 Y139.34 E576.29762
G1 X84.155 Y138.226 E576.35275
G1 F1195.2 X83.512 Y137.158 E576.40478
G1 X82.82 Y135.902 E576.46464
G1 X82.219 Y134.721 E576.51995
G1 X81.65 Y133.501 E576.57614
G1 F1197.6 X81.126 Y132.273 E576.63176
G1 F1195.2 X80.645 Y131.029 E576.68744
G1 F1192.8 X80.208 Y129.768 E576.74325
G1 F1190.5 X79.847 Y128.612 E576.79401
G1 X79.434 Y127.103 E576.85957
G1 F1195.2 X79.157 Y125.905 E576.9109
G1 X78.892 Y124.595 E576.96669
G1 F1197.6 X78.677 Y123.278 E577.02228
G1 F1195.2 X78.502 Y121.955 E577.07798
G1 F1192.8 X78.375 Y120.635 E577.13344
G1 F1195.2 X78.29 Y119.292 E577.18962
G1 X78.251 Y117.965 E577.24503
G1 F1192.8 X78.259 Y116.637 E577.30057
G1 F1190.5 X78.312 Y115.298 E577.35673
G1 X78.411 Y113.959 E577.413
G1 F1192.8 X78.559 Y112.603 E577.47005
G1 X78.741 Y111.32 E577.52425
G1 F1190.5 X78.976 Y110.004 E577.58027
G1 F1188.1 X79.253 Y108.701 E577.63621
G1 F1195.2 X79.577 Y107.405 E577.69197
G1 F1197.6 X79.944 Y106.121 E577.7476
G1 F1195.2 X80.354 Y104.85 E577.80335
G1 F1192.8 X80.806 Y103.592 E577.85926
G1 F1190.5 X81.299 Y102.354 E577.9151
G1 F1192.8 X81.84 Y101.128 E577.97115
G1 F1195.2 X82.415 Y99.928 E578.02669
G1 F1192.8 X83.035 Y98.744 E578.08259
G1 F1195.2 X83.695 Y97.583 E578.13834
G1 X84.39 Y96.447 E578.19392
G1 X85.13 Y95.325 E578.25003
G1 X85.905 Y94.237 E578.30579
G1 X86.763 Y93.115 E578.36474
G1 X87.566 Y92.14 E578.41747
G1 X88.436 Y91.144 E578.47267
G1 X89.35 Y90.17 E578.52842
G1 F1190.5 X90.296 Y89.229 E578.58434
G1 F1192.8 X91.277 Y88.321 E578.64025
G1 F1195.2 X92.291 Y87.439 E578.69635
G1 X93.32 Y86.605 E578.75163
G1 X94.389 Y85.801 E578.80747
G1 X95.49 Y85.026 E578.86367
G1 X96.594 Y84.303 E578.91875
G1 X97.739 Y83.611 E578.9746
G1 F1197.6 X98.903 Y82.959 E579.03018
G1 F1202.4 X100.17 Y82.306 E579.08932
G1 X101.308 Y81.77 E579.14151
G1 F1195.2 X102.716 Y81.162 E579.20553
G1 X103.773 Y80.755 E579.25281
G1 F1200 X104.891 Y80.353 E579.3022
G1 X106.296 Y79.909 E579.36346
G1 F1195.2 X107.592 Y79.548 E579.41962
G1 X108.987 Y79.207 E579.47956
G1 F1197.6 X110.187 Y78.962 E579.53058
G1 F1200 X111.432 Y78.746 E579.58312
G1 X112.826 Y78.553 E579.64163
G1 X114.114 Y78.421 E579.69546
G1 X115.453 Y78.328 E579.75126
G1 F1204.8 X116.815 Y78.281 E579.80769
G1 X118.156 Y78.278 E579.86322
G1 F1202.4 X119.491 Y78.325 E579.91865
G1 F1200 X120.835 Y78.418 E579.97466
G1 F1197.6 X122.163 Y78.553 E580.03027
G1 F1195.2 X123.517 Y78.737 E580.0873
G1 X124.803 Y78.961 E580.14179
G1 F1197.6 X126.001 Y79.205 E580.19272
G1 F1195.2 X127.394 Y79.542 E580.25255
G1 F1197.6 X128.691 Y79.903 E580.30863
G1 F1200 X130.069 Y80.344 E580.36878
G1 F1197.6 X131.218 Y80.751 E580.41956
G1 F1190.5 X132.188 Y81.126 E580.46315
G1 F1188.1 X132.191 Y81.134 E580.4635
G1 F1190.5 X133.68 Y81.764 E580.53126
G1 X134.833 Y82.312 E580.58476
G1 F1192.8 X136.082 Y82.956 E580.64353
G1 F1197.6 X137.253 Y83.612 E580.69945
G1 F1195.2 X138.383 Y84.291 E580.75448
G1 X139.5 Y85.022 E580.8102
G1 X140.592 Y85.789 E580.8659
G1 X141.657 Y86.592 E580.92158
G1 X142.696 Y87.434 E580.9774
G1 X143.713 Y88.313 E581.03351
G1 X144.684 Y89.215 E581.08883
G1 X145.632 Y90.157 E581.14461
G1 F1190.5 X146.547 Y91.131 E581.20062
G1 F1195.2 X147.427 Y92.132 E581.25625
G1 F1192.8 X148.232 Y93.11 E581.30923
G1 X149.084 Y94.227 E581.36799
G1 X149.858 Y95.311 E581.4237
G1 X150.595 Y96.428 E581.47967
G1 F1195.2 X151.297 Y97.569 E581.53559
G1 F1192.8 X151.953 Y98.725 E581.59118
G1 F1195.2 X152.57 Y99.91 E581.64695
G1 X153.154 Y101.117 E581.70292
G1 X153.687 Y102.334 E581.75837
G1 X154.184 Y103.574 E581.81414
G1 X154.637 Y104.83 E581.86987
G1 F1192.8 X155.046 Y106.099 E581.92563
G1 F1190.5 X155.416 Y107.386 E581.98175
G1 X155.737 Y108.677 E582.0375
G1 X156.017 Y109.985 E582.09356
G1 X156.251 Y111.3 E582.14953
G1 X156.438 Y112.62 E582.20541
G1 F1195.2 X156.583 Y113.947 E582.26113
G1 F1197.6 X156.681 Y115.279 E582.31676
G1 F1192.8 X156.736 Y116.615 E582.37269
G1 F1190.5 X156.744 Y117.95 E582.42864
G1 X156.708 Y119.285 E582.4846
G1 X156.624 Y120.628 E582.541
G1 X156.497 Y121.944 E582.5964
G1 F1195.2 X156.324 Y123.267 E582.6521
G1 X156.105 Y124.59 E582.70807
G1 X155.843 Y125.896 E582.76367
G1 F1190.5 X155.564 Y127.093 E582.81518
G1 X155.147 Y128.606 E582.88095
G1 F1192.8 X154.793 Y129.757 E582.93132
G1 F1190.5 X154.353 Y131.021 E582.98741
G1 F1195.2 X153.872 Y132.266 E583.04312
G1 X153.351 Y133.494 E583.0988
G1 X152.783 Y134.714 E583.15497
G1 X152.184 Y135.894 E583.21021
G1 F1192.8 X151.487 Y137.147 E583.27018
G1 F1190.5 X150.848 Y138.219 E583.32248
G1 F1195.2 X150.129 Y139.334 E583.37786
G1 F1197.6 X149.362 Y140.438 E583.43386
G1 F1200 X148.572 Y141.501 E583.48892
G1 F1197.6 X147.732 Y142.553 E583.545
G1 F1195.2 X146.818 Y143.617 E583.60355
G1 X145.969 Y144.54 E583.6559
G1 X145.03 Y145.494 E583.71178
G1 X144.056 Y146.421 E583.7679
G1 X143.059 Y147.311 E583.82369
G1 X142.038 Y148.154 E583.87896
G1 X140.972 Y148.977 E583.93517
G1 F1197.6 X139.9 Y149.752 E583.99028
G1 X138.783 Y150.499 E584.04626
G1 X137.658 Y151.199 E584.10145
G1 F1195.2 X136.501 Y151.866 E584.1572
G1 X135.313 Y152.499 E584.21339
G1 X134.121 Y153.079 E584.26872
G1 F1200 X132.89 Y153.629 E584.32478
G1 X131.664 Y154.126 E584.37978
G1 F1197.6 X130.408 Y154.59 E584.43555
G1 F1195.2 X129.253 Y154.975 E584.48637
G1 X127.746 Y155.413 E584.55188
G1 F1200 X126.591 Y155.705 E584.60141
G1 X125.266 Y155.998 E584.65783
G1 F1195.2 X123.946 Y156.24 E584.71385
G1 X122.871 Y156.399 E584.75921
G1 F2700 E579.75921
;MESH:NONMESH
G0 F300 X122.871 Y156.399 Z3.8
G0 F9000 X123.067 Y156.139
G0 X126.535 Y155.413
G0 X129.118 Y154.702
G0 X131.647 Y153.815
G0 X134.11 Y152.757
G0 X136.492 Y151.53
G0 X138.785 Y150.144
G0 X140.978 Y148.603
G0 X143.06 Y146.915
G0 X145.02 Y145.088
G0 X146.85 Y143.131
G0 X148.541 Y141.052
G0 X150.085 Y138.862
G0 X151.475 Y136.57
G0 X152.705 Y134.189
G0 X153.767 Y131.729
G0 X154.658 Y129.201
G0 X155.372 Y126.619
G0 X155.908 Y123.992
G0 X156.261 Y121.336
G0 X156.432 Y118.662
G0 X156.42 Y115.983
G0 X156.222 Y113.311
G0 X155.841 Y110.658
G0 X155.277 Y108.038
G0 X154.536 Y105.463
G0 X153.618 Y102.945
G0 X152.53 Y100.496
G0 X151.276 Y98.128
G0 X149.863 Y95.851
G0 X148.295 Y93.677
G0 X146.582 Y91.616
G0 X144.731 Y89.678
G0 X142.752 Y87.871
G0 X140.653 Y86.204
G0 X138.444 Y84.687
G0 X136.137 Y83.324
G0 X133.741 Y82.124
G0 X131.269 Y81.091
G0 X128.73 Y80.23
G0 X126.139 Y79.546
G0 X123.507 Y79.043
G0 X120.846 Y78.72
G0 X118.169 Y78.582
G0 X115.491 Y78.628
G0 X112.822 Y78.858
G0 X110.175 Y79.27
G0 X107.561 Y79.865
G0 X104.995 Y80.638
G0 X102.488 Y81.585
G0 X100.053 Y82.702
G0 X97.699 Y83.984
G0 X95.44 Y85.425
G0 X93.285 Y87.018
G0 X91.244 Y88.755
G0 X89.329 Y90.629
G0 X87.546 Y92.63
G0 X85.904 Y94.748
G0 X84.414 Y96.975
G0 X83.079 Y99.299
G0 X81.907 Y101.709
G0 X80.904 Y104.194
G0 X80.074 Y106.742
G0 X79.42 Y109.341
G0 X78.948 Y111.98
G0 X78.659 Y114.644
G0 X78.552 Y117.321
G0 X78.629 Y119.998
G0 X78.891 Y122.666
G0 X79.335 Y125.308
G0 X79.961 Y127.913
G0 X80.764 Y130.471
G0 X81.742 Y132.966
G0 X82.888 Y135.388
G0 X84.197 Y137.726
G0 X85.666 Y139.968
G0 X87.284 Y142.104
G0 X89.046 Y144.123
G0 X90.942 Y146.017
G0 X92.965 Y147.775
G0 X95.103 Y149.39
G0 X97.348 Y150.856
G0 X99.686 Y152.162
G0 X102.111 Y153.305
G0 X104.607 Y154.278
G0 X107.165 Y155.078
G0 X107.904 Y155.254
G0 X111.932 Y156.14
G0 X112.126 Y156.401
;TIME_ELAPSED:854.823555
;LAYER:18
;TYPE:WALL-OUTER
;MESH:Led Ring.stl
G1 F2700 E584.75921
G1 F1200 X111.057 Y156.242 E584.80414
G1 X109.741 Y155.999 E584.85978
G1 X108.444 Y155.714 E584.91499
G1 X107.259 Y155.415 E584.9658
G1 X105.75 Y154.97 E585.03121
G1 F1202.4 X104.598 Y154.592 E585.08151
G1 F1200 X103.339 Y154.131 E585.13725
G1 X102.113 Y153.631 E585.1923
G1 X100.882 Y153.082 E585.24834
G1 X99.693 Y152.502 E585.30334
G1 X98.505 Y151.87 E585.35928
G1 X97.348 Y151.203 E585.41481
G1 X96.224 Y150.507 E585.46977
G1 F1197.6 X95.106 Y149.756 E585.52588
G1 X94.029 Y148.981 E585.58115
G1 F1195.2 X92.964 Y148.158 E585.63733
G1 X91.943 Y147.312 E585.69268
G1 F1200 X90.948 Y146.426 E585.74807
G1 X89.971 Y145.5 E585.80404
G1 X89.035 Y144.545 E585.85963
G1 F1195.2 X88.183 Y143.623 E585.91203
G1 F1192.8 X87.271 Y142.558 E585.97068
G1 F1195.2 X86.429 Y141.51 E586.02679
G1 F1192.8 X85.638 Y140.448 E586.08218
G1 F1195.2 X84.871 Y139.339 E586.13846
G1 X84.155 Y138.226 E586.1937
G1 F1192.8 X83.508 Y137.153 E586.24611
G1 F1190.5 X82.817 Y135.902 E586.306
G1 F1192.8 X82.219 Y134.721 E586.36137
G1 F1195.2 X81.65 Y133.5 E586.41759
G1 X81.127 Y132.272 E586.47331
G1 F1190.5 X80.645 Y131.029 E586.52918
G1 X80.208 Y129.764 E586.58527
G1 X79.847 Y128.613 E586.63582
G1 F1188.1 X79.434 Y127.102 E586.70159
G1 F1190.5 X79.154 Y125.902 E586.75323
G1 F1192.8 X78.892 Y124.593 E586.80907
G1 X78.674 Y123.279 E586.86478
G1 X78.502 Y121.955 E586.92062
G1 X78.375 Y120.635 E586.97608
G1 F1195.2 X78.291 Y119.292 E587.03225
G1 F1192.8 X78.252 Y117.965 E587.08778
G1 F1190.5 X78.259 Y116.635 E587.14351
G1 F1195.2 X78.315 Y115.298 E587.19937
G1 F1197.6 X78.414 Y113.954 E587.25551
G1 F1195.2 X78.554 Y112.639 E587.31071
G1 X78.743 Y111.32 E587.36633
G1 X78.978 Y110.004 E587.42213
G1 X79.256 Y108.7 E587.47779
G1 F1200 X79.577 Y107.401 E587.53342
G1 X79.943 Y106.121 E587.58877
G1 F1195.2 X80.353 Y104.849 E587.64455
G1 X80.805 Y103.594 E587.70023
G1 F1197.6 X81.303 Y102.352 E587.75597
G1 F1195.2 X81.839 Y101.128 E587.81175
G1 X82.416 Y99.929 E587.86729
G1 F1190.5 X83.035 Y98.744 E587.92332
G1 F1192.8 X83.695 Y97.58 E587.97928
G1 F1195.2 X84.394 Y96.442 E588.03503
G1 F1197.6 X85.133 Y95.325 E588.09083
G1 F1195.2 X85.904 Y94.237 E588.14649
G1 X86.767 Y93.115 E588.20557
G1 F1197.6 X87.565 Y92.14 E588.25806
G1 F1195.2 X88.436 Y91.144 E588.31329
G1 F1190.5 X89.35 Y90.17 E588.36926
G1 F1192.8 X90.3 Y89.228 E588.42522
G1 F1195.2 X91.277 Y88.321 E588.48087
G1 F1197.6 X92.294 Y87.439 E588.53695
G1 X93.324 Y86.604 E588.59218
G1 F1195.2 X94.389 Y85.801 E588.64786
G1 X95.49 Y85.026 E588.70406
G1 X96.599 Y84.303 E588.75932
G1 X97.744 Y83.61 E588.81518
G1 F1200 X98.908 Y82.958 E588.87065
G1 F1204.8 X100.149 Y82.317 E588.92849
G1 X101.309 Y81.77 E588.9816
G1 F1192.8 X102.706 Y81.164 E589.04529
G1 X103.773 Y80.752 E589.09313
G1 F1200 X104.888 Y80.354 E589.14235
G1 X106.296 Y79.906 E589.20378
G1 F1192.8 X107.596 Y79.545 E589.26021
G1 F1190.5 X108.987 Y79.207 E589.3202
G1 F1195.2 X110.188 Y78.962 E589.37136
G1 F1200 X111.431 Y78.743 E589.42383
G1 X112.797 Y78.556 E589.48115
G1 X114.114 Y78.421 E589.5362
G1 X115.453 Y78.328 E589.592
G1 X116.814 Y78.278 E589.64862
G1 X118.156 Y78.278 E589.70442
G1 F1202.4 X119.491 Y78.325 E589.75984
G1 F1200 X120.835 Y78.418 E589.81585
G1 X122.163 Y78.552 E589.87134
G1 X123.517 Y78.736 E589.92815
G1 X124.803 Y78.961 E589.98243
G1 F1197.6 X126.001 Y79.205 E590.03336
G1 F1195.2 X127.396 Y79.542 E590.09327
G1 X128.692 Y79.903 E590.14942
G1 F1200 X130.068 Y80.343 E590.20949
G1 F1202.4 X131.219 Y80.754 E590.2602
G1 F1195.2 X132.187 Y81.124 E590.30345
G1 F1190.5 X132.189 Y81.132 E590.3038
G1 F1195.2 X133.681 Y81.767 E590.37148
G1 X134.888 Y82.341 E590.42727
G1 F1192.8 X136.086 Y82.956 E590.48359
G1 F1197.6 X137.251 Y83.607 E590.53919
G1 F1195.2 X138.382 Y84.291 E590.59436
G1 X139.5 Y85.022 E590.65012
G1 X140.592 Y85.789 E590.70582
G1 X141.658 Y86.592 E590.76153
G1 X142.7 Y87.434 E590.81745
G1 F1197.6 X143.715 Y88.317 E590.87349
G1 F1195.2 X144.686 Y89.215 E590.9287
G1 F1190.5 X145.633 Y90.157 E590.98468
G1 X146.546 Y91.13 E591.04059
G1 F1195.2 X147.428 Y92.137 E591.09647
G1 X148.232 Y93.11 E591.14916
G1 F1192.8 X149.087 Y94.226 E591.20796
G1 F1195.2 X149.859 Y95.315 E591.26368
G1 X150.595 Y96.429 E591.31941
G1 F1192.8 X151.297 Y97.569 E591.3754
G1 X151.954 Y98.729 E591.43116
G1 F1195.2 X152.574 Y99.91 E591.48684
G1 X153.154 Y101.118 E591.54277
G1 F1192.8 X153.69 Y102.334 E591.59835
G1 F1190.5 X154.184 Y103.574 E591.65429
G1 F1192.8 X154.637 Y104.83 E591.71014
G1 F1195.2 X155.047 Y106.102 E591.76592
G1 F1192.8 X155.416 Y107.385 E591.82176
G1 F1188.1 X155.737 Y108.682 E591.87786
G1 F1185.8 X156.016 Y109.985 E591.93393
G1 F1188.1 X156.25 Y111.3 E591.99001
G1 F1190.5 X156.438 Y112.625 E592.0461
G1 F1195.2 X156.586 Y113.947 E592.10162
G1 F1192.8 X156.684 Y115.282 E592.15761
G1 F1190.5 X156.736 Y116.614 E592.21347
G1 X156.745 Y117.95 E592.26946
G1 F1192.8 X156.709 Y119.284 E592.32528
G1 F1195.2 X156.621 Y120.629 E592.38154
G1 X156.494 Y121.949 E592.43689
G1 X156.324 Y123.272 E592.49257
G1 X156.106 Y124.588 E592.54825
G1 X155.843 Y125.896 E592.60394
G1 F1192.8 X155.564 Y127.093 E592.65535
G1 X155.147 Y128.606 E592.72099
G1 F1195.2 X154.79 Y129.758 E592.77133
G1 X154.353 Y131.021 E592.82712
G1 X153.872 Y132.266 E592.88283
G1 F1200 X153.349 Y133.494 E592.93832
G1 X152.78 Y134.715 E592.99432
G1 F1195.2 X152.184 Y135.894 E593.04947
G1 X151.485 Y137.148 E593.1094
G1 F1200 X150.845 Y138.221 E593.16134
G1 F1195.2 X150.129 Y139.333 E593.21654
G1 X149.362 Y140.442 E593.27283
G1 X148.571 Y141.503 E593.32807
G1 F1197.6 X147.729 Y142.553 E593.38414
G1 F1195.2 X146.819 Y143.617 E593.44258
G1 X145.965 Y144.541 E593.4951
G1 F1200 X145.031 Y145.494 E593.55057
G1 F1195.2 X144.056 Y146.421 E593.60673
G1 X143.063 Y147.307 E593.66228
G1 X142.038 Y148.153 E593.71776
G1 F1200 X140.973 Y148.978 E593.77377
G1 X139.899 Y149.752 E593.8288
G1 F1195.2 X138.779 Y150.503 E593.88509
G1 F1197.6 X137.657 Y151.199 E593.9401
G1 F1195.2 X136.502 Y151.866 E593.99577
G1 X135.31 Y152.499 E594.0521
G1 X134.122 Y153.079 E594.10729
G1 X132.889 Y153.629 E594.16364
G1 F1197.6 X131.665 Y154.128 E594.21871
G1 X130.404 Y154.591 E594.27467
G1 F1195.2 X129.253 Y154.974 E594.3253
G1 F1192.8 X127.746 Y155.412 E594.39094
G1 F1197.6 X126.591 Y155.705 E594.44058
G1 F1200 X125.262 Y155.998 E594.49716
G1 F1195.2 X123.947 Y156.239 E594.55296
G1 X122.871 Y156.399 E594.59837
G1 F1200 X122.805 Y155.906 E594.61905
G1 X124.003 Y155.72 E594.66945
G1 X125.084 Y155.526 E594.71512
G1 F1202.4 X126.478 Y155.22 E594.77433
G1 X127.775 Y154.886 E594.8299
G1 F1200 X129.059 Y154.509 E594.88554
G1 X130.326 Y154.089 E594.94103
G1 X131.575 Y153.627 E594.9964
G1 F1204.8 X132.798 Y153.127 E595.05111
G1 X134.024 Y152.572 E595.10684
G1 F1200 X135.214 Y151.988 E595.16195
G1 X136.395 Y151.352 E595.21772
G1 X137.545 Y150.684 E595.27301
G1 F1204.8 X138.676 Y149.975 E595.32828
G1 X139.773 Y149.231 E595.38317
G1 X140.85 Y148.449 E595.43829
G1 X141.907 Y147.616 E595.49401
G1 F1202.4 X142.928 Y146.763 E595.54922
G1 F1204.8 X143.919 Y145.869 E595.60448
G1 F1207.2 X144.88 Y144.943 E595.65963
G1 F1209.7 X145.799 Y143.993 E595.71415
G1 F1204.8 X146.698 Y142.995 E595.76977
G1 X147.558 Y141.977 E595.82495
G1 F1207.2 X148.384 Y140.926 E595.88019
G1 F1204.8 X149.169 Y139.851 E595.93531
G1 X149.918 Y138.748 E595.99052
G1 F1207.2 X150.63 Y137.621 E596.04561
G1 F1209.7 X151.294 Y136.481 E596.10002
G1 X151.932 Y135.294 E596.1556
G1 F1207.2 X152.522 Y134.102 E596.21056
G1 F1209.7 X153.074 Y132.882 E596.26579
G1 X153.582 Y131.651 E596.32071
G1 X154.045 Y130.403 E596.37561
G1 F1204.8 X154.464 Y129.138 E596.43079
G1 F1207.2 X154.839 Y127.871 E596.4854
G1 X155.177 Y126.571 E596.54091
G1 X155.467 Y125.266 E596.59615
G1 F1209.7 X155.712 Y123.954 E596.6512
G1 X155.906 Y122.649 E596.70561
G1 X156.059 Y121.313 E596.76107
G1 X156.168 Y119.985 E596.81603
G1 X156.232 Y118.652 E596.87106
G1 F1204.8 X156.245 Y117.319 E596.92627
G1 X156.217 Y115.986 E596.98148
G1 F1207.2 X156.14 Y114.614 E597.03826
G1 F1209.7 X156.031 Y113.413 E597.088
G1 F1204.8 X155.831 Y111.875 E597.15222
G1 X155.638 Y110.688 E597.20202
G1 X155.381 Y109.38 E597.25722
G1 F1200 X155.047 Y107.966 E597.31762
G1 F1204.8 X154.768 Y106.913 E597.36273
G1 F1209.7 X154.345 Y105.531 E597.42234
G1 F1207.2 X153.907 Y104.259 E597.47794
G1 F1204.8 X153.433 Y103.026 E597.53263
G1 X152.909 Y101.787 E597.58834
G1 X152.346 Y100.578 E597.64357
G1 F1207.2 X151.75 Y99.4 E597.69812
G1 X151.098 Y98.223 E597.75373
G1 F1204.8 X150.414 Y97.08 E597.80889
G1 X149.693 Y95.958 E597.86411
G1 F1209.7 X148.932 Y94.862 E597.91914
G1 F1204.8 X148.132 Y93.794 E597.9744
G1 X147.298 Y92.756 E598.02954
G1 X146.429 Y91.746 E598.08471
G1 F1202.4 X145.531 Y90.774 E598.13962
G1 F1200 X144.586 Y89.816 E598.19556
G1 F1204.8 X143.619 Y88.903 E598.25063
G1 F1207.2 X142.629 Y88.026 E598.30529
G1 F1204.8 X141.59 Y87.175 E598.3609
G1 X140.54 Y86.37 E598.41569
G1 X139.445 Y85.589 E598.47138
G1 F1202.4 X138.342 Y84.859 E598.52626
G1 X137.207 Y84.16 E598.58157
G1 F1204.8 X136.039 Y83.496 E598.63721
G1 F1197.6 X134.666 Y82.794 E598.70145
G1 F1195.2 X133.659 Y82.305 E598.74817
G1 F1209.7 X132.443 Y81.774 E598.8029
G1 X131.192 Y81.276 E598.85843
G1 F1204.8 X129.941 Y80.825 E598.9135
G1 X128.68 Y80.422 E598.96831
G1 X127.509 Y80.088 E599.01874
G1 X126.104 Y79.741 E599.07867
G1 F1202.4 X124.795 Y79.468 E599.13415
G1 F1200 X123.483 Y79.237 E599.18953
G1 X122.155 Y79.053 E599.24527
G1 F1204.8 X120.833 Y78.919 E599.3003
G1 F1202.4 X119.51 Y78.827 E599.35532
G1 F1204.8 X118.165 Y78.778 E599.41105
G1 F1202.4 X116.84 Y78.778 E599.46603
G1 F1200 X115.522 Y78.826 E599.52086
G1 X114.17 Y78.918 E599.5772
G1 X112.883 Y79.049 E599.63099
G1 F1197.6 X111.547 Y79.232 E599.68716
G1 F1200 X110.209 Y79.466 E599.74363
G1 X108.901 Y79.739 E599.79919
G1 X107.495 Y80.089 E599.85942
G1 X106.324 Y80.419 E599.91
G1 X105.08 Y80.816 E599.96429
G1 X103.811 Y81.273 E600.02037
G1 F1202.4 X102.56 Y81.768 E600.07619
G1 F1204.8 X101.351 Y82.3 E600.13089
G1 F1197.6 X100.449 Y82.738 E600.17266
G1 F1195.2 X100.433 Y82.727 E600.17347
G1 F1204.8 X98.969 Y83.491 E600.24185
G1 F1207.2 X97.797 Y84.156 E600.29754
G1 F1204.8 X96.661 Y84.855 E600.35277
G1 F1202.4 X95.558 Y85.584 E600.40763
G1 F1204.8 X94.463 Y86.365 E600.46332
G1 X93.405 Y87.174 E600.51847
G1 F1207.2 X92.378 Y88.02 E600.57346
G1 X91.383 Y88.897 E600.62827
G1 F1204.8 X90.408 Y89.819 E600.68384
G1 F1202.4 X89.47 Y90.768 E600.7392
G1 F1204.8 X88.565 Y91.747 E600.79441
G1 F1209.7 X87.704 Y92.75 E600.84893
G1 X86.862 Y93.8 E600.90444
G1 F1204.8 X86.064 Y94.867 E600.95961
G1 X85.304 Y95.962 E601.0148
G1 F1207.2 X84.579 Y97.081 E601.0699
G1 F1204.8 X83.898 Y98.224 E601.125
G1 X83.254 Y99.392 E601.18023
G1 X82.65 Y100.583 E601.23553
G1 F1207.2 X82.091 Y101.779 E601.29008
G1 F1209.7 X81.567 Y103.019 E601.3456
G1 X81.092 Y104.25 E601.40002
G1 X80.653 Y105.523 E601.45556
G1 X80.231 Y106.903 E601.51507
G1 X79.945 Y107.959 E601.5602
G1 X79.618 Y109.372 E601.62001
G1 F1207.2 X79.356 Y110.691 E601.67558
G1 X79.163 Y111.867 E601.72483
G1 F1209.7 X78.966 Y113.404 E601.78874
G1 X78.86 Y114.606 E601.83851
G1 F1207.2 X78.78 Y115.977 E601.89526
G1 F1204.8 X78.751 Y117.323 E601.95101
G1 X78.767 Y118.643 E602.00568
G1 F1207.2 X78.828 Y119.975 E602.06078
G1 X78.936 Y121.305 E602.11592
G1 F1204.8 X79.089 Y122.641 E602.17161
G1 X79.286 Y123.945 E602.22622
G1 F1207.2 X79.528 Y125.257 E602.28135
G1 F1204.8 X79.82 Y126.563 E602.33677
G1 F1202.4 X80.155 Y127.862 E602.39243
G1 F1204.8 X80.529 Y129.131 E602.44721
G1 X80.948 Y130.394 E602.50231
G1 X81.414 Y131.644 E602.55755
G1 X81.922 Y132.875 E602.6127
G1 F1209.7 X82.47 Y134.094 E602.66782
G1 X83.061 Y135.287 E602.72273
G1 F1204.8 X83.697 Y136.474 E602.77849
G1 X84.365 Y137.614 E602.8332
G1 X85.073 Y138.741 E602.88832
G1 X85.822 Y139.844 E602.94353
G1 X86.607 Y140.919 E602.99865
G1 X87.432 Y141.97 E603.05397
G1 X88.293 Y142.989 E603.10921
G1 X89.191 Y143.986 E603.16478
G1 F1207.2 X90.113 Y144.938 E603.21955
G1 X91.071 Y145.863 E603.27458
G1 F1209.7 X92.061 Y146.757 E603.32959
G1 F1204.8 X93.084 Y147.612 E603.3848
G1 X94.142 Y148.444 E603.44053
G1 X95.217 Y149.226 E603.49558
G1 X96.312 Y149.97 E603.5504
G1 X97.444 Y150.679 E603.60571
G1 X98.595 Y151.348 E603.66084
G1 X99.774 Y151.983 E603.71629
G1 F1202.4 X100.966 Y152.569 E603.7714
G1 X102.189 Y153.123 E603.82711
G1 X103.413 Y153.624 E603.88199
G1 F1200 X104.661 Y154.086 E603.93731
G1 F1204.8 X105.902 Y154.496 E603.99143
G1 X107.213 Y154.883 E604.04804
G1 X108.518 Y155.22 E604.10385
G1 F1202.4 X109.902 Y155.524 E604.16264
G1 F1204.8 X110.986 Y155.725 E604.20829
G1 X112.192 Y155.907 E604.2588
G1 F1202.4 X112.126 Y156.401 E604.27948
;TIME_ELAPSED:878.594657
;LAYER:19
;MESH:Led Ring.stl
G0 F9000 X112.126 Y156.401 Z4
;TYPE:WALL-OUTER
G1 F1200 X111.057 Y156.242 E604.32441
G1 X109.741 Y155.999 E604.38005
G1 X108.444 Y155.714 E604.43526
G1 X107.259 Y155.415 E604.48607
G1 X105.75 Y154.97 E604.55148
G1 F1202.4 X104.598 Y154.592 E604.60178
G1 F1200 X103.339 Y154.131 E604.65752
G1 X102.113 Y153.631 E604.71257
G1 X100.882 Y153.082 E604.76861
G1 X99.693 Y152.502 E604.82361
G1 X98.505 Y151.87 E604.87956
G1 X97.348 Y151.203 E604.93508
G1 X96.224 Y150.507 E604.99004
G1 F1197.6 X95.106 Y149.756 E605.04615
G1 X94.029 Y148.981 E605.10142
G1 F1195.2 X92.964 Y148.158 E605.15761
G1 X91.943 Y147.312 E605.21295
G1 F1200 X90.948 Y146.426 E605.26834
G1 X89.971 Y145.5 E605.32431
G1 X89.035 Y144.545 E605.3799
G1 F1195.2 X88.183 Y143.623 E605.4323
G1 F1192.8 X87.271 Y142.558 E605.49095
G1 F1195.2 X86.429 Y141.51 E605.54706
G1 F1192.8 X85.638 Y140.448 E605.60245
G1 F1195.2 X84.871 Y139.339 E605.65873
G1 X84.155 Y138.226 E605.71397
G1 F1192.8 X83.508 Y137.153 E605.76638
G1 F1190.5 X82.817 Y135.902 E605.82627
G1 F1192.8 X82.219 Y134.721 E605.88164
G1 F1195.2 X81.65 Y133.5 E605.93786
G1 X81.127 Y132.272 E605.99358
G1 F1190.5 X80.645 Y131.029 E606.04945
G1 X80.208 Y129.764 E606.10554
G1 X79.847 Y128.613 E606.15609
G1 F1188.1 X79.434 Y127.102 E606.22187
G1 F1190.5 X79.154 Y125.902 E606.27351
G1 F1192.8 X78.892 Y124.593 E606.32934
G1 X78.674 Y123.279 E606.38505
G1 X78.502 Y121.955 E606.44089
G1 X78.375 Y120.635 E606.49635
G1 F1195.2 X78.291 Y119.292 E606.55252
G1 F1192.8 X78.252 Y117.965 E606.60805
G1 F1190.5 X78.259 Y116.635 E606.66378
G1 F1195.2 X78.315 Y115.298 E606.71964
G1 F1197.6 X78.414 Y113.954 E606.77578
G1 F1195.2 X78.554 Y112.639 E606.83098
G1 X78.743 Y111.32 E606.8866
G1 X78.978 Y110.004 E606.9424
G1 X79.256 Y108.7 E606.99806
G1 F1200 X79.577 Y107.401 E607.05369
G1 X79.943 Y106.121 E607.10904
G1 F1195.2 X80.353 Y104.849 E607.16482
G1 X80.805 Y103.594 E607.2205
G1 F1197.6 X81.303 Y102.352 E607.27624
G1 F1195.2 X81.839 Y101.128 E607.33202
G1 X82.416 Y99.929 E607.38756
G1 F1190.5 X83.035 Y98.744 E607.44359
G1 F1192.8 X83.695 Y97.58 E607.49956
G1 F1195.2 X84.394 Y96.442 E607.5553
G1 F1197.6 X85.133 Y95.325 E607.6111
G1 F1195.2 X85.904 Y94.237 E607.66676
G1 X86.767 Y93.115 E607.72584
G1 F1197.6 X87.565 Y92.14 E607.77833
G1 F1195.2 X88.436 Y91.144 E607.83356
G1 F1190.5 X89.35 Y90.17 E607.88954
G1 F1192.8 X90.3 Y89.228 E607.94549
G1 F1195.2 X91.277 Y88.321 E608.00114
G1 F1197.6 X92.294 Y87.439 E608.05722
G1 X93.324 Y86.604 E608.11245
G1 F1195.2 X94.389 Y85.801 E608.16813
G1 X95.49 Y85.026 E608.22433
G1 X96.599 Y84.303 E608.27959
G1 X97.744 Y83.61 E608.33546
G1 F1200 X98.908 Y82.958 E608.39092
G1 F1204.8 X100.149 Y82.317 E608.44876
G1 X101.309 Y81.77 E608.50187
G1 F1192.8 X102.706 Y81.164 E608.56556
G1 X103.773 Y80.752 E608.6134
G1 F1200 X104.888 Y80.354 E608.66262
G1 X106.296 Y79.906 E608.72405
G1 F1192.8 X107.596 Y79.545 E608.78048
G1 F1190.5 X108.987 Y79.207 E608.84047
G1 F1195.2 X110.188 Y78.962 E608.89163
G1 F1200 X111.431 Y78.743 E608.9441
G1 X112.797 Y78.556 E609.00143
G1 X114.114 Y78.421 E609.05647
G1 X115.453 Y78.328 E609.11227
G1 X116.814 Y78.278 E609.16889
G1 X118.156 Y78.278 E609.22469
G1 F1202.4 X119.491 Y78.325 E609.28011
G1 F1200 X120.835 Y78.418 E609.33612
G1 X122.163 Y78.552 E609.39162
G1 X123.517 Y78.736 E609.44843
G1 X124.803 Y78.961 E609.5027
G1 F1197.6 X126.001 Y79.205 E609.55363
G1 F1195.2 X127.396 Y79.542 E609.61354
G1 X128.692 Y79.903 E609.6697
G1 F1200 X130.068 Y80.343 E609.72976
G1 F1202.4 X131.219 Y80.754 E609.78047
G1 F1195.2 X132.187 Y81.124 E609.82372
G1 F1190.5 X132.189 Y81.132 E609.82407
G1 F1195.2 X133.681 Y81.767 E609.89175
G1 X134.888 Y82.341 E609.94754
G1 F1192.8 X136.086 Y82.956 E610.00387
G1 F1197.6 X137.251 Y83.607 E610.05946
G1 F1195.2 X138.382 Y84.291 E610.11463
G1 X139.5 Y85.022 E610.17039
G1 X140.592 Y85.789 E610.22609
G1 X141.658 Y86.592 E610.2818
G1 X142.7 Y87.434 E610.33772
G1 F1197.6 X143.715 Y88.317 E610.39376
G1 F1195.2 X144.686 Y89.215 E610.44897
G1 F1190.5 X145.633 Y90.157 E610.50495
G1 X146.546 Y91.13 E610.56086
G1 F1195.2 X147.428 Y92.137 E610.61674
G1 X148.232 Y93.11 E610.66943
G1 F1192.8 X149.087 Y94.226 E610.72823
G1 F1195.2 X149.859 Y95.315 E610.78395
G1 X150.595 Y96.429 E610.83968
G1 F1192.8 X151.297 Y97.569 E610.89567
G1 X151.954 Y98.729 E610.95143
G1 F1195.2 X152.574 Y99.91 E611.00711
G1 X153.154 Y101.118 E611.06304
G1 F1192.8 X153.69 Y102.334 E611.11862
G1 F1190.5 X154.184 Y103.574 E611.17456
G1 F1192.8 X154.637 Y104.83 E611.23041
G1 F1195.2 X155.047 Y106.102 E611.28619
G1 F1192.8 X155.416 Y107.385 E611.34203
G1 F1188.1 X155.737 Y108.682 E611.39813
G1 F1185.8 X156.016 Y109.985 E611.4542
G1 F1188.1 X156.25 Y111.3 E611.51028
G1 F1190.5 X156.438 Y112.625 E611.56637
G1 F1195.2 X156.586 Y113.947 E611.62189
G1 F1192.8 X156.684 Y115.282 E611.67788
G1 F1190.5 X156.736 Y116.614 E611.73374
G1 X156.745 Y117.95 E611.78973
G1 F1192.8 X156.709 Y119.284 E611.84555
G1 F1195.2 X156.621 Y120.629 E611.90181
G1 X156.494 Y121.949 E611.95716
G1 X156.324 Y123.272 E612.01284
G1 X156.106 Y124.588 E612.06852
G1 X155.843 Y125.896 E612.12421
G1 F1192.8 X155.564 Y127.093 E612.17562
G1 X155.147 Y128.606 E612.24126
G1 F1195.2 X154.79 Y129.758 E612.2916
G1 X154.353 Y131.021 E612.34739
G1 X153.872 Y132.266 E612.4031
G1 F1200 X153.349 Y133.494 E612.45859
G1 X152.78 Y134.715 E612.5146
G1 F1195.2 X152.184 Y135.894 E612.56974
G1 X151.485 Y137.148 E612.62967
G1 F1200 X150.845 Y138.221 E612.68161
G1 F1195.2 X150.129 Y139.333 E612.73682
G1 X149.362 Y140.442 E612.7931
G1 X148.571 Y141.503 E612.84834
G1 F1197.6 X147.729 Y142.553 E612.90441
G1 F1195.2 X146.819 Y143.617 E612.96285
G1 X145.965 Y144.541 E613.01537
G1 F1200 X145.031 Y145.494 E613.07085
G1 F1195.2 X144.056 Y146.421 E613.127
G1 X143.063 Y147.307 E613.18255
G1 X142.038 Y148.153 E613.23803
G1 F1200 X140.973 Y148.978 E613.29404
G1 X139.899 Y149.752 E613.34908
G1 F1195.2 X138.779 Y150.503 E613.40536
G1 F1197.6 X137.657 Y151.199 E613.46037
G1 F1195.2 X136.502 Y151.866 E613.51604
G1 X135.31 Y152.499 E613.57238
G1 X134.122 Y153.079 E613.62756
G1 X132.889 Y153.629 E613.68391
G1 F1197.6 X131.665 Y154.128 E613.73898
G1 X130.404 Y154.591 E613.79494
G1 F1195.2 X129.253 Y154.974 E613.84557
G1 F1192.8 X127.746 Y155.412 E613.91121
G1 F1197.6 X126.591 Y155.705 E613.96085
G1 F1200 X125.262 Y155.998 E614.01743
G1 F1195.2 X123.947 Y156.239 E614.07324
G1 X122.871 Y156.399 E614.11864
G1 F1200 X122.805 Y155.906 E614.13932
G1 X124.003 Y155.72 E614.18973
G1 X125.084 Y155.526 E614.23539
G1 F1202.4 X126.478 Y155.22 E614.2946
G1 X127.775 Y154.886 E614.35017
G1 F1200 X129.059 Y154.509 E614.40581
G1 X130.326 Y154.089 E614.46131
G1 X131.575 Y153.627 E614.51667
G1 F1204.8 X132.798 Y153.127 E614.57138
G1 X134.024 Y152.572 E614.62711
G1 F1200 X135.214 Y151.988 E614.68222
G1 X136.395 Y151.352 E614.73799
G1 X137.545 Y150.684 E614.79328
G1 F1204.8 X138.676 Y149.975 E614.84856
G1 X139.773 Y149.231 E614.90344
G1 X140.85 Y148.449 E614.95856
G1 X141.907 Y147.616 E615.01428
G1 F1202.4 X142.928 Y146.763 E615.06949
G1 F1204.8 X143.919 Y145.869 E615.12475
G1 F1207.2 X144.88 Y144.943 E615.1799
G1 F1209.7 X145.799 Y143.993 E615.23442
G1 F1204.8 X146.698 Y142.995 E615.29004
G1 X147.558 Y141.977 E615.34522
G1 F1207.2 X148.384 Y140.926 E615.40046
G1 F1204.8 X149.169 Y139.851 E615.45558
G1 X149.918 Y138.748 E615.51079
G1 F1207.2 X150.63 Y137.621 E615.56588
G1 F1209.7 X151.294 Y136.481 E615.62029
G1 X151.932 Y135.294 E615.67587
G1 F1207.2 X152.522 Y134.102 E615.73083
G1 F1209.7 X153.074 Y132.882 E615.78606
G1 X153.582 Y131.651 E615.84098
G1 X154.045 Y130.403 E615.89588
G1 F1204.8 X154.464 Y129.138 E615.95106
G1 F1207.2 X154.839 Y127.871 E616.00567
G1 X155.177 Y126.571 E616.06118
G1 X155.467 Y125.266 E616.11642
G1 F1209.7 X155.712 Y123.954 E616.17147
G1 X155.906 Y122.649 E616.22588
G1 X156.059 Y121.313 E616.28134
G1 X156.168 Y119.985 E616.3363
G1 X156.232 Y118.652 E616.39134
G1 F1204.8 X156.245 Y117.319 E616.44654
G1 X156.217 Y115.986 E616.50175
G1 F1207.2 X156.14 Y114.614 E616.55853
G1 F1209.7 X156.031 Y113.413 E616.60827
G1 F1204.8 X155.831 Y111.875 E616.67249
G1 X155.638 Y110.688 E616.72229
G1 X155.381 Y109.38 E616.77749
G1 F1200 X155.047 Y107.966 E616.8379
G1 F1204.8 X154.768 Y106.913 E616.883
G1 F1209.7 X154.345 Y105.531 E616.94261
G1 F1207.2 X153.907 Y104.259 E616.99821
G1 F1204.8 X153.433 Y103.026 E617.05291
G1 X152.909 Y101.787 E617.10861
G1 X152.346 Y100.578 E617.16384
G1 F1207.2 X151.75 Y99.4 E617.21839
G1 X151.098 Y98.223 E617.274
G1 F1204.8 X150.414 Y97.08 E617.32916
G1 X149.693 Y95.958 E617.38438
G1 F1209.7 X148.932 Y94.862 E617.43941
G1 F1204.8 X148.132 Y93.794 E617.49467
G1 X147.298 Y92.756 E617.54981
G1 X146.429 Y91.746 E617.60498
G1 F1202.4 X145.531 Y90.774 E617.65989
G1 F1200 X144.586 Y89.816 E617.71583
G1 F1204.8 X143.619 Y88.903 E617.7709
G1 F1207.2 X142.629 Y88.026 E617.82556
G1 F1204.8 X141.59 Y87.175 E617.88117
G1 X140.54 Y86.37 E617.93596
G1 X139.445 Y85.589 E617.99165
G1 F1202.4 X138.342 Y84.859 E618.04654
G1 X137.207 Y84.16 E618.10184
G1 F1204.8 X136.039 Y83.496 E618.15748
G1 F1197.6 X134.666 Y82.794 E618.22172
G1 F1195.2 X133.659 Y82.305 E618.26844
G1 F1209.7 X132.443 Y81.774 E618.32317
G1 X131.192 Y81.276 E618.3787
G1 F1204.8 X129.941 Y80.825 E618.43377
G1 X128.68 Y80.422 E618.48859
G1 X127.509 Y80.088 E618.53901
G1 X126.104 Y79.741 E618.59894
G1 F1202.4 X124.795 Y79.468 E618.65442
G1 F1200 X123.483 Y79.237 E618.7098
G1 X122.155 Y79.053 E618.76554
G1 F1204.8 X120.833 Y78.919 E618.82057
G1 F1202.4 X119.51 Y78.827 E618.87559
G1 F1204.8 X118.165 Y78.778 E618.93132
G1 F1202.4 X116.84 Y78.778 E618.9863
G1 F1200 X115.522 Y78.826 E619.04113
G1 X114.17 Y78.918 E619.09747
G1 X112.883 Y79.049 E619.15126
G1 F1197.6 X111.547 Y79.232 E619.20743
G1 F1200 X110.209 Y79.466 E619.2639
G1 X108.901 Y79.739 E619.31946
G1 X107.495 Y80.089 E619.3797
G1 X106.324 Y80.419 E619.43028
G1 X105.08 Y80.816 E619.48457
G1 X103.811 Y81.273 E619.54064
G1 F1202.4 X102.56 Y81.768 E619.59646
G1 F1204.8 X101.351 Y82.3 E619.65116
G1 F1197.6 X100.449 Y82.738 E619.69293
G1 F1195.2 X100.433 Y82.727 E619.69374
G1 F1204.8 X98.969 Y83.491 E619.76212
G1 F1207.2 X97.797 Y84.156 E619.81781
G1 F1204.8 X96.661 Y84.855 E619.87304
G1 F1202.4 X95.558 Y85.584 E619.9279
G1 F1204.8 X94.463 Y86.365 E619.98359
G1 X93.405 Y87.174 E620.03874
G1 F1207.2 X92.378 Y88.02 E620.09373
G1 X91.383 Y88.897 E620.14854
G1 F1204.8 X90.408 Y89.819 E620.20411
G1 F1202.4 X89.47 Y90.768 E620.25947
G1 F1204.8 X88.565 Y91.747 E620.31468
G1 F1209.7 X87.704 Y92.75 E620.3692
G1 X86.862 Y93.8 E620.42471
G1 F1204.8 X86.064 Y94.867 E620.47988
G1 X85.304 Y95.962 E620.53507
G1 F1207.2 X84.579 Y97.081 E620.59018
G1 F1204.8 X83.898 Y98.224 E620.64527
G1 X83.254 Y99.392 E620.7005
G1 X82.65 Y100.583 E620.7558
G1 F1207.2 X82.091 Y101.779 E620.81036
G1 F1209.7 X81.567 Y103.019 E620.86587
G1 X81.092 Y104.25 E620.92029
G1 X80.653 Y105.523 E620.97583
G1 X80.231 Y106.903 E621.03535
G1 X79.945 Y107.959 E621.08047
G1 X79.618 Y109.372 E621.14028
G1 F1207.2 X79.356 Y110.691 E621.19586
G1 X79.163 Y111.867 E621.24511
G1 F1209.7 X78.966 Y113.404 E621.30901
G1 X78.86 Y114.606 E621.35878
G1 F1207.2 X78.78 Y115.977 E621.41553
G1 F1204.8 X78.751 Y117.323 E621.47128
G1 X78.767 Y118.643 E621.52595
G1 F1207.2 X78.828 Y119.975 E621.58105
G1 X78.936 Y121.305 E621.63619
G1 F1204.8 X79.089 Y122.641 E621.69188
G1 X79.286 Y123.945 E621.74649
G1 F1207.2 X79.528 Y125.257 E621.80162
G1 F1204.8 X79.82 Y126.563 E621.85704
G1 F1202.4 X80.155 Y127.862 E621.9127
G1 F1204.8 X80.529 Y129.131 E621.96748
G1 X80.948 Y130.394 E622.02258
G1 X81.414 Y131.644 E622.07782
G1 X81.922 Y132.875 E622.13297
G1 F1209.7 X82.47 Y134.094 E622.18809
G1 X83.061 Y135.287 E622.243
G1 F1204.8 X83.697 Y136.474 E622.29876
G1 X84.365 Y137.614 E622.35348
G1 X85.073 Y138.741 E622.40859
G1 X85.822 Y139.844 E622.4638
G1 X86.607 Y140.919 E622.51892
G1 X87.432 Y141.97 E622.57424
G1 X88.293 Y142.989 E622.62949
G1 X89.191 Y143.986 E622.68505
G1 F1207.2 X90.113 Y144.938 E622.73982
G1 X91.071 Y145.863 E622.79485
G1 F1209.7 X92.061 Y146.757 E622.84986
G1 F1204.8 X93.084 Y147.612 E622.90507
G1 X94.142 Y148.444 E622.96081
G1 X95.217 Y149.226 E623.01585
G1 X96.312 Y149.97 E623.07067
G1 X97.444 Y150.679 E623.12598
G1 X98.595 Y151.348 E623.18111
G1 X99.774 Y151.983 E623.23656
G1 F1202.4 X100.966 Y152.569 E623.29167
G1 X102.189 Y153.123 E623.34738
G1 X103.413 Y153.624 E623.40226
G1 F1200 X104.661 Y154.086 E623.45758
G1 F1204.8 X105.902 Y154.496 E623.5117
G1 X107.213 Y154.883 E623.56831
G1 X108.518 Y155.22 E623.62412
G1 F1202.4 X109.902 Y155.524 E623.68291
G1 F1204.8 X110.986 Y155.725 E623.72856
G1 X112.192 Y155.907 E623.77907
G1 F1202.4 X112.126 Y156.401 E623.79975
;TIME_ELAPSED:902.256827
;LAYER:20
;MESH:Led Ring.stl
G0 F9000 X112.126 Y156.401 Z4.2
;TYPE:WALL-OUTER
G1 F1200 X111.057 Y156.242 E623.84468
G1 X109.741 Y155.999 E623.90032
G1 X108.444 Y155.714 E623.95553
G1 X107.259 Y155.415 E624.00634
G1 X105.75 Y154.97 E624.07175
G1 F1202.4 X104.598 Y154.592 E624.12205
G1 F1200 X103.339 Y154.131 E624.1778
G1 X102.113 Y153.631 E624.23284
G1 X100.882 Y153.082 E624.28888
G1 X99.693 Y152.502 E624.34388
G1 X98.505 Y151.87 E624.39983
G1 X97.348 Y151.203 E624.45535
G1 X96.224 Y150.507 E624.51031
G1 F1197.6 X95.106 Y149.756 E624.56642
G1 X94.029 Y148.981 E624.62169
G1 F1195.2 X92.964 Y148.158 E624.67788
G1 X91.943 Y147.312 E624.73322
G1 F1200 X90.948 Y146.426 E624.78861
G1 X89.971 Y145.5 E624.84458
G1 X89.035 Y144.545 E624.90017
G1 F1195.2 X88.183 Y143.623 E624.95257
G1 F1192.8 X87.271 Y142.558 E625.01122
G1 F1195.2 X86.429 Y141.51 E625.06733
G1 F1192.8 X85.638 Y140.448 E625.12272
G1 F1195.2 X84.871 Y139.339 E625.179
G1 X84.155 Y138.226 E625.23424
G1 F1192.8 X83.508 Y137.153 E625.28665
G1 F1190.5 X82.817 Y135.902 E625.34654
G1 F1192.8 X82.219 Y134.721 E625.40191
G1 F1195.2 X81.65 Y133.5 E625.45814
G1 X81.127 Y132.272 E625.51385
G1 F1190.5 X80.645 Y131.029 E625.56972
G1 X80.208 Y129.764 E625.62581
G1 X79.847 Y128.613 E625.67636
G1 F1188.1 X79.434 Y127.102 E625.74214
G1 F1190.5 X79.154 Y125.902 E625.79378
G1 F1192.8 X78.892 Y124.593 E625.84961
G1 X78.674 Y123.279 E625.90532
G1 X78.502 Y121.955 E625.96116
G1 X78.375 Y120.635 E626.01662
G1 F1195.2 X78.291 Y119.292 E626.07279
G1 F1192.8 X78.252 Y117.965 E626.12832
G1 F1190.5 X78.259 Y116.635 E626.18406
G1 F1195.2 X78.315 Y115.298 E626.23991
G1 F1197.6 X78.414 Y113.954 E626.29605
G1 F1195.2 X78.554 Y112.639 E626.35125
G1 X78.743 Y111.32 E626.40687
G1 X78.978 Y110.004 E626.46267
G1 X79.256 Y108.7 E626.51833
G1 F1200 X79.577 Y107.401 E626.57396
G1 X79.943 Y106.121 E626.62931
G1 F1195.2 X80.353 Y104.849 E626.68509
G1 X80.805 Y103.594 E626.74077
G1 F1197.6 X81.303 Y102.352 E626.79652
G1 F1195.2 X81.839 Y101.128 E626.85229
G1 X82.416 Y99.929 E626.90783
G1 F1190.5 X83.035 Y98.744 E626.96386
G1 F1192.8 X83.695 Y97.58 E627.01983
G1 F1195.2 X84.394 Y96.442 E627.07557
G1 F1197.6 X85.133 Y95.325 E627.13137
G1 F1195.2 X85.904 Y94.237 E627.18703
G1 X86.767 Y93.115 E627.24611
G1 F1197.6 X87.565 Y92.14 E627.2986
G1 F1195.2 X88.436 Y91.144 E627.35383
G1 F1190.5 X89.35 Y90.17 E627.40981
G1 F1192.8 X90.3 Y89.228 E627.46576
G1 F1195.2 X91.277 Y88.321 E627.52141
G1 F1197.6 X92.294 Y87.439 E627.57749
G1 X93.324 Y86.604 E627.63272
G1 F1195.2 X94.389 Y85.801 E627.6884
G1 X95.49 Y85.026 E627.7446
G1 X96.599 Y84.303 E627.79986
G1 X97.744 Y83.61 E627.85573
G1 F1200 X98.908 Y82.958 E627.91119
G1 F1204.8 X100.149 Y82.317 E627.96903
G1 X101.309 Y81.77 E628.02214
G1 F1192.8 X102.706 Y81.164 E628.08583
G1 X103.773 Y80.752 E628.13367
G1 F1200 X104.888 Y80.354 E628.18289
G1 X106.296 Y79.906 E628.24432
G1 F1192.8 X107.596 Y79.545 E628.30075
G1 F1190.5 X108.987 Y79.207 E628.36074
G1 F1195.2 X110.188 Y78.962 E628.4119
G1 F1200 X111.431 Y78.743 E628.46438
G1 X112.797 Y78.556 E628.5217
G1 X114.114 Y78.421 E628.57674
G1 X115.453 Y78.328 E628.63254
G1 X116.814 Y78.278 E628.68916
G1 X118.156 Y78.278 E628.74496
G1 F1202.4 X119.491 Y78.325 E628.80038
G1 F1200 X120.835 Y78.418 E628.85639
G1 X122.163 Y78.552 E628.91189
G1 X123.517 Y78.736 E628.9687
G1 X124.803 Y78.961 E629.02297
G1 F1197.6 X126.001 Y79.205 E629.07391
G1 F1195.2 X127.396 Y79.542 E629.13381
G1 X128.692 Y79.903 E629.18997
G1 F1200 X130.068 Y80.343 E629.25003
G1 F1202.4 X131.219 Y80.754 E629.30074
G1 F1195.2 X132.187 Y81.124 E629.34399
G1 F1190.5 X132.189 Y81.132 E629.34434
G1 F1195.2 X133.681 Y81.767 E629.41202
G1 X134.888 Y82.341 E629.46781
G1 F1192.8 X136.086 Y82.956 E629.52414
G1 F1197.6 X137.251 Y83.607 E629.57973
G1 F1195.2 X138.382 Y84.291 E629.6349
G1 X139.5 Y85.022 E629.69066
G1 X140.592 Y85.789 E629.74636
G1 X141.658 Y86.592 E629.80207
G1 X142.7 Y87.434 E629.85799
G1 F1197.6 X143.715 Y88.317 E629.91403
G1 F1195.2 X144.686 Y89.215 E629.96924
G1 F1190.5 X145.633 Y90.157 E630.02522
G1 X146.546 Y91.13 E630.08114
G1 F1195.2 X147.428 Y92.137 E630.13701
G1 X148.232 Y93.11 E630.1897
G1 F1192.8 X149.087 Y94.226 E630.2485
G1 F1195.2 X149.859 Y95.315 E630.30422
G1 X150.595 Y96.429 E630.35995
G1 F1192.8 X151.297 Y97.569 E630.41595
G1 X151.954 Y98.729 E630.4717
G1 F1195.2 X152.574 Y99.91 E630.52738
G1 X153.154 Y101.118 E630.58331
G1 F1192.8 X153.69 Y102.334 E630.6389
G1 F1190.5 X154.184 Y103.574 E630.69483
G1 F1192.8 X154.637 Y104.83 E630.75068
G1 F1195.2 X155.047 Y106.102 E630.80646
G1 F1192.8 X155.416 Y107.385 E630.8623
G1 F1188.1 X155.737 Y108.682 E630.9184
G1 F1185.8 X156.016 Y109.985 E630.97447
G1 F1188.1 X156.25 Y111.3 E631.03055
G1 F1190.5 X156.438 Y112.625 E631.08664
G1 F1195.2 X156.586 Y113.947 E631.14217
G1 F1192.8 X156.684 Y115.282 E631.19815
G1 F1190.5 X156.736 Y116.614 E631.25402
G1 X156.745 Y117.95 E631.31001
G1 F1192.8 X156.709 Y119.284 E631.36582
G1 F1195.2 X156.621 Y120.629 E631.42208
G1 X156.494 Y121.949 E631.47744
G1 X156.324 Y123.272 E631.53311
G1 X156.106 Y124.588 E631.58879
G1 X155.843 Y125.896 E631.64448
G1 F1192.8 X155.564 Y127.093 E631.69589
G1 X155.147 Y128.606 E631.76153
G1 F1195.2 X154.79 Y129.758 E631.81187
G1 X154.353 Y131.021 E631.86766
G1 X153.872 Y132.266 E631.92337
G1 F1200 X153.349 Y133.494 E631.97886
G1 X152.78 Y134.715 E632.03487
G1 F1195.2 X152.184 Y135.894 E632.09001
G1 X151.485 Y137.148 E632.14994
G1 F1200 X150.845 Y138.221 E632.20188
G1 F1195.2 X150.129 Y139.333 E632.25709
G1 X149.362 Y140.442 E632.31337
G1 X148.571 Y141.503 E632.36861
G1 F1197.6 X147.729 Y142.553 E632.42468
G1 F1195.2 X146.819 Y143.617 E632.48312
G1 X145.965 Y144.541 E632.53564
G1 F1200 X145.031 Y145.494 E632.59112
G1 F1195.2 X144.056 Y146.421 E632.64727
G1 X143.063 Y147.307 E632.70282
G1 X142.038 Y148.153 E632.7583
G1 F1200 X140.973 Y148.978 E632.81431
G1 X139.899 Y149.752 E632.86935
G1 F1195.2 X138.779 Y150.503 E632.92563
G1 F1197.6 X137.657 Y151.199 E632.98064
G1 F1195.2 X136.502 Y151.866 E633.03631
G1 X135.31 Y152.499 E633.09265
G1 X134.122 Y153.079 E633.14783
G1 X132.889 Y153.629 E633.20419
G1 F1197.6 X131.665 Y154.128 E633.25925
G1 X130.404 Y154.591 E633.31521
G1 F1195.2 X129.253 Y154.974 E633.36584
G1 F1192.8 X127.746 Y155.412 E633.43148
G1 F1197.6 X126.591 Y155.705 E633.48112
G1 F1200 X125.262 Y155.998 E633.5377
G1 F1195.2 X123.947 Y156.239 E633.59351
G1 X122.871 Y156.399 E633.63891
G1 F1200 X122.805 Y155.906 E633.65959
G1 X124.003 Y155.72 E633.71
G1 X125.084 Y155.526 E633.75566
G1 F1202.4 X126.478 Y155.22 E633.81487
G1 X127.775 Y154.886 E633.87045
G1 F1200 X129.059 Y154.509 E633.92608
G1 X130.326 Y154.089 E633.98158
G1 X131.575 Y153.627 E634.03694
G1 F1204.8 X132.798 Y153.127 E634.09165
G1 X134.024 Y152.572 E634.14738
G1 F1200 X135.214 Y151.988 E634.20249
G1 X136.395 Y151.352 E634.25826
G1 X137.545 Y150.684 E634.31355
G1 F1204.8 X138.676 Y149.975 E634.36883
G1 X139.773 Y149.231 E634.42371
G1 X140.85 Y148.449 E634.47883
G1 X141.907 Y147.616 E634.53455
G1 F1202.4 X142.928 Y146.763 E634.58976
G1 F1204.8 X143.919 Y145.869 E634.64502
G1 F1207.2 X144.88 Y144.943 E634.70017
G1 F1209.7 X145.799 Y143.993 E634.75469
G1 F1204.8 X146.698 Y142.995 E634.81031
G1 X147.558 Y141.977 E634.86549
G1 F1207.2 X148.384 Y140.926 E634.92073
G1 F1204.8 X149.169 Y139.851 E634.97585
G1 X149.918 Y138.748 E635.03106
G1 F1207.2 X150.63 Y137.621 E635.08615
G1 F1209.7 X151.294 Y136.481 E635.14056
G1 X151.932 Y135.294 E635.19614
G1 F1207.2 X152.522 Y134.102 E635.25111
G1 F1209.7 X153.074 Y132.882 E635.30633
G1 X153.582 Y131.651 E635.36125
G1 X154.045 Y130.403 E635.41615
G1 F1204.8 X154.464 Y129.138 E635.47133
G1 F1207.2 X154.839 Y127.871 E635.52594
G1 X155.177 Y126.571 E635.58145
G1 X155.467 Y125.266 E635.63669
G1 F1209.7 X155.712 Y123.954 E635.69174
G1 X155.906 Y122.649 E635.74615
G1 X156.059 Y121.313 E635.80161
G1 X156.168 Y119.985 E635.85657
G1 X156.232 Y118.652 E635.91161
G1 F1204.8 X156.245 Y117.319 E635.96681
G1 X156.217 Y115.986 E636.02202
G1 F1207.2 X156.14 Y114.614 E636.07881
G1 F1209.7 X156.031 Y113.413 E636.12854
G1 F1204.8 X155.831 Y111.875 E636.19276
G1 X155.638 Y110.688 E636.24256
G1 X155.381 Y109.38 E636.29776
G1 F1200 X155.047 Y107.966 E636.35817
G1 F1204.8 X154.768 Y106.913 E636.40327
G1 F1209.7 X154.345 Y105.531 E636.46288
G1 F1207.2 X153.907 Y104.259 E636.51848
G1 F1204.8 X153.433 Y103.026 E636.57318
G1 X152.909 Y101.787 E636.62888
G1 X152.346 Y100.578 E636.68411
G1 F1207.2 X151.75 Y99.4 E636.73867
G1 X151.098 Y98.223 E636.79427
G1 F1204.8 X150.414 Y97.08 E636.84943
G1 X149.693 Y95.958 E636.90465
G1 F1209.7 X148.932 Y94.862 E636.95968
G1 F1204.8 X148.132 Y93.794 E637.01494
G1 X147.298 Y92.756 E637.07008
G1 X146.429 Y91.746 E637.12525
G1 F1202.4 X145.531 Y90.774 E637.18016
G1 F1200 X144.586 Y89.816 E637.2361
G1 F1204.8 X143.619 Y88.903 E637.29117
G1 F1207.2 X142.629 Y88.026 E637.34583
G1 F1204.8 X141.59 Y87.175 E637.40144
G1 X140.54 Y86.37 E637.45623
G1 X139.445 Y85.589 E637.51192
G1 F1202.4 X138.342 Y84.859 E637.56681
G1 X137.207 Y84.16 E637.62211
G1 F1204.8 X136.039 Y83.496 E637.67775
G1 F1197.6 X134.666 Y82.794 E637.74199
G1 F1195.2 X133.659 Y82.305 E637.78872
G1 F1209.7 X132.443 Y81.774 E637.84344
G1 X131.192 Y81.276 E637.89897
G1 F1204.8 X129.941 Y80.825 E637.95404
G1 X128.68 Y80.422 E638.00886
G1 X127.509 Y80.088 E638.05928
G1 X126.104 Y79.741 E638.11921
G1 F1202.4 X124.795 Y79.468 E638.17469
G1 F1200 X123.483 Y79.237 E638.23007
G1 X122.155 Y79.053 E638.28581
G1 F1204.8 X120.833 Y78.919 E638.34084
G1 F1202.4 X119.51 Y78.827 E638.39586
G1 F1204.8 X118.165 Y78.778 E638.4516
G1 F1202.4 X116.84 Y78.778 E638.50657
G1 F1200 X115.522 Y78.826 E638.5614
G1 X114.17 Y78.918 E638.61774
G1 X112.883 Y79.049 E638.67153
G1 F1197.6 X111.547 Y79.232 E638.7277
G1 F1200 X110.209 Y79.466 E638.78418
G1 X108.901 Y79.739 E638.83973
G1 X107.495 Y80.089 E638.89997
G1 X106.324 Y80.419 E638.95055
G1 X105.08 Y80.816 E639.00484
G1 X103.811 Y81.273 E639.06091
G1 F1202.4 X102.56 Y81.768 E639.11673
G1 F1204.8 X101.351 Y82.3 E639.17143
G1 F1197.6 X100.449 Y82.738 E639.2132
G1 F1195.2 X100.433 Y82.727 E639.21401
G1 F1204.8 X98.969 Y83.491 E639.28239
G1 F1207.2 X97.797 Y84.156 E639.33808
G1 F1204.8 X96.661 Y84.855 E639.39331
G1 F1202.4 X95.558 Y85.584 E639.44817
G1 F1204.8 X94.463 Y86.365 E639.50387
G1 X93.405 Y87.174 E639.55902
G1 F1207.2 X92.378 Y88.02 E639.614
G1 X91.383 Y88.897 E639.66881
G1 F1204.8 X90.408 Y89.819 E639.72438
G1 F1202.4 X89.47 Y90.768 E639.77975
G1 F1204.8 X88.565 Y91.747 E639.83495
G1 F1209.7 X87.704 Y92.75 E639.88947
G1 X86.862 Y93.8 E639.94498
G1 F1204.8 X86.064 Y94.867 E640.00015
G1 X85.304 Y95.962 E640.05535
G1 F1207.2 X84.579 Y97.081 E640.11045
G1 F1204.8 X83.898 Y98.224 E640.16554
G1 X83.254 Y99.392 E640.22077
G1 X82.65 Y100.583 E640.27607
G1 F1207.2 X82.091 Y101.779 E640.33063
G1 F1209.7 X81.567 Y103.019 E640.38615
G1 X81.092 Y104.25 E640.44056
G1 X80.653 Y105.523 E640.4961
G1 X80.231 Y106.903 E640.55562
G1 X79.945 Y107.959 E640.60074
G1 X79.618 Y109.372 E640.66055
G1 F1207.2 X79.356 Y110.691 E640.71613
G1 X79.163 Y111.867 E640.76538
G1 F1209.7 X78.966 Y113.404 E640.82928
G1 X78.86 Y114.606 E640.87905
G1 F1207.2 X78.78 Y115.977 E640.9358
G1 F1204.8 X78.751 Y117.323 E640.99155
G1 X78.767 Y118.643 E641.04622
G1 F1207.2 X78.828 Y119.975 E641.10132
G1 X78.936 Y121.305 E641.15646
G1 F1204.8 X79.089 Y122.641 E641.21215
G1 X79.286 Y123.945 E641.26676
G1 F1207.2 X79.528 Y125.257 E641.32189
G1 F1204.8 X79.82 Y126.563 E641.37731
G1 F1202.4 X80.155 Y127.862 E641.43297
G1 F1204.8 X80.529 Y129.131 E641.48775
G1 X80.948 Y130.394 E641.54285
G1 X81.414 Y131.644 E641.5981
G1 X81.922 Y132.875 E641.65324
G1 F1209.7 X82.47 Y134.094 E641.70836
G1 X83.061 Y135.287 E641.76327
G1 F1204.8 X83.697 Y136.474 E641.81903
G1 X84.365 Y137.614 E641.87375
G1 X85.073 Y138.741 E641.92886
G1 X85.822 Y139.844 E641.98407
G1 X86.607 Y140.919 E642.03919
G1 X87.432 Y141.97 E642.09451
G1 X88.293 Y142.989 E642.14976
G1 X89.191 Y143.986 E642.20532
G1 F1207.2 X90.113 Y144.938 E642.26009
G1 X91.071 Y145.863 E642.31512
G1 F1209.7 X92.061 Y146.757 E642.37013
G1 F1204.8 X93.084 Y147.612 E642.42534
G1 X94.142 Y148.444 E642.48108
G1 X95.217 Y149.226 E642.53612
G1 X96.312 Y149.97 E642.59094
G1 X97.444 Y150.679 E642.64625
G1 X98.595 Y151.348 E642.70138
G1 X99.774 Y151.983 E642.75683
G1 F1202.4 X100.966 Y152.569 E642.81194
G1 X102.189 Y153.123 E642.86765
G1 X103.413 Y153.624 E642.92253
G1 F1200 X104.661 Y154.086 E642.97785
G1 F1204.8 X105.902 Y154.496 E643.03198
G1 X107.213 Y154.883 E643.08858
G1 X108.518 Y155.22 E643.14439
G1 F1202.4 X109.902 Y155.524 E643.20318
G1 F1204.8 X110.986 Y155.725 E643.24884
G1 X112.192 Y155.907 E643.29934
G1 F1202.4 X112.126 Y156.401 E643.32002
;TIME_ELAPSED:925.918996
;LAYER:21
;MESH:Led Ring.stl
G0 F9000 X112.126 Y156.401 Z4.4
;TYPE:WALL-OUTER
G1 F1200 X111.057 Y156.242 E643.36495
G1 X109.741 Y155.999 E643.42059
G1 X108.444 Y155.714 E643.4758
G1 X107.259 Y155.415 E643.52661
G1 X105.75 Y154.97 E643.59202
G1 F1202.4 X104.598 Y154.592 E643.64232
G1 F1200 X103.339 Y154.131 E643.69807
G1 X102.113 Y153.631 E643.75311
G1 X100.882 Y153.082 E643.80915
G1 X99.693 Y152.502 E643.86415
G1 X98.505 Y151.87 E643.9201
G1 X97.348 Y151.203 E643.97562
G1 X96.224 Y150.507 E644.03058
G1 F1197.6 X95.106 Y149.756 E644.08669
G1 X94.029 Y148.981 E644.14197
G1 F1195.2 X92.964 Y148.158 E644.19815
G1 X91.943 Y147.312 E644.25349
G1 F1200 X90.948 Y146.426 E644.30889
G1 X89.971 Y145.5 E644.36485
G1 X89.035 Y144.545 E644.42044
G1 F1195.2 X88.183 Y143.623 E644.47285
G1 F1192.8 X87.271 Y142.558 E644.53149
G1 F1195.2 X86.429 Y141.51 E644.5876
G1 F1192.8 X85.638 Y140.448 E644.64299
G1 F1195.2 X84.871 Y139.339 E644.69927
G1 X84.155 Y138.226 E644.75451
G1 F1192.8 X83.508 Y137.153 E644.80692
G1 F1190.5 X82.817 Y135.902 E644.86681
G1 F1192.8 X82.219 Y134.721 E644.92218
G1 F1195.2 X81.65 Y133.5 E644.97841
G1 X81.127 Y132.272 E645.03412
G1 F1190.5 X80.645 Y131.029 E645.08999
G1 X80.208 Y129.764 E645.14608
G1 X79.847 Y128.613 E645.19663
G1 F1188.1 X79.434 Y127.102 E645.26241
G1 F1190.5 X79.154 Y125.902 E645.31405
G1 F1192.8 X78.892 Y124.593 E645.36988
G1 X78.674 Y123.279 E645.42559
G1 X78.502 Y121.955 E645.48143
G1 X78.375 Y120.635 E645.53689
G1 F1195.2 X78.291 Y119.292 E645.59306
G1 F1192.8 X78.252 Y117.965 E645.64859
G1 F1190.5 X78.259 Y116.635 E645.70433
G1 F1195.2 X78.315 Y115.298 E645.76018
G1 F1197.6 X78.414 Y113.954 E645.81632
G1 F1195.2 X78.554 Y112.639 E645.87152
G1 X78.743 Y111.32 E645.92714
G1 X78.978 Y110.004 E645.98294
G1 X79.256 Y108.7 E646.0386
G1 F1200 X79.577 Y107.401 E646.09423
G1 X79.943 Y106.121 E646.14958
G1 F1195.2 X80.353 Y104.849 E646.20536
G1 X80.805 Y103.594 E646.26104
G1 F1197.6 X81.303 Y102.352 E646.31679
G1 F1195.2 X81.839 Y101.128 E646.37256
G1 X82.416 Y99.929 E646.4281
G1 F1190.5 X83.035 Y98.744 E646.48413
G1 F1192.8 X83.695 Y97.58 E646.5401
G1 F1195.2 X84.394 Y96.442 E646.59584
G1 F1197.6 X85.133 Y95.325 E646.65164
G1 F1195.2 X85.904 Y94.237 E646.7073
G1 X86.767 Y93.115 E646.76639
G1 F1197.6 X87.565 Y92.14 E646.81887
G1 F1195.2 X88.436 Y91.144 E646.8741
G1 F1190.5 X89.35 Y90.17 E646.93008
G1 F1192.8 X90.3 Y89.228 E646.98603
G1 F1195.2 X91.277 Y88.321 E647.04168
G1 F1197.6 X92.294 Y87.439 E647.09776
G1 X93.324 Y86.604 E647.15299
G1 F1195.2 X94.389 Y85.801 E647.20867
G1 X95.49 Y85.026 E647.26487
G1 X96.599 Y84.303 E647.32013
G1 X97.744 Y83.61 E647.376
G1 F1200 X98.908 Y82.958 E647.43147
G1 F1204.8 X100.149 Y82.317 E647.4893
G1 X101.309 Y81.77 E647.54241
G1 F1192.8 X102.706 Y81.164 E647.6061
G1 X103.773 Y80.752 E647.65394
G1 F1200 X104.888 Y80.354 E647.70316
G1 X106.296 Y79.906 E647.76459
G1 F1192.8 X107.596 Y79.545 E647.82102
G1 F1190.5 X108.987 Y79.207 E647.88101
G1 F1195.2 X110.188 Y78.962 E647.93217
G1 F1200 X111.431 Y78.743 E647.98465
G1 X112.797 Y78.556 E648.04197
G1 X114.114 Y78.421 E648.09701
G1 X115.453 Y78.328 E648.15281
G1 X116.814 Y78.278 E648.20943
G1 X118.156 Y78.278 E648.26523
G1 F1202.4 X119.491 Y78.325 E648.32065
G1 F1200 X120.835 Y78.418 E648.37667
G1 X122.163 Y78.552 E648.43216
G1 X123.517 Y78.736 E648.48897
G1 X124.803 Y78.961 E648.54325
G1 F1197.6 X126.001 Y79.205 E648.59418
G1 F1195.2 X127.396 Y79.542 E648.65408
G1 X128.692 Y79.903 E648.71024
G1 F1200 X130.068 Y80.343 E648.7703
G1 F1202.4 X131.219 Y80.754 E648.82101
G1 F1195.2 X132.187 Y81.124 E648.86427
G1 F1190.5 X132.189 Y81.132 E648.86461
G1 F1195.2 X133.681 Y81.767 E648.9323
G1 X134.888 Y82.341 E648.98808
G1 F1192.8 X136.086 Y82.956 E649.04441
G1 F1197.6 X137.251 Y83.607 E649.1
G1 F1195.2 X138.382 Y84.291 E649.15517
G1 X139.5 Y85.022 E649.21093
G1 X140.592 Y85.789 E649.26663
G1 X141.658 Y86.592 E649.32234
G1 X142.7 Y87.434 E649.37826
G1 F1197.6 X143.715 Y88.317 E649.43431
G1 F1195.2 X144.686 Y89.215 E649.48951
G1 F1190.5 X145.633 Y90.157 E649.54549
G1 X146.546 Y91.13 E649.60141
G1 F1195.2 X147.428 Y92.137 E649.65728
G1 X148.232 Y93.11 E649.70997
G1 F1192.8 X149.087 Y94.226 E649.76877
G1 F1195.2 X149.859 Y95.315 E649.82449
G1 X150.595 Y96.429 E649.88022
G1 F1192.8 X151.297 Y97.569 E649.93622
G1 X151.954 Y98.729 E649.99197
G1 F1195.2 X152.574 Y99.91 E650.04765
G1 X153.154 Y101.118 E650.10359
G1 F1192.8 X153.69 Y102.334 E650.15917
G1 F1190.5 X154.184 Y103.574 E650.2151
G1 F1192.8 X154.637 Y104.83 E650.27095
G1 F1195.2 X155.047 Y106.102 E650.32673
G1 F1192.8 X155.416 Y107.385 E650.38257
G1 F1188.1 X155.737 Y108.682 E650.43867
G1 F1185.8 X156.016 Y109.985 E650.49474
G1 F1188.1 X156.25 Y111.3 E650.55083
G1 F1190.5 X156.438 Y112.625 E650.60691
G1 F1195.2 X156.586 Y113.947 E650.66244
G1 F1192.8 X156.684 Y115.282 E650.71842
G1 F1190.5 X156.736 Y116.614 E650.77429
G1 X156.745 Y117.95 E650.83028
G1 F1192.8 X156.709 Y119.284 E650.88609
G1 F1195.2 X156.621 Y120.629 E650.94235
G1 X156.494 Y121.949 E650.99771
G1 X156.324 Y123.272 E651.05338
G1 X156.106 Y124.588 E651.10906
G1 X155.843 Y125.896 E651.16475
G1 F1192.8 X155.564 Y127.093 E651.21616
G1 X155.147 Y128.606 E651.2818
G1 F1195.2 X154.79 Y129.758 E651.33214
G1 X154.353 Y131.021 E651.38793
G1 X153.872 Y132.266 E651.44364
G1 F1200 X153.349 Y133.494 E651.49913
G1 X152.78 Y134.715 E651.55514
G1 F1195.2 X152.184 Y135.894 E651.61028
G1 X151.485 Y137.148 E651.67021
G1 F1200 X150.845 Y138.221 E651.72215
G1 F1195.2 X150.129 Y139.333 E651.77736
G1 X149.362 Y140.442 E651.83364
G1 X148.571 Y141.503 E651.88888
G1 F1197.6 X147.729 Y142.553 E651.94495
G1 F1195.2 X146.819 Y143.617 E652.00339
G1 X145.965 Y144.541 E652.05591
G1 F1200 X145.031 Y145.494 E652.11139
G1 F1195.2 X144.056 Y146.421 E652.16754
G1 X143.063 Y147.307 E652.22309
G1 X142.038 Y148.153 E652.27857
G1 F1200 X140.973 Y148.978 E652.33458
G1 X139.899 Y149.752 E652.38962
G1 F1195.2 X138.779 Y150.503 E652.44591
G1 F1197.6 X137.657 Y151.199 E652.50091
G1 F1195.2 X136.502 Y151.866 E652.55658
G1 X135.31 Y152.499 E652.61292
G1 X134.122 Y153.079 E652.6681
G1 X132.889 Y153.629 E652.72446
G1 F1197.6 X131.665 Y154.128 E652.77952
G1 X130.404 Y154.591 E652.83548
G1 F1195.2 X129.253 Y154.974 E652.88612
G1 F1192.8 X127.746 Y155.412 E652.95175
G1 F1197.6 X126.591 Y155.705 E653.00139
G1 F1200 X125.262 Y155.998 E653.05797
G1 F1195.2 X123.947 Y156.239 E653.11378
G1 X122.871 Y156.399 E653.15918
G1 F1200 X122.805 Y155.906 E653.17986
G1 X124.003 Y155.72 E653.23027
G1 X125.084 Y155.526 E653.27593
G1 F1202.4 X126.478 Y155.22 E653.33515
G1 X127.775 Y154.886 E653.39072
G1 F1200 X129.059 Y154.509 E653.44635
G1 X130.326 Y154.089 E653.50185
G1 X131.575 Y153.627 E653.55721
G1 F1204.8 X132.798 Y153.127 E653.61192
G1 X134.024 Y152.572 E653.66765
G1 F1200 X135.214 Y151.988 E653.72276
G1 X136.395 Y151.352 E653.77853
G1 X137.545 Y150.684 E653.83382
G1 F1204.8 X138.676 Y149.975 E653.8891
G1 X139.773 Y149.231 E653.94398
G1 X140.85 Y148.449 E653.9991
G1 X141.907 Y147.616 E654.05483
G1 F1202.4 X142.928 Y146.763 E654.11003
G1 F1204.8 X143.919 Y145.869 E654.16529
G1 F1207.2 X144.88 Y144.943 E654.22045
G1 F1209.7 X145.799 Y143.993 E654.27496
G1 F1204.8 X146.698 Y142.995 E654.33058
G1 X147.558 Y141.977 E654.38576
G1 F1207.2 X148.384 Y140.926 E654.441
G1 F1204.8 X149.169 Y139.851 E654.49612
G1 X149.918 Y138.748 E654.55133
G1 F1207.2 X150.63 Y137.621 E654.60642
G1 F1209.7 X151.294 Y136.481 E654.66083
G1 X151.932 Y135.294 E654.71641
G1 F1207.2 X152.522 Y134.102 E654.77138
G1 F1209.7 X153.074 Y132.882 E654.8266
G1 X153.582 Y131.651 E654.88153
G1 X154.045 Y130.403 E654.93642
G1 F1204.8 X154.464 Y129.138 E654.9916
G1 F1207.2 X154.839 Y127.871 E655.04621
G1 X155.177 Y126.571 E655.10172
G1 X155.467 Y125.266 E655.15697
G1 F1209.7 X155.712 Y123.954 E655.21201
G1 X155.906 Y122.649 E655.26642
G1 X156.059 Y121.313 E655.32188
G1 X156.168 Y119.985 E655.37684
G1 X156.232 Y118.652 E655.43188
G1 F1204.8 X156.245 Y117.319 E655.48708
G1 X156.217 Y115.986 E655.54229
G1 F1207.2 X156.14 Y114.614 E655.59908
G1 F1209.7 X156.031 Y113.413 E655.64881
G1 F1204.8 X155.831 Y111.875 E655.71304
G1 X155.638 Y110.688 E655.76283
G1 X155.381 Y109.38 E655.81803
G1 F1200 X155.047 Y107.966 E655.87844
G1 F1204.8 X154.768 Y106.913 E655.92355
G1 F1209.7 X154.345 Y105.531 E655.98315
G1 F1207.2 X153.907 Y104.259 E656.03875
G1 F1204.8 X153.433 Y103.026 E656.09345
G1 X152.909 Y101.787 E656.14915
G1 X152.346 Y100.578 E656.20438
G1 F1207.2 X151.75 Y99.4 E656.25894
G1 X151.098 Y98.223 E656.31454
G1 F1204.8 X150.414 Y97.08 E656.3697
G1 X149.693 Y95.958 E656.42493
G1 F1209.7 X148.932 Y94.862 E656.47996
G1 F1204.8 X148.132 Y93.794 E656.53521
G1 X147.298 Y92.756 E656.59035
G1 X146.429 Y91.746 E656.64552
G1 F1202.4 X145.531 Y90.774 E656.70043
G1 F1200 X144.586 Y89.816 E656.75637
G1 F1204.8 X143.619 Y88.903 E656.81144
G1 F1207.2 X142.629 Y88.026 E656.8661
G1 F1204.8 X141.59 Y87.175 E656.92171
G1 X140.54 Y86.37 E656.9765
G1 X139.445 Y85.589 E657.0322
G1 F1202.4 X138.342 Y84.859 E657.08708
G1 X137.207 Y84.16 E657.14238
G1 F1204.8 X136.039 Y83.496 E657.19802
G1 F1197.6 X134.666 Y82.794 E657.26226
G1 F1195.2 X133.659 Y82.305 E657.30899
G1 F1209.7 X132.443 Y81.774 E657.36371
G1 X131.192 Y81.276 E657.41924
G1 F1204.8 X129.941 Y80.825 E657.47431
G1 X128.68 Y80.422 E657.52913
G1 X127.509 Y80.088 E657.57955
G1 X126.104 Y79.741 E657.63948
G1 F1202.4 X124.795 Y79.468 E657.69496
G1 F1200 X123.483 Y79.237 E657.75035
G1 X122.155 Y79.053 E657.80609
G1 F1204.8 X120.833 Y78.919 E657.86111
G1 F1202.4 X119.51 Y78.827 E657.91613
G1 F1204.8 X118.165 Y78.778 E657.97187
G1 F1202.4 X116.84 Y78.778 E658.02684
G1 F1200 X115.522 Y78.826 E658.08168
G1 X114.17 Y78.918 E658.13802
G1 X112.883 Y79.049 E658.1918
G1 F1197.6 X111.547 Y79.232 E658.24797
G1 F1200 X110.209 Y79.466 E658.30445
G1 X108.901 Y79.739 E658.36
G1 X107.495 Y80.089 E658.42024
G1 X106.324 Y80.419 E658.47082
G1 X105.08 Y80.816 E658.52511
G1 X103.811 Y81.273 E658.58118
G1 F1202.4 X102.56 Y81.768 E658.63701
G1 F1204.8 X101.351 Y82.3 E658.6917
G1 F1197.6 X100.449 Y82.738 E658.73347
G1 F1195.2 X100.433 Y82.727 E658.73428
G1 F1204.8 X98.969 Y83.491 E658.80266
G1 F1207.2 X97.797 Y84.156 E658.85835
G1 F1204.8 X96.661 Y84.855 E658.91358
G1 F1202.4 X95.558 Y85.584 E658.96844
G1 F1204.8 X94.463 Y86.365 E659.02414
G1 X93.405 Y87.174 E659.07929
G1 F1207.2 X92.378 Y88.02 E659.13427
G1 X91.383 Y88.897 E659.18909
G1 F1204.8 X90.408 Y89.819 E659.24465
G1 F1202.4 X89.47 Y90.768 E659.30002
G1 F1204.8 X88.565 Y91.747 E659.35522
G1 F1209.7 X87.704 Y92.75 E659.40974
G1 X86.862 Y93.8 E659.46525
G1 F1204.8 X86.064 Y94.867 E659.52042
G1 X85.304 Y95.962 E659.57562
G1 F1207.2 X84.579 Y97.081 E659.63072
G1 F1204.8 X83.898 Y98.224 E659.68581
G1 X83.254 Y99.392 E659.74104
G1 X82.65 Y100.583 E659.79634
G1 F1207.2 X82.091 Y101.779 E659.8509
G1 F1209.7 X81.567 Y103.019 E659.90642
G1 X81.092 Y104.25 E659.96083
G1 X80.653 Y105.523 E660.01637
G1 X80.231 Y106.903 E660.07589
G1 X79.945 Y107.959 E660.12101
G1 X79.618 Y109.372 E660.18082
G1 F1207.2 X79.356 Y110.691 E660.2364
G1 X79.163 Y111.867 E660.28565
G1 F1209.7 X78.966 Y113.404 E660.34956
G1 X78.86 Y114.606 E660.39932
G1 F1207.2 X78.78 Y115.977 E660.45608
G1 F1204.8 X78.751 Y117.323 E660.51182
G1 X78.767 Y118.643 E660.56649
G1 F1207.2 X78.828 Y119.975 E660.62159
G1 X78.936 Y121.305 E660.67674
G1 F1204.8 X79.089 Y122.641 E660.73242
G1 X79.286 Y123.945 E660.78703
G1 F1207.2 X79.528 Y125.257 E660.84216
G1 F1204.8 X79.82 Y126.563 E660.89758
G1 F1202.4 X80.155 Y127.862 E660.95324
G1 F1204.8 X80.529 Y129.131 E661.00802
G1 X80.948 Y130.394 E661.06313
G1 X81.414 Y131.644 E661.11837
G1 X81.922 Y132.875 E661.17351
G1 F1209.7 X82.47 Y134.094 E661.22863
G1 X83.061 Y135.287 E661.28354
G1 F1204.8 X83.697 Y136.474 E661.3393
G1 X84.365 Y137.614 E661.39402
G1 X85.073 Y138.741 E661.44913
G1 X85.822 Y139.844 E661.50434
G1 X86.607 Y140.919 E661.55946
G1 X87.432 Y141.97 E661.61479
G1 X88.293 Y142.989 E661.67003
G1 X89.191 Y143.986 E661.72559
G1 F1207.2 X90.113 Y144.938 E661.78036
G1 X91.071 Y145.863 E661.83539
G1 F1209.7 X92.061 Y146.757 E661.89041
G1 F1204.8 X93.084 Y147.612 E661.94561
G1 X94.142 Y148.444 E662.00135
G1 X95.217 Y149.226 E662.05639
G1 X96.312 Y149.97 E662.11121
G1 X97.444 Y150.679 E662.16652
G1 X98.595 Y151.348 E662.22165
G1 X99.774 Y151.983 E662.2771
G1 F1202.4 X100.966 Y152.569 E662.33221
G1 X102.189 Y153.123 E662.38792
G1 X103.413 Y153.624 E662.4428
G1 F1200 X104.661 Y154.086 E662.49813
G1 F1204.8 X105.902 Y154.496 E662.55225
G1 X107.213 Y154.883 E662.60885
G1 X108.518 Y155.22 E662.66466
G1 F1202.4 X109.902 Y155.524 E662.72345
G1 F1204.8 X110.986 Y155.725 E662.76911
G1 X112.192 Y155.907 E662.81961
G1 F1202.4 X112.126 Y156.401 E662.84029
;TIME_ELAPSED:949.581166
G1 F2700 E657.84029
M140 S0
M107
G91 ;Relative positioning
G1 E-2 F2700 ;Retract a bit
G1 E-2 Z0.2 F2400 ;Retract and raise Z
G1 X5 Y5 F3000 ;Wipe out
G1 Z10 ;Raise Z more
G90 ;Absolute positioning

G1 X0 Y235 ;Present print
M106 S0 ;Turn-off fan
M104 S0 ;Turn-off hotend
M140 S0 ;Turn-off bed

M84 X Y E ;Disable all steppers but Z

M82 ;absolute extrusion mode
M104 S0
;End of Gcode
;SETTING_3 {"global_quality": "[general]\\nversion = 4\\nname = Standard Quality
;SETTING_3  #2\\ndefinition = creality_base\\n\\n[metadata]\\ntype = quality_cha
;SETTING_3 nges\\nquality_type = standard\\nsetting_version = 25\\n\\n[values]\\
;SETTING_3 n\\n", "extruder_quality": ["[general]\\nversion = 4\\nname = Standar
;SETTING_3 d Quality #2\\ndefinition = creality_ender3\\n\\n[metadata]\\ntype = 
;SETTING_3 quality_changes\\nquality_type = standard\\nsetting_version = 25\\npo
;SETTING_3 sition = 0\\n\\n[values]\\nbottom_layers = 2\\ninfill_sparse_density 
;SETTING_3 = 0\\ntop_layers = 2\\nwall_line_count = 1\\n\\n"]}
